mkt,taur,year,week,mkr_k
000,"‭יללכ רצומ‬",2026,31,3
1000,"‭(NP (3 'ג1200 ןנוצמ ןמשב חלמומ גנירה גד הליפ‬",2025,34,1.67
1000,"‭(NP (3 'ג1200 ןנוצמ ןמשב חלמומ גנירה גד הליפ‬",2025,35,4.33
1000,"‭(NP (3 'ג1200 ןנוצמ ןמשב חלמומ גנירה גד הליפ‬",2025,36,2
1000,"‭(NP (3 'ג1200 ןנוצמ ןמשב חלמומ גנירה גד הליפ‬",2025,37,2
1000,"‭(NP (3 'ג1200 ןנוצמ ןמשב חלמומ גנירה גד הליפ‬",2025,38,2.67
1000,"‭(NP (3 'ג1200 ןנוצמ ןמשב חלמומ גנירה גד הליפ‬",2025,40,0.33
1000,"‭(NP (3 'ג1200 ןנוצמ ןמשב חלמומ גנירה גד הליפ‬",2025,41,3.33
1000,"‭(NP (3 'ג1200 ןנוצמ ןמשב חלמומ גנירה גד הליפ‬",2025,42,3
1000,"‭(NP (3 'ג1200 ןנוצמ ןמשב חלמומ גנירה גד הליפ‬",2025,43,2
1000,"‭(NP (3 'ג1200 ןנוצמ ןמשב חלמומ גנירה גד הליפ‬",2025,44,1
1000,"‭(NP (3 'ג1200 ןנוצמ ןמשב חלמומ גנירה גד הליפ‬",2025,46,3
1000,"‭(NP (3 'ג1200 ןנוצמ ןמשב חלמומ גנירה גד הליפ‬",2025,47,1
1000,"‭(NP (3 'ג1200 ןנוצמ ןמשב חלמומ גנירה גד הליפ‬",2025,52,5
1000,"‭(NP (3 'ג1200 ןנוצמ ןמשב חלמומ גנירה גד הליפ‬",2025,53,5
1000,"‭(NP (3 'ג1200 ןנוצמ ןמשב חלמומ גנירה גד הליפ‬",2026,3,2
1000,"‭(NP (3 'ג1200 ןנוצמ ןמשב חלמומ גנירה גד הליפ‬",2026,4,2
1000,"‭(NP (3 'ג1200 ןנוצמ ןמשב חלמומ גנירה גד הליפ‬",2026,5,2
1000,"‭(NP (3 'ג1200 ןנוצמ ןמשב חלמומ גנירה גד הליפ‬",2026,6,1
1000,"‭(NP (3 'ג1200 ןנוצמ ןמשב חלמומ גנירה גד הליפ‬",2026,7,2
1000,"‭(NP (3 'ג1200 ןנוצמ ןמשב חלמומ גנירה גד הליפ‬",2026,8,3
1000,"‭(NP (3 'ג1200 ןנוצמ ןמשב חלמומ גנירה גד הליפ‬",2026,9,1
1000,"‭(NP (3 'ג1200 ןנוצמ ןמשב חלמומ גנירה גד הליפ‬",2026,10,2
1000,"‭(NP (3 'ג1200 ןנוצמ ןמשב חלמומ גנירה גד הליפ‬",2026,11,5
1000,"‭(NP (3 'ג1200 ןנוצמ ןמשב חלמומ גנירה גד הליפ‬",2026,13,1
1000,"‭(NP (3 'ג1200 ןנוצמ ןמשב חלמומ גנירה גד הליפ‬",2026,14,5
1000,"‭(NP (3 'ג1200 ןנוצמ ןמשב חלמומ גנירה גד הליפ‬",2026,16,1
1000,"‭(NP (3 'ג1200 ןנוצמ ןמשב חלמומ גנירה גד הליפ‬",2026,18,4
1000,"‭(NP (3 'ג1200 ןנוצמ ןמשב חלמומ גנירה גד הליפ‬",2026,19,5
1000,"‭(NP (3 'ג1200 ןנוצמ ןמשב חלמומ גנירה גד הליפ‬",2026,20,4
1000,"‭(NP (3 'ג1200 ןנוצמ ןמשב חלמומ גנירה גד הליפ‬",2026,21,1
1000,"‭(NP (3 'ג1200 ןנוצמ ןמשב חלמומ גנירה גד הליפ‬",2026,22,1
1000,"‭(NP (3 'ג1200 ןנוצמ ןמשב חלמומ גנירה גד הליפ‬",2026,23,1
1000,"‭(NP (3 'ג1200 ןנוצמ ןמשב חלמומ גנירה גד הליפ‬",2026,24,4
1000,"‭(NP (3 'ג1200 ןנוצמ ןמשב חלמומ גנירה גד הליפ‬",2026,25,5.33
1000,"‭(NP (3 'ג1200 ןנוצמ ןמשב חלמומ גנירה גד הליפ‬",2026,26,6
1000,"‭(NP (3 'ג1200 ןנוצמ ןמשב חלמומ גנירה גד הליפ‬",2026,29,13
1000,"‭(NP (3 'ג1200 ןנוצמ ןמשב חלמומ גנירה גד הליפ‬",2026,30,4
1000,"‭(NP (3 'ג1200 ןנוצמ ןמשב חלמומ גנירה גד הליפ‬",2026,31,14
1000,"‭(NP (3 'ג1200 ןנוצמ ןמשב חלמומ גנירה גד הליפ‬",2026,32,1
1001,"‭3) NP) 'ג1200 ןנוצמ ןמשב חלמומ יבנידנקס  גנירה גד הליפ‬",2025,34,1.67
1001,"‭3) NP) 'ג1200 ןנוצמ ןמשב חלמומ יבנידנקס  גנירה גד הליפ‬",2025,35,3.33
1001,"‭3) NP) 'ג1200 ןנוצמ ןמשב חלמומ יבנידנקס  גנירה גד הליפ‬",2025,36,1
1001,"‭3) NP) 'ג1200 ןנוצמ ןמשב חלמומ יבנידנקס  גנירה גד הליפ‬",2025,37,2
1001,"‭3) NP) 'ג1200 ןנוצמ ןמשב חלמומ יבנידנקס  גנירה גד הליפ‬",2025,38,3
1001,"‭3) NP) 'ג1200 ןנוצמ ןמשב חלמומ יבנידנקס  גנירה גד הליפ‬",2025,43,1
1001,"‭3) NP) 'ג1200 ןנוצמ ןמשב חלמומ יבנידנקס  גנירה גד הליפ‬",2025,45,1
1001,"‭3) NP) 'ג1200 ןנוצמ ןמשב חלמומ יבנידנקס  גנירה גד הליפ‬",2025,48,2
1001,"‭3) NP) 'ג1200 ןנוצמ ןמשב חלמומ יבנידנקס  גנירה גד הליפ‬",2025,49,4
1001,"‭3) NP) 'ג1200 ןנוצמ ןמשב חלמומ יבנידנקס  גנירה גד הליפ‬",2025,50,1
1001,"‭3) NP) 'ג1200 ןנוצמ ןמשב חלמומ יבנידנקס  גנירה גד הליפ‬",2025,51,1
1001,"‭3) NP) 'ג1200 ןנוצמ ןמשב חלמומ יבנידנקס  גנירה גד הליפ‬",2025,52,5
1001,"‭3) NP) 'ג1200 ןנוצמ ןמשב חלמומ יבנידנקס  גנירה גד הליפ‬",2025,53,4
1001,"‭3) NP) 'ג1200 ןנוצמ ןמשב חלמומ יבנידנקס  גנירה גד הליפ‬",2026,3,1
1001,"‭3) NP) 'ג1200 ןנוצמ ןמשב חלמומ יבנידנקס  גנירה גד הליפ‬",2026,4,2
1001,"‭3) NP) 'ג1200 ןנוצמ ןמשב חלמומ יבנידנקס  גנירה גד הליפ‬",2026,5,1
1001,"‭3) NP) 'ג1200 ןנוצמ ןמשב חלמומ יבנידנקס  גנירה גד הליפ‬",2026,8,1
1001,"‭3) NP) 'ג1200 ןנוצמ ןמשב חלמומ יבנידנקס  גנירה גד הליפ‬",2026,9,2
1001,"‭3) NP) 'ג1200 ןנוצמ ןמשב חלמומ יבנידנקס  גנירה גד הליפ‬",2026,10,2
1001,"‭3) NP) 'ג1200 ןנוצמ ןמשב חלמומ יבנידנקס  גנירה גד הליפ‬",2026,11,6
1001,"‭3) NP) 'ג1200 ןנוצמ ןמשב חלמומ יבנידנקס  גנירה גד הליפ‬",2026,13,1
1001,"‭3) NP) 'ג1200 ןנוצמ ןמשב חלמומ יבנידנקס  גנירה גד הליפ‬",2026,25,5
1001,"‭3) NP) 'ג1200 ןנוצמ ןמשב חלמומ יבנידנקס  גנירה גד הליפ‬",2026,26,6
1001,"‭3) NP) 'ג1200 ןנוצמ ןמשב חלמומ יבנידנקס  גנירה גד הליפ‬",2026,29,27
1001,"‭3) NP) 'ג1200 ןנוצמ ןמשב חלמומ יבנידנקס  גנירה גד הליפ‬",2026,31,16
1002,"‭3) NP)'ג1200 ןנוצמ ןמשב חלמומ גנירה גד הליפ תוכיתח‬",2025,34,4
1002,"‭3) NP)'ג1200 ןנוצמ ןמשב חלמומ גנירה גד הליפ תוכיתח‬",2025,35,1
1002,"‭3) NP)'ג1200 ןנוצמ ןמשב חלמומ גנירה גד הליפ תוכיתח‬",2025,36,1
1002,"‭3) NP)'ג1200 ןנוצמ ןמשב חלמומ גנירה גד הליפ תוכיתח‬",2025,37,6
1002,"‭3) NP)'ג1200 ןנוצמ ןמשב חלמומ גנירה גד הליפ תוכיתח‬",2025,41,6
1002,"‭3) NP)'ג1200 ןנוצמ ןמשב חלמומ גנירה גד הליפ תוכיתח‬",2025,44,4
1002,"‭3) NP)'ג1200 ןנוצמ ןמשב חלמומ גנירה גד הליפ תוכיתח‬",2025,45,1
1002,"‭3) NP)'ג1200 ןנוצמ ןמשב חלמומ גנירה גד הליפ תוכיתח‬",2025,46,4
1002,"‭3) NP)'ג1200 ןנוצמ ןמשב חלמומ גנירה גד הליפ תוכיתח‬",2025,47,3
1002,"‭3) NP)'ג1200 ןנוצמ ןמשב חלמומ גנירה גד הליפ תוכיתח‬",2025,48,5
1002,"‭3) NP)'ג1200 ןנוצמ ןמשב חלמומ גנירה גד הליפ תוכיתח‬",2025,49,5
1002,"‭3) NP)'ג1200 ןנוצמ ןמשב חלמומ גנירה גד הליפ תוכיתח‬",2025,52,10
1002,"‭3) NP)'ג1200 ןנוצמ ןמשב חלמומ גנירה גד הליפ תוכיתח‬",2025,53,1
1002,"‭3) NP)'ג1200 ןנוצמ ןמשב חלמומ גנירה גד הליפ תוכיתח‬",2026,2,5
1002,"‭3) NP)'ג1200 ןנוצמ ןמשב חלמומ גנירה גד הליפ תוכיתח‬",2026,3,3
1002,"‭3) NP)'ג1200 ןנוצמ ןמשב חלמומ גנירה גד הליפ תוכיתח‬",2026,4,8
1002,"‭3) NP)'ג1200 ןנוצמ ןמשב חלמומ גנירה גד הליפ תוכיתח‬",2026,8,5
1002,"‭3) NP)'ג1200 ןנוצמ ןמשב חלמומ גנירה גד הליפ תוכיתח‬",2026,9,4
1002,"‭3) NP)'ג1200 ןנוצמ ןמשב חלמומ גנירה גד הליפ תוכיתח‬",2026,10,9
1002,"‭3) NP)'ג1200 ןנוצמ ןמשב חלמומ גנירה גד הליפ תוכיתח‬",2026,11,2
1002,"‭3) NP)'ג1200 ןנוצמ ןמשב חלמומ גנירה גד הליפ תוכיתח‬",2026,13,5.33
1002,"‭3) NP)'ג1200 ןנוצמ ןמשב חלמומ גנירה גד הליפ תוכיתח‬",2026,14,2.67
1002,"‭3) NP)'ג1200 ןנוצמ ןמשב חלמומ גנירה גד הליפ תוכיתח‬",2026,16,8
1002,"‭3) NP)'ג1200 ןנוצמ ןמשב חלמומ גנירה גד הליפ תוכיתח‬",2026,18,3
1002,"‭3) NP)'ג1200 ןנוצמ ןמשב חלמומ גנירה גד הליפ תוכיתח‬",2026,19,2
1002,"‭3) NP)'ג1200 ןנוצמ ןמשב חלמומ גנירה גד הליפ תוכיתח‬",2026,20,6
1002,"‭3) NP)'ג1200 ןנוצמ ןמשב חלמומ גנירה גד הליפ תוכיתח‬",2026,21,2
1002,"‭3) NP)'ג1200 ןנוצמ ןמשב חלמומ גנירה גד הליפ תוכיתח‬",2026,22,1
1002,"‭3) NP)'ג1200 ןנוצמ ןמשב חלמומ גנירה גד הליפ תוכיתח‬",2026,23,4
1002,"‭3) NP)'ג1200 ןנוצמ ןמשב חלמומ גנירה גד הליפ תוכיתח‬",2026,24,5
1002,"‭3) NP)'ג1200 ןנוצמ ןמשב חלמומ גנירה גד הליפ תוכיתח‬",2026,25,6.67
1002,"‭3) NP)'ג1200 ןנוצמ ןמשב חלמומ גנירה גד הליפ תוכיתח‬",2026,26,8
1002,"‭3) NP)'ג1200 ןנוצמ ןמשב חלמומ גנירה גד הליפ תוכיתח‬",2026,27,3
1002,"‭3) NP)'ג1200 ןנוצמ ןמשב חלמומ גנירה גד הליפ תוכיתח‬",2026,28,12
1002,"‭3) NP)'ג1200 ןנוצמ ןמשב חלמומ גנירה גד הליפ תוכיתח‬",2026,29,22
1002,"‭3) NP)'ג1200 ןנוצמ ןמשב חלמומ גנירה גד הליפ תוכיתח‬",2026,30,3
1002,"‭3) NP)'ג1200 ןנוצמ ןמשב חלמומ גנירה גד הליפ תוכיתח‬",2026,31,7
1002,"‭3) NP)'ג1200 ןנוצמ ןמשב חלמומ גנירה גד הליפ תוכיתח‬",2026,32,3
1003,"‭3) NP)'ג1200 ןילבת םע ןנוצמ ןמשב חלמומ גנירה גד הליפ תוכיתח‬",2026,25,7
1003,"‭3) NP)'ג1200 ןילבת םע ןנוצמ ןמשב חלמומ גנירה גד הליפ תוכיתח‬",2026,29,2
1003,"‭3) NP)'ג1200 ןילבת םע ןנוצמ ןמשב חלמומ גנירה גד הליפ תוכיתח‬",2026,32,1
1004,"‭3) NP)'ג1200 ןנוצמ ןמשב חלמומ יבנידנקס גנירה גד הליפ תוכיתח‬",2025,34,1
1004,"‭3) NP)'ג1200 ןנוצמ ןמשב חלמומ יבנידנקס גנירה גד הליפ תוכיתח‬",2025,35,6
1004,"‭3) NP)'ג1200 ןנוצמ ןמשב חלמומ יבנידנקס גנירה גד הליפ תוכיתח‬",2025,36,2
1004,"‭3) NP)'ג1200 ןנוצמ ןמשב חלמומ יבנידנקס גנירה גד הליפ תוכיתח‬",2025,37,6
1004,"‭3) NP)'ג1200 ןנוצמ ןמשב חלמומ יבנידנקס גנירה גד הליפ תוכיתח‬",2025,38,9
1004,"‭3) NP)'ג1200 ןנוצמ ןמשב חלמומ יבנידנקס גנירה גד הליפ תוכיתח‬",2025,41,1
1004,"‭3) NP)'ג1200 ןנוצמ ןמשב חלמומ יבנידנקס גנירה גד הליפ תוכיתח‬",2025,43,4
1004,"‭3) NP)'ג1200 ןנוצמ ןמשב חלמומ יבנידנקס גנירה גד הליפ תוכיתח‬",2025,44,4
1004,"‭3) NP)'ג1200 ןנוצמ ןמשב חלמומ יבנידנקס גנירה גד הליפ תוכיתח‬",2025,45,1
1004,"‭3) NP)'ג1200 ןנוצמ ןמשב חלמומ יבנידנקס גנירה גד הליפ תוכיתח‬",2025,46,3
1004,"‭3) NP)'ג1200 ןנוצמ ןמשב חלמומ יבנידנקס גנירה גד הליפ תוכיתח‬",2025,47,3
1004,"‭3) NP)'ג1200 ןנוצמ ןמשב חלמומ יבנידנקס גנירה גד הליפ תוכיתח‬",2025,48,5
1004,"‭3) NP)'ג1200 ןנוצמ ןמשב חלמומ יבנידנקס גנירה גד הליפ תוכיתח‬",2025,52,10
1004,"‭3) NP)'ג1200 ןנוצמ ןמשב חלמומ יבנידנקס גנירה גד הליפ תוכיתח‬",2026,2,5
1004,"‭3) NP)'ג1200 ןנוצמ ןמשב חלמומ יבנידנקס גנירה גד הליפ תוכיתח‬",2026,3,2
1004,"‭3) NP)'ג1200 ןנוצמ ןמשב חלמומ יבנידנקס גנירה גד הליפ תוכיתח‬",2026,4,6
1004,"‭3) NP)'ג1200 ןנוצמ ןמשב חלמומ יבנידנקס גנירה גד הליפ תוכיתח‬",2026,5,3
1004,"‭3) NP)'ג1200 ןנוצמ ןמשב חלמומ יבנידנקס גנירה גד הליפ תוכיתח‬",2026,6,1
1004,"‭3) NP)'ג1200 ןנוצמ ןמשב חלמומ יבנידנקס גנירה גד הליפ תוכיתח‬",2026,7,2
1004,"‭3) NP)'ג1200 ןנוצמ ןמשב חלמומ יבנידנקס גנירה גד הליפ תוכיתח‬",2026,8,3
1004,"‭3) NP)'ג1200 ןנוצמ ןמשב חלמומ יבנידנקס גנירה גד הליפ תוכיתח‬",2026,9,3
1004,"‭3) NP)'ג1200 ןנוצמ ןמשב חלמומ יבנידנקס גנירה גד הליפ תוכיתח‬",2026,10,9
1004,"‭3) NP)'ג1200 ןנוצמ ןמשב חלמומ יבנידנקס גנירה גד הליפ תוכיתח‬",2026,11,2
1004,"‭3) NP)'ג1200 ןנוצמ ןמשב חלמומ יבנידנקס גנירה גד הליפ תוכיתח‬",2026,12,1
1004,"‭3) NP)'ג1200 ןנוצמ ןמשב חלמומ יבנידנקס גנירה גד הליפ תוכיתח‬",2026,13,6
1004,"‭3) NP)'ג1200 ןנוצמ ןמשב חלמומ יבנידנקס גנירה גד הליפ תוכיתח‬",2026,14,2
1004,"‭3) NP)'ג1200 ןנוצמ ןמשב חלמומ יבנידנקס גנירה גד הליפ תוכיתח‬",2026,15,1
1004,"‭3) NP)'ג1200 ןנוצמ ןמשב חלמומ יבנידנקס גנירה גד הליפ תוכיתח‬",2026,16,7
1004,"‭3) NP)'ג1200 ןנוצמ ןמשב חלמומ יבנידנקס גנירה גד הליפ תוכיתח‬",2026,18,3
1004,"‭3) NP)'ג1200 ןנוצמ ןמשב חלמומ יבנידנקס גנירה גד הליפ תוכיתח‬",2026,19,1
1004,"‭3) NP)'ג1200 ןנוצמ ןמשב חלמומ יבנידנקס גנירה גד הליפ תוכיתח‬",2026,20,5
1004,"‭3) NP)'ג1200 ןנוצמ ןמשב חלמומ יבנידנקס גנירה גד הליפ תוכיתח‬",2026,21,2
1004,"‭3) NP)'ג1200 ןנוצמ ןמשב חלמומ יבנידנקס גנירה גד הליפ תוכיתח‬",2026,22,1
1004,"‭3) NP)'ג1200 ןנוצמ ןמשב חלמומ יבנידנקס גנירה גד הליפ תוכיתח‬",2026,23,5
1004,"‭3) NP)'ג1200 ןנוצמ ןמשב חלמומ יבנידנקס גנירה גד הליפ תוכיתח‬",2026,24,2
1004,"‭3) NP)'ג1200 ןנוצמ ןמשב חלמומ יבנידנקס גנירה גד הליפ תוכיתח‬",2026,25,7
1004,"‭3) NP)'ג1200 ןנוצמ ןמשב חלמומ יבנידנקס גנירה גד הליפ תוכיתח‬",2026,26,7
1004,"‭3) NP)'ג1200 ןנוצמ ןמשב חלמומ יבנידנקס גנירה גד הליפ תוכיתח‬",2026,27,3
1004,"‭3) NP)'ג1200 ןנוצמ ןמשב חלמומ יבנידנקס גנירה גד הליפ תוכיתח‬",2026,28,10
1004,"‭3) NP)'ג1200 ןנוצמ ןמשב חלמומ יבנידנקס גנירה גד הליפ תוכיתח‬",2026,29,17
1004,"‭3) NP)'ג1200 ןנוצמ ןמשב חלמומ יבנידנקס גנירה גד הליפ תוכיתח‬",2026,30,4
1004,"‭3) NP)'ג1200 ןנוצמ ןמשב חלמומ יבנידנקס גנירה גד הליפ תוכיתח‬",2026,31,14
1004,"‭3) NP)'ג1200 ןנוצמ ןמשב חלמומ יבנידנקס גנירה גד הליפ תוכיתח‬",2026,32,5
1005,"‭(6)'ג400 ןנוצמ ןמשב חולמ גנירה גד הליפ תוכיתח‬",2025,33,1
1005,"‭(6)'ג400 ןנוצמ ןמשב חולמ גנירה גד הליפ תוכיתח‬",2025,34,3
1005,"‭(6)'ג400 ןנוצמ ןמשב חולמ גנירה גד הליפ תוכיתח‬",2025,35,8
1005,"‭(6)'ג400 ןנוצמ ןמשב חולמ גנירה גד הליפ תוכיתח‬",2025,36,7
1005,"‭(6)'ג400 ןנוצמ ןמשב חולמ גנירה גד הליפ תוכיתח‬",2025,37,4
1005,"‭(6)'ג400 ןנוצמ ןמשב חולמ גנירה גד הליפ תוכיתח‬",2025,38,7
1005,"‭(6)'ג400 ןנוצמ ןמשב חולמ גנירה גד הליפ תוכיתח‬",2025,39,1
1005,"‭(6)'ג400 ןנוצמ ןמשב חולמ גנירה גד הליפ תוכיתח‬",2025,40,4
1005,"‭(6)'ג400 ןנוצמ ןמשב חולמ גנירה גד הליפ תוכיתח‬",2025,41,9
1005,"‭(6)'ג400 ןנוצמ ןמשב חולמ גנירה גד הליפ תוכיתח‬",2025,42,4
1005,"‭(6)'ג400 ןנוצמ ןמשב חולמ גנירה גד הליפ תוכיתח‬",2025,43,5
1005,"‭(6)'ג400 ןנוצמ ןמשב חולמ גנירה גד הליפ תוכיתח‬",2025,44,3
1005,"‭(6)'ג400 ןנוצמ ןמשב חולמ גנירה גד הליפ תוכיתח‬",2025,46,4
1005,"‭(6)'ג400 ןנוצמ ןמשב חולמ גנירה גד הליפ תוכיתח‬",2025,47,5
1005,"‭(6)'ג400 ןנוצמ ןמשב חולמ גנירה גד הליפ תוכיתח‬",2025,48,6
1005,"‭(6)'ג400 ןנוצמ ןמשב חולמ גנירה גד הליפ תוכיתח‬",2025,49,5
1005,"‭(6)'ג400 ןנוצמ ןמשב חולמ גנירה גד הליפ תוכיתח‬",2025,50,6
1005,"‭(6)'ג400 ןנוצמ ןמשב חולמ גנירה גד הליפ תוכיתח‬",2025,51,8
1005,"‭(6)'ג400 ןנוצמ ןמשב חולמ גנירה גד הליפ תוכיתח‬",2025,52,4
1005,"‭(6)'ג400 ןנוצמ ןמשב חולמ גנירה גד הליפ תוכיתח‬",2025,53,4
1005,"‭(6)'ג400 ןנוצמ ןמשב חולמ גנירה גד הליפ תוכיתח‬",2026,2,6
1005,"‭(6)'ג400 ןנוצמ ןמשב חולמ גנירה גד הליפ תוכיתח‬",2026,3,2
1005,"‭(6)'ג400 ןנוצמ ןמשב חולמ גנירה גד הליפ תוכיתח‬",2026,4,3
1005,"‭(6)'ג400 ןנוצמ ןמשב חולמ גנירה גד הליפ תוכיתח‬",2026,5,7
1005,"‭(6)'ג400 ןנוצמ ןמשב חולמ גנירה גד הליפ תוכיתח‬",2026,6,3
1005,"‭(6)'ג400 ןנוצמ ןמשב חולמ גנירה גד הליפ תוכיתח‬",2026,8,6
1005,"‭(6)'ג400 ןנוצמ ןמשב חולמ גנירה גד הליפ תוכיתח‬",2026,9,3
1005,"‭(6)'ג400 ןנוצמ ןמשב חולמ גנירה גד הליפ תוכיתח‬",2026,10,3
1005,"‭(6)'ג400 ןנוצמ ןמשב חולמ גנירה גד הליפ תוכיתח‬",2026,11,5
1005,"‭(6)'ג400 ןנוצמ ןמשב חולמ גנירה גד הליפ תוכיתח‬",2026,12,6
1005,"‭(6)'ג400 ןנוצמ ןמשב חולמ גנירה גד הליפ תוכיתח‬",2026,13,2
1005,"‭(6)'ג400 ןנוצמ ןמשב חולמ גנירה גד הליפ תוכיתח‬",2026,14,5
1005,"‭(6)'ג400 ןנוצמ ןמשב חולמ גנירה גד הליפ תוכיתח‬",2026,15,1
1005,"‭(6)'ג400 ןנוצמ ןמשב חולמ גנירה גד הליפ תוכיתח‬",2026,16,3
1005,"‭(6)'ג400 ןנוצמ ןמשב חולמ גנירה גד הליפ תוכיתח‬",2026,17,2
1005,"‭(6)'ג400 ןנוצמ ןמשב חולמ גנירה גד הליפ תוכיתח‬",2026,18,7
1005,"‭(6)'ג400 ןנוצמ ןמשב חולמ גנירה גד הליפ תוכיתח‬",2026,19,2
1005,"‭(6)'ג400 ןנוצמ ןמשב חולמ גנירה גד הליפ תוכיתח‬",2026,20,3
1005,"‭(6)'ג400 ןנוצמ ןמשב חולמ גנירה גד הליפ תוכיתח‬",2026,21,1
1005,"‭(6)'ג400 ןנוצמ ןמשב חולמ גנירה גד הליפ תוכיתח‬",2026,22,4
1005,"‭(6)'ג400 ןנוצמ ןמשב חולמ גנירה גד הליפ תוכיתח‬",2026,23,4
1005,"‭(6)'ג400 ןנוצמ ןמשב חולמ גנירה גד הליפ תוכיתח‬",2026,24,4
1005,"‭(6)'ג400 ןנוצמ ןמשב חולמ גנירה גד הליפ תוכיתח‬",2026,25,2
1005,"‭(6)'ג400 ןנוצמ ןמשב חולמ גנירה גד הליפ תוכיתח‬",2026,26,6
1005,"‭(6)'ג400 ןנוצמ ןמשב חולמ גנירה גד הליפ תוכיתח‬",2026,27,5
1005,"‭(6)'ג400 ןנוצמ ןמשב חולמ גנירה גד הליפ תוכיתח‬",2026,28,4
1005,"‭(6)'ג400 ןנוצמ ןמשב חולמ גנירה גד הליפ תוכיתח‬",2026,29,4
1005,"‭(6)'ג400 ןנוצמ ןמשב חולמ גנירה גד הליפ תוכיתח‬",2026,30,5
1005,"‭(6)'ג400 ןנוצמ ןמשב חולמ גנירה גד הליפ תוכיתח‬",2026,31,3
1005,"‭(6)'ג400 ןנוצמ ןמשב חולמ גנירה גד הליפ תוכיתח‬",2026,32,2
1006,"‭(3)'ג1000 ןנוצמ ןמשב חלמומ גנירה גד הליפ‬",2025,33,2
1006,"‭(3)'ג1000 ןנוצמ ןמשב חלמומ גנירה גד הליפ‬",2025,34,4
1006,"‭(3)'ג1000 ןנוצמ ןמשב חלמומ גנירה גד הליפ‬",2025,35,1
1006,"‭(3)'ג1000 ןנוצמ ןמשב חלמומ גנירה גד הליפ‬",2025,37,8
1006,"‭(3)'ג1000 ןנוצמ ןמשב חלמומ גנירה גד הליפ‬",2025,38,6
1006,"‭(3)'ג1000 ןנוצמ ןמשב חלמומ גנירה גד הליפ‬",2025,39,1
1006,"‭(3)'ג1000 ןנוצמ ןמשב חלמומ גנירה גד הליפ‬",2025,41,6
1006,"‭(3)'ג1000 ןנוצמ ןמשב חלמומ גנירה גד הליפ‬",2025,42,3
1006,"‭(3)'ג1000 ןנוצמ ןמשב חלמומ גנירה גד הליפ‬",2025,43,1
1006,"‭(3)'ג1000 ןנוצמ ןמשב חלמומ גנירה גד הליפ‬",2025,44,2
1006,"‭(3)'ג1000 ןנוצמ ןמשב חלמומ גנירה גד הליפ‬",2025,45,2
1006,"‭(3)'ג1000 ןנוצמ ןמשב חלמומ גנירה גד הליפ‬",2025,47,4
1006,"‭(3)'ג1000 ןנוצמ ןמשב חלמומ גנירה גד הליפ‬",2025,48,6
1006,"‭(3)'ג1000 ןנוצמ ןמשב חלמומ גנירה גד הליפ‬",2025,49,6
1006,"‭(3)'ג1000 ןנוצמ ןמשב חלמומ גנירה גד הליפ‬",2025,52,10
1006,"‭(3)'ג1000 ןנוצמ ןמשב חלמומ גנירה גד הליפ‬",2025,53,4
1006,"‭(3)'ג1000 ןנוצמ ןמשב חלמומ גנירה גד הליפ‬",2026,2,6
1006,"‭(3)'ג1000 ןנוצמ ןמשב חלמומ גנירה גד הליפ‬",2026,3,3
1006,"‭(3)'ג1000 ןנוצמ ןמשב חלמומ גנירה גד הליפ‬",2026,4,8
1006,"‭(3)'ג1000 ןנוצמ ןמשב חלמומ גנירה גד הליפ‬",2026,5,2
1006,"‭(3)'ג1000 ןנוצמ ןמשב חלמומ גנירה גד הליפ‬",2026,6,5
1006,"‭(3)'ג1000 ןנוצמ ןמשב חלמומ גנירה גד הליפ‬",2026,7,4
1006,"‭(3)'ג1000 ןנוצמ ןמשב חלמומ גנירה גד הליפ‬",2026,8,4
1006,"‭(3)'ג1000 ןנוצמ ןמשב חלמומ גנירה גד הליפ‬",2026,9,4
1006,"‭(3)'ג1000 ןנוצמ ןמשב חלמומ גנירה גד הליפ‬",2026,10,9
1006,"‭(3)'ג1000 ןנוצמ ןמשב חלמומ גנירה גד הליפ‬",2026,11,5
1006,"‭(3)'ג1000 ןנוצמ ןמשב חלמומ גנירה גד הליפ‬",2026,12,4
1006,"‭(3)'ג1000 ןנוצמ ןמשב חלמומ גנירה גד הליפ‬",2026,13,2
1006,"‭(3)'ג1000 ןנוצמ ןמשב חלמומ גנירה גד הליפ‬",2026,14,4
1006,"‭(3)'ג1000 ןנוצמ ןמשב חלמומ גנירה גד הליפ‬",2026,15,2
1006,"‭(3)'ג1000 ןנוצמ ןמשב חלמומ גנירה גד הליפ‬",2026,16,5
1006,"‭(3)'ג1000 ןנוצמ ןמשב חלמומ גנירה גד הליפ‬",2026,17,2
1006,"‭(3)'ג1000 ןנוצמ ןמשב חלמומ גנירה גד הליפ‬",2026,18,3
1006,"‭(3)'ג1000 ןנוצמ ןמשב חלמומ גנירה גד הליפ‬",2026,19,4
1006,"‭(3)'ג1000 ןנוצמ ןמשב חלמומ גנירה גד הליפ‬",2026,20,4
1006,"‭(3)'ג1000 ןנוצמ ןמשב חלמומ גנירה גד הליפ‬",2026,22,4
1006,"‭(3)'ג1000 ןנוצמ ןמשב חלמומ גנירה גד הליפ‬",2026,23,5
1006,"‭(3)'ג1000 ןנוצמ ןמשב חלמומ גנירה גד הליפ‬",2026,24,3
1006,"‭(3)'ג1000 ןנוצמ ןמשב חלמומ גנירה גד הליפ‬",2026,25,2
1006,"‭(3)'ג1000 ןנוצמ ןמשב חלמומ גנירה גד הליפ‬",2026,26,2
1006,"‭(3)'ג1000 ןנוצמ ןמשב חלמומ גנירה גד הליפ‬",2026,27,6
1006,"‭(3)'ג1000 ןנוצמ ןמשב חלמומ גנירה גד הליפ‬",2026,28,2
1006,"‭(3)'ג1000 ןנוצמ ןמשב חלמומ גנירה גד הליפ‬",2026,29,2
1006,"‭(3)'ג1000 ןנוצמ ןמשב חלמומ גנירה גד הליפ‬",2026,30,3
1006,"‭(3)'ג1000 ןנוצמ ןמשב חלמומ גנירה גד הליפ‬",2026,31,1
1006,"‭(3)'ג1000 ןנוצמ ןמשב חלמומ גנירה גד הליפ‬",2026,32,4
1008,"‭(10)'ג250 ןילבת םע ןנוצמ חולמ גנירה גד הליפ‬",2026,24,1
1008,"‭(10)'ג250 ןילבת םע ןנוצמ חולמ גנירה גד הליפ‬",2026,27,3
1008,"‭(10)'ג250 ןילבת םע ןנוצמ חולמ גנירה גד הליפ‬",2026,29,2
1009,"‭(12)'ג200 ןילבת םע ןנוצמ חולמ גנירה הליפ תוכיתח‬",2025,33,1
1009,"‭(12)'ג200 ןילבת םע ןנוצמ חולמ גנירה הליפ תוכיתח‬",2025,34,1
1009,"‭(12)'ג200 ןילבת םע ןנוצמ חולמ גנירה הליפ תוכיתח‬",2025,37,2
1009,"‭(12)'ג200 ןילבת םע ןנוצמ חולמ גנירה הליפ תוכיתח‬",2025,38,1
1009,"‭(12)'ג200 ןילבת םע ןנוצמ חולמ גנירה הליפ תוכיתח‬",2025,39,2
1009,"‭(12)'ג200 ןילבת םע ןנוצמ חולמ גנירה הליפ תוכיתח‬",2025,41,1
1009,"‭(12)'ג200 ןילבת םע ןנוצמ חולמ גנירה הליפ תוכיתח‬",2025,43,1
1009,"‭(12)'ג200 ןילבת םע ןנוצמ חולמ גנירה הליפ תוכיתח‬",2025,44,3
1009,"‭(12)'ג200 ןילבת םע ןנוצמ חולמ גנירה הליפ תוכיתח‬",2025,45,2
1009,"‭(12)'ג200 ןילבת םע ןנוצמ חולמ גנירה הליפ תוכיתח‬",2025,47,2
1009,"‭(12)'ג200 ןילבת םע ןנוצמ חולמ גנירה הליפ תוכיתח‬",2025,49,2
1009,"‭(12)'ג200 ןילבת םע ןנוצמ חולמ גנירה הליפ תוכיתח‬",2025,51,2
1009,"‭(12)'ג200 ןילבת םע ןנוצמ חולמ גנירה הליפ תוכיתח‬",2025,52,1
1009,"‭(12)'ג200 ןילבת םע ןנוצמ חולמ גנירה הליפ תוכיתח‬",2025,53,3
1009,"‭(12)'ג200 ןילבת םע ןנוצמ חולמ גנירה הליפ תוכיתח‬",2026,2,2
1009,"‭(12)'ג200 ןילבת םע ןנוצמ חולמ גנירה הליפ תוכיתח‬",2026,3,2
1009,"‭(12)'ג200 ןילבת םע ןנוצמ חולמ גנירה הליפ תוכיתח‬",2026,4,1
1009,"‭(12)'ג200 ןילבת םע ןנוצמ חולמ גנירה הליפ תוכיתח‬",2026,8,1
1009,"‭(12)'ג200 ןילבת םע ןנוצמ חולמ גנירה הליפ תוכיתח‬",2026,10,1
1009,"‭(12)'ג200 ןילבת םע ןנוצמ חולמ גנירה הליפ תוכיתח‬",2026,11,4
1009,"‭(12)'ג200 ןילבת םע ןנוצמ חולמ גנירה הליפ תוכיתח‬",2026,12,1
1009,"‭(12)'ג200 ןילבת םע ןנוצמ חולמ גנירה הליפ תוכיתח‬",2026,16,1
1009,"‭(12)'ג200 ןילבת םע ןנוצמ חולמ גנירה הליפ תוכיתח‬",2026,17,1
1009,"‭(12)'ג200 ןילבת םע ןנוצמ חולמ גנירה הליפ תוכיתח‬",2026,19,2
1009,"‭(12)'ג200 ןילבת םע ןנוצמ חולמ גנירה הליפ תוכיתח‬",2026,27,2
1009,"‭(12)'ג200 ןילבת םע ןנוצמ חולמ גנירה הליפ תוכיתח‬",2026,28,1
1010,"‭(12)'ג200 ןנוצמ חולמ גנירה גד הליפ תוכיתח‬",2025,33,2
1010,"‭(12)'ג200 ןנוצמ חולמ גנירה גד הליפ תוכיתח‬",2025,34,2
1010,"‭(12)'ג200 ןנוצמ חולמ גנירה גד הליפ תוכיתח‬",2025,35,1
1010,"‭(12)'ג200 ןנוצמ חולמ גנירה גד הליפ תוכיתח‬",2025,36,2
1010,"‭(12)'ג200 ןנוצמ חולמ גנירה גד הליפ תוכיתח‬",2025,37,3
1010,"‭(12)'ג200 ןנוצמ חולמ גנירה גד הליפ תוכיתח‬",2025,38,4
1010,"‭(12)'ג200 ןנוצמ חולמ גנירה גד הליפ תוכיתח‬",2025,39,1
1010,"‭(12)'ג200 ןנוצמ חולמ גנירה גד הליפ תוכיתח‬",2025,40,1
1010,"‭(12)'ג200 ןנוצמ חולמ גנירה גד הליפ תוכיתח‬",2025,41,3
1010,"‭(12)'ג200 ןנוצמ חולמ גנירה גד הליפ תוכיתח‬",2025,42,1
1010,"‭(12)'ג200 ןנוצמ חולמ גנירה גד הליפ תוכיתח‬",2025,43,3
1010,"‭(12)'ג200 ןנוצמ חולמ גנירה גד הליפ תוכיתח‬",2025,44,4
1010,"‭(12)'ג200 ןנוצמ חולמ גנירה גד הליפ תוכיתח‬",2025,45,1
1010,"‭(12)'ג200 ןנוצמ חולמ גנירה גד הליפ תוכיתח‬",2025,46,4
1010,"‭(12)'ג200 ןנוצמ חולמ גנירה גד הליפ תוכיתח‬",2025,47,2
1010,"‭(12)'ג200 ןנוצמ חולמ גנירה גד הליפ תוכיתח‬",2025,50,5
1010,"‭(12)'ג200 ןנוצמ חולמ גנירה גד הליפ תוכיתח‬",2025,51,3
1010,"‭(12)'ג200 ןנוצמ חולמ גנירה גד הליפ תוכיתח‬",2025,52,2
1010,"‭(12)'ג200 ןנוצמ חולמ גנירה גד הליפ תוכיתח‬",2025,53,1
1010,"‭(12)'ג200 ןנוצמ חולמ גנירה גד הליפ תוכיתח‬",2026,2,3
1010,"‭(12)'ג200 ןנוצמ חולמ גנירה גד הליפ תוכיתח‬",2026,3,3
1010,"‭(12)'ג200 ןנוצמ חולמ גנירה גד הליפ תוכיתח‬",2026,4,2
1010,"‭(12)'ג200 ןנוצמ חולמ גנירה גד הליפ תוכיתח‬",2026,5,2
1010,"‭(12)'ג200 ןנוצמ חולמ גנירה גד הליפ תוכיתח‬",2026,6,1
1010,"‭(12)'ג200 ןנוצמ חולמ גנירה גד הליפ תוכיתח‬",2026,7,1
1010,"‭(12)'ג200 ןנוצמ חולמ גנירה גד הליפ תוכיתח‬",2026,8,2
1010,"‭(12)'ג200 ןנוצמ חולמ גנירה גד הליפ תוכיתח‬",2026,9,1
1010,"‭(12)'ג200 ןנוצמ חולמ גנירה גד הליפ תוכיתח‬",2026,10,2
1010,"‭(12)'ג200 ןנוצמ חולמ גנירה גד הליפ תוכיתח‬",2026,11,7
1010,"‭(12)'ג200 ןנוצמ חולמ גנירה גד הליפ תוכיתח‬",2026,12,1
1010,"‭(12)'ג200 ןנוצמ חולמ גנירה גד הליפ תוכיתח‬",2026,14,2
1010,"‭(12)'ג200 ןנוצמ חולמ גנירה גד הליפ תוכיתח‬",2026,15,2
1010,"‭(12)'ג200 ןנוצמ חולמ גנירה גד הליפ תוכיתח‬",2026,18,1
1010,"‭(12)'ג200 ןנוצמ חולמ גנירה גד הליפ תוכיתח‬",2026,19,3
1010,"‭(12)'ג200 ןנוצמ חולמ גנירה גד הליפ תוכיתח‬",2026,20,1
1010,"‭(12)'ג200 ןנוצמ חולמ גנירה גד הליפ תוכיתח‬",2026,25,1
1010,"‭(12)'ג200 ןנוצמ חולמ גנירה גד הליפ תוכיתח‬",2026,27,3
1010,"‭(12)'ג200 ןנוצמ חולמ גנירה גד הליפ תוכיתח‬",2026,28,2
1010,"‭(12)'ג200 ןנוצמ חולמ גנירה גד הליפ תוכיתח‬",2026,29,1
1010,"‭(12)'ג200 ןנוצמ חולמ גנירה גד הליפ תוכיתח‬",2026,32,1
1011,"‭(10)'ג250 ןנוצמ חולמ גנירה גד הליפ‬",2025,34,5
1011,"‭(10)'ג250 ןנוצמ חולמ גנירה גד הליפ‬",2025,35,9
1011,"‭(10)'ג250 ןנוצמ חולמ גנירה גד הליפ‬",2025,36,7
1011,"‭(10)'ג250 ןנוצמ חולמ גנירה גד הליפ‬",2025,37,8
1011,"‭(10)'ג250 ןנוצמ חולמ גנירה גד הליפ‬",2025,38,10
1011,"‭(10)'ג250 ןנוצמ חולמ גנירה גד הליפ‬",2025,39,1
1011,"‭(10)'ג250 ןנוצמ חולמ גנירה גד הליפ‬",2025,40,5
1011,"‭(10)'ג250 ןנוצמ חולמ גנירה גד הליפ‬",2025,41,10
1011,"‭(10)'ג250 ןנוצמ חולמ גנירה גד הליפ‬",2025,42,6
1011,"‭(10)'ג250 ןנוצמ חולמ גנירה גד הליפ‬",2025,43,5
1011,"‭(10)'ג250 ןנוצמ חולמ גנירה גד הליפ‬",2025,44,8
1011,"‭(10)'ג250 ןנוצמ חולמ גנירה גד הליפ‬",2025,45,5
1011,"‭(10)'ג250 ןנוצמ חולמ גנירה גד הליפ‬",2025,46,6
1011,"‭(10)'ג250 ןנוצמ חולמ גנירה גד הליפ‬",2025,47,9
1011,"‭(10)'ג250 ןנוצמ חולמ גנירה גד הליפ‬",2025,48,2
1011,"‭(10)'ג250 ןנוצמ חולמ גנירה גד הליפ‬",2025,49,4
1011,"‭(10)'ג250 ןנוצמ חולמ גנירה גד הליפ‬",2025,50,8
1011,"‭(10)'ג250 ןנוצמ חולמ גנירה גד הליפ‬",2025,51,10
1011,"‭(10)'ג250 ןנוצמ חולמ גנירה גד הליפ‬",2025,52,10
1011,"‭(10)'ג250 ןנוצמ חולמ גנירה גד הליפ‬",2025,53,13
1011,"‭(10)'ג250 ןנוצמ חולמ גנירה גד הליפ‬",2026,2,10
1011,"‭(10)'ג250 ןנוצמ חולמ גנירה גד הליפ‬",2026,3,11
1011,"‭(10)'ג250 ןנוצמ חולמ גנירה גד הליפ‬",2026,4,6
1011,"‭(10)'ג250 ןנוצמ חולמ גנירה גד הליפ‬",2026,5,9
1011,"‭(10)'ג250 ןנוצמ חולמ גנירה גד הליפ‬",2026,6,4
1011,"‭(10)'ג250 ןנוצמ חולמ גנירה גד הליפ‬",2026,7,5
1011,"‭(10)'ג250 ןנוצמ חולמ גנירה גד הליפ‬",2026,8,5
1011,"‭(10)'ג250 ןנוצמ חולמ גנירה גד הליפ‬",2026,9,3
1011,"‭(10)'ג250 ןנוצמ חולמ גנירה גד הליפ‬",2026,10,10
1011,"‭(10)'ג250 ןנוצמ חולמ גנירה גד הליפ‬",2026,11,10
1011,"‭(10)'ג250 ןנוצמ חולמ גנירה גד הליפ‬",2026,12,5
1011,"‭(10)'ג250 ןנוצמ חולמ גנירה גד הליפ‬",2026,13,11
1011,"‭(10)'ג250 ןנוצמ חולמ גנירה גד הליפ‬",2026,14,10
1011,"‭(10)'ג250 ןנוצמ חולמ גנירה גד הליפ‬",2026,15,4
1011,"‭(10)'ג250 ןנוצמ חולמ גנירה גד הליפ‬",2026,16,6
1011,"‭(10)'ג250 ןנוצמ חולמ גנירה גד הליפ‬",2026,17,5
1011,"‭(10)'ג250 ןנוצמ חולמ גנירה גד הליפ‬",2026,18,6
1011,"‭(10)'ג250 ןנוצמ חולמ גנירה גד הליפ‬",2026,19,4
1011,"‭(10)'ג250 ןנוצמ חולמ גנירה גד הליפ‬",2026,20,5
1011,"‭(10)'ג250 ןנוצמ חולמ גנירה גד הליפ‬",2026,21,5
1011,"‭(10)'ג250 ןנוצמ חולמ גנירה גד הליפ‬",2026,22,4
1011,"‭(10)'ג250 ןנוצמ חולמ גנירה גד הליפ‬",2026,23,2
1011,"‭(10)'ג250 ןנוצמ חולמ גנירה גד הליפ‬",2026,24,12
1011,"‭(10)'ג250 ןנוצמ חולמ גנירה גד הליפ‬",2026,25,3
1011,"‭(10)'ג250 ןנוצמ חולמ גנירה גד הליפ‬",2026,26,4
1011,"‭(10)'ג250 ןנוצמ חולמ גנירה גד הליפ‬",2026,27,10
1011,"‭(10)'ג250 ןנוצמ חולמ גנירה גד הליפ‬",2026,28,2
1011,"‭(10)'ג250 ןנוצמ חולמ גנירה גד הליפ‬",2026,29,7
1011,"‭(10)'ג250 ןנוצמ חולמ גנירה גד הליפ‬",2026,30,11
1011,"‭(10)'ג250 ןנוצמ חולמ גנירה גד הליפ‬",2026,31,2
1011,"‭(10)'ג250 ןנוצמ חולמ גנירה גד הליפ‬",2026,32,4
1012,"‭(6)'ג260 לצב םע ןנוצמ חולמ גנירה גד הליפ תוכיתח‬",2025,33,6
1012,"‭(6)'ג260 לצב םע ןנוצמ חולמ גנירה גד הליפ תוכיתח‬",2025,34,11
1012,"‭(6)'ג260 לצב םע ןנוצמ חולמ גנירה גד הליפ תוכיתח‬",2025,35,10
1012,"‭(6)'ג260 לצב םע ןנוצמ חולמ גנירה גד הליפ תוכיתח‬",2025,36,13
1012,"‭(6)'ג260 לצב םע ןנוצמ חולמ גנירה גד הליפ תוכיתח‬",2025,37,8
1012,"‭(6)'ג260 לצב םע ןנוצמ חולמ גנירה גד הליפ תוכיתח‬",2025,38,19
1012,"‭(6)'ג260 לצב םע ןנוצמ חולמ גנירה גד הליפ תוכיתח‬",2025,39,5
1012,"‭(6)'ג260 לצב םע ןנוצמ חולמ גנירה גד הליפ תוכיתח‬",2025,40,4
1012,"‭(6)'ג260 לצב םע ןנוצמ חולמ גנירה גד הליפ תוכיתח‬",2025,41,14
1012,"‭(6)'ג260 לצב םע ןנוצמ חולמ גנירה גד הליפ תוכיתח‬",2025,42,12
1012,"‭(6)'ג260 לצב םע ןנוצמ חולמ גנירה גד הליפ תוכיתח‬",2025,43,10
1012,"‭(6)'ג260 לצב םע ןנוצמ חולמ גנירה גד הליפ תוכיתח‬",2025,44,9
1012,"‭(6)'ג260 לצב םע ןנוצמ חולמ גנירה גד הליפ תוכיתח‬",2025,45,6
1012,"‭(6)'ג260 לצב םע ןנוצמ חולמ גנירה גד הליפ תוכיתח‬",2025,46,10
1012,"‭(6)'ג260 לצב םע ןנוצמ חולמ גנירה גד הליפ תוכיתח‬",2025,47,7
1012,"‭(6)'ג260 לצב םע ןנוצמ חולמ גנירה גד הליפ תוכיתח‬",2025,48,6
1012,"‭(6)'ג260 לצב םע ןנוצמ חולמ גנירה גד הליפ תוכיתח‬",2025,49,8
1012,"‭(6)'ג260 לצב םע ןנוצמ חולמ גנירה גד הליפ תוכיתח‬",2025,50,4
1012,"‭(6)'ג260 לצב םע ןנוצמ חולמ גנירה גד הליפ תוכיתח‬",2025,51,9
1012,"‭(6)'ג260 לצב םע ןנוצמ חולמ גנירה גד הליפ תוכיתח‬",2025,52,6
1012,"‭(6)'ג260 לצב םע ןנוצמ חולמ גנירה גד הליפ תוכיתח‬",2025,53,14
1012,"‭(6)'ג260 לצב םע ןנוצמ חולמ גנירה גד הליפ תוכיתח‬",2026,2,9
1012,"‭(6)'ג260 לצב םע ןנוצמ חולמ גנירה גד הליפ תוכיתח‬",2026,3,6
1012,"‭(6)'ג260 לצב םע ןנוצמ חולמ גנירה גד הליפ תוכיתח‬",2026,4,13
1012,"‭(6)'ג260 לצב םע ןנוצמ חולמ גנירה גד הליפ תוכיתח‬",2026,5,9
1012,"‭(6)'ג260 לצב םע ןנוצמ חולמ גנירה גד הליפ תוכיתח‬",2026,6,8
1012,"‭(6)'ג260 לצב םע ןנוצמ חולמ גנירה גד הליפ תוכיתח‬",2026,7,7
1012,"‭(6)'ג260 לצב םע ןנוצמ חולמ גנירה גד הליפ תוכיתח‬",2026,8,13
1012,"‭(6)'ג260 לצב םע ןנוצמ חולמ גנירה גד הליפ תוכיתח‬",2026,9,11
1012,"‭(6)'ג260 לצב םע ןנוצמ חולמ גנירה גד הליפ תוכיתח‬",2026,10,11
1012,"‭(6)'ג260 לצב םע ןנוצמ חולמ גנירה גד הליפ תוכיתח‬",2026,11,10
1012,"‭(6)'ג260 לצב םע ןנוצמ חולמ גנירה גד הליפ תוכיתח‬",2026,12,9
1012,"‭(6)'ג260 לצב םע ןנוצמ חולמ גנירה גד הליפ תוכיתח‬",2026,13,13
1012,"‭(6)'ג260 לצב םע ןנוצמ חולמ גנירה גד הליפ תוכיתח‬",2026,14,15
1012,"‭(6)'ג260 לצב םע ןנוצמ חולמ גנירה גד הליפ תוכיתח‬",2026,15,3
1012,"‭(6)'ג260 לצב םע ןנוצמ חולמ גנירה גד הליפ תוכיתח‬",2026,16,13
1012,"‭(6)'ג260 לצב םע ןנוצמ חולמ גנירה גד הליפ תוכיתח‬",2026,17,3
1012,"‭(6)'ג260 לצב םע ןנוצמ חולמ גנירה גד הליפ תוכיתח‬",2026,18,7
1012,"‭(6)'ג260 לצב םע ןנוצמ חולמ גנירה גד הליפ תוכיתח‬",2026,19,6
1012,"‭(6)'ג260 לצב םע ןנוצמ חולמ גנירה גד הליפ תוכיתח‬",2026,20,5
1012,"‭(6)'ג260 לצב םע ןנוצמ חולמ גנירה גד הליפ תוכיתח‬",2026,21,9
1012,"‭(6)'ג260 לצב םע ןנוצמ חולמ גנירה גד הליפ תוכיתח‬",2026,22,3
1012,"‭(6)'ג260 לצב םע ןנוצמ חולמ גנירה גד הליפ תוכיתח‬",2026,23,8
1012,"‭(6)'ג260 לצב םע ןנוצמ חולמ גנירה גד הליפ תוכיתח‬",2026,24,8
1012,"‭(6)'ג260 לצב םע ןנוצמ חולמ גנירה גד הליפ תוכיתח‬",2026,25,9
1012,"‭(6)'ג260 לצב םע ןנוצמ חולמ גנירה גד הליפ תוכיתח‬",2026,26,14
1012,"‭(6)'ג260 לצב םע ןנוצמ חולמ גנירה גד הליפ תוכיתח‬",2026,27,13
1012,"‭(6)'ג260 לצב םע ןנוצמ חולמ גנירה גד הליפ תוכיתח‬",2026,28,10
1012,"‭(6)'ג260 לצב םע ןנוצמ חולמ גנירה גד הליפ תוכיתח‬",2026,29,4
1012,"‭(6)'ג260 לצב םע ןנוצמ חולמ גנירה גד הליפ תוכיתח‬",2026,30,12
1012,"‭(6)'ג260 לצב םע ןנוצמ חולמ גנירה גד הליפ תוכיתח‬",2026,31,6
1012,"‭(6)'ג260 לצב םע ןנוצמ חולמ גנירה גד הליפ תוכיתח‬",2026,32,8
1013,"‭(6)ג260 ןילבת םע ןנוצמ חולמ גנירה גד הליפ תוכיתח‬",2025,33,2
1013,"‭(6)ג260 ןילבת םע ןנוצמ חולמ גנירה גד הליפ תוכיתח‬",2025,34,8
1013,"‭(6)ג260 ןילבת םע ןנוצמ חולמ גנירה גד הליפ תוכיתח‬",2025,35,4
1013,"‭(6)ג260 ןילבת םע ןנוצמ חולמ גנירה גד הליפ תוכיתח‬",2025,36,4
1013,"‭(6)ג260 ןילבת םע ןנוצמ חולמ גנירה גד הליפ תוכיתח‬",2025,37,5
1013,"‭(6)ג260 ןילבת םע ןנוצמ חולמ גנירה גד הליפ תוכיתח‬",2025,38,8
1013,"‭(6)ג260 ןילבת םע ןנוצמ חולמ גנירה גד הליפ תוכיתח‬",2025,39,3
1013,"‭(6)ג260 ןילבת םע ןנוצמ חולמ גנירה גד הליפ תוכיתח‬",2025,41,4
1013,"‭(6)ג260 ןילבת םע ןנוצמ חולמ גנירה גד הליפ תוכיתח‬",2025,42,10
1013,"‭(6)ג260 ןילבת םע ןנוצמ חולמ גנירה גד הליפ תוכיתח‬",2025,43,4
1013,"‭(6)ג260 ןילבת םע ןנוצמ חולמ גנירה גד הליפ תוכיתח‬",2025,44,6
1013,"‭(6)ג260 ןילבת םע ןנוצמ חולמ גנירה גד הליפ תוכיתח‬",2025,45,3
1013,"‭(6)ג260 ןילבת םע ןנוצמ חולמ גנירה גד הליפ תוכיתח‬",2025,46,4
1013,"‭(6)ג260 ןילבת םע ןנוצמ חולמ גנירה גד הליפ תוכיתח‬",2025,47,3
1013,"‭(6)ג260 ןילבת םע ןנוצמ חולמ גנירה גד הליפ תוכיתח‬",2025,48,6
1013,"‭(6)ג260 ןילבת םע ןנוצמ חולמ גנירה גד הליפ תוכיתח‬",2025,49,4
1013,"‭(6)ג260 ןילבת םע ןנוצמ חולמ גנירה גד הליפ תוכיתח‬",2025,50,3
1013,"‭(6)ג260 ןילבת םע ןנוצמ חולמ גנירה גד הליפ תוכיתח‬",2025,51,3
1013,"‭(6)ג260 ןילבת םע ןנוצמ חולמ גנירה גד הליפ תוכיתח‬",2025,52,3
1013,"‭(6)ג260 ןילבת םע ןנוצמ חולמ גנירה גד הליפ תוכיתח‬",2025,53,6
1013,"‭(6)ג260 ןילבת םע ןנוצמ חולמ גנירה גד הליפ תוכיתח‬",2026,2,3
1013,"‭(6)ג260 ןילבת םע ןנוצמ חולמ גנירה גד הליפ תוכיתח‬",2026,3,3
1013,"‭(6)ג260 ןילבת םע ןנוצמ חולמ גנירה גד הליפ תוכיתח‬",2026,4,6
1013,"‭(6)ג260 ןילבת םע ןנוצמ חולמ גנירה גד הליפ תוכיתח‬",2026,5,2
1013,"‭(6)ג260 ןילבת םע ןנוצמ חולמ גנירה גד הליפ תוכיתח‬",2026,6,3
1013,"‭(6)ג260 ןילבת םע ןנוצמ חולמ גנירה גד הליפ תוכיתח‬",2026,7,4
1013,"‭(6)ג260 ןילבת םע ןנוצמ חולמ גנירה גד הליפ תוכיתח‬",2026,8,1
1013,"‭(6)ג260 ןילבת םע ןנוצמ חולמ גנירה גד הליפ תוכיתח‬",2026,9,2
1013,"‭(6)ג260 ןילבת םע ןנוצמ חולמ גנירה גד הליפ תוכיתח‬",2026,10,4
1013,"‭(6)ג260 ןילבת םע ןנוצמ חולמ גנירה גד הליפ תוכיתח‬",2026,11,5
1013,"‭(6)ג260 ןילבת םע ןנוצמ חולמ גנירה גד הליפ תוכיתח‬",2026,12,8
1013,"‭(6)ג260 ןילבת םע ןנוצמ חולמ גנירה גד הליפ תוכיתח‬",2026,13,7
1013,"‭(6)ג260 ןילבת םע ןנוצמ חולמ גנירה גד הליפ תוכיתח‬",2026,14,7
1013,"‭(6)ג260 ןילבת םע ןנוצמ חולמ גנירה גד הליפ תוכיתח‬",2026,15,2
1013,"‭(6)ג260 ןילבת םע ןנוצמ חולמ גנירה גד הליפ תוכיתח‬",2026,16,7
1013,"‭(6)ג260 ןילבת םע ןנוצמ חולמ גנירה גד הליפ תוכיתח‬",2026,17,2
1013,"‭(6)ג260 ןילבת םע ןנוצמ חולמ גנירה גד הליפ תוכיתח‬",2026,18,9
1013,"‭(6)ג260 ןילבת םע ןנוצמ חולמ גנירה גד הליפ תוכיתח‬",2026,19,1
1013,"‭(6)ג260 ןילבת םע ןנוצמ חולמ גנירה גד הליפ תוכיתח‬",2026,20,1
1013,"‭(6)ג260 ןילבת םע ןנוצמ חולמ גנירה גד הליפ תוכיתח‬",2026,21,2
1013,"‭(6)ג260 ןילבת םע ןנוצמ חולמ גנירה גד הליפ תוכיתח‬",2026,22,4
1013,"‭(6)ג260 ןילבת םע ןנוצמ חולמ גנירה גד הליפ תוכיתח‬",2026,23,2
1013,"‭(6)ג260 ןילבת םע ןנוצמ חולמ גנירה גד הליפ תוכיתח‬",2026,24,4
1013,"‭(6)ג260 ןילבת םע ןנוצמ חולמ גנירה גד הליפ תוכיתח‬",2026,25,4
1013,"‭(6)ג260 ןילבת םע ןנוצמ חולמ גנירה גד הליפ תוכיתח‬",2026,26,10
1013,"‭(6)ג260 ןילבת םע ןנוצמ חולמ גנירה גד הליפ תוכיתח‬",2026,27,11
1013,"‭(6)ג260 ןילבת םע ןנוצמ חולמ גנירה גד הליפ תוכיתח‬",2026,28,6
1013,"‭(6)ג260 ןילבת םע ןנוצמ חולמ גנירה גד הליפ תוכיתח‬",2026,29,3
1013,"‭(6)ג260 ןילבת םע ןנוצמ חולמ גנירה גד הליפ תוכיתח‬",2026,30,7
1013,"‭(6)ג260 ןילבת םע ןנוצמ חולמ גנירה גד הליפ תוכיתח‬",2026,31,5
1013,"‭(6)ג260 ןילבת םע ןנוצמ חולמ גנירה גד הליפ תוכיתח‬",2026,32,7
1014,"‭(6)'ג260 ןנוצמ חולמ גנירה גד הליפ תוכיתח‬",2025,33,6
1014,"‭(6)'ג260 ןנוצמ חולמ גנירה גד הליפ תוכיתח‬",2025,34,11
1014,"‭(6)'ג260 ןנוצמ חולמ גנירה גד הליפ תוכיתח‬",2025,35,8
1014,"‭(6)'ג260 ןנוצמ חולמ גנירה גד הליפ תוכיתח‬",2025,36,10
1014,"‭(6)'ג260 ןנוצמ חולמ גנירה גד הליפ תוכיתח‬",2025,37,16
1014,"‭(6)'ג260 ןנוצמ חולמ גנירה גד הליפ תוכיתח‬",2025,38,22
1014,"‭(6)'ג260 ןנוצמ חולמ גנירה גד הליפ תוכיתח‬",2025,39,3
1014,"‭(6)'ג260 ןנוצמ חולמ גנירה גד הליפ תוכיתח‬",2025,40,4
1014,"‭(6)'ג260 ןנוצמ חולמ גנירה גד הליפ תוכיתח‬",2025,41,13
1014,"‭(6)'ג260 ןנוצמ חולמ גנירה גד הליפ תוכיתח‬",2025,42,10
1014,"‭(6)'ג260 ןנוצמ חולמ גנירה גד הליפ תוכיתח‬",2025,43,10
1014,"‭(6)'ג260 ןנוצמ חולמ גנירה גד הליפ תוכיתח‬",2025,44,14
1014,"‭(6)'ג260 ןנוצמ חולמ גנירה גד הליפ תוכיתח‬",2025,45,9
1014,"‭(6)'ג260 ןנוצמ חולמ גנירה גד הליפ תוכיתח‬",2025,46,6
1014,"‭(6)'ג260 ןנוצמ חולמ גנירה גד הליפ תוכיתח‬",2025,47,14
1014,"‭(6)'ג260 ןנוצמ חולמ גנירה גד הליפ תוכיתח‬",2025,48,11
1014,"‭(6)'ג260 ןנוצמ חולמ גנירה גד הליפ תוכיתח‬",2025,49,11
1014,"‭(6)'ג260 ןנוצמ חולמ גנירה גד הליפ תוכיתח‬",2025,50,5
1014,"‭(6)'ג260 ןנוצמ חולמ גנירה גד הליפ תוכיתח‬",2025,51,14
1014,"‭(6)'ג260 ןנוצמ חולמ גנירה גד הליפ תוכיתח‬",2025,52,11
1014,"‭(6)'ג260 ןנוצמ חולמ גנירה גד הליפ תוכיתח‬",2025,53,15
1014,"‭(6)'ג260 ןנוצמ חולמ גנירה גד הליפ תוכיתח‬",2026,2,7
1014,"‭(6)'ג260 ןנוצמ חולמ גנירה גד הליפ תוכיתח‬",2026,3,9
1014,"‭(6)'ג260 ןנוצמ חולמ גנירה גד הליפ תוכיתח‬",2026,4,12
1014,"‭(6)'ג260 ןנוצמ חולמ גנירה גד הליפ תוכיתח‬",2026,5,10
1014,"‭(6)'ג260 ןנוצמ חולמ גנירה גד הליפ תוכיתח‬",2026,6,5
1014,"‭(6)'ג260 ןנוצמ חולמ גנירה גד הליפ תוכיתח‬",2026,7,12
1014,"‭(6)'ג260 ןנוצמ חולמ גנירה גד הליפ תוכיתח‬",2026,8,9
1014,"‭(6)'ג260 ןנוצמ חולמ גנירה גד הליפ תוכיתח‬",2026,9,8
1014,"‭(6)'ג260 ןנוצמ חולמ גנירה גד הליפ תוכיתח‬",2026,10,11
1014,"‭(6)'ג260 ןנוצמ חולמ גנירה גד הליפ תוכיתח‬",2026,11,15
1014,"‭(6)'ג260 ןנוצמ חולמ גנירה גד הליפ תוכיתח‬",2026,12,18
1014,"‭(6)'ג260 ןנוצמ חולמ גנירה גד הליפ תוכיתח‬",2026,13,14
1014,"‭(6)'ג260 ןנוצמ חולמ גנירה גד הליפ תוכיתח‬",2026,14,13
1014,"‭(6)'ג260 ןנוצמ חולמ גנירה גד הליפ תוכיתח‬",2026,15,3
1014,"‭(6)'ג260 ןנוצמ חולמ גנירה גד הליפ תוכיתח‬",2026,16,16
1014,"‭(6)'ג260 ןנוצמ חולמ גנירה גד הליפ תוכיתח‬",2026,17,5
1014,"‭(6)'ג260 ןנוצמ חולמ גנירה גד הליפ תוכיתח‬",2026,18,9
1014,"‭(6)'ג260 ןנוצמ חולמ גנירה גד הליפ תוכיתח‬",2026,19,5
1014,"‭(6)'ג260 ןנוצמ חולמ גנירה גד הליפ תוכיתח‬",2026,20,12
1014,"‭(6)'ג260 ןנוצמ חולמ גנירה גד הליפ תוכיתח‬",2026,21,6
1014,"‭(6)'ג260 ןנוצמ חולמ גנירה גד הליפ תוכיתח‬",2026,22,8
1014,"‭(6)'ג260 ןנוצמ חולמ גנירה גד הליפ תוכיתח‬",2026,23,4
1014,"‭(6)'ג260 ןנוצמ חולמ גנירה גד הליפ תוכיתח‬",2026,24,10
1014,"‭(6)'ג260 ןנוצמ חולמ גנירה גד הליפ תוכיתח‬",2026,25,10
1014,"‭(6)'ג260 ןנוצמ חולמ גנירה גד הליפ תוכיתח‬",2026,26,17
1014,"‭(6)'ג260 ןנוצמ חולמ גנירה גד הליפ תוכיתח‬",2026,27,12
1014,"‭(6)'ג260 ןנוצמ חולמ גנירה גד הליפ תוכיתח‬",2026,28,10
1014,"‭(6)'ג260 ןנוצמ חולמ גנירה גד הליפ תוכיתח‬",2026,29,11
1014,"‭(6)'ג260 ןנוצמ חולמ גנירה גד הליפ תוכיתח‬",2026,30,12
1014,"‭(6)'ג260 ןנוצמ חולמ גנירה גד הליפ תוכיתח‬",2026,31,10
1014,"‭(6)'ג260 ןנוצמ חולמ גנירה גד הליפ תוכיתח‬",2026,32,11
1015,"‭(6)'ג180 גנירהו תינוטורט גד יציב הרקיא‬",2025,34,1
1015,"‭(6)'ג180 גנירהו תינוטורט גד יציב הרקיא‬",2025,35,1
1015,"‭(6)'ג180 גנירהו תינוטורט גד יציב הרקיא‬",2025,37,2
1015,"‭(6)'ג180 גנירהו תינוטורט גד יציב הרקיא‬",2025,38,1
1015,"‭(6)'ג180 גנירהו תינוטורט גד יציב הרקיא‬",2025,39,1
1015,"‭(6)'ג180 גנירהו תינוטורט גד יציב הרקיא‬",2025,41,1
1015,"‭(6)'ג180 גנירהו תינוטורט גד יציב הרקיא‬",2025,42,2
1015,"‭(6)'ג180 גנירהו תינוטורט גד יציב הרקיא‬",2025,43,1
1015,"‭(6)'ג180 גנירהו תינוטורט גד יציב הרקיא‬",2025,44,1
1015,"‭(6)'ג180 גנירהו תינוטורט גד יציב הרקיא‬",2025,52,6
1015,"‭(6)'ג180 גנירהו תינוטורט גד יציב הרקיא‬",2025,53,5
1015,"‭(6)'ג180 גנירהו תינוטורט גד יציב הרקיא‬",2026,2,2
1015,"‭(6)'ג180 גנירהו תינוטורט גד יציב הרקיא‬",2026,3,3
1015,"‭(6)'ג180 גנירהו תינוטורט גד יציב הרקיא‬",2026,4,2
1015,"‭(6)'ג180 גנירהו תינוטורט גד יציב הרקיא‬",2026,5,3
1015,"‭(6)'ג180 גנירהו תינוטורט גד יציב הרקיא‬",2026,9,1
1015,"‭(6)'ג180 גנירהו תינוטורט גד יציב הרקיא‬",2026,10,1
1015,"‭(6)'ג180 גנירהו תינוטורט גד יציב הרקיא‬",2026,11,3
1015,"‭(6)'ג180 גנירהו תינוטורט גד יציב הרקיא‬",2026,14,1
1015,"‭(6)'ג180 גנירהו תינוטורט גד יציב הרקיא‬",2026,15,1
1015,"‭(6)'ג180 גנירהו תינוטורט גד יציב הרקיא‬",2026,16,2
1015,"‭(6)'ג180 גנירהו תינוטורט גד יציב הרקיא‬",2026,18,1
1015,"‭(6)'ג180 גנירהו תינוטורט גד יציב הרקיא‬",2026,19,1
1015,"‭(6)'ג180 גנירהו תינוטורט גד יציב הרקיא‬",2026,20,4
1015,"‭(6)'ג180 גנירהו תינוטורט גד יציב הרקיא‬",2026,23,1
1015,"‭(6)'ג180 גנירהו תינוטורט גד יציב הרקיא‬",2026,24,1
1015,"‭(6)'ג180 גנירהו תינוטורט גד יציב הרקיא‬",2026,25,4
1015,"‭(6)'ג180 גנירהו תינוטורט גד יציב הרקיא‬",2026,26,1
1015,"‭(6)'ג180 גנירהו תינוטורט גד יציב הרקיא‬",2026,27,2
1015,"‭(6)'ג180 גנירהו תינוטורט גד יציב הרקיא‬",2026,28,5
1015,"‭(6)'ג180 גנירהו תינוטורט גד יציב הרקיא‬",2026,29,2
1015,"‭(6)'ג180 גנירהו תינוטורט גד יציב הרקיא‬",2026,30,3
1015,"‭(6)'ג180 גנירהו תינוטורט גד יציב הרקיא‬",2026,31,1
1015,"‭(6)'ג180 גנירהו תינוטורט גד יציב הרקיא‬",2026,32,4
1017,"‭(6)'ג180 ןומלסו לרופ םע גנירהו תינוטורט גד יציב הרקיא‬",2025,33,4
1017,"‭(6)'ג180 ןומלסו לרופ םע גנירהו תינוטורט גד יציב הרקיא‬",2025,34,6.17
1017,"‭(6)'ג180 ןומלסו לרופ םע גנירהו תינוטורט גד יציב הרקיא‬",2025,35,5.33
1017,"‭(6)'ג180 ןומלסו לרופ םע גנירהו תינוטורט גד יציב הרקיא‬",2025,36,2.17
1017,"‭(6)'ג180 ןומלסו לרופ םע גנירהו תינוטורט גד יציב הרקיא‬",2025,37,4.33
1017,"‭(6)'ג180 ןומלסו לרופ םע גנירהו תינוטורט גד יציב הרקיא‬",2025,38,13
1017,"‭(6)'ג180 ןומלסו לרופ םע גנירהו תינוטורט גד יציב הרקיא‬",2025,39,1
1017,"‭(6)'ג180 ןומלסו לרופ םע גנירהו תינוטורט גד יציב הרקיא‬",2025,40,2
1017,"‭(6)'ג180 ןומלסו לרופ םע גנירהו תינוטורט גד יציב הרקיא‬",2025,41,2
1017,"‭(6)'ג180 ןומלסו לרופ םע גנירהו תינוטורט גד יציב הרקיא‬",2025,42,9
1017,"‭(6)'ג180 ןומלסו לרופ םע גנירהו תינוטורט גד יציב הרקיא‬",2025,43,5
1017,"‭(6)'ג180 ןומלסו לרופ םע גנירהו תינוטורט גד יציב הרקיא‬",2025,44,5
1017,"‭(6)'ג180 ןומלסו לרופ םע גנירהו תינוטורט גד יציב הרקיא‬",2025,45,4
1017,"‭(6)'ג180 ןומלסו לרופ םע גנירהו תינוטורט גד יציב הרקיא‬",2025,46,3.33
1017,"‭(6)'ג180 ןומלסו לרופ םע גנירהו תינוטורט גד יציב הרקיא‬",2025,47,7.67
1017,"‭(6)'ג180 ןומלסו לרופ םע גנירהו תינוטורט גד יציב הרקיא‬",2025,48,6
1017,"‭(6)'ג180 ןומלסו לרופ םע גנירהו תינוטורט גד יציב הרקיא‬",2025,49,5
1017,"‭(6)'ג180 ןומלסו לרופ םע גנירהו תינוטורט גד יציב הרקיא‬",2025,52,13
1017,"‭(6)'ג180 ןומלסו לרופ םע גנירהו תינוטורט גד יציב הרקיא‬",2025,53,8
1017,"‭(6)'ג180 ןומלסו לרופ םע גנירהו תינוטורט גד יציב הרקיא‬",2026,2,2
1017,"‭(6)'ג180 ןומלסו לרופ םע גנירהו תינוטורט גד יציב הרקיא‬",2026,3,4.83
1017,"‭(6)'ג180 ןומלסו לרופ םע גנירהו תינוטורט גד יציב הרקיא‬",2026,4,5.17
1017,"‭(6)'ג180 ןומלסו לרופ םע גנירהו תינוטורט גד יציב הרקיא‬",2026,5,8
1017,"‭(6)'ג180 ןומלסו לרופ םע גנירהו תינוטורט גד יציב הרקיא‬",2026,6,3
1017,"‭(6)'ג180 ןומלסו לרופ םע גנירהו תינוטורט גד יציב הרקיא‬",2026,7,6
1017,"‭(6)'ג180 ןומלסו לרופ םע גנירהו תינוטורט גד יציב הרקיא‬",2026,8,6
1017,"‭(6)'ג180 ןומלסו לרופ םע גנירהו תינוטורט גד יציב הרקיא‬",2026,9,5
1017,"‭(6)'ג180 ןומלסו לרופ םע גנירהו תינוטורט גד יציב הרקיא‬",2026,10,3
1017,"‭(6)'ג180 ןומלסו לרופ םע גנירהו תינוטורט גד יציב הרקיא‬",2026,11,3
1017,"‭(6)'ג180 ןומלסו לרופ םע גנירהו תינוטורט גד יציב הרקיא‬",2026,12,4
1017,"‭(6)'ג180 ןומלסו לרופ םע גנירהו תינוטורט גד יציב הרקיא‬",2026,13,1
1017,"‭(6)'ג180 ןומלסו לרופ םע גנירהו תינוטורט גד יציב הרקיא‬",2026,15,5
1017,"‭(6)'ג180 ןומלסו לרופ םע גנירהו תינוטורט גד יציב הרקיא‬",2026,16,16
1017,"‭(6)'ג180 ןומלסו לרופ םע גנירהו תינוטורט גד יציב הרקיא‬",2026,17,6
1017,"‭(6)'ג180 ןומלסו לרופ םע גנירהו תינוטורט גד יציב הרקיא‬",2026,18,1
1017,"‭(6)'ג180 ןומלסו לרופ םע גנירהו תינוטורט גד יציב הרקיא‬",2026,19,7
1017,"‭(6)'ג180 ןומלסו לרופ םע גנירהו תינוטורט גד יציב הרקיא‬",2026,20,8
1017,"‭(6)'ג180 ןומלסו לרופ םע גנירהו תינוטורט גד יציב הרקיא‬",2026,21,3
1017,"‭(6)'ג180 ןומלסו לרופ םע גנירהו תינוטורט גד יציב הרקיא‬",2026,22,3
1017,"‭(6)'ג180 ןומלסו לרופ םע גנירהו תינוטורט גד יציב הרקיא‬",2026,23,6
1017,"‭(6)'ג180 ןומלסו לרופ םע גנירהו תינוטורט גד יציב הרקיא‬",2026,24,7
1017,"‭(6)'ג180 ןומלסו לרופ םע גנירהו תינוטורט גד יציב הרקיא‬",2026,25,3
1017,"‭(6)'ג180 ןומלסו לרופ םע גנירהו תינוטורט גד יציב הרקיא‬",2026,26,7
1017,"‭(6)'ג180 ןומלסו לרופ םע גנירהו תינוטורט גד יציב הרקיא‬",2026,27,6
1017,"‭(6)'ג180 ןומלסו לרופ םע גנירהו תינוטורט גד יציב הרקיא‬",2026,28,7
1017,"‭(6)'ג180 ןומלסו לרופ םע גנירהו תינוטורט גד יציב הרקיא‬",2026,29,9
1017,"‭(6)'ג180 ןומלסו לרופ םע גנירהו תינוטורט גד יציב הרקיא‬",2026,30,8
1017,"‭(6)'ג180 ןומלסו לרופ םע גנירהו תינוטורט גד יציב הרקיא‬",2026,31,2
1017,"‭(6)'ג180 ןומלסו לרופ םע גנירהו תינוטורט גד יציב הרקיא‬",2026,32,7
1018,"‭(6)'ג180 םינוליסח םע MOIVA תינוטורט גד יציב‬",2025,34,4
1018,"‭(6)'ג180 םינוליסח םע MOIVA תינוטורט גד יציב‬",2025,35,2
1018,"‭(6)'ג180 םינוליסח םע MOIVA תינוטורט גד יציב‬",2025,36,4
1018,"‭(6)'ג180 םינוליסח םע MOIVA תינוטורט גד יציב‬",2025,37,2
1018,"‭(6)'ג180 םינוליסח םע MOIVA תינוטורט גד יציב‬",2025,38,6
1018,"‭(6)'ג180 םינוליסח םע MOIVA תינוטורט גד יציב‬",2025,40,2
1018,"‭(6)'ג180 םינוליסח םע MOIVA תינוטורט גד יציב‬",2025,41,4
1018,"‭(6)'ג180 םינוליסח םע MOIVA תינוטורט גד יציב‬",2025,42,2
1018,"‭(6)'ג180 םינוליסח םע MOIVA תינוטורט גד יציב‬",2025,43,5
1018,"‭(6)'ג180 םינוליסח םע MOIVA תינוטורט גד יציב‬",2025,44,3
1018,"‭(6)'ג180 םינוליסח םע MOIVA תינוטורט גד יציב‬",2025,45,3
1018,"‭(6)'ג180 םינוליסח םע MOIVA תינוטורט גד יציב‬",2025,46,3
1018,"‭(6)'ג180 םינוליסח םע MOIVA תינוטורט גד יציב‬",2025,47,4
1018,"‭(6)'ג180 םינוליסח םע MOIVA תינוטורט גד יציב‬",2025,49,4
1018,"‭(6)'ג180 םינוליסח םע MOIVA תינוטורט גד יציב‬",2025,50,1
1018,"‭(6)'ג180 םינוליסח םע MOIVA תינוטורט גד יציב‬",2025,51,4
1018,"‭(6)'ג180 םינוליסח םע MOIVA תינוטורט גד יציב‬",2025,52,4
1018,"‭(6)'ג180 םינוליסח םע MOIVA תינוטורט גד יציב‬",2025,53,3
1018,"‭(6)'ג180 םינוליסח םע MOIVA תינוטורט גד יציב‬",2026,2,6
1018,"‭(6)'ג180 םינוליסח םע MOIVA תינוטורט גד יציב‬",2026,3,1
1018,"‭(6)'ג180 םינוליסח םע MOIVA תינוטורט גד יציב‬",2026,4,2
1018,"‭(6)'ג180 םינוליסח םע MOIVA תינוטורט גד יציב‬",2026,5,4
1018,"‭(6)'ג180 םינוליסח םע MOIVA תינוטורט גד יציב‬",2026,6,2
1018,"‭(6)'ג180 םינוליסח םע MOIVA תינוטורט גד יציב‬",2026,7,4
1018,"‭(6)'ג180 םינוליסח םע MOIVA תינוטורט גד יציב‬",2026,8,3
1018,"‭(6)'ג180 םינוליסח םע MOIVA תינוטורט גד יציב‬",2026,9,3
1018,"‭(6)'ג180 םינוליסח םע MOIVA תינוטורט גד יציב‬",2026,10,3
1018,"‭(6)'ג180 םינוליסח םע MOIVA תינוטורט גד יציב‬",2026,11,5
1018,"‭(6)'ג180 םינוליסח םע MOIVA תינוטורט גד יציב‬",2026,12,1
1018,"‭(6)'ג180 םינוליסח םע MOIVA תינוטורט גד יציב‬",2026,13,2
1018,"‭(6)'ג180 םינוליסח םע MOIVA תינוטורט גד יציב‬",2026,14,4
1018,"‭(6)'ג180 םינוליסח םע MOIVA תינוטורט גד יציב‬",2026,15,6
1018,"‭(6)'ג180 םינוליסח םע MOIVA תינוטורט גד יציב‬",2026,16,4
1018,"‭(6)'ג180 םינוליסח םע MOIVA תינוטורט גד יציב‬",2026,17,4
1018,"‭(6)'ג180 םינוליסח םע MOIVA תינוטורט גד יציב‬",2026,18,3
1018,"‭(6)'ג180 םינוליסח םע MOIVA תינוטורט גד יציב‬",2026,19,1
1018,"‭(6)'ג180 םינוליסח םע MOIVA תינוטורט גד יציב‬",2026,20,5
1018,"‭(6)'ג180 םינוליסח םע MOIVA תינוטורט גד יציב‬",2026,21,2
1018,"‭(6)'ג180 םינוליסח םע MOIVA תינוטורט גד יציב‬",2026,22,3
1018,"‭(6)'ג180 םינוליסח םע MOIVA תינוטורט גד יציב‬",2026,23,4
1018,"‭(6)'ג180 םינוליסח םע MOIVA תינוטורט גד יציב‬",2026,24,2
1018,"‭(6)'ג180 םינוליסח םע MOIVA תינוטורט גד יציב‬",2026,25,4
1018,"‭(6)'ג180 םינוליסח םע MOIVA תינוטורט גד יציב‬",2026,26,2
1018,"‭(6)'ג180 םינוליסח םע MOIVA תינוטורט גד יציב‬",2026,27,2
1018,"‭(6)'ג180 םינוליסח םע MOIVA תינוטורט גד יציב‬",2026,28,2
1018,"‭(6)'ג180 םינוליסח םע MOIVA תינוטורט גד יציב‬",2026,29,3
1018,"‭(6)'ג180 םינוליסח םע MOIVA תינוטורט גד יציב‬",2026,30,1
1018,"‭(6)'ג180 םינוליסח םע MOIVA תינוטורט גד יציב‬",2026,31,2
1018,"‭(6)'ג180 םינוליסח םע MOIVA תינוטורט גד יציב‬",2026,32,5
1019,"‭(12)'ג130 ןנוצמ חלמומ MINTAY ןונבהז גד יציב‬",2025,34,3
1019,"‭(12)'ג130 ןנוצמ חלמומ MINTAY ןונבהז גד יציב‬",2025,35,4
1019,"‭(12)'ג130 ןנוצמ חלמומ MINTAY ןונבהז גד יציב‬",2025,36,3
1019,"‭(12)'ג130 ןנוצמ חלמומ MINTAY ןונבהז גד יציב‬",2025,37,1
1019,"‭(12)'ג130 ןנוצמ חלמומ MINTAY ןונבהז גד יציב‬",2025,38,7
1019,"‭(12)'ג130 ןנוצמ חלמומ MINTAY ןונבהז גד יציב‬",2025,39,1
1019,"‭(12)'ג130 ןנוצמ חלמומ MINTAY ןונבהז גד יציב‬",2025,40,6
1019,"‭(12)'ג130 ןנוצמ חלמומ MINTAY ןונבהז גד יציב‬",2025,41,3
1019,"‭(12)'ג130 ןנוצמ חלמומ MINTAY ןונבהז גד יציב‬",2025,42,3
1019,"‭(12)'ג130 ןנוצמ חלמומ MINTAY ןונבהז גד יציב‬",2025,43,5
1019,"‭(12)'ג130 ןנוצמ חלמומ MINTAY ןונבהז גד יציב‬",2025,44,4
1019,"‭(12)'ג130 ןנוצמ חלמומ MINTAY ןונבהז גד יציב‬",2025,45,3
1019,"‭(12)'ג130 ןנוצמ חלמומ MINTAY ןונבהז גד יציב‬",2025,46,2
1019,"‭(12)'ג130 ןנוצמ חלמומ MINTAY ןונבהז גד יציב‬",2025,47,3
1019,"‭(12)'ג130 ןנוצמ חלמומ MINTAY ןונבהז גד יציב‬",2025,48,3
1019,"‭(12)'ג130 ןנוצמ חלמומ MINTAY ןונבהז גד יציב‬",2025,49,2
1019,"‭(12)'ג130 ןנוצמ חלמומ MINTAY ןונבהז גד יציב‬",2025,52,9
1019,"‭(12)'ג130 ןנוצמ חלמומ MINTAY ןונבהז גד יציב‬",2025,53,8
1019,"‭(12)'ג130 ןנוצמ חלמומ MINTAY ןונבהז גד יציב‬",2026,2,1
1019,"‭(12)'ג130 ןנוצמ חלמומ MINTAY ןונבהז גד יציב‬",2026,3,2
1019,"‭(12)'ג130 ןנוצמ חלמומ MINTAY ןונבהז גד יציב‬",2026,4,4
1019,"‭(12)'ג130 ןנוצמ חלמומ MINTAY ןונבהז גד יציב‬",2026,5,2
1019,"‭(12)'ג130 ןנוצמ חלמומ MINTAY ןונבהז גד יציב‬",2026,6,2
1019,"‭(12)'ג130 ןנוצמ חלמומ MINTAY ןונבהז גד יציב‬",2026,7,5
1019,"‭(12)'ג130 ןנוצמ חלמומ MINTAY ןונבהז גד יציב‬",2026,9,4
1019,"‭(12)'ג130 ןנוצמ חלמומ MINTAY ןונבהז גד יציב‬",2026,10,3
1019,"‭(12)'ג130 ןנוצמ חלמומ MINTAY ןונבהז גד יציב‬",2026,11,1
1019,"‭(12)'ג130 ןנוצמ חלמומ MINTAY ןונבהז גד יציב‬",2026,12,3
1019,"‭(12)'ג130 ןנוצמ חלמומ MINTAY ןונבהז גד יציב‬",2026,13,3
1019,"‭(12)'ג130 ןנוצמ חלמומ MINTAY ןונבהז גד יציב‬",2026,14,3
1019,"‭(12)'ג130 ןנוצמ חלמומ MINTAY ןונבהז גד יציב‬",2026,16,3
1019,"‭(12)'ג130 ןנוצמ חלמומ MINTAY ןונבהז גד יציב‬",2026,17,5
1019,"‭(12)'ג130 ןנוצמ חלמומ MINTAY ןונבהז גד יציב‬",2026,18,3
1019,"‭(12)'ג130 ןנוצמ חלמומ MINTAY ןונבהז גד יציב‬",2026,19,6
1019,"‭(12)'ג130 ןנוצמ חלמומ MINTAY ןונבהז גד יציב‬",2026,20,2
1019,"‭(12)'ג130 ןנוצמ חלמומ MINTAY ןונבהז גד יציב‬",2026,21,5
1019,"‭(12)'ג130 ןנוצמ חלמומ MINTAY ןונבהז גד יציב‬",2026,22,2
1019,"‭(12)'ג130 ןנוצמ חלמומ MINTAY ןונבהז גד יציב‬",2026,23,3
1019,"‭(12)'ג130 ןנוצמ חלמומ MINTAY ןונבהז גד יציב‬",2026,24,3
1019,"‭(12)'ג130 ןנוצמ חלמומ MINTAY ןונבהז גד יציב‬",2026,25,5
1019,"‭(12)'ג130 ןנוצמ חלמומ MINTAY ןונבהז גד יציב‬",2026,26,5
1019,"‭(12)'ג130 ןנוצמ חלמומ MINTAY ןונבהז גד יציב‬",2026,27,1
1019,"‭(12)'ג130 ןנוצמ חלמומ MINTAY ןונבהז גד יציב‬",2026,28,4
1019,"‭(12)'ג130 ןנוצמ חלמומ MINTAY ןונבהז גד יציב‬",2026,29,7
1019,"‭(12)'ג130 ןנוצמ חלמומ MINTAY ןונבהז גד יציב‬",2026,30,2
1019,"‭(12)'ג130 ןנוצמ חלמומ MINTAY ןונבהז גד יציב‬",2026,31,3
1019,"‭(12)'ג130 ןנוצמ חלמומ MINTAY ןונבהז גד יציב‬",2026,32,3
1020,"‭(12)'ג130 ןנוצמ חלמומ TRESKA טוביש גד יציב‬",2025,34,4
1020,"‭(12)'ג130 ןנוצמ חלמומ TRESKA טוביש גד יציב‬",2025,35,4
1020,"‭(12)'ג130 ןנוצמ חלמומ TRESKA טוביש גד יציב‬",2025,36,1
1020,"‭(12)'ג130 ןנוצמ חלמומ TRESKA טוביש גד יציב‬",2025,38,7
1020,"‭(12)'ג130 ןנוצמ חלמומ TRESKA טוביש גד יציב‬",2025,40,3
1020,"‭(12)'ג130 ןנוצמ חלמומ TRESKA טוביש גד יציב‬",2025,41,4
1020,"‭(12)'ג130 ןנוצמ חלמומ TRESKA טוביש גד יציב‬",2025,42,3
1020,"‭(12)'ג130 ןנוצמ חלמומ TRESKA טוביש גד יציב‬",2025,43,4
1020,"‭(12)'ג130 ןנוצמ חלמומ TRESKA טוביש גד יציב‬",2025,44,2
1020,"‭(12)'ג130 ןנוצמ חלמומ TRESKA טוביש גד יציב‬",2025,45,2
1020,"‭(12)'ג130 ןנוצמ חלמומ TRESKA טוביש גד יציב‬",2025,46,1
1020,"‭(12)'ג130 ןנוצמ חלמומ TRESKA טוביש גד יציב‬",2025,47,3
1020,"‭(12)'ג130 ןנוצמ חלמומ TRESKA טוביש גד יציב‬",2025,48,3
1020,"‭(12)'ג130 ןנוצמ חלמומ TRESKA טוביש גד יציב‬",2025,49,3
1020,"‭(12)'ג130 ןנוצמ חלמומ TRESKA טוביש גד יציב‬",2025,51,4
1020,"‭(12)'ג130 ןנוצמ חלמומ TRESKA טוביש גד יציב‬",2025,52,3
1020,"‭(12)'ג130 ןנוצמ חלמומ TRESKA טוביש גד יציב‬",2025,53,3
1020,"‭(12)'ג130 ןנוצמ חלמומ TRESKA טוביש גד יציב‬",2026,2,1
1020,"‭(12)'ג130 ןנוצמ חלמומ TRESKA טוביש גד יציב‬",2026,3,2
1020,"‭(12)'ג130 ןנוצמ חלמומ TRESKA טוביש גד יציב‬",2026,4,3.17
1020,"‭(12)'ג130 ןנוצמ חלמומ TRESKA טוביש גד יציב‬",2026,5,2
1020,"‭(12)'ג130 ןנוצמ חלמומ TRESKA טוביש גד יציב‬",2026,6,2
1020,"‭(12)'ג130 ןנוצמ חלמומ TRESKA טוביש גד יציב‬",2026,7,4
1020,"‭(12)'ג130 ןנוצמ חלמומ TRESKA טוביש גד יציב‬",2026,9,3
1020,"‭(12)'ג130 ןנוצמ חלמומ TRESKA טוביש גד יציב‬",2026,10,2
1020,"‭(12)'ג130 ןנוצמ חלמומ TRESKA טוביש גד יציב‬",2026,11,4
1020,"‭(12)'ג130 ןנוצמ חלמומ TRESKA טוביש גד יציב‬",2026,12,1
1020,"‭(12)'ג130 ןנוצמ חלמומ TRESKA טוביש גד יציב‬",2026,13,3
1020,"‭(12)'ג130 ןנוצמ חלמומ TRESKA טוביש גד יציב‬",2026,14,4
1020,"‭(12)'ג130 ןנוצמ חלמומ TRESKA טוביש גד יציב‬",2026,15,2.83
1020,"‭(12)'ג130 ןנוצמ חלמומ TRESKA טוביש גד יציב‬",2026,17,3
1020,"‭(12)'ג130 ןנוצמ חלמומ TRESKA טוביש גד יציב‬",2026,18,2
1020,"‭(12)'ג130 ןנוצמ חלמומ TRESKA טוביש גד יציב‬",2026,19,4
1020,"‭(12)'ג130 ןנוצמ חלמומ TRESKA טוביש גד יציב‬",2026,20,2
1020,"‭(12)'ג130 ןנוצמ חלמומ TRESKA טוביש גד יציב‬",2026,21,1
1020,"‭(12)'ג130 ןנוצמ חלמומ TRESKA טוביש גד יציב‬",2026,22,2.08
1020,"‭(12)'ג130 ןנוצמ חלמומ TRESKA טוביש גד יציב‬",2026,23,2
1020,"‭(12)'ג130 ןנוצמ חלמומ TRESKA טוביש גד יציב‬",2026,24,2.92
1020,"‭(12)'ג130 ןנוצמ חלמומ TRESKA טוביש גד יציב‬",2026,25,2
1020,"‭(12)'ג130 ןנוצמ חלמומ TRESKA טוביש גד יציב‬",2026,26,4
1020,"‭(12)'ג130 ןנוצמ חלמומ TRESKA טוביש גד יציב‬",2026,27,1
1020,"‭(12)'ג130 ןנוצמ חלמומ TRESKA טוביש גד יציב‬",2026,28,3
1020,"‭(12)'ג130 ןנוצמ חלמומ TRESKA טוביש גד יציב‬",2026,29,3
1020,"‭(12)'ג130 ןנוצמ חלמומ TRESKA טוביש גד יציב‬",2026,30,2
1020,"‭(12)'ג130 ןנוצמ חלמומ TRESKA טוביש גד יציב‬",2026,31,1
1020,"‭(12)'ג130 ןנוצמ חלמומ TRESKA טוביש גד יציב‬",2026,32,4
1024,"‭(10)'ג150 תוירטפ םע תוצמחומ םי תוצא‬",2026,26,1
1024,"‭(10)'ג150 תוירטפ םע תוצמחומ םי תוצא‬",2026,28,1
1024,"‭(10)'ג150 תוירטפ םע תוצמחומ םי תוצא‬",2026,29,2
1025,"‭(10)'ג150 םיליצח םע תוצמחומ םי תוצא‬",2026,25,1
1025,"‭(10)'ג150 םיליצח םע תוצמחומ םי תוצא‬",2026,26,1
1025,"‭(10)'ג150 םיליצח םע תוצמחומ םי תוצא‬",2026,27,1
1025,"‭(10)'ג150 םיליצח םע תוצמחומ םי תוצא‬",2026,29,1
1026,"‭(10)'ג150 רזג םע תוצמחומ םי תוצא‬",2026,23,1
1030,"‭(10)'ג100 אופק סורפ ןשועמ ןומלס גד הליפ‬",2025,33,4
1030,"‭(10)'ג100 אופק סורפ ןשועמ ןומלס גד הליפ‬",2025,34,11
1030,"‭(10)'ג100 אופק סורפ ןשועמ ןומלס גד הליפ‬",2025,35,18
1030,"‭(10)'ג100 אופק סורפ ןשועמ ןומלס גד הליפ‬",2025,36,12
1030,"‭(10)'ג100 אופק סורפ ןשועמ ןומלס גד הליפ‬",2025,37,11
1030,"‭(10)'ג100 אופק סורפ ןשועמ ןומלס גד הליפ‬",2025,38,23
1030,"‭(10)'ג100 אופק סורפ ןשועמ ןומלס גד הליפ‬",2025,39,8
1030,"‭(10)'ג100 אופק סורפ ןשועמ ןומלס גד הליפ‬",2025,40,14
1030,"‭(10)'ג100 אופק סורפ ןשועמ ןומלס גד הליפ‬",2025,41,9
1030,"‭(10)'ג100 אופק סורפ ןשועמ ןומלס גד הליפ‬",2025,42,24
1030,"‭(10)'ג100 אופק סורפ ןשועמ ןומלס גד הליפ‬",2025,43,19
1030,"‭(10)'ג100 אופק סורפ ןשועמ ןומלס גד הליפ‬",2025,44,7
1030,"‭(10)'ג100 אופק סורפ ןשועמ ןומלס גד הליפ‬",2026,3,9
1030,"‭(10)'ג100 אופק סורפ ןשועמ ןומלס גד הליפ‬",2026,4,15
1030,"‭(10)'ג100 אופק סורפ ןשועמ ןומלס גד הליפ‬",2026,5,14
1030,"‭(10)'ג100 אופק סורפ ןשועמ ןומלס גד הליפ‬",2026,6,5
1030,"‭(10)'ג100 אופק סורפ ןשועמ ןומלס גד הליפ‬",2026,7,20
1030,"‭(10)'ג100 אופק סורפ ןשועמ ןומלס גד הליפ‬",2026,8,28
1030,"‭(10)'ג100 אופק סורפ ןשועמ ןומלס גד הליפ‬",2026,9,13
1030,"‭(10)'ג100 אופק סורפ ןשועמ ןומלס גד הליפ‬",2026,10,15
1030,"‭(10)'ג100 אופק סורפ ןשועמ ןומלס גד הליפ‬",2026,11,24
1030,"‭(10)'ג100 אופק סורפ ןשועמ ןומלס גד הליפ‬",2026,12,19
1030,"‭(10)'ג100 אופק סורפ ןשועמ ןומלס גד הליפ‬",2026,13,23
1030,"‭(10)'ג100 אופק סורפ ןשועמ ןומלס גד הליפ‬",2026,14,13
1030,"‭(10)'ג100 אופק סורפ ןשועמ ןומלס גד הליפ‬",2026,15,2
1031,"‭(10)'ג100 אופק סורפ חולמ ןומלס גד הליפ‬",2025,33,3
1031,"‭(10)'ג100 אופק סורפ חולמ ןומלס גד הליפ‬",2025,34,2
1031,"‭(10)'ג100 אופק סורפ חולמ ןומלס גד הליפ‬",2025,35,2
1031,"‭(10)'ג100 אופק סורפ חולמ ןומלס גד הליפ‬",2025,36,1
1031,"‭(10)'ג100 אופק סורפ חולמ ןומלס גד הליפ‬",2025,37,7
1031,"‭(10)'ג100 אופק סורפ חולמ ןומלס גד הליפ‬",2025,38,5
1031,"‭(10)'ג100 אופק סורפ חולמ ןומלס גד הליפ‬",2025,40,1
1031,"‭(10)'ג100 אופק סורפ חולמ ןומלס גד הליפ‬",2025,41,1
1031,"‭(10)'ג100 אופק סורפ חולמ ןומלס גד הליפ‬",2025,42,7
1031,"‭(10)'ג100 אופק סורפ חולמ ןומלס גד הליפ‬",2025,43,3
1031,"‭(10)'ג100 אופק סורפ חולמ ןומלס גד הליפ‬",2025,44,1
1031,"‭(10)'ג100 אופק סורפ חולמ ןומלס גד הליפ‬",2025,45,6
1031,"‭(10)'ג100 אופק סורפ חולמ ןומלס גד הליפ‬",2025,46,3
1031,"‭(10)'ג100 אופק סורפ חולמ ןומלס גד הליפ‬",2025,47,10
1031,"‭(10)'ג100 אופק סורפ חולמ ןומלס גד הליפ‬",2025,48,23
1031,"‭(10)'ג100 אופק סורפ חולמ ןומלס גד הליפ‬",2026,3,6
1031,"‭(10)'ג100 אופק סורפ חולמ ןומלס גד הליפ‬",2026,4,3
1031,"‭(10)'ג100 אופק סורפ חולמ ןומלס גד הליפ‬",2026,5,3
1031,"‭(10)'ג100 אופק סורפ חולמ ןומלס גד הליפ‬",2026,6,2
1031,"‭(10)'ג100 אופק סורפ חולמ ןומלס גד הליפ‬",2026,7,3
1031,"‭(10)'ג100 אופק סורפ חולמ ןומלס גד הליפ‬",2026,8,4
1031,"‭(10)'ג100 אופק סורפ חולמ ןומלס גד הליפ‬",2026,9,4
1031,"‭(10)'ג100 אופק סורפ חולמ ןומלס גד הליפ‬",2026,10,8
1031,"‭(10)'ג100 אופק סורפ חולמ ןומלס גד הליפ‬",2026,11,8
1031,"‭(10)'ג100 אופק סורפ חולמ ןומלס גד הליפ‬",2026,12,2
1031,"‭(10)'ג100 אופק סורפ חולמ ןומלס גד הליפ‬",2026,13,4
1031,"‭(10)'ג100 אופק סורפ חולמ ןומלס גד הליפ‬",2026,14,3
1031,"‭(10)'ג100 אופק סורפ חולמ ןומלס גד הליפ‬",2026,15,7
1031,"‭(10)'ג100 אופק סורפ חולמ ןומלס גד הליפ‬",2026,16,12
1031,"‭(10)'ג100 אופק סורפ חולמ ןומלס גד הליפ‬",2026,17,1
1031,"‭(10)'ג100 אופק סורפ חולמ ןומלס גד הליפ‬",2026,26,5
1032,"‭(10)'ג100 אופק סורפ ןשועמ לרופ גד הליפ‬",2025,34,3
1032,"‭(10)'ג100 אופק סורפ ןשועמ לרופ גד הליפ‬",2025,35,4
1032,"‭(10)'ג100 אופק סורפ ןשועמ לרופ גד הליפ‬",2025,36,3
1032,"‭(10)'ג100 אופק סורפ ןשועמ לרופ גד הליפ‬",2025,37,2
1032,"‭(10)'ג100 אופק סורפ ןשועמ לרופ גד הליפ‬",2025,38,6
1032,"‭(10)'ג100 אופק סורפ ןשועמ לרופ גד הליפ‬",2025,40,2
1032,"‭(10)'ג100 אופק סורפ ןשועמ לרופ גד הליפ‬",2025,41,2
1032,"‭(10)'ג100 אופק סורפ ןשועמ לרופ גד הליפ‬",2025,42,5
1032,"‭(10)'ג100 אופק סורפ ןשועמ לרופ גד הליפ‬",2025,43,4
1032,"‭(10)'ג100 אופק סורפ ןשועמ לרופ גד הליפ‬",2025,44,1
1032,"‭(10)'ג100 אופק סורפ ןשועמ לרופ גד הליפ‬",2025,45,8
1032,"‭(10)'ג100 אופק סורפ ןשועמ לרופ גד הליפ‬",2025,46,4
1032,"‭(10)'ג100 אופק סורפ ןשועמ לרופ גד הליפ‬",2026,25,4
1032,"‭(10)'ג100 אופק סורפ ןשועמ לרופ גד הליפ‬",2026,26,4
1032,"‭(10)'ג100 אופק סורפ ןשועמ לרופ גד הליפ‬",2026,27,4
1032,"‭(10)'ג100 אופק סורפ ןשועמ לרופ גד הליפ‬",2026,28,1
1032,"‭(10)'ג100 אופק סורפ ןשועמ לרופ גד הליפ‬",2026,29,1
1033,"‭(10)'ג100 אופק סורפ חולמ לרופ גד הליפ‬",2025,34,1
1033,"‭(10)'ג100 אופק סורפ חולמ לרופ גד הליפ‬",2025,35,1
1033,"‭(10)'ג100 אופק סורפ חולמ לרופ גד הליפ‬",2025,36,1
1033,"‭(10)'ג100 אופק סורפ חולמ לרופ גד הליפ‬",2025,38,2
1033,"‭(10)'ג100 אופק סורפ חולמ לרופ גד הליפ‬",2025,42,1
1033,"‭(10)'ג100 אופק סורפ חולמ לרופ גד הליפ‬",2025,43,1
1033,"‭(10)'ג100 אופק סורפ חולמ לרופ גד הליפ‬",2025,45,1
1033,"‭(10)'ג100 אופק סורפ חולמ לרופ גד הליפ‬",2025,46,1
1033,"‭(10)'ג100 אופק סורפ חולמ לרופ גד הליפ‬",2025,47,2
1033,"‭(10)'ג100 אופק סורפ חולמ לרופ גד הליפ‬",2025,48,7
1033,"‭(10)'ג100 אופק סורפ חולמ לרופ גד הליפ‬",2025,49,14
1033,"‭(10)'ג100 אופק סורפ חולמ לרופ גד הליפ‬",2025,50,6
1033,"‭(10)'ג100 אופק סורפ חולמ לרופ גד הליפ‬",2025,51,2
1033,"‭(10)'ג100 אופק סורפ חולמ לרופ גד הליפ‬",2025,52,6
1033,"‭(10)'ג100 אופק סורפ חולמ לרופ גד הליפ‬",2025,53,2
1033,"‭(10)'ג100 אופק סורפ חולמ לרופ גד הליפ‬",2026,2,9
1033,"‭(10)'ג100 אופק סורפ חולמ לרופ גד הליפ‬",2026,3,6
1033,"‭(10)'ג100 אופק סורפ חולמ לרופ גד הליפ‬",2026,4,5
1033,"‭(10)'ג100 אופק סורפ חולמ לרופ גד הליפ‬",2026,26,2
1033,"‭(10)'ג100 אופק סורפ חולמ לרופ גד הליפ‬",2026,29,1
1033,"‭(10)'ג100 אופק סורפ חולמ לרופ גד הליפ‬",2026,32,1
1034,"‭(6)'ג200 אופק ןשועמ ןומלס גד הליפ‬",2025,33,1
1034,"‭(6)'ג200 אופק ןשועמ ןומלס גד הליפ‬",2025,34,1
1034,"‭(6)'ג200 אופק ןשועמ ןומלס גד הליפ‬",2025,35,3
1034,"‭(6)'ג200 אופק ןשועמ ןומלס גד הליפ‬",2025,37,1
1034,"‭(6)'ג200 אופק ןשועמ ןומלס גד הליפ‬",2025,38,5
1034,"‭(6)'ג200 אופק ןשועמ ןומלס גד הליפ‬",2025,40,1
1034,"‭(6)'ג200 אופק ןשועמ ןומלס גד הליפ‬",2026,3,2
1034,"‭(6)'ג200 אופק ןשועמ ןומלס גד הליפ‬",2026,4,9
1034,"‭(6)'ג200 אופק ןשועמ ןומלס גד הליפ‬",2026,5,1
1034,"‭(6)'ג200 אופק ןשועמ ןומלס גד הליפ‬",2026,8,3
1034,"‭(6)'ג200 אופק ןשועמ ןומלס גד הליפ‬",2026,9,2
1034,"‭(6)'ג200 אופק ןשועמ ןומלס גד הליפ‬",2026,11,4
1034,"‭(6)'ג200 אופק ןשועמ ןומלס גד הליפ‬",2026,12,3
1034,"‭(6)'ג200 אופק ןשועמ ןומלס גד הליפ‬",2026,13,3
1034,"‭(6)'ג200 אופק ןשועמ ןומלס גד הליפ‬",2026,14,1
1034,"‭(6)'ג200 אופק ןשועמ ןומלס גד הליפ‬",2026,15,2
1034,"‭(6)'ג200 אופק ןשועמ ןומלס גד הליפ‬",2026,16,3
1034,"‭(6)'ג200 אופק ןשועמ ןומלס גד הליפ‬",2026,17,4
1034,"‭(6)'ג200 אופק ןשועמ ןומלס גד הליפ‬",2026,18,2
1034,"‭(6)'ג200 אופק ןשועמ ןומלס גד הליפ‬",2026,19,1
1034,"‭(6)'ג200 אופק ןשועמ ןומלס גד הליפ‬",2026,20,5
1035,"‭(6)'ג200 אופק חולמ ןומלס גד הליפ‬",2025,33,1
1035,"‭(6)'ג200 אופק חולמ ןומלס גד הליפ‬",2025,34,2
1035,"‭(6)'ג200 אופק חולמ ןומלס גד הליפ‬",2025,35,1
1035,"‭(6)'ג200 אופק חולמ ןומלס גד הליפ‬",2025,37,1.33
1035,"‭(6)'ג200 אופק חולמ ןומלס גד הליפ‬",2025,38,1
1035,"‭(6)'ג200 אופק חולמ ןומלס גד הליפ‬",2025,41,2.17
1035,"‭(6)'ג200 אופק חולמ ןומלס גד הליפ‬",2025,42,1
1035,"‭(6)'ג200 אופק חולמ ןומלס גד הליפ‬",2025,43,5.5
1035,"‭(6)'ג200 אופק חולמ ןומלס גד הליפ‬",2025,45,3
1035,"‭(6)'ג200 אופק חולמ ןומלס גד הליפ‬",2025,48,7
1035,"‭(6)'ג200 אופק חולמ ןומלס גד הליפ‬",2026,3,1
1035,"‭(6)'ג200 אופק חולמ ןומלס גד הליפ‬",2026,4,3
1035,"‭(6)'ג200 אופק חולמ ןומלס גד הליפ‬",2026,8,1
1035,"‭(6)'ג200 אופק חולמ ןומלס גד הליפ‬",2026,9,1
1035,"‭(6)'ג200 אופק חולמ ןומלס גד הליפ‬",2026,11,2
1035,"‭(6)'ג200 אופק חולמ ןומלס גד הליפ‬",2026,12,2
1035,"‭(6)'ג200 אופק חולמ ןומלס גד הליפ‬",2026,13,1
1035,"‭(6)'ג200 אופק חולמ ןומלס גד הליפ‬",2026,15,1
1035,"‭(6)'ג200 אופק חולמ ןומלס גד הליפ‬",2026,16,2
1035,"‭(6)'ג200 אופק חולמ ןומלס גד הליפ‬",2026,17,2
1035,"‭(6)'ג200 אופק חולמ ןומלס גד הליפ‬",2026,18,2
1035,"‭(6)'ג200 אופק חולמ ןומלס גד הליפ‬",2026,19,1
1035,"‭(6)'ג200 אופק חולמ ןומלס גד הליפ‬",2026,20,1
1036,"‭(6)'ג200 אופק ןשועמ לרופ גד הליפ‬",2025,33,2
1036,"‭(6)'ג200 אופק ןשועמ לרופ גד הליפ‬",2025,34,1
1036,"‭(6)'ג200 אופק ןשועמ לרופ גד הליפ‬",2025,35,2
1036,"‭(6)'ג200 אופק ןשועמ לרופ גד הליפ‬",2025,36,1
1036,"‭(6)'ג200 אופק ןשועמ לרופ גד הליפ‬",2025,38,3
1036,"‭(6)'ג200 אופק ןשועמ לרופ גד הליפ‬",2025,41,1
1036,"‭(6)'ג200 אופק ןשועמ לרופ גד הליפ‬",2025,42,1
1036,"‭(6)'ג200 אופק ןשועמ לרופ גד הליפ‬",2026,4,3
1036,"‭(6)'ג200 אופק ןשועמ לרופ גד הליפ‬",2026,5,1
1036,"‭(6)'ג200 אופק ןשועמ לרופ גד הליפ‬",2026,7,1
1036,"‭(6)'ג200 אופק ןשועמ לרופ גד הליפ‬",2026,8,2
1036,"‭(6)'ג200 אופק ןשועמ לרופ גד הליפ‬",2026,9,4
1036,"‭(6)'ג200 אופק ןשועמ לרופ גד הליפ‬",2026,11,2
1036,"‭(6)'ג200 אופק ןשועמ לרופ גד הליפ‬",2026,12,4
1036,"‭(6)'ג200 אופק ןשועמ לרופ גד הליפ‬",2026,13,2
1036,"‭(6)'ג200 אופק ןשועמ לרופ גד הליפ‬",2026,14,1
1036,"‭(6)'ג200 אופק ןשועמ לרופ גד הליפ‬",2026,15,1
1036,"‭(6)'ג200 אופק ןשועמ לרופ גד הליפ‬",2026,16,2
1036,"‭(6)'ג200 אופק ןשועמ לרופ גד הליפ‬",2026,17,2
1036,"‭(6)'ג200 אופק ןשועמ לרופ גד הליפ‬",2026,18,2
1036,"‭(6)'ג200 אופק ןשועמ לרופ גד הליפ‬",2026,19,2
1036,"‭(6)'ג200 אופק ןשועמ לרופ גד הליפ‬",2026,20,1
1036,"‭(6)'ג200 אופק ןשועמ לרופ גד הליפ‬",2026,26,1
1036,"‭(6)'ג200 אופק ןשועמ לרופ גד הליפ‬",2026,27,1
1036,"‭(6)'ג200 אופק ןשועמ לרופ גד הליפ‬",2026,29,1
1037,"‭(6)'ג200 אופק חולמ לרופ גד הליפ‬",2026,27,1
1037,"‭(6)'ג200 אופק חולמ לרופ גד הליפ‬",2026,29,1
1045,"‭(30)'ג200 אופק ןטרס   ימירוס תולקמ‬",2025,33,1
1045,"‭(30)'ג200 אופק ןטרס   ימירוס תולקמ‬",2025,34,1
1045,"‭(30)'ג200 אופק ןטרס   ימירוס תולקמ‬",2025,35,3
1045,"‭(30)'ג200 אופק ןטרס   ימירוס תולקמ‬",2025,36,2
1045,"‭(30)'ג200 אופק ןטרס   ימירוס תולקמ‬",2025,37,3
1045,"‭(30)'ג200 אופק ןטרס   ימירוס תולקמ‬",2025,38,6
1045,"‭(30)'ג200 אופק ןטרס   ימירוס תולקמ‬",2025,39,2
1045,"‭(30)'ג200 אופק ןטרס   ימירוס תולקמ‬",2025,40,4
1045,"‭(30)'ג200 אופק ןטרס   ימירוס תולקמ‬",2025,41,1
1045,"‭(30)'ג200 אופק ןטרס   ימירוס תולקמ‬",2025,42,2
1045,"‭(30)'ג200 אופק ןטרס   ימירוס תולקמ‬",2025,43,3
1045,"‭(30)'ג200 אופק ןטרס   ימירוס תולקמ‬",2025,44,2
1045,"‭(30)'ג200 אופק ןטרס   ימירוס תולקמ‬",2025,45,2
1045,"‭(30)'ג200 אופק ןטרס   ימירוס תולקמ‬",2025,46,2
1045,"‭(30)'ג200 אופק ןטרס   ימירוס תולקמ‬",2025,47,4
1045,"‭(30)'ג200 אופק ןטרס   ימירוס תולקמ‬",2025,48,2
1045,"‭(30)'ג200 אופק ןטרס   ימירוס תולקמ‬",2025,49,3
1045,"‭(30)'ג200 אופק ןטרס   ימירוס תולקמ‬",2025,50,3
1045,"‭(30)'ג200 אופק ןטרס   ימירוס תולקמ‬",2025,51,9
1045,"‭(30)'ג200 אופק ןטרס   ימירוס תולקמ‬",2025,53,11
1045,"‭(30)'ג200 אופק ןטרס   ימירוס תולקמ‬",2026,2,4
1045,"‭(30)'ג200 אופק ןטרס   ימירוס תולקמ‬",2026,3,2
1045,"‭(30)'ג200 אופק ןטרס   ימירוס תולקמ‬",2026,4,4
1045,"‭(30)'ג200 אופק ןטרס   ימירוס תולקמ‬",2026,5,1
1045,"‭(30)'ג200 אופק ןטרס   ימירוס תולקמ‬",2026,7,3
1045,"‭(30)'ג200 אופק ןטרס   ימירוס תולקמ‬",2026,8,2
1045,"‭(30)'ג200 אופק ןטרס   ימירוס תולקמ‬",2026,9,1
1045,"‭(30)'ג200 אופק ןטרס   ימירוס תולקמ‬",2026,10,3
1045,"‭(30)'ג200 אופק ןטרס   ימירוס תולקמ‬",2026,11,2
1045,"‭(30)'ג200 אופק ןטרס   ימירוס תולקמ‬",2026,12,2
1045,"‭(30)'ג200 אופק ןטרס   ימירוס תולקמ‬",2026,13,3
1045,"‭(30)'ג200 אופק ןטרס   ימירוס תולקמ‬",2026,14,3
1045,"‭(30)'ג200 אופק ןטרס   ימירוס תולקמ‬",2026,15,3
1045,"‭(30)'ג200 אופק ןטרס   ימירוס תולקמ‬",2026,16,1
1045,"‭(30)'ג200 אופק ןטרס   ימירוס תולקמ‬",2026,17,2
1045,"‭(30)'ג200 אופק ןטרס   ימירוס תולקמ‬",2026,18,4
1045,"‭(30)'ג200 אופק ןטרס   ימירוס תולקמ‬",2026,19,2
1045,"‭(30)'ג200 אופק ןטרס   ימירוס תולקמ‬",2026,21,2
1045,"‭(30)'ג200 אופק ןטרס   ימירוס תולקמ‬",2026,22,0.1
1045,"‭(30)'ג200 אופק ןטרס   ימירוס תולקמ‬",2026,23,5.9
1045,"‭(30)'ג200 אופק ןטרס   ימירוס תולקמ‬",2026,25,5
1045,"‭(30)'ג200 אופק ןטרס   ימירוס תולקמ‬",2026,26,4
1045,"‭(30)'ג200 אופק ןטרס   ימירוס תולקמ‬",2026,27,1
1045,"‭(30)'ג200 אופק ןטרס   ימירוס תולקמ‬",2026,28,1
1045,"‭(30)'ג200 אופק ןטרס   ימירוס תולקמ‬",2026,29,5
1045,"‭(30)'ג200 אופק ןטרס   ימירוס תולקמ‬",2026,30,2
1045,"‭(30)'ג200 אופק ןטרס   ימירוס תולקמ‬",2026,31,3
1045,"‭(30)'ג200 אופק ןטרס   ימירוס תולקמ‬",2026,32,4
1046,"‭(30)'ג200 אופק ןטרס   ימירוס יחתנ‬",2025,34,1
1046,"‭(30)'ג200 אופק ןטרס   ימירוס יחתנ‬",2025,35,2
1046,"‭(30)'ג200 אופק ןטרס   ימירוס יחתנ‬",2025,36,3
1046,"‭(30)'ג200 אופק ןטרס   ימירוס יחתנ‬",2025,37,3
1046,"‭(30)'ג200 אופק ןטרס   ימירוס יחתנ‬",2025,38,2
1046,"‭(30)'ג200 אופק ןטרס   ימירוס יחתנ‬",2025,39,1
1046,"‭(30)'ג200 אופק ןטרס   ימירוס יחתנ‬",2025,40,2.1
1046,"‭(30)'ג200 אופק ןטרס   ימירוס יחתנ‬",2025,41,0.93
1046,"‭(30)'ג200 אופק ןטרס   ימירוס יחתנ‬",2025,43,2.97
1046,"‭(30)'ג200 אופק ןטרס   ימירוס יחתנ‬",2025,44,1
1046,"‭(30)'ג200 אופק ןטרס   ימירוס יחתנ‬",2025,46,2
1046,"‭(30)'ג200 אופק ןטרס   ימירוס יחתנ‬",2025,47,2
1046,"‭(30)'ג200 אופק ןטרס   ימירוס יחתנ‬",2025,49,3
1046,"‭(30)'ג200 אופק ןטרס   ימירוס יחתנ‬",2025,50,2
1046,"‭(30)'ג200 אופק ןטרס   ימירוס יחתנ‬",2025,51,8
1046,"‭(30)'ג200 אופק ןטרס   ימירוס יחתנ‬",2025,53,2
1046,"‭(30)'ג200 אופק ןטרס   ימירוס יחתנ‬",2026,2,3.07
1046,"‭(30)'ג200 אופק ןטרס   ימירוס יחתנ‬",2026,3,1.93
1046,"‭(30)'ג200 אופק ןטרס   ימירוס יחתנ‬",2026,4,2
1046,"‭(30)'ג200 אופק ןטרס   ימירוס יחתנ‬",2026,5,1
1046,"‭(30)'ג200 אופק ןטרס   ימירוס יחתנ‬",2026,6,1
1046,"‭(30)'ג200 אופק ןטרס   ימירוס יחתנ‬",2026,7,1
1046,"‭(30)'ג200 אופק ןטרס   ימירוס יחתנ‬",2026,8,1
1046,"‭(30)'ג200 אופק ןטרס   ימירוס יחתנ‬",2026,9,2
1046,"‭(30)'ג200 אופק ןטרס   ימירוס יחתנ‬",2026,10,2
1046,"‭(30)'ג200 אופק ןטרס   ימירוס יחתנ‬",2026,11,1
1046,"‭(30)'ג200 אופק ןטרס   ימירוס יחתנ‬",2026,12,1
1046,"‭(30)'ג200 אופק ןטרס   ימירוס יחתנ‬",2026,13,3
1046,"‭(30)'ג200 אופק ןטרס   ימירוס יחתנ‬",2026,15,3
1046,"‭(30)'ג200 אופק ןטרס   ימירוס יחתנ‬",2026,17,2
1046,"‭(30)'ג200 אופק ןטרס   ימירוס יחתנ‬",2026,18,2
1046,"‭(30)'ג200 אופק ןטרס   ימירוס יחתנ‬",2026,19,1
1046,"‭(30)'ג200 אופק ןטרס   ימירוס יחתנ‬",2026,21,1
1046,"‭(30)'ג200 אופק ןטרס   ימירוס יחתנ‬",2026,22,2
1046,"‭(30)'ג200 אופק ןטרס   ימירוס יחתנ‬",2026,23,5
1046,"‭(30)'ג200 אופק ןטרס   ימירוס יחתנ‬",2026,25,2
1046,"‭(30)'ג200 אופק ןטרס   ימירוס יחתנ‬",2026,27,2
1046,"‭(30)'ג200 אופק ןטרס   ימירוס יחתנ‬",2026,29,5
1046,"‭(30)'ג200 אופק ןטרס   ימירוס יחתנ‬",2026,31,3
1046,"‭(30)'ג200 אופק ןטרס   ימירוס יחתנ‬",2026,32,2
1047,"‭(6)'ג400 ןמשב חולמ לבותמ גנירה גד הליפ תוכיתח‬",2025,33,1
1047,"‭(6)'ג400 ןמשב חולמ לבותמ גנירה גד הליפ תוכיתח‬",2025,34,2
1047,"‭(6)'ג400 ןמשב חולמ לבותמ גנירה גד הליפ תוכיתח‬",2025,35,1
1047,"‭(6)'ג400 ןמשב חולמ לבותמ גנירה גד הליפ תוכיתח‬",2025,36,6
1047,"‭(6)'ג400 ןמשב חולמ לבותמ גנירה גד הליפ תוכיתח‬",2025,37,3
1047,"‭(6)'ג400 ןמשב חולמ לבותמ גנירה גד הליפ תוכיתח‬",2025,38,3.33
1047,"‭(6)'ג400 ןמשב חולמ לבותמ גנירה גד הליפ תוכיתח‬",2025,39,1
1047,"‭(6)'ג400 ןמשב חולמ לבותמ גנירה גד הליפ תוכיתח‬",2025,40,2
1047,"‭(6)'ג400 ןמשב חולמ לבותמ גנירה גד הליפ תוכיתח‬",2025,41,3
1047,"‭(6)'ג400 ןמשב חולמ לבותמ גנירה גד הליפ תוכיתח‬",2025,42,1
1047,"‭(6)'ג400 ןמשב חולמ לבותמ גנירה גד הליפ תוכיתח‬",2025,43,2.83
1047,"‭(6)'ג400 ןמשב חולמ לבותמ גנירה גד הליפ תוכיתח‬",2025,44,1
1047,"‭(6)'ג400 ןמשב חולמ לבותמ גנירה גד הליפ תוכיתח‬",2025,45,2
1047,"‭(6)'ג400 ןמשב חולמ לבותמ גנירה גד הליפ תוכיתח‬",2025,46,2
1047,"‭(6)'ג400 ןמשב חולמ לבותמ גנירה גד הליפ תוכיתח‬",2025,47,4
1047,"‭(6)'ג400 ןמשב חולמ לבותמ גנירה גד הליפ תוכיתח‬",2025,48,2
1047,"‭(6)'ג400 ןמשב חולמ לבותמ גנירה גד הליפ תוכיתח‬",2025,49,1
1047,"‭(6)'ג400 ןמשב חולמ לבותמ גנירה גד הליפ תוכיתח‬",2025,50,8
1047,"‭(6)'ג400 ןמשב חולמ לבותמ גנירה גד הליפ תוכיתח‬",2025,51,1
1047,"‭(6)'ג400 ןמשב חולמ לבותמ גנירה גד הליפ תוכיתח‬",2025,53,2
1047,"‭(6)'ג400 ןמשב חולמ לבותמ גנירה גד הליפ תוכיתח‬",2026,2,5
1047,"‭(6)'ג400 ןמשב חולמ לבותמ גנירה גד הליפ תוכיתח‬",2026,3,2
1047,"‭(6)'ג400 ןמשב חולמ לבותמ גנירה גד הליפ תוכיתח‬",2026,4,2
1047,"‭(6)'ג400 ןמשב חולמ לבותמ גנירה גד הליפ תוכיתח‬",2026,5,3
1047,"‭(6)'ג400 ןמשב חולמ לבותמ גנירה גד הליפ תוכיתח‬",2026,6,1
1047,"‭(6)'ג400 ןמשב חולמ לבותמ גנירה גד הליפ תוכיתח‬",2026,8,2
1047,"‭(6)'ג400 ןמשב חולמ לבותמ גנירה גד הליפ תוכיתח‬",2026,9,1
1047,"‭(6)'ג400 ןמשב חולמ לבותמ גנירה גד הליפ תוכיתח‬",2026,10,1
1047,"‭(6)'ג400 ןמשב חולמ לבותמ גנירה גד הליפ תוכיתח‬",2026,11,3
1047,"‭(6)'ג400 ןמשב חולמ לבותמ גנירה גד הליפ תוכיתח‬",2026,13,1
1047,"‭(6)'ג400 ןמשב חולמ לבותמ גנירה גד הליפ תוכיתח‬",2026,14,3
1047,"‭(6)'ג400 ןמשב חולמ לבותמ גנירה גד הליפ תוכיתח‬",2026,16,3
1047,"‭(6)'ג400 ןמשב חולמ לבותמ גנירה גד הליפ תוכיתח‬",2026,17,2
1047,"‭(6)'ג400 ןמשב חולמ לבותמ גנירה גד הליפ תוכיתח‬",2026,18,5
1047,"‭(6)'ג400 ןמשב חולמ לבותמ גנירה גד הליפ תוכיתח‬",2026,19,3
1047,"‭(6)'ג400 ןמשב חולמ לבותמ גנירה גד הליפ תוכיתח‬",2026,20,2
1047,"‭(6)'ג400 ןמשב חולמ לבותמ גנירה גד הליפ תוכיתח‬",2026,21,2
1047,"‭(6)'ג400 ןמשב חולמ לבותמ גנירה גד הליפ תוכיתח‬",2026,22,3
1047,"‭(6)'ג400 ןמשב חולמ לבותמ גנירה גד הליפ תוכיתח‬",2026,23,2
1047,"‭(6)'ג400 ןמשב חולמ לבותמ גנירה גד הליפ תוכיתח‬",2026,24,3
1047,"‭(6)'ג400 ןמשב חולמ לבותמ גנירה גד הליפ תוכיתח‬",2026,25,3
1047,"‭(6)'ג400 ןמשב חולמ לבותמ גנירה גד הליפ תוכיתח‬",2026,27,3
1047,"‭(6)'ג400 ןמשב חולמ לבותמ גנירה גד הליפ תוכיתח‬",2026,28,4
1047,"‭(6)'ג400 ןמשב חולמ לבותמ גנירה גד הליפ תוכיתח‬",2026,29,2
1047,"‭(6)'ג400 ןמשב חולמ לבותמ גנירה גד הליפ תוכיתח‬",2026,30,2
1047,"‭(6)'ג400 ןמשב חולמ לבותמ גנירה גד הליפ תוכיתח‬",2026,32,4
1048,"‭(6)'ג400 ןמשב חולמ יבנידנקס גנירה גד הליפ תוכיתח‬",2025,34,2
1048,"‭(6)'ג400 ןמשב חולמ יבנידנקס גנירה גד הליפ תוכיתח‬",2025,35,2
1048,"‭(6)'ג400 ןמשב חולמ יבנידנקס גנירה גד הליפ תוכיתח‬",2025,36,7
1048,"‭(6)'ג400 ןמשב חולמ יבנידנקס גנירה גד הליפ תוכיתח‬",2025,37,2
1048,"‭(6)'ג400 ןמשב חולמ יבנידנקס גנירה גד הליפ תוכיתח‬",2025,38,7
1048,"‭(6)'ג400 ןמשב חולמ יבנידנקס גנירה גד הליפ תוכיתח‬",2025,39,1
1048,"‭(6)'ג400 ןמשב חולמ יבנידנקס גנירה גד הליפ תוכיתח‬",2025,40,2
1048,"‭(6)'ג400 ןמשב חולמ יבנידנקס גנירה גד הליפ תוכיתח‬",2025,41,4
1048,"‭(6)'ג400 ןמשב חולמ יבנידנקס גנירה גד הליפ תוכיתח‬",2025,42,1
1048,"‭(6)'ג400 ןמשב חולמ יבנידנקס גנירה גד הליפ תוכיתח‬",2025,43,2
1048,"‭(6)'ג400 ןמשב חולמ יבנידנקס גנירה גד הליפ תוכיתח‬",2025,44,3
1048,"‭(6)'ג400 ןמשב חולמ יבנידנקס גנירה גד הליפ תוכיתח‬",2025,46,1
1048,"‭(6)'ג400 ןמשב חולמ יבנידנקס גנירה גד הליפ תוכיתח‬",2025,47,4
1048,"‭(6)'ג400 ןמשב חולמ יבנידנקס גנירה גד הליפ תוכיתח‬",2025,48,4
1048,"‭(6)'ג400 ןמשב חולמ יבנידנקס גנירה גד הליפ תוכיתח‬",2025,49,3
1048,"‭(6)'ג400 ןמשב חולמ יבנידנקס גנירה גד הליפ תוכיתח‬",2025,50,5
1048,"‭(6)'ג400 ןמשב חולמ יבנידנקס גנירה גד הליפ תוכיתח‬",2025,51,1
1048,"‭(6)'ג400 ןמשב חולמ יבנידנקס גנירה גד הליפ תוכיתח‬",2025,52,2
1048,"‭(6)'ג400 ןמשב חולמ יבנידנקס גנירה גד הליפ תוכיתח‬",2025,53,3
1048,"‭(6)'ג400 ןמשב חולמ יבנידנקס גנירה גד הליפ תוכיתח‬",2026,2,6
1048,"‭(6)'ג400 ןמשב חולמ יבנידנקס גנירה גד הליפ תוכיתח‬",2026,3,1
1048,"‭(6)'ג400 ןמשב חולמ יבנידנקס גנירה גד הליפ תוכיתח‬",2026,4,6
1048,"‭(6)'ג400 ןמשב חולמ יבנידנקס גנירה גד הליפ תוכיתח‬",2026,5,2
1048,"‭(6)'ג400 ןמשב חולמ יבנידנקס גנירה גד הליפ תוכיתח‬",2026,6,2
1048,"‭(6)'ג400 ןמשב חולמ יבנידנקס גנירה גד הליפ תוכיתח‬",2026,8,3
1048,"‭(6)'ג400 ןמשב חולמ יבנידנקס גנירה גד הליפ תוכיתח‬",2026,9,3
1048,"‭(6)'ג400 ןמשב חולמ יבנידנקס גנירה גד הליפ תוכיתח‬",2026,10,3
1048,"‭(6)'ג400 ןמשב חולמ יבנידנקס גנירה גד הליפ תוכיתח‬",2026,11,4
1048,"‭(6)'ג400 ןמשב חולמ יבנידנקס גנירה גד הליפ תוכיתח‬",2026,12,2
1048,"‭(6)'ג400 ןמשב חולמ יבנידנקס גנירה גד הליפ תוכיתח‬",2026,13,1
1048,"‭(6)'ג400 ןמשב חולמ יבנידנקס גנירה גד הליפ תוכיתח‬",2026,14,3
1048,"‭(6)'ג400 ןמשב חולמ יבנידנקס גנירה גד הליפ תוכיתח‬",2026,16,1
1048,"‭(6)'ג400 ןמשב חולמ יבנידנקס גנירה גד הליפ תוכיתח‬",2026,17,1
1048,"‭(6)'ג400 ןמשב חולמ יבנידנקס גנירה גד הליפ תוכיתח‬",2026,18,5
1048,"‭(6)'ג400 ןמשב חולמ יבנידנקס גנירה גד הליפ תוכיתח‬",2026,19,1
1048,"‭(6)'ג400 ןמשב חולמ יבנידנקס גנירה גד הליפ תוכיתח‬",2026,20,3
1048,"‭(6)'ג400 ןמשב חולמ יבנידנקס גנירה גד הליפ תוכיתח‬",2026,21,1
1048,"‭(6)'ג400 ןמשב חולמ יבנידנקס גנירה גד הליפ תוכיתח‬",2026,22,1
1048,"‭(6)'ג400 ןמשב חולמ יבנידנקס גנירה גד הליפ תוכיתח‬",2026,23,2
1048,"‭(6)'ג400 ןמשב חולמ יבנידנקס גנירה גד הליפ תוכיתח‬",2026,24,2
1048,"‭(6)'ג400 ןמשב חולמ יבנידנקס גנירה גד הליפ תוכיתח‬",2026,26,4
1048,"‭(6)'ג400 ןמשב חולמ יבנידנקס גנירה גד הליפ תוכיתח‬",2026,27,4
1048,"‭(6)'ג400 ןמשב חולמ יבנידנקס גנירה גד הליפ תוכיתח‬",2026,28,4
1048,"‭(6)'ג400 ןמשב חולמ יבנידנקס גנירה גד הליפ תוכיתח‬",2026,29,2
1048,"‭(6)'ג400 ןמשב חולמ יבנידנקס גנירה גד הליפ תוכיתח‬",2026,30,2
1048,"‭(6)'ג400 ןמשב חולמ יבנידנקס גנירה גד הליפ תוכיתח‬",2026,31,2
1048,"‭(6)'ג400 ןמשב חולמ יבנידנקס גנירה גד הליפ תוכיתח‬",2026,32,1
1049,"‭(6)'ג260 ןנוצמ חולמ יבנידנקס גנירה גד הליפ תוכיתח‬",2025,33,3
1049,"‭(6)'ג260 ןנוצמ חולמ יבנידנקס גנירה גד הליפ תוכיתח‬",2025,34,7
1049,"‭(6)'ג260 ןנוצמ חולמ יבנידנקס גנירה גד הליפ תוכיתח‬",2025,35,8
1049,"‭(6)'ג260 ןנוצמ חולמ יבנידנקס גנירה גד הליפ תוכיתח‬",2025,36,5
1049,"‭(6)'ג260 ןנוצמ חולמ יבנידנקס גנירה גד הליפ תוכיתח‬",2025,37,9
1049,"‭(6)'ג260 ןנוצמ חולמ יבנידנקס גנירה גד הליפ תוכיתח‬",2025,38,13
1049,"‭(6)'ג260 ןנוצמ חולמ יבנידנקס גנירה גד הליפ תוכיתח‬",2025,39,4
1049,"‭(6)'ג260 ןנוצמ חולמ יבנידנקס גנירה גד הליפ תוכיתח‬",2025,40,5
1049,"‭(6)'ג260 ןנוצמ חולמ יבנידנקס גנירה גד הליפ תוכיתח‬",2025,41,7
1049,"‭(6)'ג260 ןנוצמ חולמ יבנידנקס גנירה גד הליפ תוכיתח‬",2025,42,8
1049,"‭(6)'ג260 ןנוצמ חולמ יבנידנקס גנירה גד הליפ תוכיתח‬",2025,43,14
1049,"‭(6)'ג260 ןנוצמ חולמ יבנידנקס גנירה גד הליפ תוכיתח‬",2025,44,5
1049,"‭(6)'ג260 ןנוצמ חולמ יבנידנקס גנירה גד הליפ תוכיתח‬",2025,45,11
1049,"‭(6)'ג260 ןנוצמ חולמ יבנידנקס גנירה גד הליפ תוכיתח‬",2025,46,4
1049,"‭(6)'ג260 ןנוצמ חולמ יבנידנקס גנירה גד הליפ תוכיתח‬",2025,47,10
1049,"‭(6)'ג260 ןנוצמ חולמ יבנידנקס גנירה גד הליפ תוכיתח‬",2025,48,7
1049,"‭(6)'ג260 ןנוצמ חולמ יבנידנקס גנירה גד הליפ תוכיתח‬",2025,49,8
1049,"‭(6)'ג260 ןנוצמ חולמ יבנידנקס גנירה גד הליפ תוכיתח‬",2025,50,6
1049,"‭(6)'ג260 ןנוצמ חולמ יבנידנקס גנירה גד הליפ תוכיתח‬",2025,51,9
1049,"‭(6)'ג260 ןנוצמ חולמ יבנידנקס גנירה גד הליפ תוכיתח‬",2025,52,10
1049,"‭(6)'ג260 ןנוצמ חולמ יבנידנקס גנירה גד הליפ תוכיתח‬",2025,53,17
1049,"‭(6)'ג260 ןנוצמ חולמ יבנידנקס גנירה גד הליפ תוכיתח‬",2026,2,4
1049,"‭(6)'ג260 ןנוצמ חולמ יבנידנקס גנירה גד הליפ תוכיתח‬",2026,3,12
1049,"‭(6)'ג260 ןנוצמ חולמ יבנידנקס גנירה גד הליפ תוכיתח‬",2026,4,7
1049,"‭(6)'ג260 ןנוצמ חולמ יבנידנקס גנירה גד הליפ תוכיתח‬",2026,5,7
1049,"‭(6)'ג260 ןנוצמ חולמ יבנידנקס גנירה גד הליפ תוכיתח‬",2026,6,1
1049,"‭(6)'ג260 ןנוצמ חולמ יבנידנקס גנירה גד הליפ תוכיתח‬",2026,7,9
1049,"‭(6)'ג260 ןנוצמ חולמ יבנידנקס גנירה גד הליפ תוכיתח‬",2026,8,10
1049,"‭(6)'ג260 ןנוצמ חולמ יבנידנקס גנירה גד הליפ תוכיתח‬",2026,9,10
1049,"‭(6)'ג260 ןנוצמ חולמ יבנידנקס גנירה גד הליפ תוכיתח‬",2026,10,14
1049,"‭(6)'ג260 ןנוצמ חולמ יבנידנקס גנירה גד הליפ תוכיתח‬",2026,11,8
1049,"‭(6)'ג260 ןנוצמ חולמ יבנידנקס גנירה גד הליפ תוכיתח‬",2026,12,2
1049,"‭(6)'ג260 ןנוצמ חולמ יבנידנקס גנירה גד הליפ תוכיתח‬",2026,13,20
1049,"‭(6)'ג260 ןנוצמ חולמ יבנידנקס גנירה גד הליפ תוכיתח‬",2026,14,8
1049,"‭(6)'ג260 ןנוצמ חולמ יבנידנקס גנירה גד הליפ תוכיתח‬",2026,16,14
1049,"‭(6)'ג260 ןנוצמ חולמ יבנידנקס גנירה גד הליפ תוכיתח‬",2026,17,12
1049,"‭(6)'ג260 ןנוצמ חולמ יבנידנקס גנירה גד הליפ תוכיתח‬",2026,18,11
1049,"‭(6)'ג260 ןנוצמ חולמ יבנידנקס גנירה גד הליפ תוכיתח‬",2026,19,6
1049,"‭(6)'ג260 ןנוצמ חולמ יבנידנקס גנירה גד הליפ תוכיתח‬",2026,20,7
1049,"‭(6)'ג260 ןנוצמ חולמ יבנידנקס גנירה גד הליפ תוכיתח‬",2026,21,6
1049,"‭(6)'ג260 ןנוצמ חולמ יבנידנקס גנירה גד הליפ תוכיתח‬",2026,22,11
1049,"‭(6)'ג260 ןנוצמ חולמ יבנידנקס גנירה גד הליפ תוכיתח‬",2026,23,6
1049,"‭(6)'ג260 ןנוצמ חולמ יבנידנקס גנירה גד הליפ תוכיתח‬",2026,24,8
1049,"‭(6)'ג260 ןנוצמ חולמ יבנידנקס גנירה גד הליפ תוכיתח‬",2026,25,8
1049,"‭(6)'ג260 ןנוצמ חולמ יבנידנקס גנירה גד הליפ תוכיתח‬",2026,26,20
1049,"‭(6)'ג260 ןנוצמ חולמ יבנידנקס גנירה גד הליפ תוכיתח‬",2026,27,7
1049,"‭(6)'ג260 ןנוצמ חולמ יבנידנקס גנירה גד הליפ תוכיתח‬",2026,28,15
1049,"‭(6)'ג260 ןנוצמ חולמ יבנידנקס גנירה גד הליפ תוכיתח‬",2026,29,3
1049,"‭(6)'ג260 ןנוצמ חולמ יבנידנקס גנירה גד הליפ תוכיתח‬",2026,30,9
1049,"‭(6)'ג260 ןנוצמ חולמ יבנידנקס גנירה גד הליפ תוכיתח‬",2026,31,14
1049,"‭(6)'ג260 ןנוצמ חולמ יבנידנקס גנירה גד הליפ תוכיתח‬",2026,32,8
1050,"‭(6)'ג200 לעוש תלוביש תסייד‬",2025,34,3
1050,"‭(6)'ג200 לעוש תלוביש תסייד‬",2025,35,3
1050,"‭(6)'ג200 לעוש תלוביש תסייד‬",2025,36,3
1050,"‭(6)'ג200 לעוש תלוביש תסייד‬",2025,37,2
1050,"‭(6)'ג200 לעוש תלוביש תסייד‬",2025,38,4
1050,"‭(6)'ג200 לעוש תלוביש תסייד‬",2025,43,8.33
1050,"‭(6)'ג200 לעוש תלוביש תסייד‬",2025,44,8
1050,"‭(6)'ג200 לעוש תלוביש תסייד‬",2025,45,3.67
1050,"‭(6)'ג200 לעוש תלוביש תסייד‬",2025,47,9
1050,"‭(6)'ג200 לעוש תלוביש תסייד‬",2025,48,6
1050,"‭(6)'ג200 לעוש תלוביש תסייד‬",2025,49,8
1050,"‭(6)'ג200 לעוש תלוביש תסייד‬",2025,50,2
1050,"‭(6)'ג200 לעוש תלוביש תסייד‬",2025,51,1
1050,"‭(6)'ג200 לעוש תלוביש תסייד‬",2026,5,9
1050,"‭(6)'ג200 לעוש תלוביש תסייד‬",2026,6,3
1050,"‭(6)'ג200 לעוש תלוביש תסייד‬",2026,7,5
1050,"‭(6)'ג200 לעוש תלוביש תסייד‬",2026,8,3
1050,"‭(6)'ג200 לעוש תלוביש תסייד‬",2026,9,10
1050,"‭(6)'ג200 לעוש תלוביש תסייד‬",2026,15,17
1050,"‭(6)'ג200 לעוש תלוביש תסייד‬",2026,16,8
1050,"‭(6)'ג200 לעוש תלוביש תסייד‬",2026,17,2
1050,"‭(6)'ג200 לעוש תלוביש תסייד‬",2026,18,10
1050,"‭(6)'ג200 לעוש תלוביש תסייד‬",2026,19,3
1050,"‭(6)'ג200 לעוש תלוביש תסייד‬",2026,20,6
1050,"‭(6)'ג200 לעוש תלוביש תסייד‬",2026,21,1
1050,"‭(6)'ג200 לעוש תלוביש תסייד‬",2026,22,5
1050,"‭(6)'ג200 לעוש תלוביש תסייד‬",2026,23,5
1050,"‭(6)'ג200 לעוש תלוביש תסייד‬",2026,24,4
1050,"‭(6)'ג200 לעוש תלוביש תסייד‬",2026,25,6
1050,"‭(6)'ג200 לעוש תלוביש תסייד‬",2026,26,1
1050,"‭(6)'ג200 לעוש תלוביש תסייד‬",2026,27,5
1050,"‭(6)'ג200 לעוש תלוביש תסייד‬",2026,28,2
1050,"‭(6)'ג200 לעוש תלוביש תסייד‬",2026,29,5
1050,"‭(6)'ג200 לעוש תלוביש תסייד‬",2026,30,3
1050,"‭(6)'ג200 לעוש תלוביש תסייד‬",2026,31,1
1050,"‭(6)'ג200 לעוש תלוביש תסייד‬",2026,32,4
1051,"‭(30)'ג150 ""SNOW CRAB"" אופק ןטרס   ימירוס‬",2025,33,1
1051,"‭(30)'ג150 ""SNOW CRAB"" אופק ןטרס   ימירוס‬",2025,52,3
1051,"‭(30)'ג150 ""SNOW CRAB"" אופק ןטרס   ימירוס‬",2025,53,7
1051,"‭(30)'ג150 ""SNOW CRAB"" אופק ןטרס   ימירוס‬",2026,3,1
1051,"‭(30)'ג150 ""SNOW CRAB"" אופק ןטרס   ימירוס‬",2026,4,4
1051,"‭(30)'ג150 ""SNOW CRAB"" אופק ןטרס   ימירוס‬",2026,6,2
1051,"‭(30)'ג150 ""SNOW CRAB"" אופק ןטרס   ימירוס‬",2026,7,1
1051,"‭(30)'ג150 ""SNOW CRAB"" אופק ןטרס   ימירוס‬",2026,8,1
1051,"‭(30)'ג150 ""SNOW CRAB"" אופק ןטרס   ימירוס‬",2026,9,1
1051,"‭(30)'ג150 ""SNOW CRAB"" אופק ןטרס   ימירוס‬",2026,10,1
1051,"‭(30)'ג150 ""SNOW CRAB"" אופק ןטרס   ימירוס‬",2026,11,2
1051,"‭(30)'ג150 ""SNOW CRAB"" אופק ןטרס   ימירוס‬",2026,13,1
1051,"‭(30)'ג150 ""SNOW CRAB"" אופק ןטרס   ימירוס‬",2026,14,2
1051,"‭(30)'ג150 ""SNOW CRAB"" אופק ןטרס   ימירוס‬",2026,15,3
1051,"‭(30)'ג150 ""SNOW CRAB"" אופק ןטרס   ימירוס‬",2026,16,1
1052,"‭(6)'ג200 רב יתות םע תלוס תסייד‬",2025,34,4
1052,"‭(6)'ג200 רב יתות םע תלוס תסייד‬",2025,35,3
1052,"‭(6)'ג200 רב יתות םע תלוס תסייד‬",2025,36,5
1052,"‭(6)'ג200 רב יתות םע תלוס תסייד‬",2025,37,2
1052,"‭(6)'ג200 רב יתות םע תלוס תסייד‬",2025,38,3
1052,"‭(6)'ג200 רב יתות םע תלוס תסייד‬",2025,43,7.33
1052,"‭(6)'ג200 רב יתות םע תלוס תסייד‬",2025,44,6
1052,"‭(6)'ג200 רב יתות םע תלוס תסייד‬",2025,45,2
1052,"‭(6)'ג200 רב יתות םע תלוס תסייד‬",2025,46,4.67
1052,"‭(6)'ג200 רב יתות םע תלוס תסייד‬",2025,47,6
1052,"‭(6)'ג200 רב יתות םע תלוס תסייד‬",2025,48,2
1052,"‭(6)'ג200 רב יתות םע תלוס תסייד‬",2025,49,8
1052,"‭(6)'ג200 רב יתות םע תלוס תסייד‬",2025,50,3
1052,"‭(6)'ג200 רב יתות םע תלוס תסייד‬",2025,51,2
1052,"‭(6)'ג200 רב יתות םע תלוס תסייד‬",2026,5,9
1052,"‭(6)'ג200 רב יתות םע תלוס תסייד‬",2026,6,1
1052,"‭(6)'ג200 רב יתות םע תלוס תסייד‬",2026,7,5
1052,"‭(6)'ג200 רב יתות םע תלוס תסייד‬",2026,8,2
1052,"‭(6)'ג200 רב יתות םע תלוס תסייד‬",2026,9,8
1052,"‭(6)'ג200 רב יתות םע תלוס תסייד‬",2026,11,10
1052,"‭(6)'ג200 רב יתות םע תלוס תסייד‬",2026,15,10
1052,"‭(6)'ג200 רב יתות םע תלוס תסייד‬",2026,17,7
1052,"‭(6)'ג200 רב יתות םע תלוס תסייד‬",2026,18,3
1052,"‭(6)'ג200 רב יתות םע תלוס תסייד‬",2026,19,2
1052,"‭(6)'ג200 רב יתות םע תלוס תסייד‬",2026,20,4
1052,"‭(6)'ג200 רב יתות םע תלוס תסייד‬",2026,22,4
1052,"‭(6)'ג200 רב יתות םע תלוס תסייד‬",2026,23,3
1052,"‭(6)'ג200 רב יתות םע תלוס תסייד‬",2026,24,6
1052,"‭(6)'ג200 רב יתות םע תלוס תסייד‬",2026,25,4
1052,"‭(6)'ג200 רב יתות םע תלוס תסייד‬",2026,26,1
1052,"‭(6)'ג200 רב יתות םע תלוס תסייד‬",2026,27,5
1052,"‭(6)'ג200 רב יתות םע תלוס תסייד‬",2026,29,4
1052,"‭(6)'ג200 רב יתות םע תלוס תסייד‬",2026,30,5
1053,"‭(6)'ג200 שמשמ םע זרוא תסייד‬",2025,34,5
1053,"‭(6)'ג200 שמשמ םע זרוא תסייד‬",2025,35,5
1053,"‭(6)'ג200 שמשמ םע זרוא תסייד‬",2025,38,7
1053,"‭(6)'ג200 שמשמ םע זרוא תסייד‬",2025,43,8.33
1053,"‭(6)'ג200 שמשמ םע זרוא תסייד‬",2025,44,10
1053,"‭(6)'ג200 שמשמ םע זרוא תסייד‬",2025,45,1
1053,"‭(6)'ג200 שמשמ םע זרוא תסייד‬",2025,46,4
1053,"‭(6)'ג200 שמשמ םע זרוא תסייד‬",2025,47,9
1053,"‭(6)'ג200 שמשמ םע זרוא תסייד‬",2025,48,5
1053,"‭(6)'ג200 שמשמ םע זרוא תסייד‬",2025,49,8
1053,"‭(6)'ג200 שמשמ םע זרוא תסייד‬",2025,50,5
1053,"‭(6)'ג200 שמשמ םע זרוא תסייד‬",2026,5,10
1053,"‭(6)'ג200 שמשמ םע זרוא תסייד‬",2026,6,4
1053,"‭(6)'ג200 שמשמ םע זרוא תסייד‬",2026,7,7
1053,"‭(6)'ג200 שמשמ םע זרוא תסייד‬",2026,8,9
1053,"‭(6)'ג200 שמשמ םע זרוא תסייד‬",2026,9,10
1053,"‭(6)'ג200 שמשמ םע זרוא תסייד‬",2026,11,10
1053,"‭(6)'ג200 שמשמ םע זרוא תסייד‬",2026,15,10
1053,"‭(6)'ג200 שמשמ םע זרוא תסייד‬",2026,16,10
1053,"‭(6)'ג200 שמשמ םע זרוא תסייד‬",2026,17,6
1053,"‭(6)'ג200 שמשמ םע זרוא תסייד‬",2026,18,6
1053,"‭(6)'ג200 שמשמ םע זרוא תסייד‬",2026,19,4
1053,"‭(6)'ג200 שמשמ םע זרוא תסייד‬",2026,20,5
1053,"‭(6)'ג200 שמשמ םע זרוא תסייד‬",2026,21,4
1053,"‭(6)'ג200 שמשמ םע זרוא תסייד‬",2026,22,5
1053,"‭(6)'ג200 שמשמ םע זרוא תסייד‬",2026,23,5
1053,"‭(6)'ג200 שמשמ םע זרוא תסייד‬",2026,24,5
1053,"‭(6)'ג200 שמשמ םע זרוא תסייד‬",2026,25,10
1053,"‭(6)'ג200 שמשמ םע זרוא תסייד‬",2026,26,1
1053,"‭(6)'ג200 שמשמ םע זרוא תסייד‬",2026,27,5
1053,"‭(6)'ג200 שמשמ םע זרוא תסייד‬",2026,28,2
1053,"‭(6)'ג200 שמשמ םע זרוא תסייד‬",2026,29,4
1053,"‭(6)'ג200 שמשמ םע זרוא תסייד‬",2026,30,4
1053,"‭(6)'ג200 שמשמ םע זרוא תסייד‬",2026,31,2
1053,"‭(6)'ג200 שמשמ םע זרוא תסייד‬",2026,32,3
1055,"‭(12)'ג200 תוצמחומ םי תוצא טלס‬",2025,33,1
1055,"‭(12)'ג200 תוצמחומ םי תוצא טלס‬",2025,34,3
1055,"‭(12)'ג200 תוצמחומ םי תוצא טלס‬",2025,35,2
1055,"‭(12)'ג200 תוצמחומ םי תוצא טלס‬",2025,36,3
1055,"‭(12)'ג200 תוצמחומ םי תוצא טלס‬",2025,37,3
1055,"‭(12)'ג200 תוצמחומ םי תוצא טלס‬",2025,38,4
1055,"‭(12)'ג200 תוצמחומ םי תוצא טלס‬",2025,39,1
1055,"‭(12)'ג200 תוצמחומ םי תוצא טלס‬",2025,41,4
1055,"‭(12)'ג200 תוצמחומ םי תוצא טלס‬",2025,43,3
1055,"‭(12)'ג200 תוצמחומ םי תוצא טלס‬",2025,44,4
1055,"‭(12)'ג200 תוצמחומ םי תוצא טלס‬",2025,47,6
1055,"‭(12)'ג200 תוצמחומ םי תוצא טלס‬",2025,48,1
1055,"‭(12)'ג200 תוצמחומ םי תוצא טלס‬",2025,51,3
1055,"‭(12)'ג200 תוצמחומ םי תוצא טלס‬",2025,52,3
1055,"‭(12)'ג200 תוצמחומ םי תוצא טלס‬",2025,53,3
1055,"‭(12)'ג200 תוצמחומ םי תוצא טלס‬",2026,3,3
1055,"‭(12)'ג200 תוצמחומ םי תוצא טלס‬",2026,4,3
1055,"‭(12)'ג200 תוצמחומ םי תוצא טלס‬",2026,5,3
1055,"‭(12)'ג200 תוצמחומ םי תוצא טלס‬",2026,6,2
1055,"‭(12)'ג200 תוצמחומ םי תוצא טלס‬",2026,7,2
1055,"‭(12)'ג200 תוצמחומ םי תוצא טלס‬",2026,8,5
1055,"‭(12)'ג200 תוצמחומ םי תוצא טלס‬",2026,9,2
1055,"‭(12)'ג200 תוצמחומ םי תוצא טלס‬",2026,10,3
1055,"‭(12)'ג200 תוצמחומ םי תוצא טלס‬",2026,11,4
1055,"‭(12)'ג200 תוצמחומ םי תוצא טלס‬",2026,15,6
1055,"‭(12)'ג200 תוצמחומ םי תוצא טלס‬",2026,16,3
1055,"‭(12)'ג200 תוצמחומ םי תוצא טלס‬",2026,17,2
1055,"‭(12)'ג200 תוצמחומ םי תוצא טלס‬",2026,18,6
1055,"‭(12)'ג200 תוצמחומ םי תוצא טלס‬",2026,19,3
1055,"‭(12)'ג200 תוצמחומ םי תוצא טלס‬",2026,20,3
1055,"‭(12)'ג200 תוצמחומ םי תוצא טלס‬",2026,21,2
1055,"‭(12)'ג200 תוצמחומ םי תוצא טלס‬",2026,22,3
1055,"‭(12)'ג200 תוצמחומ םי תוצא טלס‬",2026,23,5
1055,"‭(12)'ג200 תוצמחומ םי תוצא טלס‬",2026,24,2
1055,"‭(12)'ג200 תוצמחומ םי תוצא טלס‬",2026,25,4
1055,"‭(12)'ג200 תוצמחומ םי תוצא טלס‬",2026,26,3
1055,"‭(12)'ג200 תוצמחומ םי תוצא טלס‬",2026,27,3
1055,"‭(12)'ג200 תוצמחומ םי תוצא טלס‬",2026,28,3
1055,"‭(12)'ג200 תוצמחומ םי תוצא טלס‬",2026,29,2
1055,"‭(12)'ג200 תוצמחומ םי תוצא טלס‬",2026,30,2
1055,"‭(12)'ג200 תוצמחומ םי תוצא טלס‬",2026,31,2
1055,"‭(12)'ג200 תוצמחומ םי תוצא טלס‬",2026,32,2
1056,"‭(12)'ג200 רזג םע תולבותמו תוצמחומ םי תוצא טלס‬",2025,34,1
1056,"‭(12)'ג200 רזג םע תולבותמו תוצמחומ םי תוצא טלס‬",2025,35,1
1056,"‭(12)'ג200 רזג םע תולבותמו תוצמחומ םי תוצא טלס‬",2025,36,2
1056,"‭(12)'ג200 רזג םע תולבותמו תוצמחומ םי תוצא טלס‬",2025,38,4
1056,"‭(12)'ג200 רזג םע תולבותמו תוצמחומ םי תוצא טלס‬",2025,40,1
1056,"‭(12)'ג200 רזג םע תולבותמו תוצמחומ םי תוצא טלס‬",2025,41,1
1056,"‭(12)'ג200 רזג םע תולבותמו תוצמחומ םי תוצא טלס‬",2025,42,2
1056,"‭(12)'ג200 רזג םע תולבותמו תוצמחומ םי תוצא טלס‬",2025,43,1
1056,"‭(12)'ג200 רזג םע תולבותמו תוצמחומ םי תוצא טלס‬",2025,45,3
1056,"‭(12)'ג200 רזג םע תולבותמו תוצמחומ םי תוצא טלס‬",2025,46,2
1056,"‭(12)'ג200 רזג םע תולבותמו תוצמחומ םי תוצא טלס‬",2025,47,1
1056,"‭(12)'ג200 רזג םע תולבותמו תוצמחומ םי תוצא טלס‬",2025,49,3
1056,"‭(12)'ג200 רזג םע תולבותמו תוצמחומ םי תוצא טלס‬",2025,50,2
1056,"‭(12)'ג200 רזג םע תולבותמו תוצמחומ םי תוצא טלס‬",2025,52,1
1056,"‭(12)'ג200 רזג םע תולבותמו תוצמחומ םי תוצא טלס‬",2025,53,1
1056,"‭(12)'ג200 רזג םע תולבותמו תוצמחומ םי תוצא טלס‬",2026,3,4
1056,"‭(12)'ג200 רזג םע תולבותמו תוצמחומ םי תוצא טלס‬",2026,4,2
1056,"‭(12)'ג200 רזג םע תולבותמו תוצמחומ םי תוצא טלס‬",2026,8,1
1056,"‭(12)'ג200 רזג םע תולבותמו תוצמחומ םי תוצא טלס‬",2026,9,3
1056,"‭(12)'ג200 רזג םע תולבותמו תוצמחומ םי תוצא טלס‬",2026,11,2
1056,"‭(12)'ג200 רזג םע תולבותמו תוצמחומ םי תוצא טלס‬",2026,13,2
1056,"‭(12)'ג200 רזג םע תולבותמו תוצמחומ םי תוצא טלס‬",2026,14,2
1056,"‭(12)'ג200 רזג םע תולבותמו תוצמחומ םי תוצא טלס‬",2026,15,3
1056,"‭(12)'ג200 רזג םע תולבותמו תוצמחומ םי תוצא טלס‬",2026,16,1
1056,"‭(12)'ג200 רזג םע תולבותמו תוצמחומ םי תוצא טלס‬",2026,18,1
1056,"‭(12)'ג200 רזג םע תולבותמו תוצמחומ םי תוצא טלס‬",2026,19,1
1056,"‭(12)'ג200 רזג םע תולבותמו תוצמחומ םי תוצא טלס‬",2026,20,1
1056,"‭(12)'ג200 רזג םע תולבותמו תוצמחומ םי תוצא טלס‬",2026,21,1
1056,"‭(12)'ג200 רזג םע תולבותמו תוצמחומ םי תוצא טלס‬",2026,23,3
1056,"‭(12)'ג200 רזג םע תולבותמו תוצמחומ םי תוצא טלס‬",2026,24,2
1056,"‭(12)'ג200 רזג םע תולבותמו תוצמחומ םי תוצא טלס‬",2026,26,2
1056,"‭(12)'ג200 רזג םע תולבותמו תוצמחומ םי תוצא טלס‬",2026,28,1.08
1056,"‭(12)'ג200 רזג םע תולבותמו תוצמחומ םי תוצא טלס‬",2026,31,3.92
1057,"‭(12)'ג200 הקותמ הקירפפו לצב םע תוצמחומ םי תוצא טלס‬",2025,34,2
1057,"‭(12)'ג200 הקותמ הקירפפו לצב םע תוצמחומ םי תוצא טלס‬",2025,35,1
1057,"‭(12)'ג200 הקותמ הקירפפו לצב םע תוצמחומ םי תוצא טלס‬",2025,37,1
1057,"‭(12)'ג200 הקותמ הקירפפו לצב םע תוצמחומ םי תוצא טלס‬",2025,38,3
1057,"‭(12)'ג200 הקותמ הקירפפו לצב םע תוצמחומ םי תוצא טלס‬",2025,40,1
1057,"‭(12)'ג200 הקותמ הקירפפו לצב םע תוצמחומ םי תוצא טלס‬",2025,41,1
1057,"‭(12)'ג200 הקותמ הקירפפו לצב םע תוצמחומ םי תוצא טלס‬",2025,43,1
1057,"‭(12)'ג200 הקותמ הקירפפו לצב םע תוצמחומ םי תוצא טלס‬",2025,45,3
1057,"‭(12)'ג200 הקותמ הקירפפו לצב םע תוצמחומ םי תוצא טלס‬",2025,46,1
1057,"‭(12)'ג200 הקותמ הקירפפו לצב םע תוצמחומ םי תוצא טלס‬",2025,47,1
1057,"‭(12)'ג200 הקותמ הקירפפו לצב םע תוצמחומ םי תוצא טלס‬",2025,49,2
1057,"‭(12)'ג200 הקותמ הקירפפו לצב םע תוצמחומ םי תוצא טלס‬",2025,50,2
1057,"‭(12)'ג200 הקותמ הקירפפו לצב םע תוצמחומ םי תוצא טלס‬",2025,51,1
1057,"‭(12)'ג200 הקותמ הקירפפו לצב םע תוצמחומ םי תוצא טלס‬",2025,52,1
1057,"‭(12)'ג200 הקותמ הקירפפו לצב םע תוצמחומ םי תוצא טלס‬",2025,53,3
1057,"‭(12)'ג200 הקותמ הקירפפו לצב םע תוצמחומ םי תוצא טלס‬",2026,3,2
1057,"‭(12)'ג200 הקותמ הקירפפו לצב םע תוצמחומ םי תוצא טלס‬",2026,4,2
1057,"‭(12)'ג200 הקותמ הקירפפו לצב םע תוצמחומ םי תוצא טלס‬",2026,5,3
1057,"‭(12)'ג200 הקותמ הקירפפו לצב םע תוצמחומ םי תוצא טלס‬",2026,8,1
1057,"‭(12)'ג200 הקותמ הקירפפו לצב םע תוצמחומ םי תוצא טלס‬",2026,9,2
1057,"‭(12)'ג200 הקותמ הקירפפו לצב םע תוצמחומ םי תוצא טלס‬",2026,10,1
1057,"‭(12)'ג200 הקותמ הקירפפו לצב םע תוצמחומ םי תוצא טלס‬",2026,11,2
1057,"‭(12)'ג200 הקותמ הקירפפו לצב םע תוצמחומ םי תוצא טלס‬",2026,12,1
1057,"‭(12)'ג200 הקותמ הקירפפו לצב םע תוצמחומ םי תוצא טלס‬",2026,14,2
1057,"‭(12)'ג200 הקותמ הקירפפו לצב םע תוצמחומ םי תוצא טלס‬",2026,15,2
1057,"‭(12)'ג200 הקותמ הקירפפו לצב םע תוצמחומ םי תוצא טלס‬",2026,16,1
1057,"‭(12)'ג200 הקותמ הקירפפו לצב םע תוצמחומ םי תוצא טלס‬",2026,17,1
1057,"‭(12)'ג200 הקותמ הקירפפו לצב םע תוצמחומ םי תוצא טלס‬",2026,18,1
1057,"‭(12)'ג200 הקותמ הקירפפו לצב םע תוצמחומ םי תוצא טלס‬",2026,19,2
1057,"‭(12)'ג200 הקותמ הקירפפו לצב םע תוצמחומ םי תוצא טלס‬",2026,23,3
1057,"‭(12)'ג200 הקותמ הקירפפו לצב םע תוצמחומ םי תוצא טלס‬",2026,24,1
1057,"‭(12)'ג200 הקותמ הקירפפו לצב םע תוצמחומ םי תוצא טלס‬",2026,25,1
1057,"‭(12)'ג200 הקותמ הקירפפו לצב םע תוצמחומ םי תוצא טלס‬",2026,26,2
1057,"‭(12)'ג200 הקותמ הקירפפו לצב םע תוצמחומ םי תוצא טלס‬",2026,27,1
1057,"‭(12)'ג200 הקותמ הקירפפו לצב םע תוצמחומ םי תוצא טלס‬",2026,28,1.08
1057,"‭(12)'ג200 הקותמ הקירפפו לצב םע תוצמחומ םי תוצא טלס‬",2026,30,1.92
1057,"‭(12)'ג200 הקותמ הקירפפו לצב םע תוצמחומ םי תוצא טלס‬",2026,31,3
1057,"‭(12)'ג200 הקותמ הקירפפו לצב םע תוצמחומ םי תוצא טלס‬",2026,32,1
1060,"‭(6)'ג200 ינווי טרוגוי‬",2025,34,4.17
1060,"‭(6)'ג200 ינווי טרוגוי‬",2025,35,0.83
1060,"‭(6)'ג200 ינווי טרוגוי‬",2025,36,4
1060,"‭(6)'ג200 ינווי טרוגוי‬",2025,37,1
1060,"‭(6)'ג200 ינווי טרוגוי‬",2025,38,6
1060,"‭(6)'ג200 ינווי טרוגוי‬",2025,40,1
1060,"‭(6)'ג200 ינווי טרוגוי‬",2025,43,11
1060,"‭(6)'ג200 ינווי טרוגוי‬",2025,44,5
1060,"‭(6)'ג200 ינווי טרוגוי‬",2025,45,4
1060,"‭(6)'ג200 ינווי טרוגוי‬",2025,47,10
1060,"‭(6)'ג200 ינווי טרוגוי‬",2025,51,10
1060,"‭(6)'ג200 ינווי טרוגוי‬",2026,5,10
1060,"‭(6)'ג200 ינווי טרוגוי‬",2026,6,5
1060,"‭(6)'ג200 ינווי טרוגוי‬",2026,7,6
1060,"‭(6)'ג200 ינווי טרוגוי‬",2026,8,5
1060,"‭(6)'ג200 ינווי טרוגוי‬",2026,9,9
1060,"‭(6)'ג200 ינווי טרוגוי‬",2026,16,15
1060,"‭(6)'ג200 ינווי טרוגוי‬",2026,17,3
1060,"‭(6)'ג200 ינווי טרוגוי‬",2026,18,7
1060,"‭(6)'ג200 ינווי טרוגוי‬",2026,23,12
1060,"‭(6)'ג200 ינווי טרוגוי‬",2026,24,9
1060,"‭(6)'ג200 ינווי טרוגוי‬",2026,25,1
1060,"‭(6)'ג200 ינווי טרוגוי‬",2026,26,7
1060,"‭(6)'ג200 ינווי טרוגוי‬",2026,27,3
1060,"‭(6)'ג200 ינווי טרוגוי‬",2026,30,9
1060,"‭(6)'ג200 ינווי טרוגוי‬",2026,31,1
1062,"‭(6)'ג150 ןבדבוד םע ינווי טרוגוי‬",2025,34,2
1062,"‭(6)'ג150 ןבדבוד םע ינווי טרוגוי‬",2025,35,2
1062,"‭(6)'ג150 ןבדבוד םע ינווי טרוגוי‬",2025,36,5
1062,"‭(6)'ג150 ןבדבוד םע ינווי טרוגוי‬",2025,37,2
1062,"‭(6)'ג150 ןבדבוד םע ינווי טרוגוי‬",2025,38,6
1062,"‭(6)'ג150 ןבדבוד םע ינווי טרוגוי‬",2025,39,1
1062,"‭(6)'ג150 ןבדבוד םע ינווי טרוגוי‬",2025,43,8
1062,"‭(6)'ג150 ןבדבוד םע ינווי טרוגוי‬",2025,44,8
1062,"‭(6)'ג150 ןבדבוד םע ינווי טרוגוי‬",2025,45,4
1062,"‭(6)'ג150 ןבדבוד םע ינווי טרוגוי‬",2025,51,10
1062,"‭(6)'ג150 ןבדבוד םע ינווי טרוגוי‬",2026,5,12
1062,"‭(6)'ג150 ןבדבוד םע ינווי טרוגוי‬",2026,6,4
1062,"‭(6)'ג150 ןבדבוד םע ינווי טרוגוי‬",2026,7,6.33
1062,"‭(6)'ג150 ןבדבוד םע ינווי טרוגוי‬",2026,8,4
1062,"‭(6)'ג150 ןבדבוד םע ינווי טרוגוי‬",2026,9,8.67
1062,"‭(6)'ג150 ןבדבוד םע ינווי טרוגוי‬",2026,16,15
1062,"‭(6)'ג150 ןבדבוד םע ינווי טרוגוי‬",2026,17,4
1062,"‭(6)'ג150 ןבדבוד םע ינווי טרוגוי‬",2026,18,6
1062,"‭(6)'ג150 ןבדבוד םע ינווי טרוגוי‬",2026,19,10
1062,"‭(6)'ג150 ןבדבוד םע ינווי טרוגוי‬",2026,23,12.33
1062,"‭(6)'ג150 ןבדבוד םע ינווי טרוגוי‬",2026,24,3
1062,"‭(6)'ג150 ןבדבוד םע ינווי טרוגוי‬",2026,25,6.67
1062,"‭(6)'ג150 ןבדבוד םע ינווי טרוגוי‬",2026,26,6
1062,"‭(6)'ג150 ןבדבוד םע ינווי טרוגוי‬",2026,27,4
1062,"‭(6)'ג150 ןבדבוד םע ינווי טרוגוי‬",2026,28,10
1062,"‭(6)'ג150 ןבדבוד םע ינווי טרוגוי‬",2026,30,6
1062,"‭(6)'ג150 ןבדבוד םע ינווי טרוגוי‬",2026,32,2.17
1076,"‭(12) 'ג200 ןמוש 30% SMETANA תנמש‬",2025,34,5.5
1076,"‭(12) 'ג200 ןמוש 30% SMETANA תנמש‬",2025,35,8
1076,"‭(12) 'ג200 ןמוש 30% SMETANA תנמש‬",2025,36,8.5
1076,"‭(12) 'ג200 ןמוש 30% SMETANA תנמש‬",2025,37,5
1076,"‭(12) 'ג200 ןמוש 30% SMETANA תנמש‬",2025,38,13.5
1076,"‭(12) 'ג200 ןמוש 30% SMETANA תנמש‬",2025,39,4
1076,"‭(12) 'ג200 ןמוש 30% SMETANA תנמש‬",2025,40,1
1076,"‭(12) 'ג200 ןמוש 30% SMETANA תנמש‬",2025,43,25
1076,"‭(12) 'ג200 ןמוש 30% SMETANA תנמש‬",2025,44,10
1076,"‭(12) 'ג200 ןמוש 30% SMETANA תנמש‬",2025,45,7
1076,"‭(12) 'ג200 ןמוש 30% SMETANA תנמש‬",2025,46,8
1076,"‭(12) 'ג200 ןמוש 30% SMETANA תנמש‬",2025,47,9.5
1076,"‭(12) 'ג200 ןמוש 30% SMETANA תנמש‬",2025,48,8.5
1076,"‭(12) 'ג200 ןמוש 30% SMETANA תנמש‬",2025,49,10
1076,"‭(12) 'ג200 ןמוש 30% SMETANA תנמש‬",2025,50,6
1076,"‭(12) 'ג200 ןמוש 30% SMETANA תנמש‬",2025,51,9
1076,"‭(12) 'ג200 ןמוש 30% SMETANA תנמש‬",2025,52,5
1076,"‭(12) 'ג200 ןמוש 30% SMETANA תנמש‬",2026,2,11.5
1076,"‭(12) 'ג200 ןמוש 30% SMETANA תנמש‬",2026,3,3.5
1076,"‭(12) 'ג200 ןמוש 30% SMETANA תנמש‬",2026,4,10
1076,"‭(12) 'ג200 ןמוש 30% SMETANA תנמש‬",2026,5,10
1076,"‭(12) 'ג200 ןמוש 30% SMETANA תנמש‬",2026,6,10
1076,"‭(12) 'ג200 ןמוש 30% SMETANA תנמש‬",2026,7,10.5
1076,"‭(12) 'ג200 ןמוש 30% SMETANA תנמש‬",2026,8,9.5
1076,"‭(12) 'ג200 ןמוש 30% SMETANA תנמש‬",2026,9,15
1076,"‭(12) 'ג200 ןמוש 30% SMETANA תנמש‬",2026,10,7
1076,"‭(12) 'ג200 ןמוש 30% SMETANA תנמש‬",2026,11,10
1076,"‭(12) 'ג200 ןמוש 30% SMETANA תנמש‬",2026,12,15
1076,"‭(12) 'ג200 ןמוש 30% SMETANA תנמש‬",2026,15,10
1076,"‭(12) 'ג200 ןמוש 30% SMETANA תנמש‬",2026,16,15
1076,"‭(12) 'ג200 ןמוש 30% SMETANA תנמש‬",2026,17,16.5
1076,"‭(12) 'ג200 ןמוש 30% SMETANA תנמש‬",2026,18,10
1076,"‭(12) 'ג200 ןמוש 30% SMETANA תנמש‬",2026,19,5.5
1076,"‭(12) 'ג200 ןמוש 30% SMETANA תנמש‬",2026,20,9.5
1076,"‭(12) 'ג200 ןמוש 30% SMETANA תנמש‬",2026,21,10
1076,"‭(12) 'ג200 ןמוש 30% SMETANA תנמש‬",2026,22,10
1076,"‭(12) 'ג200 ןמוש 30% SMETANA תנמש‬",2026,23,12
1076,"‭(12) 'ג200 ןמוש 30% SMETANA תנמש‬",2026,24,12.5
1076,"‭(12) 'ג200 ןמוש 30% SMETANA תנמש‬",2026,25,12.5
1076,"‭(12) 'ג200 ןמוש 30% SMETANA תנמש‬",2026,26,14
1076,"‭(12) 'ג200 ןמוש 30% SMETANA תנמש‬",2026,27,11
1076,"‭(12) 'ג200 ןמוש 30% SMETANA תנמש‬",2026,28,12.58
1076,"‭(12) 'ג200 ןמוש 30% SMETANA תנמש‬",2026,29,9
1076,"‭(12) 'ג200 ןמוש 30% SMETANA תנמש‬",2026,30,5
1076,"‭(12) 'ג200 ןמוש 30% SMETANA תנמש‬",2026,31,6.42
1076,"‭(12) 'ג200 ןמוש 30% SMETANA תנמש‬",2026,32,7
1077,"‭(12)'ג350 ןמוש 15% SMETANA תנמש‬",2025,33,5
1077,"‭(12)'ג350 ןמוש 15% SMETANA תנמש‬",2025,34,8.5
1077,"‭(12)'ג350 ןמוש 15% SMETANA תנמש‬",2025,35,7
1077,"‭(12)'ג350 ןמוש 15% SMETANA תנמש‬",2025,36,3.5
1077,"‭(12)'ג350 ןמוש 15% SMETANA תנמש‬",2025,37,6.42
1077,"‭(12)'ג350 ןמוש 15% SMETANA תנמש‬",2025,38,10.5
1077,"‭(12)'ג350 ןמוש 15% SMETANA תנמש‬",2025,39,4
1077,"‭(12)'ג350 ןמוש 15% SMETANA תנמש‬",2025,40,0.5
1077,"‭(12)'ג350 ןמוש 15% SMETANA תנמש‬",2025,43,25
1077,"‭(12)'ג350 ןמוש 15% SMETANA תנמש‬",2025,44,9.5
1077,"‭(12)'ג350 ןמוש 15% SMETANA תנמש‬",2025,45,8.08
1077,"‭(12)'ג350 ןמוש 15% SMETANA תנמש‬",2025,46,7.42
1077,"‭(12)'ג350 ןמוש 15% SMETANA תנמש‬",2025,47,9.5
1077,"‭(12)'ג350 ןמוש 15% SMETANA תנמש‬",2025,48,6
1077,"‭(12)'ג350 ןמוש 15% SMETANA תנמש‬",2025,49,11.5
1077,"‭(12)'ג350 ןמוש 15% SMETANA תנמש‬",2025,50,8
1077,"‭(12)'ג350 ןמוש 15% SMETANA תנמש‬",2025,51,8.5
1077,"‭(12)'ג350 ןמוש 15% SMETANA תנמש‬",2025,52,3.5
1077,"‭(12)'ג350 ןמוש 15% SMETANA תנמש‬",2026,2,10.5
1077,"‭(12)'ג350 ןמוש 15% SMETANA תנמש‬",2026,3,9.5
1077,"‭(12)'ג350 ןמוש 15% SMETANA תנמש‬",2026,4,10
1077,"‭(12)'ג350 ןמוש 15% SMETANA תנמש‬",2026,5,10
1077,"‭(12)'ג350 ןמוש 15% SMETANA תנמש‬",2026,6,10
1077,"‭(12)'ג350 ןמוש 15% SMETANA תנמש‬",2026,7,9.67
1077,"‭(12)'ג350 ןמוש 15% SMETANA תנמש‬",2026,8,9.5
1077,"‭(12)'ג350 ןמוש 15% SMETANA תנמש‬",2026,9,10.5
1077,"‭(12)'ג350 ןמוש 15% SMETANA תנמש‬",2026,10,7.5
1077,"‭(12)'ג350 ןמוש 15% SMETANA תנמש‬",2026,11,10
1077,"‭(12)'ג350 ןמוש 15% SMETANA תנמש‬",2026,15,10
1077,"‭(12)'ג350 ןמוש 15% SMETANA תנמש‬",2026,16,10
1077,"‭(12)'ג350 ןמוש 15% SMETANA תנמש‬",2026,17,11.5
1077,"‭(12)'ג350 ןמוש 15% SMETANA תנמש‬",2026,18,10
1077,"‭(12)'ג350 ןמוש 15% SMETANA תנמש‬",2026,19,4.5
1077,"‭(12)'ג350 ןמוש 15% SMETANA תנמש‬",2026,20,10.5
1077,"‭(12)'ג350 ןמוש 15% SMETANA תנמש‬",2026,21,7
1077,"‭(12)'ג350 ןמוש 15% SMETANA תנמש‬",2026,22,8.08
1077,"‭(12)'ג350 ןמוש 15% SMETANA תנמש‬",2026,23,12.08
1077,"‭(12)'ג350 ןמוש 15% SMETANA תנמש‬",2026,24,11.5
1077,"‭(12)'ג350 ןמוש 15% SMETANA תנמש‬",2026,25,20.5
1077,"‭(12)'ג350 ןמוש 15% SMETANA תנמש‬",2026,26,14
1077,"‭(12)'ג350 ןמוש 15% SMETANA תנמש‬",2026,27,4.5
1077,"‭(12)'ג350 ןמוש 15% SMETANA תנמש‬",2026,28,10.75
1077,"‭(12)'ג350 ןמוש 15% SMETANA תנמש‬",2026,29,6
1077,"‭(12)'ג350 ןמוש 15% SMETANA תנמש‬",2026,30,7
1077,"‭(12)'ג350 ןמוש 15% SMETANA תנמש‬",2026,31,10
1077,"‭(12)'ג350 ןמוש 15% SMETANA תנמש‬",2026,32,5
1099,"‭(52)'ג80 (991)שבוימ חולמ ילי'צ םע ןגוטמ חפולצ גד‬",2026,26,0.38
1099,"‭(52)'ג80 (991)שבוימ חולמ ילי'צ םע ןגוטמ חפולצ גד‬",2026,27,0.29
1099,"‭(52)'ג80 (991)שבוימ חולמ ילי'צ םע ןגוטמ חפולצ גד‬",2026,28,0.15
1100,"‭רופא(52)'ג100 שבוימ םתכה ןונינצ גד 218)BALICHOK)‬",2025,34,0.46
1100,"‭רופא(52)'ג100 שבוימ םתכה ןונינצ גד 218)BALICHOK)‬",2025,35,0.81
1100,"‭רופא(52)'ג100 שבוימ םתכה ןונינצ גד 218)BALICHOK)‬",2025,36,0.37
1100,"‭רופא(52)'ג100 שבוימ םתכה ןונינצ גד 218)BALICHOK)‬",2025,37,0.12
1100,"‭רופא(52)'ג100 שבוימ םתכה ןונינצ גד 218)BALICHOK)‬",2025,38,0.35
1100,"‭רופא(52)'ג100 שבוימ םתכה ןונינצ גד 218)BALICHOK)‬",2025,41,0.35
1100,"‭רופא(52)'ג100 שבוימ םתכה ןונינצ גד 218)BALICHOK)‬",2025,43,0.96
1100,"‭רופא(52)'ג100 שבוימ םתכה ןונינצ גד 218)BALICHOK)‬",2025,44,0.12
1100,"‭רופא(52)'ג100 שבוימ םתכה ןונינצ גד 218)BALICHOK)‬",2025,46,0.65
1100,"‭רופא(52)'ג100 שבוימ םתכה ןונינצ גד 218)BALICHOK)‬",2025,47,0.5
1100,"‭רופא(52)'ג100 שבוימ םתכה ןונינצ גד 218)BALICHOK)‬",2025,48,0.23
1100,"‭רופא(52)'ג100 שבוימ םתכה ןונינצ גד 218)BALICHOK)‬",2025,49,0.12
1100,"‭רופא(52)'ג100 שבוימ םתכה ןונינצ גד 218)BALICHOK)‬",2025,50,0.46
1100,"‭רופא(52)'ג100 שבוימ םתכה ןונינצ גד 218)BALICHOK)‬",2025,51,0.23
1100,"‭רופא(52)'ג100 שבוימ םתכה ןונינצ גד 218)BALICHOK)‬",2025,52,0.81
1100,"‭רופא(52)'ג100 שבוימ םתכה ןונינצ גד 218)BALICHOK)‬",2025,53,0.48
1100,"‭רופא(52)'ג100 שבוימ םתכה ןונינצ גד 218)BALICHOK)‬",2026,2,0.21
1100,"‭רופא(52)'ג100 שבוימ םתכה ןונינצ גד 218)BALICHOK)‬",2026,7,1
1100,"‭רופא(52)'ג100 שבוימ םתכה ןונינצ גד 218)BALICHOK)‬",2026,8,1
1100,"‭רופא(52)'ג100 שבוימ םתכה ןונינצ גד 218)BALICHOK)‬",2026,10,0.23
1100,"‭רופא(52)'ג100 שבוימ םתכה ןונינצ גד 218)BALICHOK)‬",2026,11,0.12
1100,"‭רופא(52)'ג100 שבוימ םתכה ןונינצ גד 218)BALICHOK)‬",2026,13,0.15
1100,"‭רופא(52)'ג100 שבוימ םתכה ןונינצ גד 218)BALICHOK)‬",2026,15,0.23
1100,"‭רופא(52)'ג100 שבוימ םתכה ןונינצ גד 218)BALICHOK)‬",2026,18,0.15
1100,"‭רופא(52)'ג100 שבוימ םתכה ןונינצ גד 218)BALICHOK)‬",2026,19,0.69
1100,"‭רופא(52)'ג100 שבוימ םתכה ןונינצ גד 218)BALICHOK)‬",2026,20,0.23
1100,"‭רופא(52)'ג100 שבוימ םתכה ןונינצ גד 218)BALICHOK)‬",2026,21,0.23
1100,"‭רופא(52)'ג100 שבוימ םתכה ןונינצ גד 218)BALICHOK)‬",2026,23,0.19
1100,"‭רופא(52)'ג100 שבוימ םתכה ןונינצ גד 218)BALICHOK)‬",2026,24,0.23
1100,"‭רופא(52)'ג100 שבוימ םתכה ןונינצ גד 218)BALICHOK)‬",2026,25,0.35
1100,"‭רופא(52)'ג100 שבוימ םתכה ןונינצ גד 218)BALICHOK)‬",2026,27,0.19
1100,"‭רופא(52)'ג100 שבוימ םתכה ןונינצ גד 218)BALICHOK)‬",2026,28,0.48
1100,"‭רופא(52)'ג100 שבוימ םתכה ןונינצ גד 218)BALICHOK)‬",2026,30,0.46
1100,"‭רופא(52)'ג100 שבוימ םתכה ןונינצ גד 218)BALICHOK)‬",2026,32,0.35
1101,"‭לוגס(52)'ג100 שבוימ םתכה ןונינצ גד 232)POLOSATIK)‬",2025,34,0.23
1101,"‭לוגס(52)'ג100 שבוימ םתכה ןונינצ גד 232)POLOSATIK)‬",2025,35,0.69
1101,"‭לוגס(52)'ג100 שבוימ םתכה ןונינצ גד 232)POLOSATIK)‬",2025,36,0.23
1101,"‭לוגס(52)'ג100 שבוימ םתכה ןונינצ גד 232)POLOSATIK)‬",2025,37,0.81
1101,"‭לוגס(52)'ג100 שבוימ םתכה ןונינצ גד 232)POLOSATIK)‬",2025,38,0.58
1101,"‭לוגס(52)'ג100 שבוימ םתכה ןונינצ גד 232)POLOSATIK)‬",2025,41,0.52
1101,"‭לוגס(52)'ג100 שבוימ םתכה ןונינצ גד 232)POLOSATIK)‬",2025,43,0.38
1101,"‭לוגס(52)'ג100 שבוימ םתכה ןונינצ גד 232)POLOSATIK)‬",2025,44,0.46
1101,"‭לוגס(52)'ג100 שבוימ םתכה ןונינצ גד 232)POLOSATIK)‬",2025,45,0.12
1101,"‭לוגס(52)'ג100 שבוימ םתכה ןונינצ גד 232)POLOSATIK)‬",2025,46,1.23
1101,"‭לוגס(52)'ג100 שבוימ םתכה ןונינצ גד 232)POLOSATIK)‬",2025,47,0.79
1101,"‭לוגס(52)'ג100 שבוימ םתכה ןונינצ גד 232)POLOSATIK)‬",2025,50,0.46
1101,"‭לוגס(52)'ג100 שבוימ םתכה ןונינצ גד 232)POLOSATIK)‬",2025,52,0.48
1101,"‭לוגס(52)'ג100 שבוימ םתכה ןונינצ גד 232)POLOSATIK)‬",2026,7,0.98
1101,"‭לוגס(52)'ג100 שבוימ םתכה ןונינצ גד 232)POLOSATIK)‬",2026,8,1.19
1101,"‭לוגס(52)'ג100 שבוימ םתכה ןונינצ גד 232)POLOSATIK)‬",2026,10,0.98
1101,"‭לוגס(52)'ג100 שבוימ םתכה ןונינצ גד 232)POLOSATIK)‬",2026,13,0.4
1101,"‭לוגס(52)'ג100 שבוימ םתכה ןונינצ גד 232)POLOSATIK)‬",2026,17,0.23
1101,"‭לוגס(52)'ג100 שבוימ םתכה ןונינצ גד 232)POLOSATIK)‬",2026,18,0.15
1101,"‭לוגס(52)'ג100 שבוימ םתכה ןונינצ גד 232)POLOSATIK)‬",2026,19,0.46
1101,"‭לוגס(52)'ג100 שבוימ םתכה ןונינצ גד 232)POLOSATIK)‬",2026,20,0.35
1101,"‭לוגס(52)'ג100 שבוימ םתכה ןונינצ גד 232)POLOSATIK)‬",2026,21,0.23
1101,"‭לוגס(52)'ג100 שבוימ םתכה ןונינצ גד 232)POLOSATIK)‬",2026,23,0.46
1101,"‭לוגס(52)'ג100 שבוימ םתכה ןונינצ גד 232)POLOSATIK)‬",2026,25,0.35
1101,"‭לוגס(52)'ג100 שבוימ םתכה ןונינצ גד 232)POLOSATIK)‬",2026,26,0.31
1101,"‭לוגס(52)'ג100 שבוימ םתכה ןונינצ גד 232)POLOSATIK)‬",2026,27,0.38
1101,"‭לוגס(52)'ג100 שבוימ םתכה ןונינצ גד 232)POLOSATIK)‬",2026,28,0.73
1101,"‭לוגס(52)'ג100 שבוימ םתכה ןונינצ גד 232)POLOSATIK)‬",2026,29,0.31
1101,"‭לוגס(52)'ג100 שבוימ םתכה ןונינצ גד 232)POLOSATIK)‬",2026,30,0.46
1101,"‭לוגס(52)'ג100 שבוימ םתכה ןונינצ גד 232)POLOSATIK)‬",2026,32,0.23
1102,"‭תלכת(52)'ג100 חולמ םיספ הבוהצ תינינצ גד 256)IMPERATOR)‬",2025,35,0.69
1102,"‭תלכת(52)'ג100 חולמ םיספ הבוהצ תינינצ גד 256)IMPERATOR)‬",2025,36,0.23
1102,"‭תלכת(52)'ג100 חולמ םיספ הבוהצ תינינצ גד 256)IMPERATOR)‬",2025,37,0.46
1102,"‭תלכת(52)'ג100 חולמ םיספ הבוהצ תינינצ גד 256)IMPERATOR)‬",2025,38,0.58
1102,"‭תלכת(52)'ג100 חולמ םיספ הבוהצ תינינצ גד 256)IMPERATOR)‬",2025,41,0.63
1102,"‭תלכת(52)'ג100 חולמ םיספ הבוהצ תינינצ גד 256)IMPERATOR)‬",2025,43,0.23
1102,"‭תלכת(52)'ג100 חולמ םיספ הבוהצ תינינצ גד 256)IMPERATOR)‬",2025,44,0.46
1102,"‭תלכת(52)'ג100 חולמ םיספ הבוהצ תינינצ גד 256)IMPERATOR)‬",2025,46,0.65
1102,"‭תלכת(52)'ג100 חולמ םיספ הבוהצ תינינצ גד 256)IMPERATOR)‬",2025,47,0.92
1102,"‭תלכת(52)'ג100 חולמ םיספ הבוהצ תינינצ גד 256)IMPERATOR)‬",2025,48,0.46
1102,"‭תלכת(52)'ג100 חולמ םיספ הבוהצ תינינצ גד 256)IMPERATOR)‬",2025,50,0.46
1102,"‭תלכת(52)'ג100 חולמ םיספ הבוהצ תינינצ גד 256)IMPERATOR)‬",2025,51,0.23
1102,"‭תלכת(52)'ג100 חולמ םיספ הבוהצ תינינצ גד 256)IMPERATOR)‬",2025,52,1.04
1102,"‭תלכת(52)'ג100 חולמ םיספ הבוהצ תינינצ גד 256)IMPERATOR)‬",2025,53,0.29
1102,"‭תלכת(52)'ג100 חולמ םיספ הבוהצ תינינצ גד 256)IMPERATOR)‬",2026,2,0.31
1102,"‭תלכת(52)'ג100 חולמ םיספ הבוהצ תינינצ גד 256)IMPERATOR)‬",2026,7,0.98
1102,"‭תלכת(52)'ג100 חולמ םיספ הבוהצ תינינצ גד 256)IMPERATOR)‬",2026,8,1.12
1102,"‭תלכת(52)'ג100 חולמ םיספ הבוהצ תינינצ גד 256)IMPERATOR)‬",2026,10,0.02
1102,"‭תלכת(52)'ג100 חולמ םיספ הבוהצ תינינצ גד 256)IMPERATOR)‬",2026,13,0.12
1102,"‭תלכת(52)'ג100 חולמ םיספ הבוהצ תינינצ גד 256)IMPERATOR)‬",2026,15,0.23
1102,"‭תלכת(52)'ג100 חולמ םיספ הבוהצ תינינצ גד 256)IMPERATOR)‬",2026,16,0.12
1102,"‭תלכת(52)'ג100 חולמ םיספ הבוהצ תינינצ גד 256)IMPERATOR)‬",2026,17,0.23
1102,"‭תלכת(52)'ג100 חולמ םיספ הבוהצ תינינצ גד 256)IMPERATOR)‬",2026,19,0.23
1102,"‭תלכת(52)'ג100 חולמ םיספ הבוהצ תינינצ גד 256)IMPERATOR)‬",2026,20,0.35
1102,"‭תלכת(52)'ג100 חולמ םיספ הבוהצ תינינצ גד 256)IMPERATOR)‬",2026,21,0.23
1102,"‭תלכת(52)'ג100 חולמ םיספ הבוהצ תינינצ גד 256)IMPERATOR)‬",2026,25,0.23
1102,"‭תלכת(52)'ג100 חולמ םיספ הבוהצ תינינצ גד 256)IMPERATOR)‬",2026,26,0.58
1102,"‭תלכת(52)'ג100 חולמ םיספ הבוהצ תינינצ גד 256)IMPERATOR)‬",2026,28,0.31
1102,"‭תלכת(52)'ג100 חולמ םיספ הבוהצ תינינצ גד 256)IMPERATOR)‬",2026,31,0.4
1102,"‭תלכת(52)'ג100 חולמ םיספ הבוהצ תינינצ גד 256)IMPERATOR)‬",2026,32,0.23
1104,"‭םותכ(52)'ג100 שבוימ  הדוקרב גד 270)BARAKUDA)‬",2025,34,1
1104,"‭םותכ(52)'ג100 שבוימ  הדוקרב גד 270)BARAKUDA)‬",2025,35,0.81
1104,"‭םותכ(52)'ג100 שבוימ  הדוקרב גד 270)BARAKUDA)‬",2025,36,0.13
1104,"‭םותכ(52)'ג100 שבוימ  הדוקרב גד 270)BARAKUDA)‬",2025,38,0.23
1104,"‭םותכ(52)'ג100 שבוימ  הדוקרב גד 270)BARAKUDA)‬",2025,39,0.12
1104,"‭םותכ(52)'ג100 שבוימ  הדוקרב גד 270)BARAKUDA)‬",2025,41,0.46
1104,"‭םותכ(52)'ג100 שבוימ  הדוקרב גד 270)BARAKUDA)‬",2025,43,0.65
1104,"‭םותכ(52)'ג100 שבוימ  הדוקרב גד 270)BARAKUDA)‬",2025,44,0.46
1104,"‭םותכ(52)'ג100 שבוימ  הדוקרב גד 270)BARAKUDA)‬",2025,45,0.83
1104,"‭םותכ(52)'ג100 שבוימ  הדוקרב גד 270)BARAKUDA)‬",2025,46,1
1104,"‭םותכ(52)'ג100 שבוימ  הדוקרב גד 270)BARAKUDA)‬",2025,47,0.04
1104,"‭םותכ(52)'ג100 שבוימ  הדוקרב גד 270)BARAKUDA)‬",2026,7,1.13
1104,"‭םותכ(52)'ג100 שבוימ  הדוקרב גד 270)BARAKUDA)‬",2026,8,1.42
1104,"‭םותכ(52)'ג100 שבוימ  הדוקרב גד 270)BARAKUDA)‬",2026,9,0.12
1104,"‭םותכ(52)'ג100 שבוימ  הדוקרב גד 270)BARAKUDA)‬",2026,10,0.23
1104,"‭םותכ(52)'ג100 שבוימ  הדוקרב גד 270)BARAKUDA)‬",2026,11,0.23
1104,"‭םותכ(52)'ג100 שבוימ  הדוקרב גד 270)BARAKUDA)‬",2026,12,0.46
1104,"‭םותכ(52)'ג100 שבוימ  הדוקרב גד 270)BARAKUDA)‬",2026,13,0.4
1104,"‭םותכ(52)'ג100 שבוימ  הדוקרב גד 270)BARAKUDA)‬",2026,15,0.23
1104,"‭םותכ(52)'ג100 שבוימ  הדוקרב גד 270)BARAKUDA)‬",2026,16,0.23
1104,"‭םותכ(52)'ג100 שבוימ  הדוקרב גד 270)BARAKUDA)‬",2026,17,0.23
1104,"‭םותכ(52)'ג100 שבוימ  הדוקרב גד 270)BARAKUDA)‬",2026,19,0.69
1104,"‭םותכ(52)'ג100 שבוימ  הדוקרב גד 270)BARAKUDA)‬",2026,21,0.23
1104,"‭םותכ(52)'ג100 שבוימ  הדוקרב גד 270)BARAKUDA)‬",2026,22,0.12
1104,"‭םותכ(52)'ג100 שבוימ  הדוקרב גד 270)BARAKUDA)‬",2026,24,0.23
1104,"‭םותכ(52)'ג100 שבוימ  הדוקרב גד 270)BARAKUDA)‬",2026,25,0.52
1104,"‭םותכ(52)'ג100 שבוימ  הדוקרב גד 270)BARAKUDA)‬",2026,26,0.69
1104,"‭םותכ(52)'ג100 שבוימ  הדוקרב גד 270)BARAKUDA)‬",2026,27,0.19
1104,"‭םותכ(52)'ג100 שבוימ  הדוקרב גד 270)BARAKUDA)‬",2026,28,0.31
1104,"‭םותכ(52)'ג100 שבוימ  הדוקרב גד 270)BARAKUDA)‬",2026,29,0.08
1104,"‭םותכ(52)'ג100 שבוימ  הדוקרב גד 270)BARAKUDA)‬",2026,30,0.12
1104,"‭םותכ(52)'ג100 שבוימ  הדוקרב גד 270)BARAKUDA)‬",2026,32,0.58
1105,"‭םוח(52)'ג100 חולמ ילי'צ הדוקרב גד (287)BAR CHILI‬",2026,7,1.23
1105,"‭םוח(52)'ג100 חולמ ילי'צ הדוקרב גד (287)BAR CHILI‬",2026,8,1.73
1105,"‭םוח(52)'ג100 חולמ ילי'צ הדוקרב גד (287)BAR CHILI‬",2026,9,0.23
1105,"‭םוח(52)'ג100 חולמ ילי'צ הדוקרב גד (287)BAR CHILI‬",2026,10,0.67
1105,"‭םוח(52)'ג100 חולמ ילי'צ הדוקרב גד (287)BAR CHILI‬",2026,11,0.38
1105,"‭םוח(52)'ג100 חולמ ילי'צ הדוקרב גד (287)BAR CHILI‬",2026,12,0.29
1105,"‭םוח(52)'ג100 חולמ ילי'צ הדוקרב גד (287)BAR CHILI‬",2026,13,0.12
1105,"‭םוח(52)'ג100 חולמ ילי'צ הדוקרב גד (287)BAR CHILI‬",2026,14,0.12
1105,"‭םוח(52)'ג100 חולמ ילי'צ הדוקרב גד (287)BAR CHILI‬",2026,15,0.23
1105,"‭םוח(52)'ג100 חולמ ילי'צ הדוקרב גד (287)BAR CHILI‬",2026,16,0.23
1105,"‭םוח(52)'ג100 חולמ ילי'צ הדוקרב גד (287)BAR CHILI‬",2026,17,0.23
1105,"‭םוח(52)'ג100 חולמ ילי'צ הדוקרב גד (287)BAR CHILI‬",2026,19,0.69
1105,"‭םוח(52)'ג100 חולמ ילי'צ הדוקרב גד (287)BAR CHILI‬",2026,21,0.23
1105,"‭םוח(52)'ג100 חולמ ילי'צ הדוקרב גד (287)BAR CHILI‬",2026,22,0.58
1105,"‭םוח(52)'ג100 חולמ ילי'צ הדוקרב גד (287)BAR CHILI‬",2026,25,0.4
1105,"‭םוח(52)'ג100 חולמ ילי'צ הדוקרב גד (287)BAR CHILI‬",2026,26,0.23
1105,"‭םוח(52)'ג100 חולמ ילי'צ הדוקרב גד (287)BAR CHILI‬",2026,27,0.31
1105,"‭םוח(52)'ג100 חולמ ילי'צ הדוקרב גד (287)BAR CHILI‬",2026,28,0.31
1105,"‭םוח(52)'ג100 חולמ ילי'צ הדוקרב גד (287)BAR CHILI‬",2026,29,0.23
1105,"‭םוח(52)'ג100 חולמ ילי'צ הדוקרב גד (287)BAR CHILI‬",2026,30,0.12
1105,"‭םוח(52)'ג100 חולמ ילי'צ הדוקרב גד (287)BAR CHILI‬",2026,32,0.58
1106,"‭(6)'ג230 לרופ גד ירודכ םודא ראיווק ןונגסב‬",2025,33,9
1106,"‭(6)'ג230 לרופ גד ירודכ םודא ראיווק ןונגסב‬",2025,34,27
1106,"‭(6)'ג230 לרופ גד ירודכ םודא ראיווק ןונגסב‬",2025,35,12
1106,"‭(6)'ג230 לרופ גד ירודכ םודא ראיווק ןונגסב‬",2025,36,13
1106,"‭(6)'ג230 לרופ גד ירודכ םודא ראיווק ןונגסב‬",2025,37,20
1106,"‭(6)'ג230 לרופ גד ירודכ םודא ראיווק ןונגסב‬",2025,38,27
1106,"‭(6)'ג230 לרופ גד ירודכ םודא ראיווק ןונגסב‬",2025,39,5
1106,"‭(6)'ג230 לרופ גד ירודכ םודא ראיווק ןונגסב‬",2025,40,10
1106,"‭(6)'ג230 לרופ גד ירודכ םודא ראיווק ןונגסב‬",2025,41,27.83
1106,"‭(6)'ג230 לרופ גד ירודכ םודא ראיווק ןונגסב‬",2025,42,22
1106,"‭(6)'ג230 לרופ גד ירודכ םודא ראיווק ןונגסב‬",2025,43,19
1106,"‭(6)'ג230 לרופ גד ירודכ םודא ראיווק ןונגסב‬",2025,44,22
1106,"‭(6)'ג230 לרופ גד ירודכ םודא ראיווק ןונגסב‬",2025,45,14
1106,"‭(6)'ג230 לרופ גד ירודכ םודא ראיווק ןונגסב‬",2025,46,15
1106,"‭(6)'ג230 לרופ גד ירודכ םודא ראיווק ןונגסב‬",2025,47,19
1106,"‭(6)'ג230 לרופ גד ירודכ םודא ראיווק ןונגסב‬",2025,48,21
1106,"‭(6)'ג230 לרופ גד ירודכ םודא ראיווק ןונגסב‬",2025,49,23
1106,"‭(6)'ג230 לרופ גד ירודכ םודא ראיווק ןונגסב‬",2025,50,25
1106,"‭(6)'ג230 לרופ גד ירודכ םודא ראיווק ןונגסב‬",2025,51,23
1106,"‭(6)'ג230 לרופ גד ירודכ םודא ראיווק ןונגסב‬",2025,52,25
1106,"‭(6)'ג230 לרופ גד ירודכ םודא ראיווק ןונגסב‬",2025,53,24
1106,"‭(6)'ג230 לרופ גד ירודכ םודא ראיווק ןונגסב‬",2026,2,27
1106,"‭(6)'ג230 לרופ גד ירודכ םודא ראיווק ןונגסב‬",2026,3,18
1106,"‭(6)'ג230 לרופ גד ירודכ םודא ראיווק ןונגסב‬",2026,4,25
1106,"‭(6)'ג230 לרופ גד ירודכ םודא ראיווק ןונגסב‬",2026,5,19
1106,"‭(6)'ג230 לרופ גד ירודכ םודא ראיווק ןונגסב‬",2026,6,19
1106,"‭(6)'ג230 לרופ גד ירודכ םודא ראיווק ןונגסב‬",2026,7,22
1106,"‭(6)'ג230 לרופ גד ירודכ םודא ראיווק ןונגסב‬",2026,8,28
1106,"‭(6)'ג230 לרופ גד ירודכ םודא ראיווק ןונגסב‬",2026,9,12
1106,"‭(6)'ג230 לרופ גד ירודכ םודא ראיווק ןונגסב‬",2026,10,19
1106,"‭(6)'ג230 לרופ גד ירודכ םודא ראיווק ןונגסב‬",2026,11,25
1106,"‭(6)'ג230 לרופ גד ירודכ םודא ראיווק ןונגסב‬",2026,12,9
1106,"‭(6)'ג230 לרופ גד ירודכ םודא ראיווק ןונגסב‬",2026,13,16
1106,"‭(6)'ג230 לרופ גד ירודכ םודא ראיווק ןונגסב‬",2026,14,2
1106,"‭(6)'ג230 לרופ גד ירודכ םודא ראיווק ןונגסב‬",2026,15,5
1106,"‭(6)'ג230 לרופ גד ירודכ םודא ראיווק ןונגסב‬",2026,16,34
1106,"‭(6)'ג230 לרופ גד ירודכ םודא ראיווק ןונגסב‬",2026,17,16
1106,"‭(6)'ג230 לרופ גד ירודכ םודא ראיווק ןונגסב‬",2026,18,16
1106,"‭(6)'ג230 לרופ גד ירודכ םודא ראיווק ןונגסב‬",2026,19,19
1106,"‭(6)'ג230 לרופ גד ירודכ םודא ראיווק ןונגסב‬",2026,20,12
1106,"‭(6)'ג230 לרופ גד ירודכ םודא ראיווק ןונגסב‬",2026,21,15
1106,"‭(6)'ג230 לרופ גד ירודכ םודא ראיווק ןונגסב‬",2026,22,19
1106,"‭(6)'ג230 לרופ גד ירודכ םודא ראיווק ןונגסב‬",2026,23,16
1106,"‭(6)'ג230 לרופ גד ירודכ םודא ראיווק ןונגסב‬",2026,24,13
1106,"‭(6)'ג230 לרופ גד ירודכ םודא ראיווק ןונגסב‬",2026,25,21
1106,"‭(6)'ג230 לרופ גד ירודכ םודא ראיווק ןונגסב‬",2026,26,13
1106,"‭(6)'ג230 לרופ גד ירודכ םודא ראיווק ןונגסב‬",2026,27,13
1106,"‭(6)'ג230 לרופ גד ירודכ םודא ראיווק ןונגסב‬",2026,28,19
1106,"‭(6)'ג230 לרופ גד ירודכ םודא ראיווק ןונגסב‬",2026,29,18
1106,"‭(6)'ג230 לרופ גד ירודכ םודא ראיווק ןונגסב‬",2026,30,19
1106,"‭(6)'ג230 לרופ גד ירודכ םודא ראיווק ןונגסב‬",2026,31,15
1106,"‭(6)'ג230 לרופ גד ירודכ םודא ראיווק ןונגסב‬",2026,32,16.5
1107,"‭(6)'ג230 לרופ גד ירודכ רוחש ראיווק ןונגסב‬",2025,33,4
1107,"‭(6)'ג230 לרופ גד ירודכ רוחש ראיווק ןונגסב‬",2025,34,12
1107,"‭(6)'ג230 לרופ גד ירודכ רוחש ראיווק ןונגסב‬",2025,35,5
1107,"‭(6)'ג230 לרופ גד ירודכ רוחש ראיווק ןונגסב‬",2025,36,6
1107,"‭(6)'ג230 לרופ גד ירודכ רוחש ראיווק ןונגסב‬",2025,37,4
1107,"‭(6)'ג230 לרופ גד ירודכ רוחש ראיווק ןונגסב‬",2025,38,13
1107,"‭(6)'ג230 לרופ גד ירודכ רוחש ראיווק ןונגסב‬",2025,39,1
1107,"‭(6)'ג230 לרופ גד ירודכ רוחש ראיווק ןונגסב‬",2025,40,5
1107,"‭(6)'ג230 לרופ גד ירודכ רוחש ראיווק ןונגסב‬",2025,41,13
1107,"‭(6)'ג230 לרופ גד ירודכ רוחש ראיווק ןונגסב‬",2025,42,13
1107,"‭(6)'ג230 לרופ גד ירודכ רוחש ראיווק ןונגסב‬",2025,43,4
1107,"‭(6)'ג230 לרופ גד ירודכ רוחש ראיווק ןונגסב‬",2025,44,12
1107,"‭(6)'ג230 לרופ גד ירודכ רוחש ראיווק ןונגסב‬",2025,45,5
1107,"‭(6)'ג230 לרופ גד ירודכ רוחש ראיווק ןונגסב‬",2025,46,3
1107,"‭(6)'ג230 לרופ גד ירודכ רוחש ראיווק ןונגסב‬",2025,47,8
1107,"‭(6)'ג230 לרופ גד ירודכ רוחש ראיווק ןונגסב‬",2025,48,6
1107,"‭(6)'ג230 לרופ גד ירודכ רוחש ראיווק ןונגסב‬",2025,49,4
1107,"‭(6)'ג230 לרופ גד ירודכ רוחש ראיווק ןונגסב‬",2025,50,5
1107,"‭(6)'ג230 לרופ גד ירודכ רוחש ראיווק ןונגסב‬",2025,51,10
1107,"‭(6)'ג230 לרופ גד ירודכ רוחש ראיווק ןונגסב‬",2025,52,9
1107,"‭(6)'ג230 לרופ גד ירודכ רוחש ראיווק ןונגסב‬",2025,53,9
1107,"‭(6)'ג230 לרופ גד ירודכ רוחש ראיווק ןונגסב‬",2026,2,14
1107,"‭(6)'ג230 לרופ גד ירודכ רוחש ראיווק ןונגסב‬",2026,3,8
1107,"‭(6)'ג230 לרופ גד ירודכ רוחש ראיווק ןונגסב‬",2026,4,4
1107,"‭(6)'ג230 לרופ גד ירודכ רוחש ראיווק ןונגסב‬",2026,5,10
1107,"‭(6)'ג230 לרופ גד ירודכ רוחש ראיווק ןונגסב‬",2026,6,7
1107,"‭(6)'ג230 לרופ גד ירודכ רוחש ראיווק ןונגסב‬",2026,7,7
1107,"‭(6)'ג230 לרופ גד ירודכ רוחש ראיווק ןונגסב‬",2026,8,8
1107,"‭(6)'ג230 לרופ גד ירודכ רוחש ראיווק ןונגסב‬",2026,9,4
1107,"‭(6)'ג230 לרופ גד ירודכ רוחש ראיווק ןונגסב‬",2026,10,6
1107,"‭(6)'ג230 לרופ גד ירודכ רוחש ראיווק ןונגסב‬",2026,11,7
1107,"‭(6)'ג230 לרופ גד ירודכ רוחש ראיווק ןונגסב‬",2026,12,1
1107,"‭(6)'ג230 לרופ גד ירודכ רוחש ראיווק ןונגסב‬",2026,13,3
1107,"‭(6)'ג230 לרופ גד ירודכ רוחש ראיווק ןונגסב‬",2026,14,3
1107,"‭(6)'ג230 לרופ גד ירודכ רוחש ראיווק ןונגסב‬",2026,15,2
1107,"‭(6)'ג230 לרופ גד ירודכ רוחש ראיווק ןונגסב‬",2026,16,20
1107,"‭(6)'ג230 לרופ גד ירודכ רוחש ראיווק ןונגסב‬",2026,17,3
1107,"‭(6)'ג230 לרופ גד ירודכ רוחש ראיווק ןונגסב‬",2026,18,4
1107,"‭(6)'ג230 לרופ גד ירודכ רוחש ראיווק ןונגסב‬",2026,19,3
1107,"‭(6)'ג230 לרופ גד ירודכ רוחש ראיווק ןונגסב‬",2026,20,2
1107,"‭(6)'ג230 לרופ גד ירודכ רוחש ראיווק ןונגסב‬",2026,21,10
1107,"‭(6)'ג230 לרופ גד ירודכ רוחש ראיווק ןונגסב‬",2026,22,6
1107,"‭(6)'ג230 לרופ גד ירודכ רוחש ראיווק ןונגסב‬",2026,23,2
1107,"‭(6)'ג230 לרופ גד ירודכ רוחש ראיווק ןונגסב‬",2026,24,6
1107,"‭(6)'ג230 לרופ גד ירודכ רוחש ראיווק ןונגסב‬",2026,25,8
1107,"‭(6)'ג230 לרופ גד ירודכ רוחש ראיווק ןונגסב‬",2026,26,6
1107,"‭(6)'ג230 לרופ גד ירודכ רוחש ראיווק ןונגסב‬",2026,27,6
1107,"‭(6)'ג230 לרופ גד ירודכ רוחש ראיווק ןונגסב‬",2026,28,3
1107,"‭(6)'ג230 לרופ גד ירודכ רוחש ראיווק ןונגסב‬",2026,29,5
1107,"‭(6)'ג230 לרופ גד ירודכ רוחש ראיווק ןונגסב‬",2026,30,4
1107,"‭(6)'ג230 לרופ גד ירודכ רוחש ראיווק ןונגסב‬",2026,31,4
1107,"‭(6)'ג230 לרופ גד ירודכ רוחש ראיווק ןונגסב‬",2026,32,5
1108,"‭(6)'ג150 הקו'צ-םי תוצא טלס‬",2025,33,2
1108,"‭(6)'ג150 הקו'צ-םי תוצא טלס‬",2025,34,2
1108,"‭(6)'ג150 הקו'צ-םי תוצא טלס‬",2025,35,6
1108,"‭(6)'ג150 הקו'צ-םי תוצא טלס‬",2025,36,3
1108,"‭(6)'ג150 הקו'צ-םי תוצא טלס‬",2025,37,3
1108,"‭(6)'ג150 הקו'צ-םי תוצא טלס‬",2025,38,4
1108,"‭(6)'ג150 הקו'צ-םי תוצא טלס‬",2025,39,2
1108,"‭(6)'ג150 הקו'צ-םי תוצא טלס‬",2025,40,3
1108,"‭(6)'ג150 הקו'צ-םי תוצא טלס‬",2025,41,6
1108,"‭(6)'ג150 הקו'צ-םי תוצא טלס‬",2025,43,7
1108,"‭(6)'ג150 הקו'צ-םי תוצא טלס‬",2025,44,10
1108,"‭(6)'ג150 הקו'צ-םי תוצא טלס‬",2025,45,4
1108,"‭(6)'ג150 הקו'צ-םי תוצא טלס‬",2025,46,6
1108,"‭(6)'ג150 הקו'צ-םי תוצא טלס‬",2025,47,7
1108,"‭(6)'ג150 הקו'צ-םי תוצא טלס‬",2025,48,2
1108,"‭(6)'ג150 הקו'צ-םי תוצא טלס‬",2025,49,5
1108,"‭(6)'ג150 הקו'צ-םי תוצא טלס‬",2025,50,4
1108,"‭(6)'ג150 הקו'צ-םי תוצא טלס‬",2025,51,5
1108,"‭(6)'ג150 הקו'צ-םי תוצא טלס‬",2025,52,3
1108,"‭(6)'ג150 הקו'צ-םי תוצא טלס‬",2026,5,6
1108,"‭(6)'ג150 הקו'צ-םי תוצא טלס‬",2026,6,6
1108,"‭(6)'ג150 הקו'צ-םי תוצא טלס‬",2026,7,7
1108,"‭(6)'ג150 הקו'צ-םי תוצא טלס‬",2026,8,4
1108,"‭(6)'ג150 הקו'צ-םי תוצא טלס‬",2026,9,2
1108,"‭(6)'ג150 הקו'צ-םי תוצא טלס‬",2026,15,13
1108,"‭(6)'ג150 הקו'צ-םי תוצא טלס‬",2026,16,8
1108,"‭(6)'ג150 הקו'צ-םי תוצא טלס‬",2026,17,5
1108,"‭(6)'ג150 הקו'צ-םי תוצא טלס‬",2026,18,11
1108,"‭(6)'ג150 הקו'צ-םי תוצא טלס‬",2026,19,4
1108,"‭(6)'ג150 הקו'צ-םי תוצא טלס‬",2026,20,1
1108,"‭(6)'ג150 הקו'צ-םי תוצא טלס‬",2026,21,3
1108,"‭(6)'ג150 הקו'צ-םי תוצא טלס‬",2026,22,3
1108,"‭(6)'ג150 הקו'צ-םי תוצא טלס‬",2026,23,6
1108,"‭(6)'ג150 הקו'צ-םי תוצא טלס‬",2026,24,5
1108,"‭(6)'ג150 הקו'צ-םי תוצא טלס‬",2026,25,4
1108,"‭(6)'ג150 הקו'צ-םי תוצא טלס‬",2026,26,4
1108,"‭(6)'ג150 הקו'צ-םי תוצא טלס‬",2026,27,1
1108,"‭(6)'ג150 הקו'צ-םי תוצא טלס‬",2026,28,4.17
1108,"‭(6)'ג150 הקו'צ-םי תוצא טלס‬",2026,29,1.83
1108,"‭(6)'ג150 הקו'צ-םי תוצא טלס‬",2026,30,4
1108,"‭(6)'ג150 הקו'צ-םי תוצא טלס‬",2026,31,7
1108,"‭(6)'ג150 הקו'צ-םי תוצא טלס‬",2026,32,3
1109,"‭(6)'ג180 ןומלסו לרופ,ודקבא םע גנירהו תינוטורט גד יציב הרקיא‬",2025,34,1
1109,"‭(6)'ג180 ןומלסו לרופ,ודקבא םע גנירהו תינוטורט גד יציב הרקיא‬",2025,35,3
1109,"‭(6)'ג180 ןומלסו לרופ,ודקבא םע גנירהו תינוטורט גד יציב הרקיא‬",2025,36,1
1109,"‭(6)'ג180 ןומלסו לרופ,ודקבא םע גנירהו תינוטורט גד יציב הרקיא‬",2025,37,3
1109,"‭(6)'ג180 ןומלסו לרופ,ודקבא םע גנירהו תינוטורט גד יציב הרקיא‬",2025,42,5
1109,"‭(6)'ג180 ןומלסו לרופ,ודקבא םע גנירהו תינוטורט גד יציב הרקיא‬",2025,43,1
1109,"‭(6)'ג180 ןומלסו לרופ,ודקבא םע גנירהו תינוטורט גד יציב הרקיא‬",2025,44,2
1109,"‭(6)'ג180 ןומלסו לרופ,ודקבא םע גנירהו תינוטורט גד יציב הרקיא‬",2025,47,3
1109,"‭(6)'ג180 ןומלסו לרופ,ודקבא םע גנירהו תינוטורט גד יציב הרקיא‬",2025,48,2
1109,"‭(6)'ג180 ןומלסו לרופ,ודקבא םע גנירהו תינוטורט גד יציב הרקיא‬",2025,49,2
1109,"‭(6)'ג180 ןומלסו לרופ,ודקבא םע גנירהו תינוטורט גד יציב הרקיא‬",2025,50,3.33
1109,"‭(6)'ג180 ןומלסו לרופ,ודקבא םע גנירהו תינוטורט גד יציב הרקיא‬",2025,51,1
1109,"‭(6)'ג180 ןומלסו לרופ,ודקבא םע גנירהו תינוטורט גד יציב הרקיא‬",2025,52,1
1109,"‭(6)'ג180 ןומלסו לרופ,ודקבא םע גנירהו תינוטורט גד יציב הרקיא‬",2026,2,1
1109,"‭(6)'ג180 ןומלסו לרופ,ודקבא םע גנירהו תינוטורט גד יציב הרקיא‬",2026,4,2
1109,"‭(6)'ג180 ןומלסו לרופ,ודקבא םע גנירהו תינוטורט גד יציב הרקיא‬",2026,5,3
1109,"‭(6)'ג180 ןומלסו לרופ,ודקבא םע גנירהו תינוטורט גד יציב הרקיא‬",2026,6,2
1109,"‭(6)'ג180 ןומלסו לרופ,ודקבא םע גנירהו תינוטורט גד יציב הרקיא‬",2026,8,2
1109,"‭(6)'ג180 ןומלסו לרופ,ודקבא םע גנירהו תינוטורט גד יציב הרקיא‬",2026,9,0.67
1109,"‭(6)'ג180 ןומלסו לרופ,ודקבא םע גנירהו תינוטורט גד יציב הרקיא‬",2026,10,1
1109,"‭(6)'ג180 ןומלסו לרופ,ודקבא םע גנירהו תינוטורט גד יציב הרקיא‬",2026,16,4
1109,"‭(6)'ג180 ןומלסו לרופ,ודקבא םע גנירהו תינוטורט גד יציב הרקיא‬",2026,17,2
1109,"‭(6)'ג180 ןומלסו לרופ,ודקבא םע גנירהו תינוטורט גד יציב הרקיא‬",2026,18,2
1109,"‭(6)'ג180 ןומלסו לרופ,ודקבא םע גנירהו תינוטורט גד יציב הרקיא‬",2026,20,2
1109,"‭(6)'ג180 ןומלסו לרופ,ודקבא םע גנירהו תינוטורט גד יציב הרקיא‬",2026,21,1
1109,"‭(6)'ג180 ןומלסו לרופ,ודקבא םע גנירהו תינוטורט גד יציב הרקיא‬",2026,22,1
1109,"‭(6)'ג180 ןומלסו לרופ,ודקבא םע גנירהו תינוטורט גד יציב הרקיא‬",2026,25,1
1109,"‭(6)'ג180 ןומלסו לרופ,ודקבא םע גנירהו תינוטורט גד יציב הרקיא‬",2026,26,1
1109,"‭(6)'ג180 ןומלסו לרופ,ודקבא םע גנירהו תינוטורט גד יציב הרקיא‬",2026,27,1
1112,"‭(50)'ג90 חלמומו שבוימ,לשובמ ןטרס   ןונויד יבבש‬",2026,11,0.54
1112,"‭(50)'ג90 חלמומו שבוימ,לשובמ ןטרס   ןונויד יבבש‬",2026,12,1.72
1112,"‭(50)'ג90 חלמומו שבוימ,לשובמ ןטרס   ןונויד יבבש‬",2026,13,0.72
1112,"‭(50)'ג90 חלמומו שבוימ,לשובמ ןטרס   ןונויד יבבש‬",2026,14,0.2
1112,"‭(50)'ג90 חלמומו שבוימ,לשובמ ןטרס   ןונויד יבבש‬",2026,15,0.26
1112,"‭(50)'ג90 חלמומו שבוימ,לשובמ ןטרס   ןונויד יבבש‬",2026,16,1.12
1112,"‭(50)'ג90 חלמומו שבוימ,לשובמ ןטרס   ןונויד יבבש‬",2026,17,0.72
1112,"‭(50)'ג90 חלמומו שבוימ,לשובמ ןטרס   ןונויד יבבש‬",2026,18,0.12
1112,"‭(50)'ג90 חלמומו שבוימ,לשובמ ןטרס   ןונויד יבבש‬",2026,20,0.84
1112,"‭(50)'ג90 חלמומו שבוימ,לשובמ ןטרס   ןונויד יבבש‬",2026,21,0.72
1112,"‭(50)'ג90 חלמומו שבוימ,לשובמ ןטרס   ןונויד יבבש‬",2026,22,0.48
1112,"‭(50)'ג90 חלמומו שבוימ,לשובמ ןטרס   ןונויד יבבש‬",2026,23,0.24
1112,"‭(50)'ג90 חלמומו שבוימ,לשובמ ןטרס   ןונויד יבבש‬",2026,25,0.48
1112,"‭(50)'ג90 חלמומו שבוימ,לשובמ ןטרס   ןונויד יבבש‬",2026,26,0.98
1112,"‭(50)'ג90 חלמומו שבוימ,לשובמ ןטרס   ןונויד יבבש‬",2026,28,0.8
1112,"‭(50)'ג90 חלמומו שבוימ,לשובמ ןטרס   ןונויד יבבש‬",2026,29,0.3
1112,"‭(50)'ג90 חלמומו שבוימ,לשובמ ןטרס   ןונויד יבבש‬",2026,30,0.68
1112,"‭(50)'ג90 חלמומו שבוימ,לשובמ ןטרס   ןונויד יבבש‬",2026,31,0.12
1112,"‭(50)'ג90 חלמומו שבוימ,לשובמ ןטרס   ןונויד יבבש‬",2026,32,0.64
1113,"‭(50)'ג90 חלמומו שבוימ רמלק יבבש‬",2026,11,0.52
1113,"‭(50)'ג90 חלמומו שבוימ רמלק יבבש‬",2026,12,2.36
1113,"‭(50)'ג90 חלמומו שבוימ רמלק יבבש‬",2026,13,0.84
1113,"‭(50)'ג90 חלמומו שבוימ רמלק יבבש‬",2026,14,0.24
1113,"‭(50)'ג90 חלמומו שבוימ רמלק יבבש‬",2026,15,1
1113,"‭(50)'ג90 חלמומו שבוימ רמלק יבבש‬",2026,17,0.36
1113,"‭(50)'ג90 חלמומו שבוימ רמלק יבבש‬",2026,18,0.64
1113,"‭(50)'ג90 חלמומו שבוימ רמלק יבבש‬",2026,19,0.1
1113,"‭(50)'ג90 חלמומו שבוימ רמלק יבבש‬",2026,20,0.72
1113,"‭(50)'ג90 חלמומו שבוימ רמלק יבבש‬",2026,21,0.24
1113,"‭(50)'ג90 חלמומו שבוימ רמלק יבבש‬",2026,22,0.24
1113,"‭(50)'ג90 חלמומו שבוימ רמלק יבבש‬",2026,23,0.02
1113,"‭(50)'ג90 חלמומו שבוימ רמלק יבבש‬",2026,24,0.24
1113,"‭(50)'ג90 חלמומו שבוימ רמלק יבבש‬",2026,25,0.44
1113,"‭(50)'ג90 חלמומו שבוימ רמלק יבבש‬",2026,26,0.02
1113,"‭(50)'ג90 חלמומו שבוימ רמלק יבבש‬",2026,29,0.24
1113,"‭(50)'ג90 חלמומו שבוימ רמלק יבבש‬",2026,30,0.6
1113,"‭(50)'ג90 חלמומו שבוימ רמלק יבבש‬",2026,31,0.3
1113,"‭(50)'ג90 חלמומו שבוימ רמלק יבבש‬",2026,32,0.36
1114,"‭(50)'ג90 ןטרס   חלמומו שבוימ רמלק תועוצר‬",2026,11,0.54
1114,"‭(50)'ג90 ןטרס   חלמומו שבוימ רמלק תועוצר‬",2026,12,2.66
1114,"‭(50)'ג90 ןטרס   חלמומו שבוימ רמלק תועוצר‬",2026,13,0.3
1114,"‭(50)'ג90 ןטרס   חלמומו שבוימ רמלק תועוצר‬",2026,14,0.24
1114,"‭(50)'ג90 ןטרס   חלמומו שבוימ רמלק תועוצר‬",2026,15,1.02
1114,"‭(50)'ג90 ןטרס   חלמומו שבוימ רמלק תועוצר‬",2026,17,0.72
1114,"‭(50)'ג90 ןטרס   חלמומו שבוימ רמלק תועוצר‬",2026,18,0.16
1114,"‭(50)'ג90 ןטרס   חלמומו שבוימ רמלק תועוצר‬",2026,20,0.36
1114,"‭(50)'ג90 ןטרס   חלמומו שבוימ רמלק תועוצר‬",2026,21,0.54
1114,"‭(50)'ג90 ןטרס   חלמומו שבוימ רמלק תועוצר‬",2026,22,0.48
1114,"‭(50)'ג90 ןטרס   חלמומו שבוימ רמלק תועוצר‬",2026,25,0.36
1114,"‭(50)'ג90 ןטרס   חלמומו שבוימ רמלק תועוצר‬",2026,26,0.64
1114,"‭(50)'ג90 ןטרס   חלמומו שבוימ רמלק תועוצר‬",2026,27,0.2
1114,"‭(50)'ג90 ןטרס   חלמומו שבוימ רמלק תועוצר‬",2026,28,0.34
1114,"‭(50)'ג90 ןטרס   חלמומו שבוימ רמלק תועוצר‬",2026,31,0.3
1114,"‭(50)'ג90 ןטרס   חלמומו שבוימ רמלק תועוצר‬",2026,32,0.24
1115,"‭(50)'ג90 חלמומו שבוימ ןשועמ רמלק תועוצר‬",2026,11,0.54
1115,"‭(50)'ג90 חלמומו שבוימ ןשועמ רמלק תועוצר‬",2026,12,2.18
1115,"‭(50)'ג90 חלמומו שבוימ ןשועמ רמלק תועוצר‬",2026,13,1.04
1115,"‭(50)'ג90 חלמומו שבוימ ןשועמ רמלק תועוצר‬",2026,15,1
1115,"‭(50)'ג90 חלמומו שבוימ ןשועמ רמלק תועוצר‬",2026,16,0.12
1115,"‭(50)'ג90 חלמומו שבוימ ןשועמ רמלק תועוצר‬",2026,17,0.72
1115,"‭(50)'ג90 חלמומו שבוימ ןשועמ רמלק תועוצר‬",2026,18,0.16
1115,"‭(50)'ג90 חלמומו שבוימ ןשועמ רמלק תועוצר‬",2026,19,0.1
1115,"‭(50)'ג90 חלמומו שבוימ ןשועמ רמלק תועוצר‬",2026,20,0.36
1115,"‭(50)'ג90 חלמומו שבוימ ןשועמ רמלק תועוצר‬",2026,21,0.24
1115,"‭(50)'ג90 חלמומו שבוימ ןשועמ רמלק תועוצר‬",2026,22,0.48
1115,"‭(50)'ג90 חלמומו שבוימ ןשועמ רמלק תועוצר‬",2026,23,0.5
1115,"‭(50)'ג90 חלמומו שבוימ ןשועמ רמלק תועוצר‬",2026,24,0.12
1115,"‭(50)'ג90 חלמומו שבוימ ןשועמ רמלק תועוצר‬",2026,25,0.56
1115,"‭(50)'ג90 חלמומו שבוימ ןשועמ רמלק תועוצר‬",2026,26,0.02
1115,"‭(50)'ג90 חלמומו שבוימ ןשועמ רמלק תועוצר‬",2026,29,0.24
1115,"‭(50)'ג90 חלמומו שבוימ ןשועמ רמלק תועוצר‬",2026,30,0.48
1115,"‭(50)'ג90 חלמומו שבוימ ןשועמ רמלק תועוצר‬",2026,31,0.3
1115,"‭(50)'ג90 חלמומו שבוימ ןשועמ רמלק תועוצר‬",2026,32,0.34
1116,"‭(50)'ג90 ילי'צ לפלפ םע חלמומו שבוימ רמלק תועוצר‬",2026,11,0.56
1116,"‭(50)'ג90 ילי'צ לפלפ םע חלמומו שבוימ רמלק תועוצר‬",2026,12,2.18
1116,"‭(50)'ג90 ילי'צ לפלפ םע חלמומו שבוימ רמלק תועוצר‬",2026,13,0.3
1116,"‭(50)'ג90 ילי'צ לפלפ םע חלמומו שבוימ רמלק תועוצר‬",2026,14,0.24
1116,"‭(50)'ג90 ילי'צ לפלפ םע חלמומו שבוימ רמלק תועוצר‬",2026,15,0.26
1116,"‭(50)'ג90 ילי'צ לפלפ םע חלמומו שבוימ רמלק תועוצר‬",2026,16,0.76
1116,"‭(50)'ג90 ילי'צ לפלפ םע חלמומו שבוימ רמלק תועוצר‬",2026,17,0.72
1116,"‭(50)'ג90 ילי'צ לפלפ םע חלמומו שבוימ רמלק תועוצר‬",2026,20,0.88
1116,"‭(50)'ג90 ילי'צ לפלפ םע חלמומו שבוימ רמלק תועוצר‬",2026,21,0.54
1116,"‭(50)'ג90 ילי'צ לפלפ םע חלמומו שבוימ רמלק תועוצר‬",2026,23,0.18
1116,"‭(50)'ג90 ילי'צ לפלפ םע חלמומו שבוימ רמלק תועוצר‬",2026,25,0.24
1116,"‭(50)'ג90 ילי'צ לפלפ םע חלמומו שבוימ רמלק תועוצר‬",2026,26,0.68
1116,"‭(50)'ג90 ילי'צ לפלפ םע חלמומו שבוימ רמלק תועוצר‬",2026,28,0.24
1116,"‭(50)'ג90 ילי'צ לפלפ םע חלמומו שבוימ רמלק תועוצר‬",2026,30,0.48
1116,"‭(50)'ג90 ילי'צ לפלפ םע חלמומו שבוימ רמלק תועוצר‬",2026,31,0.3
1116,"‭(50)'ג90 ילי'צ לפלפ םע חלמומו שבוימ רמלק תועוצר‬",2026,32,0.24
1117,"‭(50)'ג100 חלמומו שבוימ ןיבלא טוביש גד תוסורפ‬",2026,11,0.5
1117,"‭(50)'ג100 חלמומו שבוימ ןיבלא טוביש גד תוסורפ‬",2026,12,0.94
1117,"‭(50)'ג100 חלמומו שבוימ ןיבלא טוביש גד תוסורפ‬",2026,18,0.48
1117,"‭(50)'ג100 חלמומו שבוימ ןיבלא טוביש גד תוסורפ‬",2026,20,0.24
1117,"‭(50)'ג100 חלמומו שבוימ ןיבלא טוביש גד תוסורפ‬",2026,21,0.24
1117,"‭(50)'ג100 חלמומו שבוימ ןיבלא טוביש גד תוסורפ‬",2026,22,0.02
1117,"‭(50)'ג100 חלמומו שבוימ ןיבלא טוביש גד תוסורפ‬",2026,24,0.24
1117,"‭(50)'ג100 חלמומו שבוימ ןיבלא טוביש גד תוסורפ‬",2026,25,0.36
1117,"‭(50)'ג100 חלמומו שבוימ ןיבלא טוביש גד תוסורפ‬",2026,26,0.4
1117,"‭(50)'ג100 חלמומו שבוימ ןיבלא טוביש גד תוסורפ‬",2026,28,0.2
1117,"‭(50)'ג100 חלמומו שבוימ ןיבלא טוביש גד תוסורפ‬",2026,29,0.2
1117,"‭(50)'ג100 חלמומו שבוימ ןיבלא טוביש גד תוסורפ‬",2026,32,0.76
1118,"‭(50)'ג100 ילי'צ םע שבוימ ןיבלא טוביש גד תוסורפ‬",2026,11,0.5
1118,"‭(50)'ג100 ילי'צ םע שבוימ ןיבלא טוביש גד תוסורפ‬",2026,12,1.64
1118,"‭(50)'ג100 ילי'צ םע שבוימ ןיבלא טוביש גד תוסורפ‬",2026,15,0.24
1118,"‭(50)'ג100 ילי'צ םע שבוימ ןיבלא טוביש גד תוסורפ‬",2026,17,0.24
1118,"‭(50)'ג100 ילי'צ םע שבוימ ןיבלא טוביש גד תוסורפ‬",2026,21,0.24
1118,"‭(50)'ג100 ילי'צ םע שבוימ ןיבלא טוביש גד תוסורפ‬",2026,24,0.48
1118,"‭(50)'ג100 ילי'צ םע שבוימ ןיבלא טוביש גד תוסורפ‬",2026,25,0.36
1118,"‭(50)'ג100 ילי'צ םע שבוימ ןיבלא טוביש גד תוסורפ‬",2026,28,0.44
1118,"‭(50)'ג100 ילי'צ םע שבוימ ןיבלא טוביש גד תוסורפ‬",2026,31,0.3
1118,"‭(50)'ג100 ילי'צ םע שבוימ ןיבלא טוביש גד תוסורפ‬",2026,32,0.48
1119,"‭(50)'ג90 רוע אלל חלמומו שבוימ ןיבלא טוביש גד תוסורפ‬",2026,11,0.54
1119,"‭(50)'ג90 רוע אלל חלמומו שבוימ ןיבלא טוביש גד תוסורפ‬",2026,12,1.18
1119,"‭(50)'ג90 רוע אלל חלמומו שבוימ ןיבלא טוביש גד תוסורפ‬",2026,15,0.24
1119,"‭(50)'ג90 רוע אלל חלמומו שבוימ ןיבלא טוביש גד תוסורפ‬",2026,16,0.12
1119,"‭(50)'ג90 רוע אלל חלמומו שבוימ ןיבלא טוביש גד תוסורפ‬",2026,17,0.24
1119,"‭(50)'ג90 רוע אלל חלמומו שבוימ ןיבלא טוביש גד תוסורפ‬",2026,18,0.6
1119,"‭(50)'ג90 רוע אלל חלמומו שבוימ ןיבלא טוביש גד תוסורפ‬",2026,20,0.24
1119,"‭(50)'ג90 רוע אלל חלמומו שבוימ ןיבלא טוביש גד תוסורפ‬",2026,21,0.24
1119,"‭(50)'ג90 רוע אלל חלמומו שבוימ ןיבלא טוביש גד תוסורפ‬",2026,22,0.52
1119,"‭(50)'ג90 רוע אלל חלמומו שבוימ ןיבלא טוביש גד תוסורפ‬",2026,23,0.24
1119,"‭(50)'ג90 רוע אלל חלמומו שבוימ ןיבלא טוביש גד תוסורפ‬",2026,25,0.36
1119,"‭(50)'ג90 רוע אלל חלמומו שבוימ ןיבלא טוביש גד תוסורפ‬",2026,26,0.68
1119,"‭(50)'ג90 רוע אלל חלמומו שבוימ ןיבלא טוביש גד תוסורפ‬",2026,28,0.24
1119,"‭(50)'ג90 רוע אלל חלמומו שבוימ ןיבלא טוביש גד תוסורפ‬",2026,29,0.24
1119,"‭(50)'ג90 רוע אלל חלמומו שבוימ ןיבלא טוביש גד תוסורפ‬",2026,30,0.44
1119,"‭(50)'ג90 רוע אלל חלמומו שבוימ ןיבלא טוביש גד תוסורפ‬",2026,32,0.48
1120,"‭(10)'ג250 ןנוצמ חולמ יבנידנקס גנירה גד הליפ‬",2025,34,4
1120,"‭(10)'ג250 ןנוצמ חולמ יבנידנקס גנירה גד הליפ‬",2025,35,2
1120,"‭(10)'ג250 ןנוצמ חולמ יבנידנקס גנירה גד הליפ‬",2025,36,7
1120,"‭(10)'ג250 ןנוצמ חולמ יבנידנקס גנירה גד הליפ‬",2025,37,4
1120,"‭(10)'ג250 ןנוצמ חולמ יבנידנקס גנירה גד הליפ‬",2025,38,2
1120,"‭(10)'ג250 ןנוצמ חולמ יבנידנקס גנירה גד הליפ‬",2025,39,3
1120,"‭(10)'ג250 ןנוצמ חולמ יבנידנקס גנירה גד הליפ‬",2025,40,3
1120,"‭(10)'ג250 ןנוצמ חולמ יבנידנקס גנירה גד הליפ‬",2025,41,7
1120,"‭(10)'ג250 ןנוצמ חולמ יבנידנקס גנירה גד הליפ‬",2025,42,5
1120,"‭(10)'ג250 ןנוצמ חולמ יבנידנקס גנירה גד הליפ‬",2025,43,6
1120,"‭(10)'ג250 ןנוצמ חולמ יבנידנקס גנירה גד הליפ‬",2025,44,3
1120,"‭(10)'ג250 ןנוצמ חולמ יבנידנקס גנירה גד הליפ‬",2025,45,5
1120,"‭(10)'ג250 ןנוצמ חולמ יבנידנקס גנירה גד הליפ‬",2025,46,6
1120,"‭(10)'ג250 ןנוצמ חולמ יבנידנקס גנירה גד הליפ‬",2025,47,6
1120,"‭(10)'ג250 ןנוצמ חולמ יבנידנקס גנירה גד הליפ‬",2025,48,3
1120,"‭(10)'ג250 ןנוצמ חולמ יבנידנקס גנירה גד הליפ‬",2025,49,3
1120,"‭(10)'ג250 ןנוצמ חולמ יבנידנקס גנירה גד הליפ‬",2025,50,6
1120,"‭(10)'ג250 ןנוצמ חולמ יבנידנקס גנירה גד הליפ‬",2025,51,4
1120,"‭(10)'ג250 ןנוצמ חולמ יבנידנקס גנירה גד הליפ‬",2025,52,3
1120,"‭(10)'ג250 ןנוצמ חולמ יבנידנקס גנירה גד הליפ‬",2025,53,10
1120,"‭(10)'ג250 ןנוצמ חולמ יבנידנקס גנירה גד הליפ‬",2026,2,4
1120,"‭(10)'ג250 ןנוצמ חולמ יבנידנקס גנירה גד הליפ‬",2026,3,4
1120,"‭(10)'ג250 ןנוצמ חולמ יבנידנקס גנירה גד הליפ‬",2026,4,7
1120,"‭(10)'ג250 ןנוצמ חולמ יבנידנקס גנירה גד הליפ‬",2026,5,5
1120,"‭(10)'ג250 ןנוצמ חולמ יבנידנקס גנירה גד הליפ‬",2026,6,1
1120,"‭(10)'ג250 ןנוצמ חולמ יבנידנקס גנירה גד הליפ‬",2026,7,6
1120,"‭(10)'ג250 ןנוצמ חולמ יבנידנקס גנירה גד הליפ‬",2026,8,4
1120,"‭(10)'ג250 ןנוצמ חולמ יבנידנקס גנירה גד הליפ‬",2026,9,5
1120,"‭(10)'ג250 ןנוצמ חולמ יבנידנקס גנירה גד הליפ‬",2026,10,1
1120,"‭(10)'ג250 ןנוצמ חולמ יבנידנקס גנירה גד הליפ‬",2026,11,3
1120,"‭(10)'ג250 ןנוצמ חולמ יבנידנקס גנירה גד הליפ‬",2026,12,3
1120,"‭(10)'ג250 ןנוצמ חולמ יבנידנקס גנירה גד הליפ‬",2026,13,8
1120,"‭(10)'ג250 ןנוצמ חולמ יבנידנקס גנירה גד הליפ‬",2026,14,2
1120,"‭(10)'ג250 ןנוצמ חולמ יבנידנקס גנירה גד הליפ‬",2026,15,2
1120,"‭(10)'ג250 ןנוצמ חולמ יבנידנקס גנירה גד הליפ‬",2026,16,8
1120,"‭(10)'ג250 ןנוצמ חולמ יבנידנקס גנירה גד הליפ‬",2026,18,2
1120,"‭(10)'ג250 ןנוצמ חולמ יבנידנקס גנירה גד הליפ‬",2026,19,3
1120,"‭(10)'ג250 ןנוצמ חולמ יבנידנקס גנירה גד הליפ‬",2026,20,3
1120,"‭(10)'ג250 ןנוצמ חולמ יבנידנקס גנירה גד הליפ‬",2026,21,4
1120,"‭(10)'ג250 ןנוצמ חולמ יבנידנקס גנירה גד הליפ‬",2026,22,5
1120,"‭(10)'ג250 ןנוצמ חולמ יבנידנקס גנירה גד הליפ‬",2026,23,2
1120,"‭(10)'ג250 ןנוצמ חולמ יבנידנקס גנירה גד הליפ‬",2026,24,3
1120,"‭(10)'ג250 ןנוצמ חולמ יבנידנקס גנירה גד הליפ‬",2026,25,3
1120,"‭(10)'ג250 ןנוצמ חולמ יבנידנקס גנירה גד הליפ‬",2026,26,3
1120,"‭(10)'ג250 ןנוצמ חולמ יבנידנקס גנירה גד הליפ‬",2026,27,9
1120,"‭(10)'ג250 ןנוצמ חולמ יבנידנקס גנירה גד הליפ‬",2026,28,7
1120,"‭(10)'ג250 ןנוצמ חולמ יבנידנקס גנירה גד הליפ‬",2026,29,4
1120,"‭(10)'ג250 ןנוצמ חולמ יבנידנקס גנירה גד הליפ‬",2026,30,5
1120,"‭(10)'ג250 ןנוצמ חולמ יבנידנקס גנירה גד הליפ‬",2026,31,4
1120,"‭(10)'ג250 ןנוצמ חולמ יבנידנקס גנירה גד הליפ‬",2026,32,5
1122,"‭NP(6) םרג 180 הנבל הרקיא טלס‬",2025,33,3
1122,"‭NP(6) םרג 180 הנבל הרקיא טלס‬",2025,34,5
1122,"‭NP(6) םרג 180 הנבל הרקיא טלס‬",2025,35,3
1122,"‭NP(6) םרג 180 הנבל הרקיא טלס‬",2025,36,1
1122,"‭NP(6) םרג 180 הנבל הרקיא טלס‬",2025,37,6
1122,"‭NP(6) םרג 180 הנבל הרקיא טלס‬",2025,38,12
1122,"‭NP(6) םרג 180 הנבל הרקיא טלס‬",2025,39,1
1122,"‭NP(6) םרג 180 הנבל הרקיא טלס‬",2025,40,2
1122,"‭NP(6) םרג 180 הנבל הרקיא טלס‬",2025,41,2
1122,"‭NP(6) םרג 180 הנבל הרקיא טלס‬",2025,42,7
1122,"‭NP(6) םרג 180 הנבל הרקיא טלס‬",2025,43,12
1122,"‭NP(6) םרג 180 הנבל הרקיא טלס‬",2025,44,4
1122,"‭NP(6) םרג 180 הנבל הרקיא טלס‬",2025,45,2
1122,"‭NP(6) םרג 180 הנבל הרקיא טלס‬",2025,46,3
1122,"‭NP(6) םרג 180 הנבל הרקיא טלס‬",2025,47,6
1122,"‭NP(6) םרג 180 הנבל הרקיא טלס‬",2025,48,5
1122,"‭NP(6) םרג 180 הנבל הרקיא טלס‬",2025,49,5
1122,"‭NP(6) םרג 180 הנבל הרקיא טלס‬",2025,50,5
1122,"‭NP(6) םרג 180 הנבל הרקיא טלס‬",2025,51,6
1122,"‭NP(6) םרג 180 הנבל הרקיא טלס‬",2025,52,3
1122,"‭NP(6) םרג 180 הנבל הרקיא טלס‬",2025,53,6
1122,"‭NP(6) םרג 180 הנבל הרקיא טלס‬",2026,2,7
1122,"‭NP(6) םרג 180 הנבל הרקיא טלס‬",2026,3,1
1122,"‭NP(6) םרג 180 הנבל הרקיא טלס‬",2026,4,9
1122,"‭NP(6) םרג 180 הנבל הרקיא טלס‬",2026,5,8
1122,"‭NP(6) םרג 180 הנבל הרקיא טלס‬",2026,6,1
1122,"‭NP(6) םרג 180 הנבל הרקיא טלס‬",2026,7,2
1122,"‭NP(6) םרג 180 הנבל הרקיא טלס‬",2026,8,1
1122,"‭NP(6) םרג 180 הנבל הרקיא טלס‬",2026,9,3
1122,"‭NP(6) םרג 180 הנבל הרקיא טלס‬",2026,10,6
1122,"‭NP(6) םרג 180 הנבל הרקיא טלס‬",2026,11,6.17
1122,"‭NP(6) םרג 180 הנבל הרקיא טלס‬",2026,12,5.83
1122,"‭NP(6) םרג 180 הנבל הרקיא טלס‬",2026,15,1
1122,"‭NP(6) םרג 180 הנבל הרקיא טלס‬",2026,16,11
1122,"‭NP(6) םרג 180 הנבל הרקיא טלס‬",2026,17,2
1122,"‭NP(6) םרג 180 הנבל הרקיא טלס‬",2026,18,6
1122,"‭NP(6) םרג 180 הנבל הרקיא טלס‬",2026,19,5
1122,"‭NP(6) םרג 180 הנבל הרקיא טלס‬",2026,20,5
1122,"‭NP(6) םרג 180 הנבל הרקיא טלס‬",2026,21,8
1122,"‭NP(6) םרג 180 הנבל הרקיא טלס‬",2026,22,3
1122,"‭NP(6) םרג 180 הנבל הרקיא טלס‬",2026,23,6
1122,"‭NP(6) םרג 180 הנבל הרקיא טלס‬",2026,24,4
1122,"‭NP(6) םרג 180 הנבל הרקיא טלס‬",2026,25,4
1122,"‭NP(6) םרג 180 הנבל הרקיא טלס‬",2026,26,7
1122,"‭NP(6) םרג 180 הנבל הרקיא טלס‬",2026,27,3
1122,"‭NP(6) םרג 180 הנבל הרקיא טלס‬",2026,28,2
1122,"‭NP(6) םרג 180 הנבל הרקיא טלס‬",2026,29,2
1122,"‭NP(6) םרג 180 הנבל הרקיא טלס‬",2026,30,5
1122,"‭NP(6) םרג 180 הנבל הרקיא טלס‬",2026,31,7
1122,"‭NP(6) םרג 180 הנבל הרקיא טלס‬",2026,32,6
1123,"‭NP(6) םרג 180 הדורו הרקיא טלס‬",2025,33,7
1123,"‭NP(6) םרג 180 הדורו הרקיא טלס‬",2025,34,6
1123,"‭NP(6) םרג 180 הדורו הרקיא טלס‬",2025,35,14
1123,"‭NP(6) םרג 180 הדורו הרקיא טלס‬",2025,36,7
1123,"‭NP(6) םרג 180 הדורו הרקיא טלס‬",2025,37,15
1123,"‭NP(6) םרג 180 הדורו הרקיא טלס‬",2025,38,18
1123,"‭NP(6) םרג 180 הדורו הרקיא טלס‬",2025,39,6
1123,"‭NP(6) םרג 180 הדורו הרקיא טלס‬",2025,40,10
1123,"‭NP(6) םרג 180 הדורו הרקיא טלס‬",2025,41,14
1123,"‭NP(6) םרג 180 הדורו הרקיא טלס‬",2025,42,6
1123,"‭NP(6) םרג 180 הדורו הרקיא טלס‬",2025,43,22
1123,"‭NP(6) םרג 180 הדורו הרקיא טלס‬",2025,44,11
1123,"‭NP(6) םרג 180 הדורו הרקיא טלס‬",2025,45,5
1123,"‭NP(6) םרג 180 הדורו הרקיא טלס‬",2025,46,9
1123,"‭NP(6) םרג 180 הדורו הרקיא טלס‬",2025,47,11
1123,"‭NP(6) םרג 180 הדורו הרקיא טלס‬",2025,48,7
1123,"‭NP(6) םרג 180 הדורו הרקיא טלס‬",2025,49,13
1123,"‭NP(6) םרג 180 הדורו הרקיא טלס‬",2025,50,14
1123,"‭NP(6) םרג 180 הדורו הרקיא טלס‬",2025,51,13
1123,"‭NP(6) םרג 180 הדורו הרקיא טלס‬",2025,52,8
1123,"‭NP(6) םרג 180 הדורו הרקיא טלס‬",2025,53,13
1123,"‭NP(6) םרג 180 הדורו הרקיא טלס‬",2026,2,4
1123,"‭NP(6) םרג 180 הדורו הרקיא טלס‬",2026,3,1
1123,"‭NP(6) םרג 180 הדורו הרקיא טלס‬",2026,4,19
1123,"‭NP(6) םרג 180 הדורו הרקיא טלס‬",2026,5,9
1123,"‭NP(6) םרג 180 הדורו הרקיא טלס‬",2026,6,9
1123,"‭NP(6) םרג 180 הדורו הרקיא טלס‬",2026,7,11
1123,"‭NP(6) םרג 180 הדורו הרקיא טלס‬",2026,8,8
1123,"‭NP(6) םרג 180 הדורו הרקיא טלס‬",2026,9,7
1123,"‭NP(6) םרג 180 הדורו הרקיא טלס‬",2026,10,13
1123,"‭NP(6) םרג 180 הדורו הרקיא טלס‬",2026,11,10.17
1123,"‭NP(6) םרג 180 הדורו הרקיא טלס‬",2026,12,11.83
1123,"‭NP(6) םרג 180 הדורו הרקיא טלס‬",2026,13,9
1123,"‭NP(6) םרג 180 הדורו הרקיא טלס‬",2026,15,4
1123,"‭NP(6) םרג 180 הדורו הרקיא טלס‬",2026,16,28
1123,"‭NP(6) םרג 180 הדורו הרקיא טלס‬",2026,17,11
1123,"‭NP(6) םרג 180 הדורו הרקיא טלס‬",2026,18,14
1123,"‭NP(6) םרג 180 הדורו הרקיא טלס‬",2026,19,10
1123,"‭NP(6) םרג 180 הדורו הרקיא טלס‬",2026,20,11
1123,"‭NP(6) םרג 180 הדורו הרקיא טלס‬",2026,21,10
1123,"‭NP(6) םרג 180 הדורו הרקיא טלס‬",2026,22,15
1123,"‭NP(6) םרג 180 הדורו הרקיא טלס‬",2026,23,8
1123,"‭NP(6) םרג 180 הדורו הרקיא טלס‬",2026,24,7
1123,"‭NP(6) םרג 180 הדורו הרקיא טלס‬",2026,25,7
1123,"‭NP(6) םרג 180 הדורו הרקיא טלס‬",2026,26,13
1123,"‭NP(6) םרג 180 הדורו הרקיא טלס‬",2026,27,6
1123,"‭NP(6) םרג 180 הדורו הרקיא טלס‬",2026,28,12
1123,"‭NP(6) םרג 180 הדורו הרקיא טלס‬",2026,29,6
1123,"‭NP(6) םרג 180 הדורו הרקיא טלס‬",2026,30,8
1123,"‭NP(6) םרג 180 הדורו הרקיא טלס‬",2026,31,7
1123,"‭NP(6) םרג 180 הדורו הרקיא טלס‬",2026,32,11
1124,"‭NP(6) םרג 180 םינשועמ ןומלסו לרופ םע הרקיא טלס‬",2025,33,6
1124,"‭NP(6) םרג 180 םינשועמ ןומלסו לרופ םע הרקיא טלס‬",2025,34,10.5
1124,"‭NP(6) םרג 180 םינשועמ ןומלסו לרופ םע הרקיא טלס‬",2025,35,5
1124,"‭NP(6) םרג 180 םינשועמ ןומלסו לרופ םע הרקיא טלס‬",2025,36,3
1124,"‭NP(6) םרג 180 םינשועמ ןומלסו לרופ םע הרקיא טלס‬",2025,37,12
1124,"‭NP(6) םרג 180 םינשועמ ןומלסו לרופ םע הרקיא טלס‬",2025,38,12
1124,"‭NP(6) םרג 180 םינשועמ ןומלסו לרופ םע הרקיא טלס‬",2025,39,2.5
1124,"‭NP(6) םרג 180 םינשועמ ןומלסו לרופ םע הרקיא טלס‬",2025,40,6
1124,"‭NP(6) םרג 180 םינשועמ ןומלסו לרופ םע הרקיא טלס‬",2025,41,14
1124,"‭NP(6) םרג 180 םינשועמ ןומלסו לרופ םע הרקיא טלס‬",2025,42,5
1124,"‭NP(6) םרג 180 םינשועמ ןומלסו לרופ םע הרקיא טלס‬",2025,43,13
1124,"‭NP(6) םרג 180 םינשועמ ןומלסו לרופ םע הרקיא טלס‬",2025,44,13
1124,"‭NP(6) םרג 180 םינשועמ ןומלסו לרופ םע הרקיא טלס‬",2025,45,5
1124,"‭NP(6) םרג 180 םינשועמ ןומלסו לרופ םע הרקיא טלס‬",2025,46,11
1124,"‭NP(6) םרג 180 םינשועמ ןומלסו לרופ םע הרקיא טלס‬",2025,47,8
1124,"‭NP(6) םרג 180 םינשועמ ןומלסו לרופ םע הרקיא טלס‬",2025,48,13
1124,"‭NP(6) םרג 180 םינשועמ ןומלסו לרופ םע הרקיא טלס‬",2025,49,5
1124,"‭NP(6) םרג 180 םינשועמ ןומלסו לרופ םע הרקיא טלס‬",2025,50,7
1124,"‭NP(6) םרג 180 םינשועמ ןומלסו לרופ םע הרקיא טלס‬",2025,51,7
1124,"‭NP(6) םרג 180 םינשועמ ןומלסו לרופ םע הרקיא טלס‬",2025,52,10
1124,"‭NP(6) םרג 180 םינשועמ ןומלסו לרופ םע הרקיא טלס‬",2025,53,7
1124,"‭NP(6) םרג 180 םינשועמ ןומלסו לרופ םע הרקיא טלס‬",2026,2,11.33
1124,"‭NP(6) םרג 180 םינשועמ ןומלסו לרופ םע הרקיא טלס‬",2026,3,9
1124,"‭NP(6) םרג 180 םינשועמ ןומלסו לרופ םע הרקיא טלס‬",2026,4,4
1124,"‭NP(6) םרג 180 םינשועמ ןומלסו לרופ םע הרקיא טלס‬",2026,5,9
1124,"‭NP(6) םרג 180 םינשועמ ןומלסו לרופ םע הרקיא טלס‬",2026,6,12
1124,"‭NP(6) םרג 180 םינשועמ ןומלסו לרופ םע הרקיא טלס‬",2026,7,5.67
1124,"‭NP(6) םרג 180 םינשועמ ןומלסו לרופ םע הרקיא טלס‬",2026,8,8
1124,"‭NP(6) םרג 180 םינשועמ ןומלסו לרופ םע הרקיא טלס‬",2026,9,5
1124,"‭NP(6) םרג 180 םינשועמ ןומלסו לרופ םע הרקיא טלס‬",2026,10,5
1124,"‭NP(6) םרג 180 םינשועמ ןומלסו לרופ םע הרקיא טלס‬",2026,11,5
1124,"‭NP(6) םרג 180 םינשועמ ןומלסו לרופ םע הרקיא טלס‬",2026,12,9
1124,"‭NP(6) םרג 180 םינשועמ ןומלסו לרופ םע הרקיא טלס‬",2026,13,7
1124,"‭NP(6) םרג 180 םינשועמ ןומלסו לרופ םע הרקיא טלס‬",2026,15,2
1124,"‭NP(6) םרג 180 םינשועמ ןומלסו לרופ םע הרקיא טלס‬",2026,16,21
1124,"‭NP(6) םרג 180 םינשועמ ןומלסו לרופ םע הרקיא טלס‬",2026,17,10
1124,"‭NP(6) םרג 180 םינשועמ ןומלסו לרופ םע הרקיא טלס‬",2026,18,8
1124,"‭NP(6) םרג 180 םינשועמ ןומלסו לרופ םע הרקיא טלס‬",2026,19,5
1124,"‭NP(6) םרג 180 םינשועמ ןומלסו לרופ םע הרקיא טלס‬",2026,20,12
1124,"‭NP(6) םרג 180 םינשועמ ןומלסו לרופ םע הרקיא טלס‬",2026,21,8
1124,"‭NP(6) םרג 180 םינשועמ ןומלסו לרופ םע הרקיא טלס‬",2026,22,5
1124,"‭NP(6) םרג 180 םינשועמ ןומלסו לרופ םע הרקיא טלס‬",2026,23,8
1124,"‭NP(6) םרג 180 םינשועמ ןומלסו לרופ םע הרקיא טלס‬",2026,24,10
1124,"‭NP(6) םרג 180 םינשועמ ןומלסו לרופ םע הרקיא טלס‬",2026,25,4
1124,"‭NP(6) םרג 180 םינשועמ ןומלסו לרופ םע הרקיא טלס‬",2026,26,7
1124,"‭NP(6) םרג 180 םינשועמ ןומלסו לרופ םע הרקיא טלס‬",2026,27,13
1124,"‭NP(6) םרג 180 םינשועמ ןומלסו לרופ םע הרקיא טלס‬",2026,28,5
1124,"‭NP(6) םרג 180 םינשועמ ןומלסו לרופ םע הרקיא טלס‬",2026,29,5
1124,"‭NP(6) םרג 180 םינשועמ ןומלסו לרופ םע הרקיא טלס‬",2026,30,9
1124,"‭NP(6) םרג 180 םינשועמ ןומלסו לרופ םע הרקיא טלס‬",2026,31,7
1124,"‭NP(6) םרג 180 םינשועמ ןומלסו לרופ םע הרקיא טלס‬",2026,32,10
1147,"‭(6)'ג500 (RS) ןמשב גנירה הליפ תוכיתח‬",2026,16,1
1147,"‭(6)'ג500 (RS) ןמשב גנירה הליפ תוכיתח‬",2026,26,2
1147,"‭(6)'ג500 (RS) ןמשב גנירה הליפ תוכיתח‬",2026,27,1
1148,"‭(6)'ג500 (RS) ןמשב רימש םע גנירה הליפ תוכיתח‬",2026,25,1
1148,"‭(6)'ג500 (RS) ןמשב רימש םע גנירה הליפ תוכיתח‬",2026,26,3
1148,"‭(6)'ג500 (RS) ןמשב רימש םע גנירה הליפ תוכיתח‬",2026,27,2
1148,"‭(6)'ג500 (RS) ןמשב רימש םע גנירה הליפ תוכיתח‬",2026,29,1
1150,"‭(10)'ג150 (RS) ןמשב גנירה הליפ תוכיתח‬",2026,27,2
1154,"‭(11)'ג230 (NP) ןנוצמ ןמשב חלמומ גנירה גד הליפ‬",2025,33,1
1154,"‭(11)'ג230 (NP) ןנוצמ ןמשב חלמומ גנירה גד הליפ‬",2025,34,4
1154,"‭(11)'ג230 (NP) ןנוצמ ןמשב חלמומ גנירה גד הליפ‬",2025,35,2
1154,"‭(11)'ג230 (NP) ןנוצמ ןמשב חלמומ גנירה גד הליפ‬",2025,36,2
1154,"‭(11)'ג230 (NP) ןנוצמ ןמשב חלמומ גנירה גד הליפ‬",2025,37,3
1154,"‭(11)'ג230 (NP) ןנוצמ ןמשב חלמומ גנירה גד הליפ‬",2025,38,4
1154,"‭(11)'ג230 (NP) ןנוצמ ןמשב חלמומ גנירה גד הליפ‬",2025,39,1
1154,"‭(11)'ג230 (NP) ןנוצמ ןמשב חלמומ גנירה גד הליפ‬",2025,40,1
1154,"‭(11)'ג230 (NP) ןנוצמ ןמשב חלמומ גנירה גד הליפ‬",2025,41,1
1154,"‭(11)'ג230 (NP) ןנוצמ ןמשב חלמומ גנירה גד הליפ‬",2025,42,2
1154,"‭(11)'ג230 (NP) ןנוצמ ןמשב חלמומ גנירה גד הליפ‬",2025,43,2
1154,"‭(11)'ג230 (NP) ןנוצמ ןמשב חלמומ גנירה גד הליפ‬",2025,44,1
1154,"‭(11)'ג230 (NP) ןנוצמ ןמשב חלמומ גנירה גד הליפ‬",2025,45,4
1154,"‭(11)'ג230 (NP) ןנוצמ ןמשב חלמומ גנירה גד הליפ‬",2025,46,2
1154,"‭(11)'ג230 (NP) ןנוצמ ןמשב חלמומ גנירה גד הליפ‬",2025,47,2
1154,"‭(11)'ג230 (NP) ןנוצמ ןמשב חלמומ גנירה גד הליפ‬",2025,48,1
1154,"‭(11)'ג230 (NP) ןנוצמ ןמשב חלמומ גנירה גד הליפ‬",2025,52,4
1154,"‭(11)'ג230 (NP) ןנוצמ ןמשב חלמומ גנירה גד הליפ‬",2025,53,9
1154,"‭(11)'ג230 (NP) ןנוצמ ןמשב חלמומ גנירה גד הליפ‬",2026,2,3
1154,"‭(11)'ג230 (NP) ןנוצמ ןמשב חלמומ גנירה גד הליפ‬",2026,3,1
1154,"‭(11)'ג230 (NP) ןנוצמ ןמשב חלמומ גנירה גד הליפ‬",2026,6,2
1154,"‭(11)'ג230 (NP) ןנוצמ ןמשב חלמומ גנירה גד הליפ‬",2026,7,2
1154,"‭(11)'ג230 (NP) ןנוצמ ןמשב חלמומ גנירה גד הליפ‬",2026,8,1
1154,"‭(11)'ג230 (NP) ןנוצמ ןמשב חלמומ גנירה גד הליפ‬",2026,9,1
1154,"‭(11)'ג230 (NP) ןנוצמ ןמשב חלמומ גנירה גד הליפ‬",2026,11,3
1154,"‭(11)'ג230 (NP) ןנוצמ ןמשב חלמומ גנירה גד הליפ‬",2026,12,2
1154,"‭(11)'ג230 (NP) ןנוצמ ןמשב חלמומ גנירה גד הליפ‬",2026,14,3
1154,"‭(11)'ג230 (NP) ןנוצמ ןמשב חלמומ גנירה גד הליפ‬",2026,15,1
1154,"‭(11)'ג230 (NP) ןנוצמ ןמשב חלמומ גנירה גד הליפ‬",2026,16,2
1154,"‭(11)'ג230 (NP) ןנוצמ ןמשב חלמומ גנירה גד הליפ‬",2026,18,1
1154,"‭(11)'ג230 (NP) ןנוצמ ןמשב חלמומ גנירה גד הליפ‬",2026,19,2
1154,"‭(11)'ג230 (NP) ןנוצמ ןמשב חלמומ גנירה גד הליפ‬",2026,20,0.91
1154,"‭(11)'ג230 (NP) ןנוצמ ןמשב חלמומ גנירה גד הליפ‬",2026,26,1
1154,"‭(11)'ג230 (NP) ןנוצמ ןמשב חלמומ גנירה גד הליפ‬",2026,27,2
1156,"‭(6)'ג400 (RS) ןמשב גנירה הליפ‬",2026,24,1
1156,"‭(6)'ג400 (RS) ןמשב גנירה הליפ‬",2026,25,2
1156,"‭(6)'ג400 (RS) ןמשב גנירה הליפ‬",2026,26,1
1156,"‭(6)'ג400 (RS) ןמשב גנירה הליפ‬",2026,27,2
1156,"‭(6)'ג400 (RS) ןמשב גנירה הליפ‬",2026,28,1
1156,"‭(6)'ג400 (RS) ןמשב גנירה הליפ‬",2026,29,6
1157,"‭(6)'ג400 (NP) ןמשב (ץוצק) גנירה הליפ‬",2025,33,2
1157,"‭(6)'ג400 (NP) ןמשב (ץוצק) גנירה הליפ‬",2025,34,3
1157,"‭(6)'ג400 (NP) ןמשב (ץוצק) גנירה הליפ‬",2025,35,6
1157,"‭(6)'ג400 (NP) ןמשב (ץוצק) גנירה הליפ‬",2025,36,2
1157,"‭(6)'ג400 (NP) ןמשב (ץוצק) גנירה הליפ‬",2025,37,9
1157,"‭(6)'ג400 (NP) ןמשב (ץוצק) גנירה הליפ‬",2025,38,7
1157,"‭(6)'ג400 (NP) ןמשב (ץוצק) גנירה הליפ‬",2025,39,3
1157,"‭(6)'ג400 (NP) ןמשב (ץוצק) גנירה הליפ‬",2025,40,3
1157,"‭(6)'ג400 (NP) ןמשב (ץוצק) גנירה הליפ‬",2025,41,4
1157,"‭(6)'ג400 (NP) ןמשב (ץוצק) גנירה הליפ‬",2025,42,8
1157,"‭(6)'ג400 (NP) ןמשב (ץוצק) גנירה הליפ‬",2025,43,3
1157,"‭(6)'ג400 (NP) ןמשב (ץוצק) גנירה הליפ‬",2025,44,4
1157,"‭(6)'ג400 (NP) ןמשב (ץוצק) גנירה הליפ‬",2025,45,4
1157,"‭(6)'ג400 (NP) ןמשב (ץוצק) גנירה הליפ‬",2025,46,6
1157,"‭(6)'ג400 (NP) ןמשב (ץוצק) גנירה הליפ‬",2025,47,5
1157,"‭(6)'ג400 (NP) ןמשב (ץוצק) גנירה הליפ‬",2025,48,5
1157,"‭(6)'ג400 (NP) ןמשב (ץוצק) גנירה הליפ‬",2025,49,3
1157,"‭(6)'ג400 (NP) ןמשב (ץוצק) גנירה הליפ‬",2025,50,5
1157,"‭(6)'ג400 (NP) ןמשב (ץוצק) גנירה הליפ‬",2025,51,6
1157,"‭(6)'ג400 (NP) ןמשב (ץוצק) גנירה הליפ‬",2025,52,14
1157,"‭(6)'ג400 (NP) ןמשב (ץוצק) גנירה הליפ‬",2025,53,6
1157,"‭(6)'ג400 (NP) ןמשב (ץוצק) גנירה הליפ‬",2026,2,10
1157,"‭(6)'ג400 (NP) ןמשב (ץוצק) גנירה הליפ‬",2026,3,9
1157,"‭(6)'ג400 (NP) ןמשב (ץוצק) גנירה הליפ‬",2026,4,7
1157,"‭(6)'ג400 (NP) ןמשב (ץוצק) גנירה הליפ‬",2026,5,4
1157,"‭(6)'ג400 (NP) ןמשב (ץוצק) גנירה הליפ‬",2026,6,4
1157,"‭(6)'ג400 (NP) ןמשב (ץוצק) גנירה הליפ‬",2026,7,3
1157,"‭(6)'ג400 (NP) ןמשב (ץוצק) גנירה הליפ‬",2026,8,7
1157,"‭(6)'ג400 (NP) ןמשב (ץוצק) גנירה הליפ‬",2026,9,6
1157,"‭(6)'ג400 (NP) ןמשב (ץוצק) גנירה הליפ‬",2026,10,4
1157,"‭(6)'ג400 (NP) ןמשב (ץוצק) גנירה הליפ‬",2026,11,7
1157,"‭(6)'ג400 (NP) ןמשב (ץוצק) גנירה הליפ‬",2026,12,4
1157,"‭(6)'ג400 (NP) ןמשב (ץוצק) גנירה הליפ‬",2026,13,7
1157,"‭(6)'ג400 (NP) ןמשב (ץוצק) גנירה הליפ‬",2026,14,8
1157,"‭(6)'ג400 (NP) ןמשב (ץוצק) גנירה הליפ‬",2026,15,2
1157,"‭(6)'ג400 (NP) ןמשב (ץוצק) גנירה הליפ‬",2026,16,6
1157,"‭(6)'ג400 (NP) ןמשב (ץוצק) גנירה הליפ‬",2026,17,5
1157,"‭(6)'ג400 (NP) ןמשב (ץוצק) גנירה הליפ‬",2026,18,6
1157,"‭(6)'ג400 (NP) ןמשב (ץוצק) גנירה הליפ‬",2026,19,5
1157,"‭(6)'ג400 (NP) ןמשב (ץוצק) גנירה הליפ‬",2026,20,1
1157,"‭(6)'ג400 (NP) ןמשב (ץוצק) גנירה הליפ‬",2026,21,7
1157,"‭(6)'ג400 (NP) ןמשב (ץוצק) גנירה הליפ‬",2026,22,5
1157,"‭(6)'ג400 (NP) ןמשב (ץוצק) גנירה הליפ‬",2026,23,2
1157,"‭(6)'ג400 (NP) ןמשב (ץוצק) גנירה הליפ‬",2026,24,3
1157,"‭(6)'ג400 (NP) ןמשב (ץוצק) גנירה הליפ‬",2026,25,5
1157,"‭(6)'ג400 (NP) ןמשב (ץוצק) גנירה הליפ‬",2026,26,4
1157,"‭(6)'ג400 (NP) ןמשב (ץוצק) גנירה הליפ‬",2026,27,6
1157,"‭(6)'ג400 (NP) ןמשב (ץוצק) גנירה הליפ‬",2026,28,8
1157,"‭(6)'ג400 (NP) ןמשב (ץוצק) גנירה הליפ‬",2026,29,10
1157,"‭(6)'ג400 (NP) ןמשב (ץוצק) גנירה הליפ‬",2026,30,3
1157,"‭(6)'ג400 (NP) ןמשב (ץוצק) גנירה הליפ‬",2026,31,6
1157,"‭(6)'ג400 (NP) ןמשב (ץוצק) גנירה הליפ‬",2026,32,4
1163,"‭(10)'ג150 (NP) ןנוצמ ןמשב חלמומ גנירה גד הליפ תוכיתח‬",2025,34,6
1163,"‭(10)'ג150 (NP) ןנוצמ ןמשב חלמומ גנירה גד הליפ תוכיתח‬",2025,35,6
1163,"‭(10)'ג150 (NP) ןנוצמ ןמשב חלמומ גנירה גד הליפ תוכיתח‬",2025,36,7
1163,"‭(10)'ג150 (NP) ןנוצמ ןמשב חלמומ גנירה גד הליפ תוכיתח‬",2025,37,4
1163,"‭(10)'ג150 (NP) ןנוצמ ןמשב חלמומ גנירה גד הליפ תוכיתח‬",2025,38,5
1163,"‭(10)'ג150 (NP) ןנוצמ ןמשב חלמומ גנירה גד הליפ תוכיתח‬",2025,39,2
1163,"‭(10)'ג150 (NP) ןנוצמ ןמשב חלמומ גנירה גד הליפ תוכיתח‬",2025,40,3
1163,"‭(10)'ג150 (NP) ןנוצמ ןמשב חלמומ גנירה גד הליפ תוכיתח‬",2025,41,6
1163,"‭(10)'ג150 (NP) ןנוצמ ןמשב חלמומ גנירה גד הליפ תוכיתח‬",2025,42,5
1163,"‭(10)'ג150 (NP) ןנוצמ ןמשב חלמומ גנירה גד הליפ תוכיתח‬",2025,43,4
1163,"‭(10)'ג150 (NP) ןנוצמ ןמשב חלמומ גנירה גד הליפ תוכיתח‬",2025,44,6
1163,"‭(10)'ג150 (NP) ןנוצמ ןמשב חלמומ גנירה גד הליפ תוכיתח‬",2025,45,4
1163,"‭(10)'ג150 (NP) ןנוצמ ןמשב חלמומ גנירה גד הליפ תוכיתח‬",2025,46,4
1163,"‭(10)'ג150 (NP) ןנוצמ ןמשב חלמומ גנירה גד הליפ תוכיתח‬",2025,47,3
1163,"‭(10)'ג150 (NP) ןנוצמ ןמשב חלמומ גנירה גד הליפ תוכיתח‬",2025,48,7
1163,"‭(10)'ג150 (NP) ןנוצמ ןמשב חלמומ גנירה גד הליפ תוכיתח‬",2025,49,5
1163,"‭(10)'ג150 (NP) ןנוצמ ןמשב חלמומ גנירה גד הליפ תוכיתח‬",2025,50,4
1163,"‭(10)'ג150 (NP) ןנוצמ ןמשב חלמומ גנירה גד הליפ תוכיתח‬",2025,51,6
1163,"‭(10)'ג150 (NP) ןנוצמ ןמשב חלמומ גנירה גד הליפ תוכיתח‬",2025,52,3
1163,"‭(10)'ג150 (NP) ןנוצמ ןמשב חלמומ גנירה גד הליפ תוכיתח‬",2025,53,3
1163,"‭(10)'ג150 (NP) ןנוצמ ןמשב חלמומ גנירה גד הליפ תוכיתח‬",2026,2,5
1163,"‭(10)'ג150 (NP) ןנוצמ ןמשב חלמומ גנירה גד הליפ תוכיתח‬",2026,3,5
1163,"‭(10)'ג150 (NP) ןנוצמ ןמשב חלמומ גנירה גד הליפ תוכיתח‬",2026,4,4
1163,"‭(10)'ג150 (NP) ןנוצמ ןמשב חלמומ גנירה גד הליפ תוכיתח‬",2026,5,7
1163,"‭(10)'ג150 (NP) ןנוצמ ןמשב חלמומ גנירה גד הליפ תוכיתח‬",2026,6,5
1163,"‭(10)'ג150 (NP) ןנוצמ ןמשב חלמומ גנירה גד הליפ תוכיתח‬",2026,7,4
1163,"‭(10)'ג150 (NP) ןנוצמ ןמשב חלמומ גנירה גד הליפ תוכיתח‬",2026,8,3
1163,"‭(10)'ג150 (NP) ןנוצמ ןמשב חלמומ גנירה גד הליפ תוכיתח‬",2026,9,6
1163,"‭(10)'ג150 (NP) ןנוצמ ןמשב חלמומ גנירה גד הליפ תוכיתח‬",2026,10,1
1163,"‭(10)'ג150 (NP) ןנוצמ ןמשב חלמומ גנירה גד הליפ תוכיתח‬",2026,11,3
1163,"‭(10)'ג150 (NP) ןנוצמ ןמשב חלמומ גנירה גד הליפ תוכיתח‬",2026,12,2
1163,"‭(10)'ג150 (NP) ןנוצמ ןמשב חלמומ גנירה גד הליפ תוכיתח‬",2026,13,9
1163,"‭(10)'ג150 (NP) ןנוצמ ןמשב חלמומ גנירה גד הליפ תוכיתח‬",2026,14,5
1163,"‭(10)'ג150 (NP) ןנוצמ ןמשב חלמומ גנירה גד הליפ תוכיתח‬",2026,15,2
1163,"‭(10)'ג150 (NP) ןנוצמ ןמשב חלמומ גנירה גד הליפ תוכיתח‬",2026,16,4
1163,"‭(10)'ג150 (NP) ןנוצמ ןמשב חלמומ גנירה גד הליפ תוכיתח‬",2026,18,3
1163,"‭(10)'ג150 (NP) ןנוצמ ןמשב חלמומ גנירה גד הליפ תוכיתח‬",2026,19,5
1163,"‭(10)'ג150 (NP) ןנוצמ ןמשב חלמומ גנירה גד הליפ תוכיתח‬",2026,20,5
1163,"‭(10)'ג150 (NP) ןנוצמ ןמשב חלמומ גנירה גד הליפ תוכיתח‬",2026,21,4
1163,"‭(10)'ג150 (NP) ןנוצמ ןמשב חלמומ גנירה גד הליפ תוכיתח‬",2026,22,4
1163,"‭(10)'ג150 (NP) ןנוצמ ןמשב חלמומ גנירה גד הליפ תוכיתח‬",2026,23,3
1163,"‭(10)'ג150 (NP) ןנוצמ ןמשב חלמומ גנירה גד הליפ תוכיתח‬",2026,24,5
1163,"‭(10)'ג150 (NP) ןנוצמ ןמשב חלמומ גנירה גד הליפ תוכיתח‬",2026,25,3
1163,"‭(10)'ג150 (NP) ןנוצמ ןמשב חלמומ גנירה גד הליפ תוכיתח‬",2026,26,7
1163,"‭(10)'ג150 (NP) ןנוצמ ןמשב חלמומ גנירה גד הליפ תוכיתח‬",2026,27,1
1163,"‭(10)'ג150 (NP) ןנוצמ ןמשב חלמומ גנירה גד הליפ תוכיתח‬",2026,28,4
1163,"‭(10)'ג150 (NP) ןנוצמ ןמשב חלמומ גנירה גד הליפ תוכיתח‬",2026,29,7
1163,"‭(10)'ג150 (NP) ןנוצמ ןמשב חלמומ גנירה גד הליפ תוכיתח‬",2026,30,6
1163,"‭(10)'ג150 (NP) ןנוצמ ןמשב חלמומ גנירה גד הליפ תוכיתח‬",2026,31,3
1163,"‭(10)'ג150 (NP) ןנוצמ ןמשב חלמומ גנירה גד הליפ תוכיתח‬",2026,32,7
1164,"‭(10)'ג150 (NP) ןנוצמ ןמשב לצב םע חלמומ גנירה גד הליפ תוכיתח‬",2025,34,3
1164,"‭(10)'ג150 (NP) ןנוצמ ןמשב לצב םע חלמומ גנירה גד הליפ תוכיתח‬",2025,35,5
1164,"‭(10)'ג150 (NP) ןנוצמ ןמשב לצב םע חלמומ גנירה גד הליפ תוכיתח‬",2025,36,5
1164,"‭(10)'ג150 (NP) ןנוצמ ןמשב לצב םע חלמומ גנירה גד הליפ תוכיתח‬",2025,37,6
1164,"‭(10)'ג150 (NP) ןנוצמ ןמשב לצב םע חלמומ גנירה גד הליפ תוכיתח‬",2025,38,2
1164,"‭(10)'ג150 (NP) ןנוצמ ןמשב לצב םע חלמומ גנירה גד הליפ תוכיתח‬",2025,39,3
1164,"‭(10)'ג150 (NP) ןנוצמ ןמשב לצב םע חלמומ גנירה גד הליפ תוכיתח‬",2025,40,3
1164,"‭(10)'ג150 (NP) ןנוצמ ןמשב לצב םע חלמומ גנירה גד הליפ תוכיתח‬",2025,41,4
1164,"‭(10)'ג150 (NP) ןנוצמ ןמשב לצב םע חלמומ גנירה גד הליפ תוכיתח‬",2025,42,5
1164,"‭(10)'ג150 (NP) ןנוצמ ןמשב לצב םע חלמומ גנירה גד הליפ תוכיתח‬",2025,43,6
1164,"‭(10)'ג150 (NP) ןנוצמ ןמשב לצב םע חלמומ גנירה גד הליפ תוכיתח‬",2025,44,1
1164,"‭(10)'ג150 (NP) ןנוצמ ןמשב לצב םע חלמומ גנירה גד הליפ תוכיתח‬",2025,45,2
1164,"‭(10)'ג150 (NP) ןנוצמ ןמשב לצב םע חלמומ גנירה גד הליפ תוכיתח‬",2025,46,4
1164,"‭(10)'ג150 (NP) ןנוצמ ןמשב לצב םע חלמומ גנירה גד הליפ תוכיתח‬",2025,47,3
1164,"‭(10)'ג150 (NP) ןנוצמ ןמשב לצב םע חלמומ גנירה גד הליפ תוכיתח‬",2025,48,6
1164,"‭(10)'ג150 (NP) ןנוצמ ןמשב לצב םע חלמומ גנירה גד הליפ תוכיתח‬",2025,49,4
1164,"‭(10)'ג150 (NP) ןנוצמ ןמשב לצב םע חלמומ גנירה גד הליפ תוכיתח‬",2025,50,1
1164,"‭(10)'ג150 (NP) ןנוצמ ןמשב לצב םע חלמומ גנירה גד הליפ תוכיתח‬",2025,51,3
1164,"‭(10)'ג150 (NP) ןנוצמ ןמשב לצב םע חלמומ גנירה גד הליפ תוכיתח‬",2025,52,5
1164,"‭(10)'ג150 (NP) ןנוצמ ןמשב לצב םע חלמומ גנירה גד הליפ תוכיתח‬",2025,53,3
1164,"‭(10)'ג150 (NP) ןנוצמ ןמשב לצב םע חלמומ גנירה גד הליפ תוכיתח‬",2026,2,5
1164,"‭(10)'ג150 (NP) ןנוצמ ןמשב לצב םע חלמומ גנירה גד הליפ תוכיתח‬",2026,3,2
1164,"‭(10)'ג150 (NP) ןנוצמ ןמשב לצב םע חלמומ גנירה גד הליפ תוכיתח‬",2026,4,3
1164,"‭(10)'ג150 (NP) ןנוצמ ןמשב לצב םע חלמומ גנירה גד הליפ תוכיתח‬",2026,5,4
1164,"‭(10)'ג150 (NP) ןנוצמ ןמשב לצב םע חלמומ גנירה גד הליפ תוכיתח‬",2026,7,3
1164,"‭(10)'ג150 (NP) ןנוצמ ןמשב לצב םע חלמומ גנירה גד הליפ תוכיתח‬",2026,8,4
1164,"‭(10)'ג150 (NP) ןנוצמ ןמשב לצב םע חלמומ גנירה גד הליפ תוכיתח‬",2026,9,5
1164,"‭(10)'ג150 (NP) ןנוצמ ןמשב לצב םע חלמומ גנירה גד הליפ תוכיתח‬",2026,10,2
1164,"‭(10)'ג150 (NP) ןנוצמ ןמשב לצב םע חלמומ גנירה גד הליפ תוכיתח‬",2026,11,1
1164,"‭(10)'ג150 (NP) ןנוצמ ןמשב לצב םע חלמומ גנירה גד הליפ תוכיתח‬",2026,12,1
1164,"‭(10)'ג150 (NP) ןנוצמ ןמשב לצב םע חלמומ גנירה גד הליפ תוכיתח‬",2026,13,4
1164,"‭(10)'ג150 (NP) ןנוצמ ןמשב לצב םע חלמומ גנירה גד הליפ תוכיתח‬",2026,14,3
1164,"‭(10)'ג150 (NP) ןנוצמ ןמשב לצב םע חלמומ גנירה גד הליפ תוכיתח‬",2026,15,2
1164,"‭(10)'ג150 (NP) ןנוצמ ןמשב לצב םע חלמומ גנירה גד הליפ תוכיתח‬",2026,16,3
1164,"‭(10)'ג150 (NP) ןנוצמ ןמשב לצב םע חלמומ גנירה גד הליפ תוכיתח‬",2026,18,1
1164,"‭(10)'ג150 (NP) ןנוצמ ןמשב לצב םע חלמומ גנירה גד הליפ תוכיתח‬",2026,19,7
1164,"‭(10)'ג150 (NP) ןנוצמ ןמשב לצב םע חלמומ גנירה גד הליפ תוכיתח‬",2026,20,3
1164,"‭(10)'ג150 (NP) ןנוצמ ןמשב לצב םע חלמומ גנירה גד הליפ תוכיתח‬",2026,21,1
1164,"‭(10)'ג150 (NP) ןנוצמ ןמשב לצב םע חלמומ גנירה גד הליפ תוכיתח‬",2026,22,3
1164,"‭(10)'ג150 (NP) ןנוצמ ןמשב לצב םע חלמומ גנירה גד הליפ תוכיתח‬",2026,23,2
1164,"‭(10)'ג150 (NP) ןנוצמ ןמשב לצב םע חלמומ גנירה גד הליפ תוכיתח‬",2026,24,4
1164,"‭(10)'ג150 (NP) ןנוצמ ןמשב לצב םע חלמומ גנירה גד הליפ תוכיתח‬",2026,25,2
1164,"‭(10)'ג150 (NP) ןנוצמ ןמשב לצב םע חלמומ גנירה גד הליפ תוכיתח‬",2026,26,3
1164,"‭(10)'ג150 (NP) ןנוצמ ןמשב לצב םע חלמומ גנירה גד הליפ תוכיתח‬",2026,27,2
1164,"‭(10)'ג150 (NP) ןנוצמ ןמשב לצב םע חלמומ גנירה גד הליפ תוכיתח‬",2026,28,2
1164,"‭(10)'ג150 (NP) ןנוצמ ןמשב לצב םע חלמומ גנירה גד הליפ תוכיתח‬",2026,29,2
1164,"‭(10)'ג150 (NP) ןנוצמ ןמשב לצב םע חלמומ גנירה גד הליפ תוכיתח‬",2026,30,6
1164,"‭(10)'ג150 (NP) ןנוצמ ןמשב לצב םע חלמומ גנירה גד הליפ תוכיתח‬",2026,31,5
1164,"‭(10)'ג150 (NP) ןנוצמ ןמשב לצב םע חלמומ גנירה גד הליפ תוכיתח‬",2026,32,3
1165,"‭(6)'ג400 (NP) ןנוצמ ןמשב חלמומ גנירה גד הליפ‬",2025,34,3
1165,"‭(6)'ג400 (NP) ןנוצמ ןמשב חלמומ גנירה גד הליפ‬",2025,35,11.17
1165,"‭(6)'ג400 (NP) ןנוצמ ןמשב חלמומ גנירה גד הליפ‬",2025,36,6.83
1165,"‭(6)'ג400 (NP) ןנוצמ ןמשב חלמומ גנירה גד הליפ‬",2025,37,13
1165,"‭(6)'ג400 (NP) ןנוצמ ןמשב חלמומ גנירה גד הליפ‬",2025,38,11
1165,"‭(6)'ג400 (NP) ןנוצמ ןמשב חלמומ גנירה גד הליפ‬",2025,39,5
1165,"‭(6)'ג400 (NP) ןנוצמ ןמשב חלמומ גנירה גד הליפ‬",2025,40,6
1165,"‭(6)'ג400 (NP) ןנוצמ ןמשב חלמומ גנירה גד הליפ‬",2025,41,10
1165,"‭(6)'ג400 (NP) ןנוצמ ןמשב חלמומ גנירה גד הליפ‬",2025,42,12
1165,"‭(6)'ג400 (NP) ןנוצמ ןמשב חלמומ גנירה גד הליפ‬",2025,43,2
1165,"‭(6)'ג400 (NP) ןנוצמ ןמשב חלמומ גנירה גד הליפ‬",2025,47,1
1165,"‭(6)'ג400 (NP) ןנוצמ ןמשב חלמומ גנירה גד הליפ‬",2025,48,14
1165,"‭(6)'ג400 (NP) ןנוצמ ןמשב חלמומ גנירה גד הליפ‬",2025,49,6
1165,"‭(6)'ג400 (NP) ןנוצמ ןמשב חלמומ גנירה גד הליפ‬",2025,50,7
1165,"‭(6)'ג400 (NP) ןנוצמ ןמשב חלמומ גנירה גד הליפ‬",2025,51,9
1165,"‭(6)'ג400 (NP) ןנוצמ ןמשב חלמומ גנירה גד הליפ‬",2025,52,13
1165,"‭(6)'ג400 (NP) ןנוצמ ןמשב חלמומ גנירה גד הליפ‬",2026,2,9
1165,"‭(6)'ג400 (NP) ןנוצמ ןמשב חלמומ גנירה גד הליפ‬",2026,3,11
1165,"‭(6)'ג400 (NP) ןנוצמ ןמשב חלמומ גנירה גד הליפ‬",2026,4,8
1165,"‭(6)'ג400 (NP) ןנוצמ ןמשב חלמומ גנירה גד הליפ‬",2026,5,9
1165,"‭(6)'ג400 (NP) ןנוצמ ןמשב חלמומ גנירה גד הליפ‬",2026,6,4
1165,"‭(6)'ג400 (NP) ןנוצמ ןמשב חלמומ גנירה גד הליפ‬",2026,7,6
1165,"‭(6)'ג400 (NP) ןנוצמ ןמשב חלמומ גנירה גד הליפ‬",2026,8,8
1165,"‭(6)'ג400 (NP) ןנוצמ ןמשב חלמומ גנירה גד הליפ‬",2026,9,7
1165,"‭(6)'ג400 (NP) ןנוצמ ןמשב חלמומ גנירה גד הליפ‬",2026,10,8
1165,"‭(6)'ג400 (NP) ןנוצמ ןמשב חלמומ גנירה גד הליפ‬",2026,11,12
1165,"‭(6)'ג400 (NP) ןנוצמ ןמשב חלמומ גנירה גד הליפ‬",2026,12,3
1165,"‭(6)'ג400 (NP) ןנוצמ ןמשב חלמומ גנירה גד הליפ‬",2026,13,10
1165,"‭(6)'ג400 (NP) ןנוצמ ןמשב חלמומ גנירה גד הליפ‬",2026,14,7
1165,"‭(6)'ג400 (NP) ןנוצמ ןמשב חלמומ גנירה גד הליפ‬",2026,15,5
1165,"‭(6)'ג400 (NP) ןנוצמ ןמשב חלמומ גנירה גד הליפ‬",2026,16,13
1165,"‭(6)'ג400 (NP) ןנוצמ ןמשב חלמומ גנירה גד הליפ‬",2026,17,6
1165,"‭(6)'ג400 (NP) ןנוצמ ןמשב חלמומ גנירה גד הליפ‬",2026,18,6
1165,"‭(6)'ג400 (NP) ןנוצמ ןמשב חלמומ גנירה גד הליפ‬",2026,19,8
1165,"‭(6)'ג400 (NP) ןנוצמ ןמשב חלמומ גנירה גד הליפ‬",2026,20,8
1165,"‭(6)'ג400 (NP) ןנוצמ ןמשב חלמומ גנירה גד הליפ‬",2026,21,8
1165,"‭(6)'ג400 (NP) ןנוצמ ןמשב חלמומ גנירה גד הליפ‬",2026,22,4
1165,"‭(6)'ג400 (NP) ןנוצמ ןמשב חלמומ גנירה גד הליפ‬",2026,23,9
1165,"‭(6)'ג400 (NP) ןנוצמ ןמשב חלמומ גנירה גד הליפ‬",2026,24,9
1165,"‭(6)'ג400 (NP) ןנוצמ ןמשב חלמומ גנירה גד הליפ‬",2026,25,6
1165,"‭(6)'ג400 (NP) ןנוצמ ןמשב חלמומ גנירה גד הליפ‬",2026,26,10
1165,"‭(6)'ג400 (NP) ןנוצמ ןמשב חלמומ גנירה גד הליפ‬",2026,27,4
1165,"‭(6)'ג400 (NP) ןנוצמ ןמשב חלמומ גנירה גד הליפ‬",2026,28,9
1165,"‭(6)'ג400 (NP) ןנוצמ ןמשב חלמומ גנירה גד הליפ‬",2026,29,6
1165,"‭(6)'ג400 (NP) ןנוצמ ןמשב חלמומ גנירה גד הליפ‬",2026,30,10
1165,"‭(6)'ג400 (NP) ןנוצמ ןמשב חלמומ גנירה גד הליפ‬",2026,31,10
1165,"‭(6)'ג400 (NP) ןנוצמ ןמשב חלמומ גנירה גד הליפ‬",2026,32,6
1166,"‭(6)'ג500 (NP) ןנוצמ ןמשב חלמומ גנירה גד הליפ תוכיתח‬",2025,34,7
1166,"‭(6)'ג500 (NP) ןנוצמ ןמשב חלמומ גנירה גד הליפ תוכיתח‬",2025,35,5
1166,"‭(6)'ג500 (NP) ןנוצמ ןמשב חלמומ גנירה גד הליפ תוכיתח‬",2025,36,8
1166,"‭(6)'ג500 (NP) ןנוצמ ןמשב חלמומ גנירה גד הליפ תוכיתח‬",2025,37,7
1166,"‭(6)'ג500 (NP) ןנוצמ ןמשב חלמומ גנירה גד הליפ תוכיתח‬",2025,38,5
1166,"‭(6)'ג500 (NP) ןנוצמ ןמשב חלמומ גנירה גד הליפ תוכיתח‬",2025,39,3
1166,"‭(6)'ג500 (NP) ןנוצמ ןמשב חלמומ גנירה גד הליפ תוכיתח‬",2025,40,4
1166,"‭(6)'ג500 (NP) ןנוצמ ןמשב חלמומ גנירה גד הליפ תוכיתח‬",2025,41,11
1166,"‭(6)'ג500 (NP) ןנוצמ ןמשב חלמומ גנירה גד הליפ תוכיתח‬",2025,42,5
1166,"‭(6)'ג500 (NP) ןנוצמ ןמשב חלמומ גנירה גד הליפ תוכיתח‬",2025,43,9
1166,"‭(6)'ג500 (NP) ןנוצמ ןמשב חלמומ גנירה גד הליפ תוכיתח‬",2025,44,7
1166,"‭(6)'ג500 (NP) ןנוצמ ןמשב חלמומ גנירה גד הליפ תוכיתח‬",2025,45,2
1166,"‭(6)'ג500 (NP) ןנוצמ ןמשב חלמומ גנירה גד הליפ תוכיתח‬",2025,46,5
1166,"‭(6)'ג500 (NP) ןנוצמ ןמשב חלמומ גנירה גד הליפ תוכיתח‬",2025,47,7
1166,"‭(6)'ג500 (NP) ןנוצמ ןמשב חלמומ גנירה גד הליפ תוכיתח‬",2025,48,5
1166,"‭(6)'ג500 (NP) ןנוצמ ןמשב חלמומ גנירה גד הליפ תוכיתח‬",2025,49,8
1166,"‭(6)'ג500 (NP) ןנוצמ ןמשב חלמומ גנירה גד הליפ תוכיתח‬",2025,50,11
1166,"‭(6)'ג500 (NP) ןנוצמ ןמשב חלמומ גנירה גד הליפ תוכיתח‬",2025,51,8
1166,"‭(6)'ג500 (NP) ןנוצמ ןמשב חלמומ גנירה גד הליפ תוכיתח‬",2025,52,10
1166,"‭(6)'ג500 (NP) ןנוצמ ןמשב חלמומ גנירה גד הליפ תוכיתח‬",2025,53,7
1166,"‭(6)'ג500 (NP) ןנוצמ ןמשב חלמומ גנירה גד הליפ תוכיתח‬",2026,2,11
1166,"‭(6)'ג500 (NP) ןנוצמ ןמשב חלמומ גנירה גד הליפ תוכיתח‬",2026,3,8
1166,"‭(6)'ג500 (NP) ןנוצמ ןמשב חלמומ גנירה גד הליפ תוכיתח‬",2026,4,8
1166,"‭(6)'ג500 (NP) ןנוצמ ןמשב חלמומ גנירה גד הליפ תוכיתח‬",2026,5,5
1166,"‭(6)'ג500 (NP) ןנוצמ ןמשב חלמומ גנירה גד הליפ תוכיתח‬",2026,6,3
1166,"‭(6)'ג500 (NP) ןנוצמ ןמשב חלמומ גנירה גד הליפ תוכיתח‬",2026,7,4
1166,"‭(6)'ג500 (NP) ןנוצמ ןמשב חלמומ גנירה גד הליפ תוכיתח‬",2026,8,10
1166,"‭(6)'ג500 (NP) ןנוצמ ןמשב חלמומ גנירה גד הליפ תוכיתח‬",2026,9,4
1166,"‭(6)'ג500 (NP) ןנוצמ ןמשב חלמומ גנירה גד הליפ תוכיתח‬",2026,10,2
1166,"‭(6)'ג500 (NP) ןנוצמ ןמשב חלמומ גנירה גד הליפ תוכיתח‬",2026,11,5
1166,"‭(6)'ג500 (NP) ןנוצמ ןמשב חלמומ גנירה גד הליפ תוכיתח‬",2026,12,8
1166,"‭(6)'ג500 (NP) ןנוצמ ןמשב חלמומ גנירה גד הליפ תוכיתח‬",2026,13,7
1166,"‭(6)'ג500 (NP) ןנוצמ ןמשב חלמומ גנירה גד הליפ תוכיתח‬",2026,14,7
1166,"‭(6)'ג500 (NP) ןנוצמ ןמשב חלמומ גנירה גד הליפ תוכיתח‬",2026,15,4
1166,"‭(6)'ג500 (NP) ןנוצמ ןמשב חלמומ גנירה גד הליפ תוכיתח‬",2026,16,4
1166,"‭(6)'ג500 (NP) ןנוצמ ןמשב חלמומ גנירה גד הליפ תוכיתח‬",2026,17,3
1166,"‭(6)'ג500 (NP) ןנוצמ ןמשב חלמומ גנירה גד הליפ תוכיתח‬",2026,18,7
1166,"‭(6)'ג500 (NP) ןנוצמ ןמשב חלמומ גנירה גד הליפ תוכיתח‬",2026,19,4
1166,"‭(6)'ג500 (NP) ןנוצמ ןמשב חלמומ גנירה גד הליפ תוכיתח‬",2026,20,5
1166,"‭(6)'ג500 (NP) ןנוצמ ןמשב חלמומ גנירה גד הליפ תוכיתח‬",2026,21,10
1166,"‭(6)'ג500 (NP) ןנוצמ ןמשב חלמומ גנירה גד הליפ תוכיתח‬",2026,22,4
1166,"‭(6)'ג500 (NP) ןנוצמ ןמשב חלמומ גנירה גד הליפ תוכיתח‬",2026,23,2
1166,"‭(6)'ג500 (NP) ןנוצמ ןמשב חלמומ גנירה גד הליפ תוכיתח‬",2026,24,4
1166,"‭(6)'ג500 (NP) ןנוצמ ןמשב חלמומ גנירה גד הליפ תוכיתח‬",2026,25,2
1166,"‭(6)'ג500 (NP) ןנוצמ ןמשב חלמומ גנירה גד הליפ תוכיתח‬",2026,26,3
1166,"‭(6)'ג500 (NP) ןנוצמ ןמשב חלמומ גנירה גד הליפ תוכיתח‬",2026,27,7
1166,"‭(6)'ג500 (NP) ןנוצמ ןמשב חלמומ גנירה גד הליפ תוכיתח‬",2026,28,3
1166,"‭(6)'ג500 (NP) ןנוצמ ןמשב חלמומ גנירה גד הליפ תוכיתח‬",2026,29,5
1166,"‭(6)'ג500 (NP) ןנוצמ ןמשב חלמומ גנירה גד הליפ תוכיתח‬",2026,30,1
1166,"‭(6)'ג500 (NP) ןנוצמ ןמשב חלמומ גנירה גד הליפ תוכיתח‬",2026,31,5
1166,"‭(6)'ג500 (NP) ןנוצמ ןמשב חלמומ גנירה גד הליפ תוכיתח‬",2026,32,4
1167,"‭(6)ג500 (NP) ןנוצמ ןמשב חלמומ יבנידנקס גנירה גד הליפ תוכיתח‬",2025,33,1
1167,"‭(6)ג500 (NP) ןנוצמ ןמשב חלמומ יבנידנקס גנירה גד הליפ תוכיתח‬",2025,34,5
1167,"‭(6)ג500 (NP) ןנוצמ ןמשב חלמומ יבנידנקס גנירה גד הליפ תוכיתח‬",2025,35,5
1167,"‭(6)ג500 (NP) ןנוצמ ןמשב חלמומ יבנידנקס גנירה גד הליפ תוכיתח‬",2025,36,6
1167,"‭(6)ג500 (NP) ןנוצמ ןמשב חלמומ יבנידנקס גנירה גד הליפ תוכיתח‬",2025,37,6
1167,"‭(6)ג500 (NP) ןנוצמ ןמשב חלמומ יבנידנקס גנירה גד הליפ תוכיתח‬",2025,38,7
1167,"‭(6)ג500 (NP) ןנוצמ ןמשב חלמומ יבנידנקס גנירה גד הליפ תוכיתח‬",2025,39,4
1167,"‭(6)ג500 (NP) ןנוצמ ןמשב חלמומ יבנידנקס גנירה גד הליפ תוכיתח‬",2025,40,3
1167,"‭(6)ג500 (NP) ןנוצמ ןמשב חלמומ יבנידנקס גנירה גד הליפ תוכיתח‬",2025,41,8
1167,"‭(6)ג500 (NP) ןנוצמ ןמשב חלמומ יבנידנקס גנירה גד הליפ תוכיתח‬",2025,42,3
1167,"‭(6)ג500 (NP) ןנוצמ ןמשב חלמומ יבנידנקס גנירה גד הליפ תוכיתח‬",2025,43,9
1167,"‭(6)ג500 (NP) ןנוצמ ןמשב חלמומ יבנידנקס גנירה גד הליפ תוכיתח‬",2025,44,6
1167,"‭(6)ג500 (NP) ןנוצמ ןמשב חלמומ יבנידנקס גנירה גד הליפ תוכיתח‬",2025,45,4
1167,"‭(6)ג500 (NP) ןנוצמ ןמשב חלמומ יבנידנקס גנירה גד הליפ תוכיתח‬",2025,46,2
1167,"‭(6)ג500 (NP) ןנוצמ ןמשב חלמומ יבנידנקס גנירה גד הליפ תוכיתח‬",2025,47,7
1167,"‭(6)ג500 (NP) ןנוצמ ןמשב חלמומ יבנידנקס גנירה גד הליפ תוכיתח‬",2025,48,6
1167,"‭(6)ג500 (NP) ןנוצמ ןמשב חלמומ יבנידנקס גנירה גד הליפ תוכיתח‬",2025,49,3
1167,"‭(6)ג500 (NP) ןנוצמ ןמשב חלמומ יבנידנקס גנירה גד הליפ תוכיתח‬",2025,50,7
1167,"‭(6)ג500 (NP) ןנוצמ ןמשב חלמומ יבנידנקס גנירה גד הליפ תוכיתח‬",2025,51,6
1167,"‭(6)ג500 (NP) ןנוצמ ןמשב חלמומ יבנידנקס גנירה גד הליפ תוכיתח‬",2025,52,2
1167,"‭(6)ג500 (NP) ןנוצמ ןמשב חלמומ יבנידנקס גנירה גד הליפ תוכיתח‬",2025,53,8
1167,"‭(6)ג500 (NP) ןנוצמ ןמשב חלמומ יבנידנקס גנירה גד הליפ תוכיתח‬",2026,2,10
1167,"‭(6)ג500 (NP) ןנוצמ ןמשב חלמומ יבנידנקס גנירה גד הליפ תוכיתח‬",2026,3,4
1167,"‭(6)ג500 (NP) ןנוצמ ןמשב חלמומ יבנידנקס גנירה גד הליפ תוכיתח‬",2026,4,3
1167,"‭(6)ג500 (NP) ןנוצמ ןמשב חלמומ יבנידנקס גנירה גד הליפ תוכיתח‬",2026,5,4
1167,"‭(6)ג500 (NP) ןנוצמ ןמשב חלמומ יבנידנקס גנירה גד הליפ תוכיתח‬",2026,6,3
1167,"‭(6)ג500 (NP) ןנוצמ ןמשב חלמומ יבנידנקס גנירה גד הליפ תוכיתח‬",2026,7,4
1167,"‭(6)ג500 (NP) ןנוצמ ןמשב חלמומ יבנידנקס גנירה גד הליפ תוכיתח‬",2026,8,6
1167,"‭(6)ג500 (NP) ןנוצמ ןמשב חלמומ יבנידנקס גנירה גד הליפ תוכיתח‬",2026,9,4
1167,"‭(6)ג500 (NP) ןנוצמ ןמשב חלמומ יבנידנקס גנירה גד הליפ תוכיתח‬",2026,10,4
1167,"‭(6)ג500 (NP) ןנוצמ ןמשב חלמומ יבנידנקס גנירה גד הליפ תוכיתח‬",2026,11,5
1167,"‭(6)ג500 (NP) ןנוצמ ןמשב חלמומ יבנידנקס גנירה גד הליפ תוכיתח‬",2026,12,7
1167,"‭(6)ג500 (NP) ןנוצמ ןמשב חלמומ יבנידנקס גנירה גד הליפ תוכיתח‬",2026,13,6
1167,"‭(6)ג500 (NP) ןנוצמ ןמשב חלמומ יבנידנקס גנירה גד הליפ תוכיתח‬",2026,14,6
1167,"‭(6)ג500 (NP) ןנוצמ ןמשב חלמומ יבנידנקס גנירה גד הליפ תוכיתח‬",2026,15,2
1167,"‭(6)ג500 (NP) ןנוצמ ןמשב חלמומ יבנידנקס גנירה גד הליפ תוכיתח‬",2026,16,5
1167,"‭(6)ג500 (NP) ןנוצמ ןמשב חלמומ יבנידנקס גנירה גד הליפ תוכיתח‬",2026,17,2
1167,"‭(6)ג500 (NP) ןנוצמ ןמשב חלמומ יבנידנקס גנירה גד הליפ תוכיתח‬",2026,18,7
1167,"‭(6)ג500 (NP) ןנוצמ ןמשב חלמומ יבנידנקס גנירה גד הליפ תוכיתח‬",2026,19,2
1167,"‭(6)ג500 (NP) ןנוצמ ןמשב חלמומ יבנידנקס גנירה גד הליפ תוכיתח‬",2026,20,6
1167,"‭(6)ג500 (NP) ןנוצמ ןמשב חלמומ יבנידנקס גנירה גד הליפ תוכיתח‬",2026,21,5
1167,"‭(6)ג500 (NP) ןנוצמ ןמשב חלמומ יבנידנקס גנירה גד הליפ תוכיתח‬",2026,22,2
1167,"‭(6)ג500 (NP) ןנוצמ ןמשב חלמומ יבנידנקס גנירה גד הליפ תוכיתח‬",2026,23,4
1167,"‭(6)ג500 (NP) ןנוצמ ןמשב חלמומ יבנידנקס גנירה גד הליפ תוכיתח‬",2026,24,7
1167,"‭(6)ג500 (NP) ןנוצמ ןמשב חלמומ יבנידנקס גנירה גד הליפ תוכיתח‬",2026,25,4
1167,"‭(6)ג500 (NP) ןנוצמ ןמשב חלמומ יבנידנקס גנירה גד הליפ תוכיתח‬",2026,26,6
1167,"‭(6)ג500 (NP) ןנוצמ ןמשב חלמומ יבנידנקס גנירה גד הליפ תוכיתח‬",2026,27,9
1167,"‭(6)ג500 (NP) ןנוצמ ןמשב חלמומ יבנידנקס גנירה גד הליפ תוכיתח‬",2026,28,3
1167,"‭(6)ג500 (NP) ןנוצמ ןמשב חלמומ יבנידנקס גנירה גד הליפ תוכיתח‬",2026,29,8
1167,"‭(6)ג500 (NP) ןנוצמ ןמשב חלמומ יבנידנקס גנירה גד הליפ תוכיתח‬",2026,30,2
1167,"‭(6)ג500 (NP) ןנוצמ ןמשב חלמומ יבנידנקס גנירה גד הליפ תוכיתח‬",2026,31,2
1167,"‭(6)ג500 (NP) ןנוצמ ןמשב חלמומ יבנידנקס גנירה גד הליפ תוכיתח‬",2026,32,7
1168,"‭(6)ג500 ""NP"" ןילבת םע ןנוצמ ןמשב חלמומ גנירה גד הליפ תוכיתח‬",2025,33,3
1168,"‭(6)ג500 ""NP"" ןילבת םע ןנוצמ ןמשב חלמומ גנירה גד הליפ תוכיתח‬",2025,34,5
1168,"‭(6)ג500 ""NP"" ןילבת םע ןנוצמ ןמשב חלמומ גנירה גד הליפ תוכיתח‬",2025,35,2
1168,"‭(6)ג500 ""NP"" ןילבת םע ןנוצמ ןמשב חלמומ גנירה גד הליפ תוכיתח‬",2025,36,8
1168,"‭(6)ג500 ""NP"" ןילבת םע ןנוצמ ןמשב חלמומ גנירה גד הליפ תוכיתח‬",2025,37,6
1168,"‭(6)ג500 ""NP"" ןילבת םע ןנוצמ ןמשב חלמומ גנירה גד הליפ תוכיתח‬",2025,38,5
1168,"‭(6)ג500 ""NP"" ןילבת םע ןנוצמ ןמשב חלמומ גנירה גד הליפ תוכיתח‬",2025,39,2
1168,"‭(6)ג500 ""NP"" ןילבת םע ןנוצמ ןמשב חלמומ גנירה גד הליפ תוכיתח‬",2025,40,5
1168,"‭(6)ג500 ""NP"" ןילבת םע ןנוצמ ןמשב חלמומ גנירה גד הליפ תוכיתח‬",2025,41,6
1168,"‭(6)ג500 ""NP"" ןילבת םע ןנוצמ ןמשב חלמומ גנירה גד הליפ תוכיתח‬",2025,42,2
1168,"‭(6)ג500 ""NP"" ןילבת םע ןנוצמ ןמשב חלמומ גנירה גד הליפ תוכיתח‬",2025,43,1
1168,"‭(6)ג500 ""NP"" ןילבת םע ןנוצמ ןמשב חלמומ גנירה גד הליפ תוכיתח‬",2025,44,8
1168,"‭(6)ג500 ""NP"" ןילבת םע ןנוצמ ןמשב חלמומ גנירה גד הליפ תוכיתח‬",2025,45,4
1168,"‭(6)ג500 ""NP"" ןילבת םע ןנוצמ ןמשב חלמומ גנירה גד הליפ תוכיתח‬",2025,46,4
1168,"‭(6)ג500 ""NP"" ןילבת םע ןנוצמ ןמשב חלמומ גנירה גד הליפ תוכיתח‬",2025,47,4
1168,"‭(6)ג500 ""NP"" ןילבת םע ןנוצמ ןמשב חלמומ גנירה גד הליפ תוכיתח‬",2025,48,1
1168,"‭(6)ג500 ""NP"" ןילבת םע ןנוצמ ןמשב חלמומ גנירה גד הליפ תוכיתח‬",2025,49,3
1168,"‭(6)ג500 ""NP"" ןילבת םע ןנוצמ ןמשב חלמומ גנירה גד הליפ תוכיתח‬",2025,50,9
1168,"‭(6)ג500 ""NP"" ןילבת םע ןנוצמ ןמשב חלמומ גנירה גד הליפ תוכיתח‬",2025,51,3
1168,"‭(6)ג500 ""NP"" ןילבת םע ןנוצמ ןמשב חלמומ גנירה גד הליפ תוכיתח‬",2025,52,3
1168,"‭(6)ג500 ""NP"" ןילבת םע ןנוצמ ןמשב חלמומ גנירה גד הליפ תוכיתח‬",2025,53,3
1168,"‭(6)ג500 ""NP"" ןילבת םע ןנוצמ ןמשב חלמומ גנירה גד הליפ תוכיתח‬",2026,2,10
1168,"‭(6)ג500 ""NP"" ןילבת םע ןנוצמ ןמשב חלמומ גנירה גד הליפ תוכיתח‬",2026,3,4
1168,"‭(6)ג500 ""NP"" ןילבת םע ןנוצמ ןמשב חלמומ גנירה גד הליפ תוכיתח‬",2026,4,5
1168,"‭(6)ג500 ""NP"" ןילבת םע ןנוצמ ןמשב חלמומ גנירה גד הליפ תוכיתח‬",2026,5,4
1168,"‭(6)ג500 ""NP"" ןילבת םע ןנוצמ ןמשב חלמומ גנירה גד הליפ תוכיתח‬",2026,6,1
1168,"‭(6)ג500 ""NP"" ןילבת םע ןנוצמ ןמשב חלמומ גנירה גד הליפ תוכיתח‬",2026,7,1
1168,"‭(6)ג500 ""NP"" ןילבת םע ןנוצמ ןמשב חלמומ גנירה גד הליפ תוכיתח‬",2026,8,6
1168,"‭(6)ג500 ""NP"" ןילבת םע ןנוצמ ןמשב חלמומ גנירה גד הליפ תוכיתח‬",2026,9,4
1168,"‭(6)ג500 ""NP"" ןילבת םע ןנוצמ ןמשב חלמומ גנירה גד הליפ תוכיתח‬",2026,10,2
1168,"‭(6)ג500 ""NP"" ןילבת םע ןנוצמ ןמשב חלמומ גנירה גד הליפ תוכיתח‬",2026,11,2
1168,"‭(6)ג500 ""NP"" ןילבת םע ןנוצמ ןמשב חלמומ גנירה גד הליפ תוכיתח‬",2026,12,6
1168,"‭(6)ג500 ""NP"" ןילבת םע ןנוצמ ןמשב חלמומ גנירה גד הליפ תוכיתח‬",2026,13,4
1168,"‭(6)ג500 ""NP"" ןילבת םע ןנוצמ ןמשב חלמומ גנירה גד הליפ תוכיתח‬",2026,14,3
1168,"‭(6)ג500 ""NP"" ןילבת םע ןנוצמ ןמשב חלמומ גנירה גד הליפ תוכיתח‬",2026,15,2
1168,"‭(6)ג500 ""NP"" ןילבת םע ןנוצמ ןמשב חלמומ גנירה גד הליפ תוכיתח‬",2026,16,4
1168,"‭(6)ג500 ""NP"" ןילבת םע ןנוצמ ןמשב חלמומ גנירה גד הליפ תוכיתח‬",2026,17,1
1168,"‭(6)ג500 ""NP"" ןילבת םע ןנוצמ ןמשב חלמומ גנירה גד הליפ תוכיתח‬",2026,18,4
1168,"‭(6)ג500 ""NP"" ןילבת םע ןנוצמ ןמשב חלמומ גנירה גד הליפ תוכיתח‬",2026,19,2
1168,"‭(6)ג500 ""NP"" ןילבת םע ןנוצמ ןמשב חלמומ גנירה גד הליפ תוכיתח‬",2026,20,4
1168,"‭(6)ג500 ""NP"" ןילבת םע ןנוצמ ןמשב חלמומ גנירה גד הליפ תוכיתח‬",2026,21,4
1168,"‭(6)ג500 ""NP"" ןילבת םע ןנוצמ ןמשב חלמומ גנירה גד הליפ תוכיתח‬",2026,22,3
1168,"‭(6)ג500 ""NP"" ןילבת םע ןנוצמ ןמשב חלמומ גנירה גד הליפ תוכיתח‬",2026,23,1
1168,"‭(6)ג500 ""NP"" ןילבת םע ןנוצמ ןמשב חלמומ גנירה גד הליפ תוכיתח‬",2026,24,3
1168,"‭(6)ג500 ""NP"" ןילבת םע ןנוצמ ןמשב חלמומ גנירה גד הליפ תוכיתח‬",2026,25,3
1168,"‭(6)ג500 ""NP"" ןילבת םע ןנוצמ ןמשב חלמומ גנירה גד הליפ תוכיתח‬",2026,26,4
1168,"‭(6)ג500 ""NP"" ןילבת םע ןנוצמ ןמשב חלמומ גנירה גד הליפ תוכיתח‬",2026,27,4.83
1168,"‭(6)ג500 ""NP"" ןילבת םע ןנוצמ ןמשב חלמומ גנירה גד הליפ תוכיתח‬",2026,28,1
1168,"‭(6)ג500 ""NP"" ןילבת םע ןנוצמ ןמשב חלמומ גנירה גד הליפ תוכיתח‬",2026,29,4
1168,"‭(6)ג500 ""NP"" ןילבת םע ןנוצמ ןמשב חלמומ גנירה גד הליפ תוכיתח‬",2026,30,2
1168,"‭(6)ג500 ""NP"" ןילבת םע ןנוצמ ןמשב חלמומ גנירה גד הליפ תוכיתח‬",2026,31,2
1168,"‭(6)ג500 ""NP"" ןילבת םע ןנוצמ ןמשב חלמומ גנירה גד הליפ תוכיתח‬",2026,32,6
1170,"‭(6)'ג290 (NP) ןנוצמ ןמשב חלמומ גנירה גד הליפ תוכיתח‬",2025,37,1
1170,"‭(6)'ג290 (NP) ןנוצמ ןמשב חלמומ גנירה גד הליפ תוכיתח‬",2025,42,1
1170,"‭(6)'ג290 (NP) ןנוצמ ןמשב חלמומ גנירה גד הליפ תוכיתח‬",2025,43,1
1170,"‭(6)'ג290 (NP) ןנוצמ ןמשב חלמומ גנירה גד הליפ תוכיתח‬",2025,44,1
1170,"‭(6)'ג290 (NP) ןנוצמ ןמשב חלמומ גנירה גד הליפ תוכיתח‬",2025,45,2
1170,"‭(6)'ג290 (NP) ןנוצמ ןמשב חלמומ גנירה גד הליפ תוכיתח‬",2025,47,1
1170,"‭(6)'ג290 (NP) ןנוצמ ןמשב חלמומ גנירה גד הליפ תוכיתח‬",2025,48,1
1170,"‭(6)'ג290 (NP) ןנוצמ ןמשב חלמומ גנירה גד הליפ תוכיתח‬",2025,51,1
1170,"‭(6)'ג290 (NP) ןנוצמ ןמשב חלמומ גנירה גד הליפ תוכיתח‬",2025,53,2
1170,"‭(6)'ג290 (NP) ןנוצמ ןמשב חלמומ גנירה גד הליפ תוכיתח‬",2026,3,2
1170,"‭(6)'ג290 (NP) ןנוצמ ןמשב חלמומ גנירה גד הליפ תוכיתח‬",2026,4,1
1170,"‭(6)'ג290 (NP) ןנוצמ ןמשב חלמומ גנירה גד הליפ תוכיתח‬",2026,5,1
1170,"‭(6)'ג290 (NP) ןנוצמ ןמשב חלמומ גנירה גד הליפ תוכיתח‬",2026,7,4
1170,"‭(6)'ג290 (NP) ןנוצמ ןמשב חלמומ גנירה גד הליפ תוכיתח‬",2026,12,2
1170,"‭(6)'ג290 (NP) ןנוצמ ןמשב חלמומ גנירה גד הליפ תוכיתח‬",2026,15,1
1170,"‭(6)'ג290 (NP) ןנוצמ ןמשב חלמומ גנירה גד הליפ תוכיתח‬",2026,19,3
1170,"‭(6)'ג290 (NP) ןנוצמ ןמשב חלמומ גנירה גד הליפ תוכיתח‬",2026,21,1
1170,"‭(6)'ג290 (NP) ןנוצמ ןמשב חלמומ גנירה גד הליפ תוכיתח‬",2026,22,1
1170,"‭(6)'ג290 (NP) ןנוצמ ןמשב חלמומ גנירה גד הליפ תוכיתח‬",2026,23,1
1170,"‭(6)'ג290 (NP) ןנוצמ ןמשב חלמומ גנירה גד הליפ תוכיתח‬",2026,24,3
1170,"‭(6)'ג290 (NP) ןנוצמ ןמשב חלמומ גנירה גד הליפ תוכיתח‬",2026,26,1
1170,"‭(6)'ג290 (NP) ןנוצמ ןמשב חלמומ גנירה גד הליפ תוכיתח‬",2026,27,1
1171,"‭(6)'ג290 (NP) לצב םע ןנוצמ ןמשב חלמומ גנירה גד הליפ תוכיתח‬",2025,33,3
1171,"‭(6)'ג290 (NP) לצב םע ןנוצמ ןמשב חלמומ גנירה גד הליפ תוכיתח‬",2025,38,2
1171,"‭(6)'ג290 (NP) לצב םע ןנוצמ ןמשב חלמומ גנירה גד הליפ תוכיתח‬",2025,41,1
1171,"‭(6)'ג290 (NP) לצב םע ןנוצמ ןמשב חלמומ גנירה גד הליפ תוכיתח‬",2025,42,1
1171,"‭(6)'ג290 (NP) לצב םע ןנוצמ ןמשב חלמומ גנירה גד הליפ תוכיתח‬",2025,43,1
1171,"‭(6)'ג290 (NP) לצב םע ןנוצמ ןמשב חלמומ גנירה גד הליפ תוכיתח‬",2025,45,2
1171,"‭(6)'ג290 (NP) לצב םע ןנוצמ ןמשב חלמומ גנירה גד הליפ תוכיתח‬",2025,53,3
1171,"‭(6)'ג290 (NP) לצב םע ןנוצמ ןמשב חלמומ גנירה גד הליפ תוכיתח‬",2026,3,1
1171,"‭(6)'ג290 (NP) לצב םע ןנוצמ ןמשב חלמומ גנירה גד הליפ תוכיתח‬",2026,4,2
1171,"‭(6)'ג290 (NP) לצב םע ןנוצמ ןמשב חלמומ גנירה גד הליפ תוכיתח‬",2026,5,1
1171,"‭(6)'ג290 (NP) לצב םע ןנוצמ ןמשב חלמומ גנירה גד הליפ תוכיתח‬",2026,6,2
1171,"‭(6)'ג290 (NP) לצב םע ןנוצמ ןמשב חלמומ גנירה גד הליפ תוכיתח‬",2026,7,2
1171,"‭(6)'ג290 (NP) לצב םע ןנוצמ ןמשב חלמומ גנירה גד הליפ תוכיתח‬",2026,9,1
1171,"‭(6)'ג290 (NP) לצב םע ןנוצמ ןמשב חלמומ גנירה גד הליפ תוכיתח‬",2026,10,1
1171,"‭(6)'ג290 (NP) לצב םע ןנוצמ ןמשב חלמומ גנירה גד הליפ תוכיתח‬",2026,11,1
1171,"‭(6)'ג290 (NP) לצב םע ןנוצמ ןמשב חלמומ גנירה גד הליפ תוכיתח‬",2026,12,2
1171,"‭(6)'ג290 (NP) לצב םע ןנוצמ ןמשב חלמומ גנירה גד הליפ תוכיתח‬",2026,19,3
1171,"‭(6)'ג290 (NP) לצב םע ןנוצמ ןמשב חלמומ גנירה גד הליפ תוכיתח‬",2026,22,1
1171,"‭(6)'ג290 (NP) לצב םע ןנוצמ ןמשב חלמומ גנירה גד הליפ תוכיתח‬",2026,23,3
1171,"‭(6)'ג290 (NP) לצב םע ןנוצמ ןמשב חלמומ גנירה גד הליפ תוכיתח‬",2026,24,2
1171,"‭(6)'ג290 (NP) לצב םע ןנוצמ ןמשב חלמומ גנירה גד הליפ תוכיתח‬",2026,25,1
1171,"‭(6)'ג290 (NP) לצב םע ןנוצמ ןמשב חלמומ גנירה גד הליפ תוכיתח‬",2026,27,2
1171,"‭(6)'ג290 (NP) לצב םע ןנוצמ ןמשב חלמומ גנירה גד הליפ תוכיתח‬",2026,29,1
1172,"‭(6)ג290 (NP) ןילבת םע ןנוצמ ןמשב חלמומ גנירה גד הליפ תוכיתח‬",2025,47,1
1172,"‭(6)ג290 (NP) ןילבת םע ןנוצמ ןמשב חלמומ גנירה גד הליפ תוכיתח‬",2025,48,1
1172,"‭(6)ג290 (NP) ןילבת םע ןנוצמ ןמשב חלמומ גנירה גד הליפ תוכיתח‬",2025,49,1
1172,"‭(6)ג290 (NP) ןילבת םע ןנוצמ ןמשב חלמומ גנירה גד הליפ תוכיתח‬",2025,50,1
1172,"‭(6)ג290 (NP) ןילבת םע ןנוצמ ןמשב חלמומ גנירה גד הליפ תוכיתח‬",2025,51,3
1172,"‭(6)ג290 (NP) ןילבת םע ןנוצמ ןמשב חלמומ גנירה גד הליפ תוכיתח‬",2025,53,1
1172,"‭(6)ג290 (NP) ןילבת םע ןנוצמ ןמשב חלמומ גנירה גד הליפ תוכיתח‬",2026,3,1
1172,"‭(6)ג290 (NP) ןילבת םע ןנוצמ ןמשב חלמומ גנירה גד הליפ תוכיתח‬",2026,4,1
1172,"‭(6)ג290 (NP) ןילבת םע ןנוצמ ןמשב חלמומ גנירה גד הליפ תוכיתח‬",2026,5,1
1172,"‭(6)ג290 (NP) ןילבת םע ןנוצמ ןמשב חלמומ גנירה גד הליפ תוכיתח‬",2026,12,2
1173,"‭(6)ג290 (NP) ןנוצמ ןמשב חלמומ יבנידנקס גנירה גד הליפ תוכיתח‬",2025,47,1
1173,"‭(6)ג290 (NP) ןנוצמ ןמשב חלמומ יבנידנקס גנירה גד הליפ תוכיתח‬",2025,48,1
1173,"‭(6)ג290 (NP) ןנוצמ ןמשב חלמומ יבנידנקס גנירה גד הליפ תוכיתח‬",2025,49,1
1173,"‭(6)ג290 (NP) ןנוצמ ןמשב חלמומ יבנידנקס גנירה גד הליפ תוכיתח‬",2025,50,1
1173,"‭(6)ג290 (NP) ןנוצמ ןמשב חלמומ יבנידנקס גנירה גד הליפ תוכיתח‬",2025,51,3
1173,"‭(6)ג290 (NP) ןנוצמ ןמשב חלמומ יבנידנקס גנירה גד הליפ תוכיתח‬",2025,53,1
1173,"‭(6)ג290 (NP) ןנוצמ ןמשב חלמומ יבנידנקס גנירה גד הליפ תוכיתח‬",2026,3,1
1173,"‭(6)ג290 (NP) ןנוצמ ןמשב חלמומ יבנידנקס גנירה גד הליפ תוכיתח‬",2026,4,1
1173,"‭(6)ג290 (NP) ןנוצמ ןמשב חלמומ יבנידנקס גנירה גד הליפ תוכיתח‬",2026,5,1
1173,"‭(6)ג290 (NP) ןנוצמ ןמשב חלמומ יבנידנקס גנירה גד הליפ תוכיתח‬",2026,11,1
1173,"‭(6)ג290 (NP) ןנוצמ ןמשב חלמומ יבנידנקס גנירה גד הליפ תוכיתח‬",2026,12,4
1173,"‭(6)ג290 (NP) ןנוצמ ןמשב חלמומ יבנידנקס גנירה גד הליפ תוכיתח‬",2026,13,2
1173,"‭(6)ג290 (NP) ןנוצמ ןמשב חלמומ יבנידנקס גנירה גד הליפ תוכיתח‬",2026,16,1
1173,"‭(6)ג290 (NP) ןנוצמ ןמשב חלמומ יבנידנקס גנירה גד הליפ תוכיתח‬",2026,18,1
1173,"‭(6)ג290 (NP) ןנוצמ ןמשב חלמומ יבנידנקס גנירה גד הליפ תוכיתח‬",2026,19,3
1173,"‭(6)ג290 (NP) ןנוצמ ןמשב חלמומ יבנידנקס גנירה גד הליפ תוכיתח‬",2026,21,2
1173,"‭(6)ג290 (NP) ןנוצמ ןמשב חלמומ יבנידנקס גנירה גד הליפ תוכיתח‬",2026,22,1
1173,"‭(6)ג290 (NP) ןנוצמ ןמשב חלמומ יבנידנקס גנירה גד הליפ תוכיתח‬",2026,23,1
1173,"‭(6)ג290 (NP) ןנוצמ ןמשב חלמומ יבנידנקס גנירה גד הליפ תוכיתח‬",2026,24,1
1173,"‭(6)ג290 (NP) ןנוצמ ןמשב חלמומ יבנידנקס גנירה גד הליפ תוכיתח‬",2026,25,2
1174,"‭(6)'ג300 ןנוצמ ןמשב XXL חלמומ גנירה גד הליפ‬",2025,33,2
1174,"‭(6)'ג300 ןנוצמ ןמשב XXL חלמומ גנירה גד הליפ‬",2025,34,7
1174,"‭(6)'ג300 ןנוצמ ןמשב XXL חלמומ גנירה גד הליפ‬",2025,35,5
1174,"‭(6)'ג300 ןנוצמ ןמשב XXL חלמומ גנירה גד הליפ‬",2025,36,3
1174,"‭(6)'ג300 ןנוצמ ןמשב XXL חלמומ גנירה גד הליפ‬",2025,37,7
1174,"‭(6)'ג300 ןנוצמ ןמשב XXL חלמומ גנירה גד הליפ‬",2025,38,8
1174,"‭(6)'ג300 ןנוצמ ןמשב XXL חלמומ גנירה גד הליפ‬",2025,39,3
1174,"‭(6)'ג300 ןנוצמ ןמשב XXL חלמומ גנירה גד הליפ‬",2025,41,11
1174,"‭(6)'ג300 ןנוצמ ןמשב XXL חלמומ גנירה גד הליפ‬",2025,42,1
1174,"‭(6)'ג300 ןנוצמ ןמשב XXL חלמומ גנירה גד הליפ‬",2025,43,6
1174,"‭(6)'ג300 ןנוצמ ןמשב XXL חלמומ גנירה גד הליפ‬",2025,44,8
1174,"‭(6)'ג300 ןנוצמ ןמשב XXL חלמומ גנירה גד הליפ‬",2025,45,5
1174,"‭(6)'ג300 ןנוצמ ןמשב XXL חלמומ גנירה גד הליפ‬",2025,46,7
1174,"‭(6)'ג300 ןנוצמ ןמשב XXL חלמומ גנירה גד הליפ‬",2025,47,5
1174,"‭(6)'ג300 ןנוצמ ןמשב XXL חלמומ גנירה גד הליפ‬",2025,48,3
1174,"‭(6)'ג300 ןנוצמ ןמשב XXL חלמומ גנירה גד הליפ‬",2025,49,7
1174,"‭(6)'ג300 ןנוצמ ןמשב XXL חלמומ גנירה גד הליפ‬",2025,50,4
1174,"‭(6)'ג300 ןנוצמ ןמשב XXL חלמומ גנירה גד הליפ‬",2025,52,16
1174,"‭(6)'ג300 ןנוצמ ןמשב XXL חלמומ גנירה גד הליפ‬",2025,53,9
1174,"‭(6)'ג300 ןנוצמ ןמשב XXL חלמומ גנירה גד הליפ‬",2026,2,8
1174,"‭(6)'ג300 ןנוצמ ןמשב XXL חלמומ גנירה גד הליפ‬",2026,3,9
1174,"‭(6)'ג300 ןנוצמ ןמשב XXL חלמומ גנירה גד הליפ‬",2026,4,8
1174,"‭(6)'ג300 ןנוצמ ןמשב XXL חלמומ גנירה גד הליפ‬",2026,5,9
1174,"‭(6)'ג300 ןנוצמ ןמשב XXL חלמומ גנירה גד הליפ‬",2026,6,4
1174,"‭(6)'ג300 ןנוצמ ןמשב XXL חלמומ גנירה גד הליפ‬",2026,7,5
1174,"‭(6)'ג300 ןנוצמ ןמשב XXL חלמומ גנירה גד הליפ‬",2026,8,9
1174,"‭(6)'ג300 ןנוצמ ןמשב XXL חלמומ גנירה גד הליפ‬",2026,9,5
1174,"‭(6)'ג300 ןנוצמ ןמשב XXL חלמומ גנירה גד הליפ‬",2026,10,7
1174,"‭(6)'ג300 ןנוצמ ןמשב XXL חלמומ גנירה גד הליפ‬",2026,11,6
1174,"‭(6)'ג300 ןנוצמ ןמשב XXL חלמומ גנירה גד הליפ‬",2026,12,7
1174,"‭(6)'ג300 ןנוצמ ןמשב XXL חלמומ גנירה גד הליפ‬",2026,13,11
1174,"‭(6)'ג300 ןנוצמ ןמשב XXL חלמומ גנירה גד הליפ‬",2026,14,8
1174,"‭(6)'ג300 ןנוצמ ןמשב XXL חלמומ גנירה גד הליפ‬",2026,15,6
1174,"‭(6)'ג300 ןנוצמ ןמשב XXL חלמומ גנירה גד הליפ‬",2026,16,6
1174,"‭(6)'ג300 ןנוצמ ןמשב XXL חלמומ גנירה גד הליפ‬",2026,17,6
1174,"‭(6)'ג300 ןנוצמ ןמשב XXL חלמומ גנירה גד הליפ‬",2026,18,5
1174,"‭(6)'ג300 ןנוצמ ןמשב XXL חלמומ גנירה גד הליפ‬",2026,19,4
1174,"‭(6)'ג300 ןנוצמ ןמשב XXL חלמומ גנירה גד הליפ‬",2026,20,4
1174,"‭(6)'ג300 ןנוצמ ןמשב XXL חלמומ גנירה גד הליפ‬",2026,21,8
1174,"‭(6)'ג300 ןנוצמ ןמשב XXL חלמומ גנירה גד הליפ‬",2026,22,3
1174,"‭(6)'ג300 ןנוצמ ןמשב XXL חלמומ גנירה גד הליפ‬",2026,23,3
1174,"‭(6)'ג300 ןנוצמ ןמשב XXL חלמומ גנירה גד הליפ‬",2026,24,3
1174,"‭(6)'ג300 ןנוצמ ןמשב XXL חלמומ גנירה גד הליפ‬",2026,25,5
1174,"‭(6)'ג300 ןנוצמ ןמשב XXL חלמומ גנירה גד הליפ‬",2026,26,12
1174,"‭(6)'ג300 ןנוצמ ןמשב XXL חלמומ גנירה גד הליפ‬",2026,27,3
1174,"‭(6)'ג300 ןנוצמ ןמשב XXL חלמומ גנירה גד הליפ‬",2026,28,8
1174,"‭(6)'ג300 ןנוצמ ןמשב XXL חלמומ גנירה גד הליפ‬",2026,29,10
1174,"‭(6)'ג300 ןנוצמ ןמשב XXL חלמומ גנירה גד הליפ‬",2026,30,8
1174,"‭(6)'ג300 ןנוצמ ןמשב XXL חלמומ גנירה גד הליפ‬",2026,31,1
1174,"‭(6)'ג300 ןנוצמ ןמשב XXL חלמומ גנירה גד הליפ‬",2026,32,4
1175,"‭(3)'ג1000 ןנוצמ ןמשב חלמומ יבנידנקס גנירה גד הליפ‬",2025,37,11
1175,"‭(3)'ג1000 ןנוצמ ןמשב חלמומ יבנידנקס גנירה גד הליפ‬",2025,38,4
1175,"‭(3)'ג1000 ןנוצמ ןמשב חלמומ יבנידנקס גנירה גד הליפ‬",2025,39,1
1175,"‭(3)'ג1000 ןנוצמ ןמשב חלמומ יבנידנקס גנירה גד הליפ‬",2025,41,5
1175,"‭(3)'ג1000 ןנוצמ ןמשב חלמומ יבנידנקס גנירה גד הליפ‬",2025,42,4
1175,"‭(3)'ג1000 ןנוצמ ןמשב חלמומ יבנידנקס גנירה גד הליפ‬",2025,43,2
1175,"‭(3)'ג1000 ןנוצמ ןמשב חלמומ יבנידנקס גנירה גד הליפ‬",2025,44,1
1175,"‭(3)'ג1000 ןנוצמ ןמשב חלמומ יבנידנקס גנירה גד הליפ‬",2025,45,1
1175,"‭(3)'ג1000 ןנוצמ ןמשב חלמומ יבנידנקס גנירה גד הליפ‬",2025,47,1
1175,"‭(3)'ג1000 ןנוצמ ןמשב חלמומ יבנידנקס גנירה גד הליפ‬",2025,48,6
1175,"‭(3)'ג1000 ןנוצמ ןמשב חלמומ יבנידנקס גנירה גד הליפ‬",2025,49,7
1175,"‭(3)'ג1000 ןנוצמ ןמשב חלמומ יבנידנקס גנירה גד הליפ‬",2025,51,4
1175,"‭(3)'ג1000 ןנוצמ ןמשב חלמומ יבנידנקס גנירה גד הליפ‬",2025,52,9
1175,"‭(3)'ג1000 ןנוצמ ןמשב חלמומ יבנידנקס גנירה גד הליפ‬",2025,53,2
1175,"‭(3)'ג1000 ןנוצמ ןמשב חלמומ יבנידנקס גנירה גד הליפ‬",2026,2,5
1175,"‭(3)'ג1000 ןנוצמ ןמשב חלמומ יבנידנקס גנירה גד הליפ‬",2026,3,4
1175,"‭(3)'ג1000 ןנוצמ ןמשב חלמומ יבנידנקס גנירה גד הליפ‬",2026,4,3
1175,"‭(3)'ג1000 ןנוצמ ןמשב חלמומ יבנידנקס גנירה גד הליפ‬",2026,5,3
1175,"‭(3)'ג1000 ןנוצמ ןמשב חלמומ יבנידנקס גנירה גד הליפ‬",2026,6,1
1175,"‭(3)'ג1000 ןנוצמ ןמשב חלמומ יבנידנקס גנירה גד הליפ‬",2026,7,1
1175,"‭(3)'ג1000 ןנוצמ ןמשב חלמומ יבנידנקס גנירה גד הליפ‬",2026,8,3
1175,"‭(3)'ג1000 ןנוצמ ןמשב חלמומ יבנידנקס גנירה גד הליפ‬",2026,9,5
1175,"‭(3)'ג1000 ןנוצמ ןמשב חלמומ יבנידנקס גנירה גד הליפ‬",2026,10,5
1175,"‭(3)'ג1000 ןנוצמ ןמשב חלמומ יבנידנקס גנירה גד הליפ‬",2026,11,3
1175,"‭(3)'ג1000 ןנוצמ ןמשב חלמומ יבנידנקס גנירה גד הליפ‬",2026,12,1
1175,"‭(3)'ג1000 ןנוצמ ןמשב חלמומ יבנידנקס גנירה גד הליפ‬",2026,13,4
1175,"‭(3)'ג1000 ןנוצמ ןמשב חלמומ יבנידנקס גנירה גד הליפ‬",2026,14,3
1175,"‭(3)'ג1000 ןנוצמ ןמשב חלמומ יבנידנקס גנירה גד הליפ‬",2026,15,3
1175,"‭(3)'ג1000 ןנוצמ ןמשב חלמומ יבנידנקס גנירה גד הליפ‬",2026,16,4
1175,"‭(3)'ג1000 ןנוצמ ןמשב חלמומ יבנידנקס גנירה גד הליפ‬",2026,18,2
1175,"‭(3)'ג1000 ןנוצמ ןמשב חלמומ יבנידנקס גנירה גד הליפ‬",2026,19,2
1175,"‭(3)'ג1000 ןנוצמ ןמשב חלמומ יבנידנקס גנירה גד הליפ‬",2026,20,6
1175,"‭(3)'ג1000 ןנוצמ ןמשב חלמומ יבנידנקס גנירה גד הליפ‬",2026,22,3
1175,"‭(3)'ג1000 ןנוצמ ןמשב חלמומ יבנידנקס גנירה גד הליפ‬",2026,23,2
1175,"‭(3)'ג1000 ןנוצמ ןמשב חלמומ יבנידנקס גנירה גד הליפ‬",2026,24,1
1175,"‭(3)'ג1000 ןנוצמ ןמשב חלמומ יבנידנקס גנירה גד הליפ‬",2026,25,3
1175,"‭(3)'ג1000 ןנוצמ ןמשב חלמומ יבנידנקס גנירה גד הליפ‬",2026,26,2
1175,"‭(3)'ג1000 ןנוצמ ןמשב חלמומ יבנידנקס גנירה גד הליפ‬",2026,27,4
1175,"‭(3)'ג1000 ןנוצמ ןמשב חלמומ יבנידנקס גנירה גד הליפ‬",2026,29,5
1175,"‭(3)'ג1000 ןנוצמ ןמשב חלמומ יבנידנקס גנירה גד הליפ‬",2026,30,1
1175,"‭(3)'ג1000 ןנוצמ ןמשב חלמומ יבנידנקס גנירה גד הליפ‬",2026,31,1
1175,"‭(3)'ג1000 ןנוצמ ןמשב חלמומ יבנידנקס גנירה גד הליפ‬",2026,32,4
1180,"‭(6)'ג450 תואפקומ גורובט תניבג תוביבל‬",2025,33,1
1180,"‭(6)'ג450 תואפקומ גורובט תניבג תוביבל‬",2025,34,3
1180,"‭(6)'ג450 תואפקומ גורובט תניבג תוביבל‬",2025,35,4
1180,"‭(6)'ג450 תואפקומ גורובט תניבג תוביבל‬",2025,36,1
1180,"‭(6)'ג450 תואפקומ גורובט תניבג תוביבל‬",2025,37,8
1180,"‭(6)'ג450 תואפקומ גורובט תניבג תוביבל‬",2025,38,1
1180,"‭(6)'ג450 תואפקומ גורובט תניבג תוביבל‬",2025,39,4
1180,"‭(6)'ג450 תואפקומ גורובט תניבג תוביבל‬",2025,40,4
1180,"‭(6)'ג450 תואפקומ גורובט תניבג תוביבל‬",2025,41,3
1180,"‭(6)'ג450 תואפקומ גורובט תניבג תוביבל‬",2025,42,1
1180,"‭(6)'ג450 תואפקומ גורובט תניבג תוביבל‬",2025,43,3
1180,"‭(6)'ג450 תואפקומ גורובט תניבג תוביבל‬",2025,44,5
1180,"‭(6)'ג450 תואפקומ גורובט תניבג תוביבל‬",2025,45,2
1180,"‭(6)'ג450 תואפקומ גורובט תניבג תוביבל‬",2025,46,2
1180,"‭(6)'ג450 תואפקומ גורובט תניבג תוביבל‬",2025,47,4
1180,"‭(6)'ג450 תואפקומ גורובט תניבג תוביבל‬",2025,48,1
1180,"‭(6)'ג450 תואפקומ גורובט תניבג תוביבל‬",2025,49,3
1180,"‭(6)'ג450 תואפקומ גורובט תניבג תוביבל‬",2025,50,2
1180,"‭(6)'ג450 תואפקומ גורובט תניבג תוביבל‬",2025,51,6
1180,"‭(6)'ג450 תואפקומ גורובט תניבג תוביבל‬",2025,52,2
1180,"‭(6)'ג450 תואפקומ גורובט תניבג תוביבל‬",2026,2,3
1180,"‭(6)'ג450 תואפקומ גורובט תניבג תוביבל‬",2026,3,2
1180,"‭(6)'ג450 תואפקומ גורובט תניבג תוביבל‬",2026,4,1
1180,"‭(6)'ג450 תואפקומ גורובט תניבג תוביבל‬",2026,5,4
1180,"‭(6)'ג450 תואפקומ גורובט תניבג תוביבל‬",2026,6,3
1180,"‭(6)'ג450 תואפקומ גורובט תניבג תוביבל‬",2026,7,1
1180,"‭(6)'ג450 תואפקומ גורובט תניבג תוביבל‬",2026,8,6
1180,"‭(6)'ג450 תואפקומ גורובט תניבג תוביבל‬",2026,9,4
1180,"‭(6)'ג450 תואפקומ גורובט תניבג תוביבל‬",2026,10,2
1180,"‭(6)'ג450 תואפקומ גורובט תניבג תוביבל‬",2026,11,2
1180,"‭(6)'ג450 תואפקומ גורובט תניבג תוביבל‬",2026,12,2
1180,"‭(6)'ג450 תואפקומ גורובט תניבג תוביבל‬",2026,13,1
1180,"‭(6)'ג450 תואפקומ גורובט תניבג תוביבל‬",2026,14,2
1180,"‭(6)'ג450 תואפקומ גורובט תניבג תוביבל‬",2026,15,2
1180,"‭(6)'ג450 תואפקומ גורובט תניבג תוביבל‬",2026,16,9
1180,"‭(6)'ג450 תואפקומ גורובט תניבג תוביבל‬",2026,17,1
1180,"‭(6)'ג450 תואפקומ גורובט תניבג תוביבל‬",2026,18,4
1180,"‭(6)'ג450 תואפקומ גורובט תניבג תוביבל‬",2026,19,3
1180,"‭(6)'ג450 תואפקומ גורובט תניבג תוביבל‬",2026,20,8
1180,"‭(6)'ג450 תואפקומ גורובט תניבג תוביבל‬",2026,21,9
1180,"‭(6)'ג450 תואפקומ גורובט תניבג תוביבל‬",2026,22,3
1180,"‭(6)'ג450 תואפקומ גורובט תניבג תוביבל‬",2026,23,5
1180,"‭(6)'ג450 תואפקומ גורובט תניבג תוביבל‬",2026,24,3
1180,"‭(6)'ג450 תואפקומ גורובט תניבג תוביבל‬",2026,25,1
1180,"‭(6)'ג450 תואפקומ גורובט תניבג תוביבל‬",2026,26,9
1180,"‭(6)'ג450 תואפקומ גורובט תניבג תוביבל‬",2026,27,2
1180,"‭(6)'ג450 תואפקומ גורובט תניבג תוביבל‬",2026,28,1
1180,"‭(6)'ג450 תואפקומ גורובט תניבג תוביבל‬",2026,29,3
1180,"‭(6)'ג450 תואפקומ גורובט תניבג תוביבל‬",2026,30,3
1180,"‭(6)'ג450 תואפקומ גורובט תניבג תוביבל‬",2026,31,1
1180,"‭(6)'ג450 תואפקומ גורובט תניבג תוביבל‬",2026,32,1
1181,"‭(6)'ג450 םיאפקומ תולוחכ תוינמכוא יולימב (הוורפ) םינוסיכ‬",2025,37,1
1181,"‭(6)'ג450 םיאפקומ תולוחכ תוינמכוא יולימב (הוורפ) םינוסיכ‬",2025,40,1
1181,"‭(6)'ג450 םיאפקומ תולוחכ תוינמכוא יולימב (הוורפ) םינוסיכ‬",2025,43,1
1181,"‭(6)'ג450 םיאפקומ תולוחכ תוינמכוא יולימב (הוורפ) םינוסיכ‬",2025,47,1
1181,"‭(6)'ג450 םיאפקומ תולוחכ תוינמכוא יולימב (הוורפ) םינוסיכ‬",2025,50,1
1181,"‭(6)'ג450 םיאפקומ תולוחכ תוינמכוא יולימב (הוורפ) םינוסיכ‬",2025,51,2
1181,"‭(6)'ג450 םיאפקומ תולוחכ תוינמכוא יולימב (הוורפ) םינוסיכ‬",2025,52,3
1181,"‭(6)'ג450 םיאפקומ תולוחכ תוינמכוא יולימב (הוורפ) םינוסיכ‬",2026,3,1
1181,"‭(6)'ג450 םיאפקומ תולוחכ תוינמכוא יולימב (הוורפ) םינוסיכ‬",2026,10,1
1181,"‭(6)'ג450 םיאפקומ תולוחכ תוינמכוא יולימב (הוורפ) םינוסיכ‬",2026,12,1
1181,"‭(6)'ג450 םיאפקומ תולוחכ תוינמכוא יולימב (הוורפ) םינוסיכ‬",2026,29,1
1182,"‭(6)'ג450 םיאפקומ םינבדבוד יולימב םינוסיכ‬",2025,33,2
1182,"‭(6)'ג450 םיאפקומ םינבדבוד יולימב םינוסיכ‬",2025,34,2
1182,"‭(6)'ג450 םיאפקומ םינבדבוד יולימב םינוסיכ‬",2025,36,4
1182,"‭(6)'ג450 םיאפקומ םינבדבוד יולימב םינוסיכ‬",2025,37,3
1182,"‭(6)'ג450 םיאפקומ םינבדבוד יולימב םינוסיכ‬",2025,39,1
1182,"‭(6)'ג450 םיאפקומ םינבדבוד יולימב םינוסיכ‬",2025,40,2
1182,"‭(6)'ג450 םיאפקומ םינבדבוד יולימב םינוסיכ‬",2025,41,3
1182,"‭(6)'ג450 םיאפקומ םינבדבוד יולימב םינוסיכ‬",2025,43,5
1182,"‭(6)'ג450 םיאפקומ םינבדבוד יולימב םינוסיכ‬",2025,44,3
1182,"‭(6)'ג450 םיאפקומ םינבדבוד יולימב םינוסיכ‬",2025,46,3
1182,"‭(6)'ג450 םיאפקומ םינבדבוד יולימב םינוסיכ‬",2025,47,3
1182,"‭(6)'ג450 םיאפקומ םינבדבוד יולימב םינוסיכ‬",2025,50,3
1182,"‭(6)'ג450 םיאפקומ םינבדבוד יולימב םינוסיכ‬",2025,51,4
1182,"‭(6)'ג450 םיאפקומ םינבדבוד יולימב םינוסיכ‬",2025,52,4
1182,"‭(6)'ג450 םיאפקומ םינבדבוד יולימב םינוסיכ‬",2026,2,2
1182,"‭(6)'ג450 םיאפקומ םינבדבוד יולימב םינוסיכ‬",2026,3,3
1182,"‭(6)'ג450 םיאפקומ םינבדבוד יולימב םינוסיכ‬",2026,4,1
1182,"‭(6)'ג450 םיאפקומ םינבדבוד יולימב םינוסיכ‬",2026,5,3
1182,"‭(6)'ג450 םיאפקומ םינבדבוד יולימב םינוסיכ‬",2026,6,1
1182,"‭(6)'ג450 םיאפקומ םינבדבוד יולימב םינוסיכ‬",2026,7,1
1182,"‭(6)'ג450 םיאפקומ םינבדבוד יולימב םינוסיכ‬",2026,8,1
1182,"‭(6)'ג450 םיאפקומ םינבדבוד יולימב םינוסיכ‬",2026,9,2
1182,"‭(6)'ג450 םיאפקומ םינבדבוד יולימב םינוסיכ‬",2026,10,2
1182,"‭(6)'ג450 םיאפקומ םינבדבוד יולימב םינוסיכ‬",2026,11,1
1182,"‭(6)'ג450 םיאפקומ םינבדבוד יולימב םינוסיכ‬",2026,12,2
1182,"‭(6)'ג450 םיאפקומ םינבדבוד יולימב םינוסיכ‬",2026,13,2
1182,"‭(6)'ג450 םיאפקומ םינבדבוד יולימב םינוסיכ‬",2026,14,2
1182,"‭(6)'ג450 םיאפקומ םינבדבוד יולימב םינוסיכ‬",2026,15,2
1182,"‭(6)'ג450 םיאפקומ םינבדבוד יולימב םינוסיכ‬",2026,16,8
1182,"‭(6)'ג450 םיאפקומ םינבדבוד יולימב םינוסיכ‬",2026,18,1
1182,"‭(6)'ג450 םיאפקומ םינבדבוד יולימב םינוסיכ‬",2026,20,5
1182,"‭(6)'ג450 םיאפקומ םינבדבוד יולימב םינוסיכ‬",2026,21,7
1182,"‭(6)'ג450 םיאפקומ םינבדבוד יולימב םינוסיכ‬",2026,22,3
1182,"‭(6)'ג450 םיאפקומ םינבדבוד יולימב םינוסיכ‬",2026,23,3
1182,"‭(6)'ג450 םיאפקומ םינבדבוד יולימב םינוסיכ‬",2026,24,2
1182,"‭(6)'ג450 םיאפקומ םינבדבוד יולימב םינוסיכ‬",2026,25,2
1182,"‭(6)'ג450 םיאפקומ םינבדבוד יולימב םינוסיכ‬",2026,26,1
1182,"‭(6)'ג450 םיאפקומ םינבדבוד יולימב םינוסיכ‬",2026,27,1
1182,"‭(6)'ג450 םיאפקומ םינבדבוד יולימב םינוסיכ‬",2026,28,1
1182,"‭(6)'ג450 םיאפקומ םינבדבוד יולימב םינוסיכ‬",2026,29,1.17
1182,"‭(6)'ג450 םיאפקומ םינבדבוד יולימב םינוסיכ‬",2026,31,1.83
1182,"‭(6)'ג450 םיאפקומ םינבדבוד יולימב םינוסיכ‬",2026,32,2
1184,"‭(6)'ג450 םיאפקומ תוירטפו א""ופת יולימב ""הוורפ"" םינוסיכ‬",2025,33,1
1184,"‭(6)'ג450 םיאפקומ תוירטפו א""ופת יולימב ""הוורפ"" םינוסיכ‬",2025,34,6
1184,"‭(6)'ג450 םיאפקומ תוירטפו א""ופת יולימב ""הוורפ"" םינוסיכ‬",2025,35,3
1184,"‭(6)'ג450 םיאפקומ תוירטפו א""ופת יולימב ""הוורפ"" םינוסיכ‬",2025,36,3
1184,"‭(6)'ג450 םיאפקומ תוירטפו א""ופת יולימב ""הוורפ"" םינוסיכ‬",2025,37,6
1184,"‭(6)'ג450 םיאפקומ תוירטפו א""ופת יולימב ""הוורפ"" םינוסיכ‬",2025,38,5
1184,"‭(6)'ג450 םיאפקומ תוירטפו א""ופת יולימב ""הוורפ"" םינוסיכ‬",2025,39,3
1184,"‭(6)'ג450 םיאפקומ תוירטפו א""ופת יולימב ""הוורפ"" םינוסיכ‬",2025,40,2
1184,"‭(6)'ג450 םיאפקומ תוירטפו א""ופת יולימב ""הוורפ"" םינוסיכ‬",2025,41,12
1184,"‭(6)'ג450 םיאפקומ תוירטפו א""ופת יולימב ""הוורפ"" םינוסיכ‬",2025,42,1
1184,"‭(6)'ג450 םיאפקומ תוירטפו א""ופת יולימב ""הוורפ"" םינוסיכ‬",2025,43,1
1184,"‭(6)'ג450 םיאפקומ תוירטפו א""ופת יולימב ""הוורפ"" םינוסיכ‬",2025,45,6
1184,"‭(6)'ג450 םיאפקומ תוירטפו א""ופת יולימב ""הוורפ"" םינוסיכ‬",2025,46,3
1184,"‭(6)'ג450 םיאפקומ תוירטפו א""ופת יולימב ""הוורפ"" םינוסיכ‬",2025,47,1
1184,"‭(6)'ג450 םיאפקומ תוירטפו א""ופת יולימב ""הוורפ"" םינוסיכ‬",2025,48,1
1184,"‭(6)'ג450 םיאפקומ תוירטפו א""ופת יולימב ""הוורפ"" םינוסיכ‬",2025,49,2
1184,"‭(6)'ג450 םיאפקומ תוירטפו א""ופת יולימב ""הוורפ"" םינוסיכ‬",2025,51,6
1184,"‭(6)'ג450 םיאפקומ תוירטפו א""ופת יולימב ""הוורפ"" םינוסיכ‬",2025,52,5
1184,"‭(6)'ג450 םיאפקומ תוירטפו א""ופת יולימב ""הוורפ"" םינוסיכ‬",2025,53,3
1184,"‭(6)'ג450 םיאפקומ תוירטפו א""ופת יולימב ""הוורפ"" םינוסיכ‬",2026,2,6
1184,"‭(6)'ג450 םיאפקומ תוירטפו א""ופת יולימב ""הוורפ"" םינוסיכ‬",2026,3,1
1184,"‭(6)'ג450 םיאפקומ תוירטפו א""ופת יולימב ""הוורפ"" םינוסיכ‬",2026,4,3
1184,"‭(6)'ג450 םיאפקומ תוירטפו א""ופת יולימב ""הוורפ"" םינוסיכ‬",2026,5,3
1184,"‭(6)'ג450 םיאפקומ תוירטפו א""ופת יולימב ""הוורפ"" םינוסיכ‬",2026,6,3
1184,"‭(6)'ג450 םיאפקומ תוירטפו א""ופת יולימב ""הוורפ"" םינוסיכ‬",2026,7,0.17
1184,"‭(6)'ג450 םיאפקומ תוירטפו א""ופת יולימב ""הוורפ"" םינוסיכ‬",2026,8,3.17
1184,"‭(6)'ג450 םיאפקומ תוירטפו א""ופת יולימב ""הוורפ"" םינוסיכ‬",2026,9,2
1184,"‭(6)'ג450 םיאפקומ תוירטפו א""ופת יולימב ""הוורפ"" םינוסיכ‬",2026,10,1
1184,"‭(6)'ג450 םיאפקומ תוירטפו א""ופת יולימב ""הוורפ"" םינוסיכ‬",2026,11,3.67
1184,"‭(6)'ג450 םיאפקומ תוירטפו א""ופת יולימב ""הוורפ"" םינוסיכ‬",2026,12,3.33
1184,"‭(6)'ג450 םיאפקומ תוירטפו א""ופת יולימב ""הוורפ"" םינוסיכ‬",2026,13,3
1184,"‭(6)'ג450 םיאפקומ תוירטפו א""ופת יולימב ""הוורפ"" םינוסיכ‬",2026,15,1.67
1184,"‭(6)'ג450 םיאפקומ תוירטפו א""ופת יולימב ""הוורפ"" םינוסיכ‬",2026,16,5
1184,"‭(6)'ג450 םיאפקומ תוירטפו א""ופת יולימב ""הוורפ"" םינוסיכ‬",2026,17,4
1184,"‭(6)'ג450 םיאפקומ תוירטפו א""ופת יולימב ""הוורפ"" םינוסיכ‬",2026,18,5
1184,"‭(6)'ג450 םיאפקומ תוירטפו א""ופת יולימב ""הוורפ"" םינוסיכ‬",2026,19,4
1184,"‭(6)'ג450 םיאפקומ תוירטפו א""ופת יולימב ""הוורפ"" םינוסיכ‬",2026,20,6
1184,"‭(6)'ג450 םיאפקומ תוירטפו א""ופת יולימב ""הוורפ"" םינוסיכ‬",2026,21,3
1184,"‭(6)'ג450 םיאפקומ תוירטפו א""ופת יולימב ""הוורפ"" םינוסיכ‬",2026,22,2
1184,"‭(6)'ג450 םיאפקומ תוירטפו א""ופת יולימב ""הוורפ"" םינוסיכ‬",2026,23,3
1184,"‭(6)'ג450 םיאפקומ תוירטפו א""ופת יולימב ""הוורפ"" םינוסיכ‬",2026,24,3
1184,"‭(6)'ג450 םיאפקומ תוירטפו א""ופת יולימב ""הוורפ"" םינוסיכ‬",2026,25,4
1184,"‭(6)'ג450 םיאפקומ תוירטפו א""ופת יולימב ""הוורפ"" םינוסיכ‬",2026,26,6.67
1184,"‭(6)'ג450 םיאפקומ תוירטפו א""ופת יולימב ""הוורפ"" םינוסיכ‬",2026,27,5
1184,"‭(6)'ג450 םיאפקומ תוירטפו א""ופת יולימב ""הוורפ"" םינוסיכ‬",2026,28,2
1184,"‭(6)'ג450 םיאפקומ תוירטפו א""ופת יולימב ""הוורפ"" םינוסיכ‬",2026,29,5
1184,"‭(6)'ג450 םיאפקומ תוירטפו א""ופת יולימב ""הוורפ"" םינוסיכ‬",2026,30,3
1184,"‭(6)'ג450 םיאפקומ תוירטפו א""ופת יולימב ""הוורפ"" םינוסיכ‬",2026,31,2
1184,"‭(6)'ג450 םיאפקומ תוירטפו א""ופת יולימב ""הוורפ"" םינוסיכ‬",2026,32,5
1185,"‭(6)'ג450 םיאפקומ לצבו א""ופת יולימב ""הוורפ"" םינוסיכ‬",2025,34,1
1185,"‭(6)'ג450 םיאפקומ לצבו א""ופת יולימב ""הוורפ"" םינוסיכ‬",2025,35,4
1185,"‭(6)'ג450 םיאפקומ לצבו א""ופת יולימב ""הוורפ"" םינוסיכ‬",2025,36,3
1185,"‭(6)'ג450 םיאפקומ לצבו א""ופת יולימב ""הוורפ"" םינוסיכ‬",2025,37,6
1185,"‭(6)'ג450 םיאפקומ לצבו א""ופת יולימב ""הוורפ"" םינוסיכ‬",2025,38,2
1185,"‭(6)'ג450 םיאפקומ לצבו א""ופת יולימב ""הוורפ"" םינוסיכ‬",2025,39,2
1185,"‭(6)'ג450 םיאפקומ לצבו א""ופת יולימב ""הוורפ"" םינוסיכ‬",2025,40,3
1185,"‭(6)'ג450 םיאפקומ לצבו א""ופת יולימב ""הוורפ"" םינוסיכ‬",2025,41,4
1185,"‭(6)'ג450 םיאפקומ לצבו א""ופת יולימב ""הוורפ"" םינוסיכ‬",2025,42,3
1185,"‭(6)'ג450 םיאפקומ לצבו א""ופת יולימב ""הוורפ"" םינוסיכ‬",2025,43,7.83
1185,"‭(6)'ג450 םיאפקומ לצבו א""ופת יולימב ""הוורפ"" םינוסיכ‬",2025,44,2
1185,"‭(6)'ג450 םיאפקומ לצבו א""ופת יולימב ""הוורפ"" םינוסיכ‬",2025,45,4
1185,"‭(6)'ג450 םיאפקומ לצבו א""ופת יולימב ""הוורפ"" םינוסיכ‬",2025,46,4
1185,"‭(6)'ג450 םיאפקומ לצבו א""ופת יולימב ""הוורפ"" םינוסיכ‬",2025,47,4
1185,"‭(6)'ג450 םיאפקומ לצבו א""ופת יולימב ""הוורפ"" םינוסיכ‬",2025,48,1
1185,"‭(6)'ג450 םיאפקומ לצבו א""ופת יולימב ""הוורפ"" םינוסיכ‬",2025,49,4
1185,"‭(6)'ג450 םיאפקומ לצבו א""ופת יולימב ""הוורפ"" םינוסיכ‬",2025,50,6
1185,"‭(6)'ג450 םיאפקומ לצבו א""ופת יולימב ""הוורפ"" םינוסיכ‬",2025,51,7
1185,"‭(6)'ג450 םיאפקומ לצבו א""ופת יולימב ""הוורפ"" םינוסיכ‬",2025,52,2
1185,"‭(6)'ג450 םיאפקומ לצבו א""ופת יולימב ""הוורפ"" םינוסיכ‬",2025,53,5
1185,"‭(6)'ג450 םיאפקומ לצבו א""ופת יולימב ""הוורפ"" םינוסיכ‬",2026,2,4
1185,"‭(6)'ג450 םיאפקומ לצבו א""ופת יולימב ""הוורפ"" םינוסיכ‬",2026,3,2
1185,"‭(6)'ג450 םיאפקומ לצבו א""ופת יולימב ""הוורפ"" םינוסיכ‬",2026,4,3
1185,"‭(6)'ג450 םיאפקומ לצבו א""ופת יולימב ""הוורפ"" םינוסיכ‬",2026,5,2
1185,"‭(6)'ג450 םיאפקומ לצבו א""ופת יולימב ""הוורפ"" םינוסיכ‬",2026,6,4
1185,"‭(6)'ג450 םיאפקומ לצבו א""ופת יולימב ""הוורפ"" םינוסיכ‬",2026,7,1
1185,"‭(6)'ג450 םיאפקומ לצבו א""ופת יולימב ""הוורפ"" םינוסיכ‬",2026,8,2.33
1185,"‭(6)'ג450 םיאפקומ לצבו א""ופת יולימב ""הוורפ"" םינוסיכ‬",2026,9,5.67
1185,"‭(6)'ג450 םיאפקומ לצבו א""ופת יולימב ""הוורפ"" םינוסיכ‬",2026,10,3
1185,"‭(6)'ג450 םיאפקומ לצבו א""ופת יולימב ""הוורפ"" םינוסיכ‬",2026,11,4
1185,"‭(6)'ג450 םיאפקומ לצבו א""ופת יולימב ""הוורפ"" םינוסיכ‬",2026,12,3.33
1185,"‭(6)'ג450 םיאפקומ לצבו א""ופת יולימב ""הוורפ"" םינוסיכ‬",2026,13,3
1185,"‭(6)'ג450 םיאפקומ לצבו א""ופת יולימב ""הוורפ"" םינוסיכ‬",2026,15,1.67
1185,"‭(6)'ג450 םיאפקומ לצבו א""ופת יולימב ""הוורפ"" םינוסיכ‬",2026,16,7
1185,"‭(6)'ג450 םיאפקומ לצבו א""ופת יולימב ""הוורפ"" םינוסיכ‬",2026,17,4
1185,"‭(6)'ג450 םיאפקומ לצבו א""ופת יולימב ""הוורפ"" םינוסיכ‬",2026,18,6
1185,"‭(6)'ג450 םיאפקומ לצבו א""ופת יולימב ""הוורפ"" םינוסיכ‬",2026,19,6
1185,"‭(6)'ג450 םיאפקומ לצבו א""ופת יולימב ""הוורפ"" םינוסיכ‬",2026,20,6
1185,"‭(6)'ג450 םיאפקומ לצבו א""ופת יולימב ""הוורפ"" םינוסיכ‬",2026,21,6
1185,"‭(6)'ג450 םיאפקומ לצבו א""ופת יולימב ""הוורפ"" םינוסיכ‬",2026,22,5
1185,"‭(6)'ג450 םיאפקומ לצבו א""ופת יולימב ""הוורפ"" םינוסיכ‬",2026,23,2
1185,"‭(6)'ג450 םיאפקומ לצבו א""ופת יולימב ""הוורפ"" םינוסיכ‬",2026,24,1.33
1185,"‭(6)'ג450 םיאפקומ לצבו א""ופת יולימב ""הוורפ"" םינוסיכ‬",2026,25,3
1185,"‭(6)'ג450 םיאפקומ לצבו א""ופת יולימב ""הוורפ"" םינוסיכ‬",2026,26,5.67
1185,"‭(6)'ג450 םיאפקומ לצבו א""ופת יולימב ""הוורפ"" םינוסיכ‬",2026,27,5
1185,"‭(6)'ג450 םיאפקומ לצבו א""ופת יולימב ""הוורפ"" םינוסיכ‬",2026,28,4
1185,"‭(6)'ג450 םיאפקומ לצבו א""ופת יולימב ""הוורפ"" םינוסיכ‬",2026,29,5
1185,"‭(6)'ג450 םיאפקומ לצבו א""ופת יולימב ""הוורפ"" םינוסיכ‬",2026,30,2
1185,"‭(6)'ג450 םיאפקומ לצבו א""ופת יולימב ""הוורפ"" םינוסיכ‬",2026,31,2
1185,"‭(6)'ג450 םיאפקומ לצבו א""ופת יולימב ""הוורפ"" םינוסיכ‬",2026,32,5
1186,"‭(6)'ג450 םיאפקומ תוירטפו בורכ יולימב םינוסיכ‬",2026,26,1
1186,"‭(6)'ג450 םיאפקומ תוירטפו בורכ יולימב םינוסיכ‬",2026,27,1
1187,"‭(6)'ג450 םיאפקומ גורובט תניבג יולימב םינוסיכ‬",2025,33,1
1187,"‭(6)'ג450 םיאפקומ גורובט תניבג יולימב םינוסיכ‬",2025,34,2
1187,"‭(6)'ג450 םיאפקומ גורובט תניבג יולימב םינוסיכ‬",2025,35,1
1187,"‭(6)'ג450 םיאפקומ גורובט תניבג יולימב םינוסיכ‬",2025,37,6
1187,"‭(6)'ג450 םיאפקומ גורובט תניבג יולימב םינוסיכ‬",2025,38,1
1187,"‭(6)'ג450 םיאפקומ גורובט תניבג יולימב םינוסיכ‬",2025,39,2
1187,"‭(6)'ג450 םיאפקומ גורובט תניבג יולימב םינוסיכ‬",2025,40,3
1187,"‭(6)'ג450 םיאפקומ גורובט תניבג יולימב םינוסיכ‬",2025,41,1
1187,"‭(6)'ג450 םיאפקומ גורובט תניבג יולימב םינוסיכ‬",2025,43,7
1187,"‭(6)'ג450 םיאפקומ גורובט תניבג יולימב םינוסיכ‬",2025,44,2
1187,"‭(6)'ג450 םיאפקומ גורובט תניבג יולימב םינוסיכ‬",2025,46,2
1187,"‭(6)'ג450 םיאפקומ גורובט תניבג יולימב םינוסיכ‬",2025,47,2
1187,"‭(6)'ג450 םיאפקומ גורובט תניבג יולימב םינוסיכ‬",2025,49,1
1187,"‭(6)'ג450 םיאפקומ גורובט תניבג יולימב םינוסיכ‬",2025,50,1
1187,"‭(6)'ג450 םיאפקומ גורובט תניבג יולימב םינוסיכ‬",2025,51,4
1187,"‭(6)'ג450 םיאפקומ גורובט תניבג יולימב םינוסיכ‬",2025,52,5
1187,"‭(6)'ג450 םיאפקומ גורובט תניבג יולימב םינוסיכ‬",2025,53,1
1187,"‭(6)'ג450 םיאפקומ גורובט תניבג יולימב םינוסיכ‬",2026,2,1
1187,"‭(6)'ג450 םיאפקומ גורובט תניבג יולימב םינוסיכ‬",2026,3,1
1187,"‭(6)'ג450 םיאפקומ גורובט תניבג יולימב םינוסיכ‬",2026,4,1
1187,"‭(6)'ג450 םיאפקומ גורובט תניבג יולימב םינוסיכ‬",2026,5,3
1187,"‭(6)'ג450 םיאפקומ גורובט תניבג יולימב םינוסיכ‬",2026,6,1
1187,"‭(6)'ג450 םיאפקומ גורובט תניבג יולימב םינוסיכ‬",2026,7,2
1187,"‭(6)'ג450 םיאפקומ גורובט תניבג יולימב םינוסיכ‬",2026,8,2
1187,"‭(6)'ג450 םיאפקומ גורובט תניבג יולימב םינוסיכ‬",2026,9,2
1187,"‭(6)'ג450 םיאפקומ גורובט תניבג יולימב םינוסיכ‬",2026,10,1
1187,"‭(6)'ג450 םיאפקומ גורובט תניבג יולימב םינוסיכ‬",2026,11,2
1187,"‭(6)'ג450 םיאפקומ גורובט תניבג יולימב םינוסיכ‬",2026,12,2
1187,"‭(6)'ג450 םיאפקומ גורובט תניבג יולימב םינוסיכ‬",2026,13,3
1187,"‭(6)'ג450 םיאפקומ גורובט תניבג יולימב םינוסיכ‬",2026,14,2
1187,"‭(6)'ג450 םיאפקומ גורובט תניבג יולימב םינוסיכ‬",2026,15,2
1187,"‭(6)'ג450 םיאפקומ גורובט תניבג יולימב םינוסיכ‬",2026,16,6
1187,"‭(6)'ג450 םיאפקומ גורובט תניבג יולימב םינוסיכ‬",2026,17,1
1187,"‭(6)'ג450 םיאפקומ גורובט תניבג יולימב םינוסיכ‬",2026,18,5
1187,"‭(6)'ג450 םיאפקומ גורובט תניבג יולימב םינוסיכ‬",2026,19,2
1187,"‭(6)'ג450 םיאפקומ גורובט תניבג יולימב םינוסיכ‬",2026,20,3
1187,"‭(6)'ג450 םיאפקומ גורובט תניבג יולימב םינוסיכ‬",2026,21,6
1187,"‭(6)'ג450 םיאפקומ גורובט תניבג יולימב םינוסיכ‬",2026,22,2
1187,"‭(6)'ג450 םיאפקומ גורובט תניבג יולימב םינוסיכ‬",2026,23,3
1187,"‭(6)'ג450 םיאפקומ גורובט תניבג יולימב םינוסיכ‬",2026,24,1
1187,"‭(6)'ג450 םיאפקומ גורובט תניבג יולימב םינוסיכ‬",2026,25,2
1187,"‭(6)'ג450 םיאפקומ גורובט תניבג יולימב םינוסיכ‬",2026,26,1
1187,"‭(6)'ג450 םיאפקומ גורובט תניבג יולימב םינוסיכ‬",2026,27,4
1187,"‭(6)'ג450 םיאפקומ גורובט תניבג יולימב םינוסיכ‬",2026,28,1
1187,"‭(6)'ג450 םיאפקומ גורובט תניבג יולימב םינוסיכ‬",2026,29,2
1187,"‭(6)'ג450 םיאפקומ גורובט תניבג יולימב םינוסיכ‬",2026,30,1
1187,"‭(6)'ג450 םיאפקומ גורובט תניבג יולימב םינוסיכ‬",2026,32,1
1189,"‭(6)'ג450 אפקומ דרתו הטוקיר תניבג יולימב םינוסיכ‬",2026,26,1
1190,"‭(6)'ג420 אפקומ תוירטפו א""ופת יולימב (הוורפ) ס'צנילב‬",2025,33,4
1190,"‭(6)'ג420 אפקומ תוירטפו א""ופת יולימב (הוורפ) ס'צנילב‬",2025,34,4
1190,"‭(6)'ג420 אפקומ תוירטפו א""ופת יולימב (הוורפ) ס'צנילב‬",2025,35,2
1190,"‭(6)'ג420 אפקומ תוירטפו א""ופת יולימב (הוורפ) ס'צנילב‬",2025,36,2
1190,"‭(6)'ג420 אפקומ תוירטפו א""ופת יולימב (הוורפ) ס'צנילב‬",2025,37,7
1190,"‭(6)'ג420 אפקומ תוירטפו א""ופת יולימב (הוורפ) ס'צנילב‬",2025,38,3
1190,"‭(6)'ג420 אפקומ תוירטפו א""ופת יולימב (הוורפ) ס'צנילב‬",2025,39,4
1190,"‭(6)'ג420 אפקומ תוירטפו א""ופת יולימב (הוורפ) ס'צנילב‬",2025,40,3
1190,"‭(6)'ג420 אפקומ תוירטפו א""ופת יולימב (הוורפ) ס'צנילב‬",2025,41,6
1190,"‭(6)'ג420 אפקומ תוירטפו א""ופת יולימב (הוורפ) ס'צנילב‬",2025,42,6
1190,"‭(6)'ג420 אפקומ תוירטפו א""ופת יולימב (הוורפ) ס'צנילב‬",2025,45,2
1190,"‭(6)'ג420 אפקומ תוירטפו א""ופת יולימב (הוורפ) ס'צנילב‬",2025,46,5
1190,"‭(6)'ג420 אפקומ תוירטפו א""ופת יולימב (הוורפ) ס'צנילב‬",2025,47,1
1190,"‭(6)'ג420 אפקומ תוירטפו א""ופת יולימב (הוורפ) ס'צנילב‬",2025,48,1
1190,"‭(6)'ג420 אפקומ תוירטפו א""ופת יולימב (הוורפ) ס'צנילב‬",2025,49,4
1190,"‭(6)'ג420 אפקומ תוירטפו א""ופת יולימב (הוורפ) ס'צנילב‬",2025,50,7
1190,"‭(6)'ג420 אפקומ תוירטפו א""ופת יולימב (הוורפ) ס'צנילב‬",2025,51,9
1190,"‭(6)'ג420 אפקומ תוירטפו א""ופת יולימב (הוורפ) ס'צנילב‬",2025,52,2
1190,"‭(6)'ג420 אפקומ תוירטפו א""ופת יולימב (הוורפ) ס'צנילב‬",2025,53,2
1190,"‭(6)'ג420 אפקומ תוירטפו א""ופת יולימב (הוורפ) ס'צנילב‬",2026,2,3
1190,"‭(6)'ג420 אפקומ תוירטפו א""ופת יולימב (הוורפ) ס'צנילב‬",2026,3,1
1190,"‭(6)'ג420 אפקומ תוירטפו א""ופת יולימב (הוורפ) ס'צנילב‬",2026,4,2
1190,"‭(6)'ג420 אפקומ תוירטפו א""ופת יולימב (הוורפ) ס'צנילב‬",2026,5,2
1190,"‭(6)'ג420 אפקומ תוירטפו א""ופת יולימב (הוורפ) ס'צנילב‬",2026,6,3
1190,"‭(6)'ג420 אפקומ תוירטפו א""ופת יולימב (הוורפ) ס'צנילב‬",2026,7,1
1190,"‭(6)'ג420 אפקומ תוירטפו א""ופת יולימב (הוורפ) ס'צנילב‬",2026,8,6
1190,"‭(6)'ג420 אפקומ תוירטפו א""ופת יולימב (הוורפ) ס'צנילב‬",2026,9,2
1190,"‭(6)'ג420 אפקומ תוירטפו א""ופת יולימב (הוורפ) ס'צנילב‬",2026,10,1
1190,"‭(6)'ג420 אפקומ תוירטפו א""ופת יולימב (הוורפ) ס'צנילב‬",2026,11,1
1190,"‭(6)'ג420 אפקומ תוירטפו א""ופת יולימב (הוורפ) ס'צנילב‬",2026,12,3
1190,"‭(6)'ג420 אפקומ תוירטפו א""ופת יולימב (הוורפ) ס'צנילב‬",2026,15,2
1190,"‭(6)'ג420 אפקומ תוירטפו א""ופת יולימב (הוורפ) ס'צנילב‬",2026,16,9
1190,"‭(6)'ג420 אפקומ תוירטפו א""ופת יולימב (הוורפ) ס'צנילב‬",2026,17,4
1190,"‭(6)'ג420 אפקומ תוירטפו א""ופת יולימב (הוורפ) ס'צנילב‬",2026,18,2
1190,"‭(6)'ג420 אפקומ תוירטפו א""ופת יולימב (הוורפ) ס'צנילב‬",2026,19,4
1190,"‭(6)'ג420 אפקומ תוירטפו א""ופת יולימב (הוורפ) ס'צנילב‬",2026,20,8
1190,"‭(6)'ג420 אפקומ תוירטפו א""ופת יולימב (הוורפ) ס'צנילב‬",2026,21,5
1190,"‭(6)'ג420 אפקומ תוירטפו א""ופת יולימב (הוורפ) ס'צנילב‬",2026,22,2
1190,"‭(6)'ג420 אפקומ תוירטפו א""ופת יולימב (הוורפ) ס'צנילב‬",2026,23,2
1190,"‭(6)'ג420 אפקומ תוירטפו א""ופת יולימב (הוורפ) ס'צנילב‬",2026,24,1
1190,"‭(6)'ג420 אפקומ תוירטפו א""ופת יולימב (הוורפ) ס'צנילב‬",2026,25,5
1190,"‭(6)'ג420 אפקומ תוירטפו א""ופת יולימב (הוורפ) ס'צנילב‬",2026,26,2
1190,"‭(6)'ג420 אפקומ תוירטפו א""ופת יולימב (הוורפ) ס'צנילב‬",2026,27,7
1190,"‭(6)'ג420 אפקומ תוירטפו א""ופת יולימב (הוורפ) ס'צנילב‬",2026,28,2
1190,"‭(6)'ג420 אפקומ תוירטפו א""ופת יולימב (הוורפ) ס'צנילב‬",2026,29,4
1190,"‭(6)'ג420 אפקומ תוירטפו א""ופת יולימב (הוורפ) ס'צנילב‬",2026,30,2
1190,"‭(6)'ג420 אפקומ תוירטפו א""ופת יולימב (הוורפ) ס'צנילב‬",2026,32,1
1191,"‭(6)'ג360 אפקומ ןבדבוד יולימב (הוורפ) ס'צנילב‬",2025,33,2
1191,"‭(6)'ג360 אפקומ ןבדבוד יולימב (הוורפ) ס'צנילב‬",2025,34,4
1191,"‭(6)'ג360 אפקומ ןבדבוד יולימב (הוורפ) ס'צנילב‬",2025,35,5
1191,"‭(6)'ג360 אפקומ ןבדבוד יולימב (הוורפ) ס'צנילב‬",2025,36,4
1191,"‭(6)'ג360 אפקומ ןבדבוד יולימב (הוורפ) ס'צנילב‬",2025,37,2
1191,"‭(6)'ג360 אפקומ ןבדבוד יולימב (הוורפ) ס'צנילב‬",2025,39,2
1191,"‭(6)'ג360 אפקומ ןבדבוד יולימב (הוורפ) ס'צנילב‬",2025,40,2
1191,"‭(6)'ג360 אפקומ ןבדבוד יולימב (הוורפ) ס'צנילב‬",2025,41,7
1191,"‭(6)'ג360 אפקומ ןבדבוד יולימב (הוורפ) ס'צנילב‬",2025,42,4
1191,"‭(6)'ג360 אפקומ ןבדבוד יולימב (הוורפ) ס'צנילב‬",2025,43,3
1191,"‭(6)'ג360 אפקומ ןבדבוד יולימב (הוורפ) ס'צנילב‬",2025,44,2
1191,"‭(6)'ג360 אפקומ ןבדבוד יולימב (הוורפ) ס'צנילב‬",2025,45,4
1191,"‭(6)'ג360 אפקומ ןבדבוד יולימב (הוורפ) ס'צנילב‬",2025,46,5
1191,"‭(6)'ג360 אפקומ ןבדבוד יולימב (הוורפ) ס'צנילב‬",2025,47,4
1191,"‭(6)'ג360 אפקומ ןבדבוד יולימב (הוורפ) ס'צנילב‬",2025,48,1
1191,"‭(6)'ג360 אפקומ ןבדבוד יולימב (הוורפ) ס'צנילב‬",2025,49,3
1191,"‭(6)'ג360 אפקומ ןבדבוד יולימב (הוורפ) ס'צנילב‬",2025,50,5
1191,"‭(6)'ג360 אפקומ ןבדבוד יולימב (הוורפ) ס'צנילב‬",2025,51,7
1191,"‭(6)'ג360 אפקומ ןבדבוד יולימב (הוורפ) ס'צנילב‬",2025,52,2
1191,"‭(6)'ג360 אפקומ ןבדבוד יולימב (הוורפ) ס'צנילב‬",2025,53,3
1191,"‭(6)'ג360 אפקומ ןבדבוד יולימב (הוורפ) ס'צנילב‬",2026,2,2
1191,"‭(6)'ג360 אפקומ ןבדבוד יולימב (הוורפ) ס'צנילב‬",2026,3,1
1191,"‭(6)'ג360 אפקומ ןבדבוד יולימב (הוורפ) ס'צנילב‬",2026,5,7
1191,"‭(6)'ג360 אפקומ ןבדבוד יולימב (הוורפ) ס'צנילב‬",2026,6,2
1191,"‭(6)'ג360 אפקומ ןבדבוד יולימב (הוורפ) ס'צנילב‬",2026,7,2.17
1191,"‭(6)'ג360 אפקומ ןבדבוד יולימב (הוורפ) ס'צנילב‬",2026,8,1
1191,"‭(6)'ג360 אפקומ ןבדבוד יולימב (הוורפ) ס'צנילב‬",2026,9,1.67
1191,"‭(6)'ג360 אפקומ ןבדבוד יולימב (הוורפ) ס'צנילב‬",2026,10,5
1191,"‭(6)'ג360 אפקומ ןבדבוד יולימב (הוורפ) ס'צנילב‬",2026,11,4
1191,"‭(6)'ג360 אפקומ ןבדבוד יולימב (הוורפ) ס'צנילב‬",2026,12,1
1191,"‭(6)'ג360 אפקומ ןבדבוד יולימב (הוורפ) ס'צנילב‬",2026,13,2
1191,"‭(6)'ג360 אפקומ ןבדבוד יולימב (הוורפ) ס'צנילב‬",2026,14,1
1191,"‭(6)'ג360 אפקומ ןבדבוד יולימב (הוורפ) ס'צנילב‬",2026,15,4
1191,"‭(6)'ג360 אפקומ ןבדבוד יולימב (הוורפ) ס'צנילב‬",2026,16,7
1191,"‭(6)'ג360 אפקומ ןבדבוד יולימב (הוורפ) ס'צנילב‬",2026,17,2
1191,"‭(6)'ג360 אפקומ ןבדבוד יולימב (הוורפ) ס'צנילב‬",2026,18,5
1191,"‭(6)'ג360 אפקומ ןבדבוד יולימב (הוורפ) ס'צנילב‬",2026,19,12
1191,"‭(6)'ג360 אפקומ ןבדבוד יולימב (הוורפ) ס'צנילב‬",2026,20,2
1191,"‭(6)'ג360 אפקומ ןבדבוד יולימב (הוורפ) ס'צנילב‬",2026,21,5
1191,"‭(6)'ג360 אפקומ ןבדבוד יולימב (הוורפ) ס'צנילב‬",2026,22,3
1191,"‭(6)'ג360 אפקומ ןבדבוד יולימב (הוורפ) ס'צנילב‬",2026,23,2
1191,"‭(6)'ג360 אפקומ ןבדבוד יולימב (הוורפ) ס'צנילב‬",2026,24,3
1191,"‭(6)'ג360 אפקומ ןבדבוד יולימב (הוורפ) ס'צנילב‬",2026,25,3
1191,"‭(6)'ג360 אפקומ ןבדבוד יולימב (הוורפ) ס'צנילב‬",2026,26,3
1191,"‭(6)'ג360 אפקומ ןבדבוד יולימב (הוורפ) ס'צנילב‬",2026,27,4
1191,"‭(6)'ג360 אפקומ ןבדבוד יולימב (הוורפ) ס'צנילב‬",2026,28,1
1191,"‭(6)'ג360 אפקומ ןבדבוד יולימב (הוורפ) ס'צנילב‬",2026,29,3.33
1191,"‭(6)'ג360 אפקומ ןבדבוד יולימב (הוורפ) ס'צנילב‬",2026,30,3.67
1191,"‭(6)'ג360 אפקומ ןבדבוד יולימב (הוורפ) ס'צנילב‬",2026,31,2
1191,"‭(6)'ג360 אפקומ ןבדבוד יולימב (הוורפ) ס'צנילב‬",2026,32,1
1192,"‭(6)'ג360 אפקומ גורובט תניבג יולימב ס'צנילב‬",2025,33,5
1192,"‭(6)'ג360 אפקומ גורובט תניבג יולימב ס'צנילב‬",2025,34,3.33
1192,"‭(6)'ג360 אפקומ גורובט תניבג יולימב ס'צנילב‬",2025,35,6
1192,"‭(6)'ג360 אפקומ גורובט תניבג יולימב ס'צנילב‬",2025,36,6.67
1192,"‭(6)'ג360 אפקומ גורובט תניבג יולימב ס'צנילב‬",2025,37,3
1192,"‭(6)'ג360 אפקומ גורובט תניבג יולימב ס'צנילב‬",2025,38,7
1192,"‭(6)'ג360 אפקומ גורובט תניבג יולימב ס'צנילב‬",2025,39,5
1192,"‭(6)'ג360 אפקומ גורובט תניבג יולימב ס'צנילב‬",2025,40,1
1192,"‭(6)'ג360 אפקומ גורובט תניבג יולימב ס'צנילב‬",2025,41,8
1192,"‭(6)'ג360 אפקומ גורובט תניבג יולימב ס'צנילב‬",2025,42,8
1192,"‭(6)'ג360 אפקומ גורובט תניבג יולימב ס'צנילב‬",2025,43,4
1192,"‭(6)'ג360 אפקומ גורובט תניבג יולימב ס'צנילב‬",2025,44,4
1192,"‭(6)'ג360 אפקומ גורובט תניבג יולימב ס'צנילב‬",2025,45,6
1192,"‭(6)'ג360 אפקומ גורובט תניבג יולימב ס'צנילב‬",2025,46,4
1192,"‭(6)'ג360 אפקומ גורובט תניבג יולימב ס'צנילב‬",2025,47,4
1192,"‭(6)'ג360 אפקומ גורובט תניבג יולימב ס'צנילב‬",2025,48,4
1192,"‭(6)'ג360 אפקומ גורובט תניבג יולימב ס'צנילב‬",2025,49,5
1192,"‭(6)'ג360 אפקומ גורובט תניבג יולימב ס'צנילב‬",2025,50,7
1192,"‭(6)'ג360 אפקומ גורובט תניבג יולימב ס'צנילב‬",2025,51,6
1192,"‭(6)'ג360 אפקומ גורובט תניבג יולימב ס'צנילב‬",2025,52,5
1192,"‭(6)'ג360 אפקומ גורובט תניבג יולימב ס'צנילב‬",2025,53,2
1192,"‭(6)'ג360 אפקומ גורובט תניבג יולימב ס'צנילב‬",2026,2,4
1192,"‭(6)'ג360 אפקומ גורובט תניבג יולימב ס'צנילב‬",2026,3,3
1192,"‭(6)'ג360 אפקומ גורובט תניבג יולימב ס'צנילב‬",2026,4,1
1192,"‭(6)'ג360 אפקומ גורובט תניבג יולימב ס'צנילב‬",2026,5,4
1192,"‭(6)'ג360 אפקומ גורובט תניבג יולימב ס'צנילב‬",2026,6,1
1192,"‭(6)'ג360 אפקומ גורובט תניבג יולימב ס'צנילב‬",2026,7,2
1192,"‭(6)'ג360 אפקומ גורובט תניבג יולימב ס'צנילב‬",2026,8,7
1192,"‭(6)'ג360 אפקומ גורובט תניבג יולימב ס'צנילב‬",2026,9,4.83
1192,"‭(6)'ג360 אפקומ גורובט תניבג יולימב ס'צנילב‬",2026,10,7
1192,"‭(6)'ג360 אפקומ גורובט תניבג יולימב ס'צנילב‬",2026,11,5
1192,"‭(6)'ג360 אפקומ גורובט תניבג יולימב ס'צנילב‬",2026,12,1
1192,"‭(6)'ג360 אפקומ גורובט תניבג יולימב ס'צנילב‬",2026,13,2
1192,"‭(6)'ג360 אפקומ גורובט תניבג יולימב ס'צנילב‬",2026,14,3
1192,"‭(6)'ג360 אפקומ גורובט תניבג יולימב ס'צנילב‬",2026,15,4
1192,"‭(6)'ג360 אפקומ גורובט תניבג יולימב ס'צנילב‬",2026,16,13
1192,"‭(6)'ג360 אפקומ גורובט תניבג יולימב ס'צנילב‬",2026,17,5
1192,"‭(6)'ג360 אפקומ גורובט תניבג יולימב ס'צנילב‬",2026,18,10
1192,"‭(6)'ג360 אפקומ גורובט תניבג יולימב ס'צנילב‬",2026,19,16
1192,"‭(6)'ג360 אפקומ גורובט תניבג יולימב ס'צנילב‬",2026,20,7
1192,"‭(6)'ג360 אפקומ גורובט תניבג יולימב ס'צנילב‬",2026,21,7
1192,"‭(6)'ג360 אפקומ גורובט תניבג יולימב ס'צנילב‬",2026,22,3
1192,"‭(6)'ג360 אפקומ גורובט תניבג יולימב ס'צנילב‬",2026,23,2
1192,"‭(6)'ג360 אפקומ גורובט תניבג יולימב ס'צנילב‬",2026,24,4
1192,"‭(6)'ג360 אפקומ גורובט תניבג יולימב ס'צנילב‬",2026,25,10
1192,"‭(6)'ג360 אפקומ גורובט תניבג יולימב ס'צנילב‬",2026,26,23
1192,"‭(6)'ג360 אפקומ גורובט תניבג יולימב ס'צנילב‬",2026,27,9
1192,"‭(6)'ג360 אפקומ גורובט תניבג יולימב ס'צנילב‬",2026,28,12.67
1192,"‭(6)'ג360 אפקומ גורובט תניבג יולימב ס'צנילב‬",2026,29,3
1192,"‭(6)'ג360 אפקומ גורובט תניבג יולימב ס'צנילב‬",2026,30,5
1192,"‭(6)'ג360 אפקומ גורובט תניבג יולימב ס'צנילב‬",2026,31,11
1192,"‭(6)'ג360 אפקומ גורובט תניבג יולימב ס'צנילב‬",2026,32,11
1193,"‭(6)'ג360 אפקומ ןומניקו ע""ופת יולימב (הוורפ) ס'צנילב‬",2025,33,1
1193,"‭(6)'ג360 אפקומ ןומניקו ע""ופת יולימב (הוורפ) ס'צנילב‬",2025,35,1
1193,"‭(6)'ג360 אפקומ ןומניקו ע""ופת יולימב (הוורפ) ס'צנילב‬",2025,36,2.83
1193,"‭(6)'ג360 אפקומ ןומניקו ע""ופת יולימב (הוורפ) ס'צנילב‬",2025,38,4
1193,"‭(6)'ג360 אפקומ ןומניקו ע""ופת יולימב (הוורפ) ס'צנילב‬",2025,39,2
1193,"‭(6)'ג360 אפקומ ןומניקו ע""ופת יולימב (הוורפ) ס'צנילב‬",2025,40,1
1193,"‭(6)'ג360 אפקומ ןומניקו ע""ופת יולימב (הוורפ) ס'צנילב‬",2025,41,1
1193,"‭(6)'ג360 אפקומ ןומניקו ע""ופת יולימב (הוורפ) ס'צנילב‬",2025,42,5
1193,"‭(6)'ג360 אפקומ ןומניקו ע""ופת יולימב (הוורפ) ס'צנילב‬",2025,43,1
1193,"‭(6)'ג360 אפקומ ןומניקו ע""ופת יולימב (הוורפ) ס'צנילב‬",2025,44,3
1193,"‭(6)'ג360 אפקומ ןומניקו ע""ופת יולימב (הוורפ) ס'צנילב‬",2025,45,2
1193,"‭(6)'ג360 אפקומ ןומניקו ע""ופת יולימב (הוורפ) ס'צנילב‬",2025,46,6
1193,"‭(6)'ג360 אפקומ ןומניקו ע""ופת יולימב (הוורפ) ס'צנילב‬",2025,47,1
1193,"‭(6)'ג360 אפקומ ןומניקו ע""ופת יולימב (הוורפ) ס'צנילב‬",2025,49,4
1193,"‭(6)'ג360 אפקומ ןומניקו ע""ופת יולימב (הוורפ) ס'צנילב‬",2025,50,1
1193,"‭(6)'ג360 אפקומ ןומניקו ע""ופת יולימב (הוורפ) ס'צנילב‬",2025,51,8
1193,"‭(6)'ג360 אפקומ ןומניקו ע""ופת יולימב (הוורפ) ס'צנילב‬",2025,52,1
1193,"‭(6)'ג360 אפקומ ןומניקו ע""ופת יולימב (הוורפ) ס'צנילב‬",2025,53,3
1193,"‭(6)'ג360 אפקומ ןומניקו ע""ופת יולימב (הוורפ) ס'צנילב‬",2026,2,3
1193,"‭(6)'ג360 אפקומ ןומניקו ע""ופת יולימב (הוורפ) ס'צנילב‬",2026,3,3
1193,"‭(6)'ג360 אפקומ ןומניקו ע""ופת יולימב (הוורפ) ס'צנילב‬",2026,5,4
1193,"‭(6)'ג360 אפקומ ןומניקו ע""ופת יולימב (הוורפ) ס'צנילב‬",2026,6,1
1193,"‭(6)'ג360 אפקומ ןומניקו ע""ופת יולימב (הוורפ) ס'צנילב‬",2026,7,0.17
1193,"‭(6)'ג360 אפקומ ןומניקו ע""ופת יולימב (הוורפ) ס'צנילב‬",2026,9,3.67
1193,"‭(6)'ג360 אפקומ ןומניקו ע""ופת יולימב (הוורפ) ס'צנילב‬",2026,10,1
1193,"‭(6)'ג360 אפקומ ןומניקו ע""ופת יולימב (הוורפ) ס'צנילב‬",2026,12,1
1193,"‭(6)'ג360 אפקומ ןומניקו ע""ופת יולימב (הוורפ) ס'צנילב‬",2026,13,1
1193,"‭(6)'ג360 אפקומ ןומניקו ע""ופת יולימב (הוורפ) ס'צנילב‬",2026,14,2
1193,"‭(6)'ג360 אפקומ ןומניקו ע""ופת יולימב (הוורפ) ס'צנילב‬",2026,15,2
1193,"‭(6)'ג360 אפקומ ןומניקו ע""ופת יולימב (הוורפ) ס'צנילב‬",2026,16,3
1193,"‭(6)'ג360 אפקומ ןומניקו ע""ופת יולימב (הוורפ) ס'צנילב‬",2026,17,3
1193,"‭(6)'ג360 אפקומ ןומניקו ע""ופת יולימב (הוורפ) ס'צנילב‬",2026,18,5
1193,"‭(6)'ג360 אפקומ ןומניקו ע""ופת יולימב (הוורפ) ס'צנילב‬",2026,19,6
1193,"‭(6)'ג360 אפקומ ןומניקו ע""ופת יולימב (הוורפ) ס'צנילב‬",2026,20,4
1193,"‭(6)'ג360 אפקומ ןומניקו ע""ופת יולימב (הוורפ) ס'צנילב‬",2026,21,3
1193,"‭(6)'ג360 אפקומ ןומניקו ע""ופת יולימב (הוורפ) ס'צנילב‬",2026,22,3
1193,"‭(6)'ג360 אפקומ ןומניקו ע""ופת יולימב (הוורפ) ס'צנילב‬",2026,23,1
1193,"‭(6)'ג360 אפקומ ןומניקו ע""ופת יולימב (הוורפ) ס'צנילב‬",2026,25,1
1193,"‭(6)'ג360 אפקומ ןומניקו ע""ופת יולימב (הוורפ) ס'צנילב‬",2026,26,3
1193,"‭(6)'ג360 אפקומ ןומניקו ע""ופת יולימב (הוורפ) ס'צנילב‬",2026,27,3
1193,"‭(6)'ג360 אפקומ ןומניקו ע""ופת יולימב (הוורפ) ס'צנילב‬",2026,29,2
1193,"‭(6)'ג360 אפקומ ןומניקו ע""ופת יולימב (הוורפ) ס'צנילב‬",2026,30,3
1193,"‭(6)'ג360 אפקומ ןומניקו ע""ופת יולימב (הוורפ) ס'צנילב‬",2026,31,1
1193,"‭(6)'ג360 אפקומ ןומניקו ע""ופת יולימב (הוורפ) ס'צנילב‬",2026,32,1
1194,"‭(10)'ג320 םיאפקומ ס'צנילב ילע‬",2025,33,1
1194,"‭(10)'ג320 םיאפקומ ס'צנילב ילע‬",2025,37,1
1194,"‭(10)'ג320 םיאפקומ ס'צנילב ילע‬",2025,39,3
1194,"‭(10)'ג320 םיאפקומ ס'צנילב ילע‬",2025,41,2
1194,"‭(10)'ג320 םיאפקומ ס'צנילב ילע‬",2025,42,2
1194,"‭(10)'ג320 םיאפקומ ס'צנילב ילע‬",2025,43,3
1194,"‭(10)'ג320 םיאפקומ ס'צנילב ילע‬",2025,44,2
1194,"‭(10)'ג320 םיאפקומ ס'צנילב ילע‬",2025,45,1
1194,"‭(10)'ג320 םיאפקומ ס'צנילב ילע‬",2025,46,1
1194,"‭(10)'ג320 םיאפקומ ס'צנילב ילע‬",2025,48,50
1194,"‭(10)'ג320 םיאפקומ ס'צנילב ילע‬",2025,49,1
1194,"‭(10)'ג320 םיאפקומ ס'צנילב ילע‬",2025,50,3
1194,"‭(10)'ג320 םיאפקומ ס'צנילב ילע‬",2025,53,2
1194,"‭(10)'ג320 םיאפקומ ס'צנילב ילע‬",2026,4,1
1194,"‭(10)'ג320 םיאפקומ ס'צנילב ילע‬",2026,5,1
1194,"‭(10)'ג320 םיאפקומ ס'צנילב ילע‬",2026,8,1
1194,"‭(10)'ג320 םיאפקומ ס'צנילב ילע‬",2026,9,1
1194,"‭(10)'ג320 םיאפקומ ס'צנילב ילע‬",2026,12,1
1194,"‭(10)'ג320 םיאפקומ ס'צנילב ילע‬",2026,13,2
1194,"‭(10)'ג320 םיאפקומ ס'צנילב ילע‬",2026,16,3
1194,"‭(10)'ג320 םיאפקומ ס'צנילב ילע‬",2026,17,1
1194,"‭(10)'ג320 םיאפקומ ס'צנילב ילע‬",2026,18,2
1194,"‭(10)'ג320 םיאפקומ ס'צנילב ילע‬",2026,19,1
1194,"‭(10)'ג320 םיאפקומ ס'צנילב ילע‬",2026,20,3
1194,"‭(10)'ג320 םיאפקומ ס'צנילב ילע‬",2026,21,1
1194,"‭(10)'ג320 םיאפקומ ס'צנילב ילע‬",2026,22,1
1194,"‭(10)'ג320 םיאפקומ ס'צנילב ילע‬",2026,23,1
1194,"‭(10)'ג320 םיאפקומ ס'צנילב ילע‬",2026,24,1
1194,"‭(10)'ג320 םיאפקומ ס'צנילב ילע‬",2026,25,2
1194,"‭(10)'ג320 םיאפקומ ס'צנילב ילע‬",2026,26,1
1194,"‭(10)'ג320 םיאפקומ ס'צנילב ילע‬",2026,27,1
1194,"‭(10)'ג320 םיאפקומ ס'צנילב ילע‬",2026,30,1
1194,"‭(10)'ג320 םיאפקומ ס'צנילב ילע‬",2026,31,1
1195,"‭(7)'ג450 אפקומ דדורמ םירמש קצב‬",2025,34,1
1195,"‭(7)'ג450 אפקומ דדורמ םירמש קצב‬",2025,35,1
1195,"‭(7)'ג450 אפקומ דדורמ םירמש קצב‬",2025,36,1
1195,"‭(7)'ג450 אפקומ דדורמ םירמש קצב‬",2025,37,1
1195,"‭(7)'ג450 אפקומ דדורמ םירמש קצב‬",2025,39,1
1195,"‭(7)'ג450 אפקומ דדורמ םירמש קצב‬",2025,40,1
1195,"‭(7)'ג450 אפקומ דדורמ םירמש קצב‬",2025,41,3
1195,"‭(7)'ג450 אפקומ דדורמ םירמש קצב‬",2025,43,2
1195,"‭(7)'ג450 אפקומ דדורמ םירמש קצב‬",2025,44,1
1195,"‭(7)'ג450 אפקומ דדורמ םירמש קצב‬",2025,45,2
1195,"‭(7)'ג450 אפקומ דדורמ םירמש קצב‬",2025,46,1
1195,"‭(7)'ג450 אפקומ דדורמ םירמש קצב‬",2025,50,1
1195,"‭(7)'ג450 אפקומ דדורמ םירמש קצב‬",2025,51,1
1195,"‭(7)'ג450 אפקומ דדורמ םירמש קצב‬",2025,52,2
1195,"‭(7)'ג450 אפקומ דדורמ םירמש קצב‬",2026,2,2
1195,"‭(7)'ג450 אפקומ דדורמ םירמש קצב‬",2026,3,1
1195,"‭(7)'ג450 אפקומ דדורמ םירמש קצב‬",2026,4,2
1195,"‭(7)'ג450 אפקומ דדורמ םירמש קצב‬",2026,5,4
1195,"‭(7)'ג450 אפקומ דדורמ םירמש קצב‬",2026,6,1
1195,"‭(7)'ג450 אפקומ דדורמ םירמש קצב‬",2026,7,2
1195,"‭(7)'ג450 אפקומ דדורמ םירמש קצב‬",2026,8,2
1195,"‭(7)'ג450 אפקומ דדורמ םירמש קצב‬",2026,9,5
1195,"‭(7)'ג450 אפקומ דדורמ םירמש קצב‬",2026,11,1
1195,"‭(7)'ג450 אפקומ דדורמ םירמש קצב‬",2026,12,2
1195,"‭(7)'ג450 אפקומ דדורמ םירמש קצב‬",2026,15,2
1195,"‭(7)'ג450 אפקומ דדורמ םירמש קצב‬",2026,16,4
1195,"‭(7)'ג450 אפקומ דדורמ םירמש קצב‬",2026,18,2
1195,"‭(7)'ג450 אפקומ דדורמ םירמש קצב‬",2026,19,1
1195,"‭(7)'ג450 אפקומ דדורמ םירמש קצב‬",2026,20,6
1195,"‭(7)'ג450 אפקומ דדורמ םירמש קצב‬",2026,21,2
1195,"‭(7)'ג450 אפקומ דדורמ םירמש קצב‬",2026,22,1
1195,"‭(7)'ג450 אפקומ דדורמ םירמש קצב‬",2026,23,3
1195,"‭(7)'ג450 אפקומ דדורמ םירמש קצב‬",2026,25,2
1195,"‭(7)'ג450 אפקומ דדורמ םירמש קצב‬",2026,26,1
1195,"‭(7)'ג450 אפקומ דדורמ םירמש קצב‬",2026,27,4
1195,"‭(7)'ג450 אפקומ דדורמ םירמש קצב‬",2026,28,1
1195,"‭(7)'ג450 אפקומ דדורמ םירמש קצב‬",2026,29,2
1195,"‭(7)'ג450 אפקומ דדורמ םירמש קצב‬",2026,32,2
1196,"‭(7)'ג450 אפקומ דדורמ םילע קצב‬",2025,34,1
1196,"‭(7)'ג450 אפקומ דדורמ םילע קצב‬",2025,35,1
1196,"‭(7)'ג450 אפקומ דדורמ םילע קצב‬",2025,36,1
1196,"‭(7)'ג450 אפקומ דדורמ םילע קצב‬",2025,38,1
1196,"‭(7)'ג450 אפקומ דדורמ םילע קצב‬",2025,39,1
1196,"‭(7)'ג450 אפקומ דדורמ םילע קצב‬",2025,40,2
1196,"‭(7)'ג450 אפקומ דדורמ םילע קצב‬",2025,41,2
1196,"‭(7)'ג450 אפקומ דדורמ םילע קצב‬",2025,44,1
1196,"‭(7)'ג450 אפקומ דדורמ םילע קצב‬",2025,48,1
1196,"‭(7)'ג450 אפקומ דדורמ םילע קצב‬",2025,50,2
1196,"‭(7)'ג450 אפקומ דדורמ םילע קצב‬",2025,51,1
1196,"‭(7)'ג450 אפקומ דדורמ םילע קצב‬",2025,52,2
1196,"‭(7)'ג450 אפקומ דדורמ םילע קצב‬",2026,2,2
1196,"‭(7)'ג450 אפקומ דדורמ םילע קצב‬",2026,3,1
1196,"‭(7)'ג450 אפקומ דדורמ םילע קצב‬",2026,4,3
1196,"‭(7)'ג450 אפקומ דדורמ םילע קצב‬",2026,5,1
1196,"‭(7)'ג450 אפקומ דדורמ םילע קצב‬",2026,6,1
1196,"‭(7)'ג450 אפקומ דדורמ םילע קצב‬",2026,7,2
1196,"‭(7)'ג450 אפקומ דדורמ םילע קצב‬",2026,8,2
1196,"‭(7)'ג450 אפקומ דדורמ םילע קצב‬",2026,9,5
1196,"‭(7)'ג450 אפקומ דדורמ םילע קצב‬",2026,10,1
1196,"‭(7)'ג450 אפקומ דדורמ םילע קצב‬",2026,11,2
1196,"‭(7)'ג450 אפקומ דדורמ םילע קצב‬",2026,12,1
1196,"‭(7)'ג450 אפקומ דדורמ םילע קצב‬",2026,15,2
1196,"‭(7)'ג450 אפקומ דדורמ םילע קצב‬",2026,16,5
1196,"‭(7)'ג450 אפקומ דדורמ םילע קצב‬",2026,17,2
1196,"‭(7)'ג450 אפקומ דדורמ םילע קצב‬",2026,18,4
1196,"‭(7)'ג450 אפקומ דדורמ םילע קצב‬",2026,20,4
1196,"‭(7)'ג450 אפקומ דדורמ םילע קצב‬",2026,21,3
1196,"‭(7)'ג450 אפקומ דדורמ םילע קצב‬",2026,22,1
1196,"‭(7)'ג450 אפקומ דדורמ םילע קצב‬",2026,23,2.29
1196,"‭(7)'ג450 אפקומ דדורמ םילע קצב‬",2026,24,2
1196,"‭(7)'ג450 אפקומ דדורמ םילע קצב‬",2026,26,1
1196,"‭(7)'ג450 אפקומ דדורמ םילע קצב‬",2026,27,1
1196,"‭(7)'ג450 אפקומ דדורמ םילע קצב‬",2026,28,1.43
1196,"‭(7)'ג450 אפקומ דדורמ םילע קצב‬",2026,29,3
1196,"‭(7)'ג450 אפקומ דדורמ םילע קצב‬",2026,32,3
1197,"‭(7)'ג450 אפקומ דדורמ םילע םירמש קצב‬",2025,33,1
1197,"‭(7)'ג450 אפקומ דדורמ םילע םירמש קצב‬",2025,34,1
1197,"‭(7)'ג450 אפקומ דדורמ םילע םירמש קצב‬",2025,35,1
1197,"‭(7)'ג450 אפקומ דדורמ םילע םירמש קצב‬",2025,36,2
1197,"‭(7)'ג450 אפקומ דדורמ םילע םירמש קצב‬",2025,37,1
1197,"‭(7)'ג450 אפקומ דדורמ םילע םירמש קצב‬",2025,38,1
1197,"‭(7)'ג450 אפקומ דדורמ םילע םירמש קצב‬",2025,39,2
1197,"‭(7)'ג450 אפקומ דדורמ םילע םירמש קצב‬",2025,40,1
1197,"‭(7)'ג450 אפקומ דדורמ םילע םירמש קצב‬",2025,41,1
1197,"‭(7)'ג450 אפקומ דדורמ םילע םירמש קצב‬",2025,44,1
1197,"‭(7)'ג450 אפקומ דדורמ םילע םירמש קצב‬",2025,48,1
1197,"‭(7)'ג450 אפקומ דדורמ םילע םירמש קצב‬",2025,49,1
1197,"‭(7)'ג450 אפקומ דדורמ םילע םירמש קצב‬",2025,50,2
1197,"‭(7)'ג450 אפקומ דדורמ םילע םירמש קצב‬",2025,51,1
1197,"‭(7)'ג450 אפקומ דדורמ םילע םירמש קצב‬",2026,2,2
1197,"‭(7)'ג450 אפקומ דדורמ םילע םירמש קצב‬",2026,3,1
1197,"‭(7)'ג450 אפקומ דדורמ םילע םירמש קצב‬",2026,4,4
1197,"‭(7)'ג450 אפקומ דדורמ םילע םירמש קצב‬",2026,5,2
1197,"‭(7)'ג450 אפקומ דדורמ םילע םירמש קצב‬",2026,6,1
1197,"‭(7)'ג450 אפקומ דדורמ םילע םירמש קצב‬",2026,8,4
1197,"‭(7)'ג450 אפקומ דדורמ םילע םירמש קצב‬",2026,9,4
1197,"‭(7)'ג450 אפקומ דדורמ םילע םירמש קצב‬",2026,10,1
1197,"‭(7)'ג450 אפקומ דדורמ םילע םירמש קצב‬",2026,11,1
1197,"‭(7)'ג450 אפקומ דדורמ םילע םירמש קצב‬",2026,12,1
1197,"‭(7)'ג450 אפקומ דדורמ םילע םירמש קצב‬",2026,13,2
1197,"‭(7)'ג450 אפקומ דדורמ םילע םירמש קצב‬",2026,15,2
1197,"‭(7)'ג450 אפקומ דדורמ םילע םירמש קצב‬",2026,16,6
1197,"‭(7)'ג450 אפקומ דדורמ םילע םירמש קצב‬",2026,17,1
1197,"‭(7)'ג450 אפקומ דדורמ םילע םירמש קצב‬",2026,18,3
1197,"‭(7)'ג450 אפקומ דדורמ םילע םירמש קצב‬",2026,19,1
1197,"‭(7)'ג450 אפקומ דדורמ םילע םירמש קצב‬",2026,20,4
1197,"‭(7)'ג450 אפקומ דדורמ םילע םירמש קצב‬",2026,21,3
1197,"‭(7)'ג450 אפקומ דדורמ םילע םירמש קצב‬",2026,22,1
1197,"‭(7)'ג450 אפקומ דדורמ םילע םירמש קצב‬",2026,23,1
1197,"‭(7)'ג450 אפקומ דדורמ םילע םירמש קצב‬",2026,24,2
1197,"‭(7)'ג450 אפקומ דדורמ םילע םירמש קצב‬",2026,25,1
1197,"‭(7)'ג450 אפקומ דדורמ םילע םירמש קצב‬",2026,26,1
1197,"‭(7)'ג450 אפקומ דדורמ םילע םירמש קצב‬",2026,27,2
1197,"‭(7)'ג450 אפקומ דדורמ םילע םירמש קצב‬",2026,28,2
1197,"‭(7)'ג450 אפקומ דדורמ םילע םירמש קצב‬",2026,29,1
1197,"‭(7)'ג450 אפקומ דדורמ םילע םירמש קצב‬",2026,32,3
1198,"‭(6)ג360 אפקומ זול יזוגא-ואקק חרממ יולימב (הוורפ) ס'צנילב‬",2025,33,2
1198,"‭(6)ג360 אפקומ זול יזוגא-ואקק חרממ יולימב (הוורפ) ס'צנילב‬",2025,34,3.17
1198,"‭(6)ג360 אפקומ זול יזוגא-ואקק חרממ יולימב (הוורפ) ס'צנילב‬",2025,35,5
1198,"‭(6)ג360 אפקומ זול יזוגא-ואקק חרממ יולימב (הוורפ) ס'צנילב‬",2025,36,7
1198,"‭(6)ג360 אפקומ זול יזוגא-ואקק חרממ יולימב (הוורפ) ס'צנילב‬",2025,37,2
1198,"‭(6)ג360 אפקומ זול יזוגא-ואקק חרממ יולימב (הוורפ) ס'צנילב‬",2025,38,1
1198,"‭(6)ג360 אפקומ זול יזוגא-ואקק חרממ יולימב (הוורפ) ס'צנילב‬",2025,39,3
1198,"‭(6)ג360 אפקומ זול יזוגא-ואקק חרממ יולימב (הוורפ) ס'צנילב‬",2025,40,5
1198,"‭(6)ג360 אפקומ זול יזוגא-ואקק חרממ יולימב (הוורפ) ס'צנילב‬",2025,41,1.17
1198,"‭(6)ג360 אפקומ זול יזוגא-ואקק חרממ יולימב (הוורפ) ס'צנילב‬",2025,42,3
1198,"‭(6)ג360 אפקומ זול יזוגא-ואקק חרממ יולימב (הוורפ) ס'צנילב‬",2025,43,2
1198,"‭(6)ג360 אפקומ זול יזוגא-ואקק חרממ יולימב (הוורפ) ס'צנילב‬",2025,44,3
1198,"‭(6)ג360 אפקומ זול יזוגא-ואקק חרממ יולימב (הוורפ) ס'צנילב‬",2025,45,2
1198,"‭(6)ג360 אפקומ זול יזוגא-ואקק חרממ יולימב (הוורפ) ס'צנילב‬",2025,46,1
1198,"‭(6)ג360 אפקומ זול יזוגא-ואקק חרממ יולימב (הוורפ) ס'צנילב‬",2025,47,1.83
1198,"‭(6)ג360 אפקומ זול יזוגא-ואקק חרממ יולימב (הוורפ) ס'צנילב‬",2025,48,3
1198,"‭(6)ג360 אפקומ זול יזוגא-ואקק חרממ יולימב (הוורפ) ס'צנילב‬",2025,49,4
1198,"‭(6)ג360 אפקומ זול יזוגא-ואקק חרממ יולימב (הוורפ) ס'צנילב‬",2025,50,1
1198,"‭(6)ג360 אפקומ זול יזוגא-ואקק חרממ יולימב (הוורפ) ס'צנילב‬",2025,51,5
1198,"‭(6)ג360 אפקומ זול יזוגא-ואקק חרממ יולימב (הוורפ) ס'צנילב‬",2025,52,2
1198,"‭(6)ג360 אפקומ זול יזוגא-ואקק חרממ יולימב (הוורפ) ס'צנילב‬",2025,53,6
1198,"‭(6)ג360 אפקומ זול יזוגא-ואקק חרממ יולימב (הוורפ) ס'צנילב‬",2026,2,2
1198,"‭(6)ג360 אפקומ זול יזוגא-ואקק חרממ יולימב (הוורפ) ס'צנילב‬",2026,3,1
1198,"‭(6)ג360 אפקומ זול יזוגא-ואקק חרממ יולימב (הוורפ) ס'צנילב‬",2026,5,4
1198,"‭(6)ג360 אפקומ זול יזוגא-ואקק חרממ יולימב (הוורפ) ס'צנילב‬",2026,6,2
1198,"‭(6)ג360 אפקומ זול יזוגא-ואקק חרממ יולימב (הוורפ) ס'צנילב‬",2026,8,4
1198,"‭(6)ג360 אפקומ זול יזוגא-ואקק חרממ יולימב (הוורפ) ס'צנילב‬",2026,9,1.83
1198,"‭(6)ג360 אפקומ זול יזוגא-ואקק חרממ יולימב (הוורפ) ס'צנילב‬",2026,10,2
1198,"‭(6)ג360 אפקומ זול יזוגא-ואקק חרממ יולימב (הוורפ) ס'צנילב‬",2026,11,1
1198,"‭(6)ג360 אפקומ זול יזוגא-ואקק חרממ יולימב (הוורפ) ס'צנילב‬",2026,12,1
1198,"‭(6)ג360 אפקומ זול יזוגא-ואקק חרממ יולימב (הוורפ) ס'צנילב‬",2026,13,2
1198,"‭(6)ג360 אפקומ זול יזוגא-ואקק חרממ יולימב (הוורפ) ס'צנילב‬",2026,16,4
1198,"‭(6)ג360 אפקומ זול יזוגא-ואקק חרממ יולימב (הוורפ) ס'צנילב‬",2026,17,4
1198,"‭(6)ג360 אפקומ זול יזוגא-ואקק חרממ יולימב (הוורפ) ס'צנילב‬",2026,18,7
1198,"‭(6)ג360 אפקומ זול יזוגא-ואקק חרממ יולימב (הוורפ) ס'צנילב‬",2026,19,6
1198,"‭(6)ג360 אפקומ זול יזוגא-ואקק חרממ יולימב (הוורפ) ס'צנילב‬",2026,20,6
1198,"‭(6)ג360 אפקומ זול יזוגא-ואקק חרממ יולימב (הוורפ) ס'צנילב‬",2026,21,5
1198,"‭(6)ג360 אפקומ זול יזוגא-ואקק חרממ יולימב (הוורפ) ס'צנילב‬",2026,22,5
1198,"‭(6)ג360 אפקומ זול יזוגא-ואקק חרממ יולימב (הוורפ) ס'צנילב‬",2026,24,1
1198,"‭(6)ג360 אפקומ זול יזוגא-ואקק חרממ יולימב (הוורפ) ס'צנילב‬",2026,26,16
1198,"‭(6)ג360 אפקומ זול יזוגא-ואקק חרממ יולימב (הוורפ) ס'צנילב‬",2026,27,7
1198,"‭(6)ג360 אפקומ זול יזוגא-ואקק חרממ יולימב (הוורפ) ס'צנילב‬",2026,28,2
1198,"‭(6)ג360 אפקומ זול יזוגא-ואקק חרממ יולימב (הוורפ) ס'צנילב‬",2026,29,1
1198,"‭(6)ג360 אפקומ זול יזוגא-ואקק חרממ יולימב (הוורפ) ס'צנילב‬",2026,30,1
1198,"‭(6)ג360 אפקומ זול יזוגא-ואקק חרממ יולימב (הוורפ) ס'צנילב‬",2026,31,2
1200,"‭ג""ק6 תואפקומ גורובט תניבג תוביבל‬",2026,28,4
1208,"‭ג""ק7 אפקומ ןבדבוד יולימב (הוורפ) ס'צנילב‬",2026,25,1
1208,"‭ג""ק7 אפקומ ןבדבוד יולימב (הוורפ) ס'צנילב‬",2026,28,4
1208,"‭ג""ק7 אפקומ ןבדבוד יולימב (הוורפ) ס'צנילב‬",2026,29,5
1208,"‭ג""ק7 אפקומ ןבדבוד יולימב (הוורפ) ס'צנילב‬",2026,32,2
1209,"‭ג""ק7 אפקומ גורובט תניבג יולימב ס'צנילב‬",2025,48,70
1209,"‭ג""ק7 אפקומ גורובט תניבג יולימב ס'צנילב‬",2026,28,2
1210,"‭ג""ק7 אפקומ ןומניקו ע""ופת יולימב (הוורפ) ס'צנילב‬",2026,25,1
1210,"‭ג""ק7 אפקומ ןומניקו ע""ופת יולימב (הוורפ) ס'צנילב‬",2026,28,2
1210,"‭ג""ק7 אפקומ ןומניקו ע""ופת יולימב (הוורפ) ס'צנילב‬",2026,32,2
1211,"‭ג""ק7 אפקומ זול יזוגא-ואקק חרממ יולימב (הוורפ) ס'צנילב‬",2025,48,20
1211,"‭ג""ק7 אפקומ זול יזוגא-ואקק חרממ יולימב (הוורפ) ס'צנילב‬",2026,28,3
1213,"‭VALESTO(11) םרג360 א""ופת םע יקשוריפ‬",2026,29,1
1214,"‭VALESTO(11) םרג360 בורכ םע יקשוריפ‬",2026,28,1
1215,"‭VALESTO(11) םרג360 הניבג יולימב יקשוריפ‬",2026,29,1
1215,"‭VALESTO(11) םרג360 הניבג יולימב יקשוריפ‬",2026,31,1
1216,"‭VALESTO(11) םרג360 גרפ םע יקשוריפ‬",2026,28,1
1217,"‭VALESTO(11) םרג360 םינבדבוד םע יקשוריפ‬",2026,28,1
1217,"‭VALESTO(11) םרג360 םינבדבוד םע יקשוריפ‬",2026,29,2
1218,"‭VALESTO(11) םרג360 ץע יחופת םע יקשוריפ‬",2026,27,1
1219,"‭VALESTO(11) םרג300 הניבג ירופ'צח‬",2026,29,1
1219,"‭VALESTO(11) םרג300 הניבג ירופ'צח‬",2026,31,1
301000,"‭(22) םרג90 לקשמ LACMI   בלח דלוקוש‬",2026,32,1.09
301001,"‭(20)ג80 בלח ירירוא   דלוקוש‬",2025,33,1
301001,"‭(20)ג80 בלח ירירוא   דלוקוש‬",2025,34,2
301001,"‭(20)ג80 בלח ירירוא   דלוקוש‬",2025,35,6
301001,"‭(20)ג80 בלח ירירוא   דלוקוש‬",2025,36,2
301001,"‭(20)ג80 בלח ירירוא   דלוקוש‬",2025,37,2
301001,"‭(20)ג80 בלח ירירוא   דלוקוש‬",2025,38,7
301001,"‭(20)ג80 בלח ירירוא   דלוקוש‬",2025,39,1
301001,"‭(20)ג80 בלח ירירוא   דלוקוש‬",2025,40,3
301001,"‭(20)ג80 בלח ירירוא   דלוקוש‬",2025,41,2
301001,"‭(20)ג80 בלח ירירוא   דלוקוש‬",2025,42,3
301001,"‭(20)ג80 בלח ירירוא   דלוקוש‬",2025,43,5
301001,"‭(20)ג80 בלח ירירוא   דלוקוש‬",2025,44,7
301001,"‭(20)ג80 בלח ירירוא   דלוקוש‬",2025,45,3
301001,"‭(20)ג80 בלח ירירוא   דלוקוש‬",2025,46,6
301001,"‭(20)ג80 בלח ירירוא   דלוקוש‬",2025,47,5
301001,"‭(20)ג80 בלח ירירוא   דלוקוש‬",2025,48,2
301001,"‭(20)ג80 בלח ירירוא   דלוקוש‬",2025,49,6.95
301001,"‭(20)ג80 בלח ירירוא   דלוקוש‬",2025,50,6
301001,"‭(20)ג80 בלח ירירוא   דלוקוש‬",2025,51,4
301001,"‭(20)ג80 בלח ירירוא   דלוקוש‬",2025,52,2
301001,"‭(20)ג80 בלח ירירוא   דלוקוש‬",2025,53,4
301001,"‭(20)ג80 בלח ירירוא   דלוקוש‬",2026,2,6
301001,"‭(20)ג80 בלח ירירוא   דלוקוש‬",2026,3,4
301001,"‭(20)ג80 בלח ירירוא   דלוקוש‬",2026,4,1
301001,"‭(20)ג80 בלח ירירוא   דלוקוש‬",2026,5,7
301001,"‭(20)ג80 בלח ירירוא   דלוקוש‬",2026,6,4
301001,"‭(20)ג80 בלח ירירוא   דלוקוש‬",2026,7,4
301001,"‭(20)ג80 בלח ירירוא   דלוקוש‬",2026,8,4
301001,"‭(20)ג80 בלח ירירוא   דלוקוש‬",2026,9,4
301001,"‭(20)ג80 בלח ירירוא   דלוקוש‬",2026,10,1
301001,"‭(20)ג80 בלח ירירוא   דלוקוש‬",2026,11,2
301001,"‭(20)ג80 בלח ירירוא   דלוקוש‬",2026,12,2
301001,"‭(20)ג80 בלח ירירוא   דלוקוש‬",2026,13,5
301001,"‭(20)ג80 בלח ירירוא   דלוקוש‬",2026,15,2
301001,"‭(20)ג80 בלח ירירוא   דלוקוש‬",2026,16,13
301001,"‭(20)ג80 בלח ירירוא   דלוקוש‬",2026,17,7
301001,"‭(20)ג80 בלח ירירוא   דלוקוש‬",2026,18,4
301001,"‭(20)ג80 בלח ירירוא   דלוקוש‬",2026,19,1
301001,"‭(20)ג80 בלח ירירוא   דלוקוש‬",2026,20,6
301001,"‭(20)ג80 בלח ירירוא   דלוקוש‬",2026,21,2
301001,"‭(20)ג80 בלח ירירוא   דלוקוש‬",2026,22,3
301001,"‭(20)ג80 בלח ירירוא   דלוקוש‬",2026,23,5
301001,"‭(20)ג80 בלח ירירוא   דלוקוש‬",2026,24,5
301001,"‭(20)ג80 בלח ירירוא   דלוקוש‬",2026,25,8
301001,"‭(20)ג80 בלח ירירוא   דלוקוש‬",2026,26,6
301001,"‭(20)ג80 בלח ירירוא   דלוקוש‬",2026,27,4
301001,"‭(20)ג80 בלח ירירוא   דלוקוש‬",2026,28,5
301001,"‭(20)ג80 בלח ירירוא   דלוקוש‬",2026,29,4
301001,"‭(20)ג80 בלח ירירוא   דלוקוש‬",2026,30,3
301001,"‭(20)ג80 בלח ירירוא   דלוקוש‬",2026,31,2
301001,"‭(20)ג80 בלח ירירוא   דלוקוש‬",2026,32,7
301002,"‭(20)ג80 ןבל ירירוא   דלוקוש‬",2025,34,10
301002,"‭(20)ג80 ןבל ירירוא   דלוקוש‬",2025,35,6
301002,"‭(20)ג80 ןבל ירירוא   דלוקוש‬",2025,36,2
301002,"‭(20)ג80 ןבל ירירוא   דלוקוש‬",2025,37,6
301002,"‭(20)ג80 ןבל ירירוא   דלוקוש‬",2025,38,7
301002,"‭(20)ג80 ןבל ירירוא   דלוקוש‬",2025,40,4
301002,"‭(20)ג80 ןבל ירירוא   דלוקוש‬",2025,43,4
301002,"‭(20)ג80 ןבל ירירוא   דלוקוש‬",2025,44,4
301002,"‭(20)ג80 ןבל ירירוא   דלוקוש‬",2025,45,3
301002,"‭(20)ג80 ןבל ירירוא   דלוקוש‬",2025,46,2
301002,"‭(20)ג80 ןבל ירירוא   דלוקוש‬",2025,47,3
301002,"‭(20)ג80 ןבל ירירוא   דלוקוש‬",2025,48,1
301002,"‭(20)ג80 ןבל ירירוא   דלוקוש‬",2025,49,2
301002,"‭(20)ג80 ןבל ירירוא   דלוקוש‬",2025,50,4
301002,"‭(20)ג80 ןבל ירירוא   דלוקוש‬",2025,51,4
301002,"‭(20)ג80 ןבל ירירוא   דלוקוש‬",2025,52,2
301002,"‭(20)ג80 ןבל ירירוא   דלוקוש‬",2025,53,4
301002,"‭(20)ג80 ןבל ירירוא   דלוקוש‬",2026,2,3
301002,"‭(20)ג80 ןבל ירירוא   דלוקוש‬",2026,3,2
301002,"‭(20)ג80 ןבל ירירוא   דלוקוש‬",2026,4,2
301002,"‭(20)ג80 ןבל ירירוא   דלוקוש‬",2026,5,4
301002,"‭(20)ג80 ןבל ירירוא   דלוקוש‬",2026,7,6
301002,"‭(20)ג80 ןבל ירירוא   דלוקוש‬",2026,8,5
301002,"‭(20)ג80 ןבל ירירוא   דלוקוש‬",2026,9,3
301002,"‭(20)ג80 ןבל ירירוא   דלוקוש‬",2026,11,1
301002,"‭(20)ג80 ןבל ירירוא   דלוקוש‬",2026,12,1
301002,"‭(20)ג80 ןבל ירירוא   דלוקוש‬",2026,13,1
301002,"‭(20)ג80 ןבל ירירוא   דלוקוש‬",2026,14,1
301002,"‭(20)ג80 ןבל ירירוא   דלוקוש‬",2026,15,1
301002,"‭(20)ג80 ןבל ירירוא   דלוקוש‬",2026,16,7
301002,"‭(20)ג80 ןבל ירירוא   דלוקוש‬",2026,17,3
301002,"‭(20)ג80 ןבל ירירוא   דלוקוש‬",2026,18,1
301002,"‭(20)ג80 ןבל ירירוא   דלוקוש‬",2026,19,1
301002,"‭(20)ג80 ןבל ירירוא   דלוקוש‬",2026,20,4
301002,"‭(20)ג80 ןבל ירירוא   דלוקוש‬",2026,22,4
301002,"‭(20)ג80 ןבל ירירוא   דלוקוש‬",2026,23,5
301002,"‭(20)ג80 ןבל ירירוא   דלוקוש‬",2026,24,3
301002,"‭(20)ג80 ןבל ירירוא   דלוקוש‬",2026,25,4
301002,"‭(20)ג80 ןבל ירירוא   דלוקוש‬",2026,26,6
301002,"‭(20)ג80 ןבל ירירוא   דלוקוש‬",2026,27,3
301002,"‭(20)ג80 ןבל ירירוא   דלוקוש‬",2026,28,4
301002,"‭(20)ג80 ןבל ירירוא   דלוקוש‬",2026,29,4
301002,"‭(20)ג80 ןבל ירירוא   דלוקוש‬",2026,30,1
301002,"‭(20)ג80 ןבל ירירוא   דלוקוש‬",2026,31,7
301002,"‭(20)ג80 ןבל ירירוא   דלוקוש‬",2026,32,3
301003,"‭(20)ג80 למרק ןבל ירירוא   דלוקוש‬",2025,33,1
301003,"‭(20)ג80 למרק ןבל ירירוא   דלוקוש‬",2025,34,1
301003,"‭(20)ג80 למרק ןבל ירירוא   דלוקוש‬",2025,35,2
301003,"‭(20)ג80 למרק ןבל ירירוא   דלוקוש‬",2025,36,1
301003,"‭(20)ג80 למרק ןבל ירירוא   דלוקוש‬",2025,37,1
301003,"‭(20)ג80 למרק ןבל ירירוא   דלוקוש‬",2025,38,4
301003,"‭(20)ג80 למרק ןבל ירירוא   דלוקוש‬",2025,41,1
301003,"‭(20)ג80 למרק ןבל ירירוא   דלוקוש‬",2025,42,1
301003,"‭(20)ג80 למרק ןבל ירירוא   דלוקוש‬",2025,45,1
301003,"‭(20)ג80 למרק ןבל ירירוא   דלוקוש‬",2025,46,3
301003,"‭(20)ג80 למרק ןבל ירירוא   דלוקוש‬",2025,47,3
301003,"‭(20)ג80 למרק ןבל ירירוא   דלוקוש‬",2025,49,2
301003,"‭(20)ג80 למרק ןבל ירירוא   דלוקוש‬",2025,50,2
301003,"‭(20)ג80 למרק ןבל ירירוא   דלוקוש‬",2025,51,1
301003,"‭(20)ג80 למרק ןבל ירירוא   דלוקוש‬",2025,52,2
301003,"‭(20)ג80 למרק ןבל ירירוא   דלוקוש‬",2025,53,2
301003,"‭(20)ג80 למרק ןבל ירירוא   דלוקוש‬",2026,2,1
301003,"‭(20)ג80 למרק ןבל ירירוא   דלוקוש‬",2026,3,1
301003,"‭(20)ג80 למרק ןבל ירירוא   דלוקוש‬",2026,5,3
301003,"‭(20)ג80 למרק ןבל ירירוא   דלוקוש‬",2026,7,2
301003,"‭(20)ג80 למרק ןבל ירירוא   דלוקוש‬",2026,10,3
301003,"‭(20)ג80 למרק ןבל ירירוא   דלוקוש‬",2026,13,1
301003,"‭(20)ג80 למרק ןבל ירירוא   דלוקוש‬",2026,15,1
301003,"‭(20)ג80 למרק ןבל ירירוא   דלוקוש‬",2026,16,2
301003,"‭(20)ג80 למרק ןבל ירירוא   דלוקוש‬",2026,20,3
301003,"‭(20)ג80 למרק ןבל ירירוא   דלוקוש‬",2026,22,1
301003,"‭(20)ג80 למרק ןבל ירירוא   דלוקוש‬",2026,23,1
301003,"‭(20)ג80 למרק ןבל ירירוא   דלוקוש‬",2026,24,1
301003,"‭(20)ג80 למרק ןבל ירירוא   דלוקוש‬",2026,25,1.05
301003,"‭(20)ג80 למרק ןבל ירירוא   דלוקוש‬",2026,26,4
301003,"‭(20)ג80 למרק ןבל ירירוא   דלוקוש‬",2026,27,1
301003,"‭(20)ג80 למרק ןבל ירירוא   דלוקוש‬",2026,28,5
301003,"‭(20)ג80 למרק ןבל ירירוא   דלוקוש‬",2026,29,4
301003,"‭(20)ג80 למרק ןבל ירירוא   דלוקוש‬",2026,31,1
301003,"‭(20)ג80 למרק ןבל ירירוא   דלוקוש‬",2026,32,3.35
301200,"‭(20)ג80 רירמ ירירוא   דלוקוש‬",2025,33,1
301200,"‭(20)ג80 רירמ ירירוא   דלוקוש‬",2025,34,2
301200,"‭(20)ג80 רירמ ירירוא   דלוקוש‬",2025,35,9
301200,"‭(20)ג80 רירמ ירירוא   דלוקוש‬",2025,36,2
301200,"‭(20)ג80 רירמ ירירוא   דלוקוש‬",2025,37,2
301200,"‭(20)ג80 רירמ ירירוא   דלוקוש‬",2025,38,6
301200,"‭(20)ג80 רירמ ירירוא   דלוקוש‬",2025,40,1
301200,"‭(20)ג80 רירמ ירירוא   דלוקוש‬",2025,41,3
301200,"‭(20)ג80 רירמ ירירוא   דלוקוש‬",2025,42,4
301200,"‭(20)ג80 רירמ ירירוא   דלוקוש‬",2025,43,7
301200,"‭(20)ג80 רירמ ירירוא   דלוקוש‬",2025,44,6
301200,"‭(20)ג80 רירמ ירירוא   דלוקוש‬",2025,46,6
301200,"‭(20)ג80 רירמ ירירוא   דלוקוש‬",2025,47,5
301200,"‭(20)ג80 רירמ ירירוא   דלוקוש‬",2025,48,4
301200,"‭(20)ג80 רירמ ירירוא   דלוקוש‬",2025,49,1.95
301200,"‭(20)ג80 רירמ ירירוא   דלוקוש‬",2025,50,2
301200,"‭(20)ג80 רירמ ירירוא   דלוקוש‬",2025,51,3
301200,"‭(20)ג80 רירמ ירירוא   דלוקוש‬",2025,52,3
301200,"‭(20)ג80 רירמ ירירוא   דלוקוש‬",2025,53,2
301200,"‭(20)ג80 רירמ ירירוא   דלוקוש‬",2026,2,4
301200,"‭(20)ג80 רירמ ירירוא   דלוקוש‬",2026,3,2
301200,"‭(20)ג80 רירמ ירירוא   דלוקוש‬",2026,4,5
301200,"‭(20)ג80 רירמ ירירוא   דלוקוש‬",2026,5,6
301200,"‭(20)ג80 רירמ ירירוא   דלוקוש‬",2026,6,7
301200,"‭(20)ג80 רירמ ירירוא   דלוקוש‬",2026,7,5
301200,"‭(20)ג80 רירמ ירירוא   דלוקוש‬",2026,8,4
301200,"‭(20)ג80 רירמ ירירוא   דלוקוש‬",2026,9,3
301200,"‭(20)ג80 רירמ ירירוא   דלוקוש‬",2026,10,1
301200,"‭(20)ג80 רירמ ירירוא   דלוקוש‬",2026,11,4
301200,"‭(20)ג80 רירמ ירירוא   דלוקוש‬",2026,12,2
301200,"‭(20)ג80 רירמ ירירוא   דלוקוש‬",2026,13,4
301200,"‭(20)ג80 רירמ ירירוא   דלוקוש‬",2026,15,1
301200,"‭(20)ג80 רירמ ירירוא   דלוקוש‬",2026,16,12
301200,"‭(20)ג80 רירמ ירירוא   דלוקוש‬",2026,17,5
301200,"‭(20)ג80 רירמ ירירוא   דלוקוש‬",2026,18,4
301200,"‭(20)ג80 רירמ ירירוא   דלוקוש‬",2026,19,3
301200,"‭(20)ג80 רירמ ירירוא   דלוקוש‬",2026,20,6
301200,"‭(20)ג80 רירמ ירירוא   דלוקוש‬",2026,21,2
301200,"‭(20)ג80 רירמ ירירוא   דלוקוש‬",2026,22,1
301200,"‭(20)ג80 רירמ ירירוא   דלוקוש‬",2026,23,5
301200,"‭(20)ג80 רירמ ירירוא   דלוקוש‬",2026,24,2
301200,"‭(20)ג80 רירמ ירירוא   דלוקוש‬",2026,25,6
301200,"‭(20)ג80 רירמ ירירוא   דלוקוש‬",2026,26,6
301200,"‭(20)ג80 רירמ ירירוא   דלוקוש‬",2026,27,5
301200,"‭(20)ג80 רירמ ירירוא   דלוקוש‬",2026,28,6
301200,"‭(20)ג80 רירמ ירירוא   דלוקוש‬",2026,29,2
301200,"‭(20)ג80 רירמ ירירוא   דלוקוש‬",2026,30,2
301200,"‭(20)ג80 רירמ ירירוא   דלוקוש‬",2026,31,2
301200,"‭(20)ג80 רירמ ירירוא   דלוקוש‬",2026,32,5
301201,"‭(35)םרג85 ואקק 80% םע BITTER   רירמ דלוקוש‬",2026,25,1
301201,"‭(35)םרג85 ואקק 80% םע BITTER   רירמ דלוקוש‬",2026,26,1
301201,"‭(35)םרג85 ואקק 80% םע BITTER   רירמ דלוקוש‬",2026,27,1
301201,"‭(35)םרג85 ואקק 80% םע BITTER   רירמ דלוקוש‬",2026,28,1
301201,"‭(35)םרג85 ואקק 80% םע BITTER   רירמ דלוקוש‬",2026,32,1
301406,"‭(16) םרג90 םלש זול זוגא םע LACMI   בלח דלוקוש‬",2026,29,1.13
301406,"‭(16) םרג90 םלש זול זוגא םע LACMI   בלח דלוקוש‬",2026,32,1.13
301407,"‭(20) םרג90 םלש דקש םע LACMI   בלח דלוקוש‬",2026,26,1.05
301601,"‭(18)'ג90 םלש זוגא םע רירמ   דלוקוש‬",2026,27,1
301601,"‭(18)'ג90 םלש זוגא םע רירמ   דלוקוש‬",2026,29,2
301601,"‭(18)'ג90 םלש זוגא םע רירמ   דלוקוש‬",2026,32,1
302000,"‭(6*30)ג38 םינטוב םע   דלוקוש ףיטח‬",2025,33,1
302000,"‭(6*30)ג38 םינטוב םע   דלוקוש ףיטח‬",2025,34,3
302000,"‭(6*30)ג38 םינטוב םע   דלוקוש ףיטח‬",2025,35,4
302000,"‭(6*30)ג38 םינטוב םע   דלוקוש ףיטח‬",2025,36,2
302000,"‭(6*30)ג38 םינטוב םע   דלוקוש ףיטח‬",2025,37,4
302000,"‭(6*30)ג38 םינטוב םע   דלוקוש ףיטח‬",2025,38,3
302000,"‭(6*30)ג38 םינטוב םע   דלוקוש ףיטח‬",2025,40,2
302000,"‭(6*30)ג38 םינטוב םע   דלוקוש ףיטח‬",2025,41,3
302000,"‭(6*30)ג38 םינטוב םע   דלוקוש ףיטח‬",2025,43,3
302000,"‭(6*30)ג38 םינטוב םע   דלוקוש ףיטח‬",2025,44,4
302000,"‭(6*30)ג38 םינטוב םע   דלוקוש ףיטח‬",2025,45,1
302000,"‭(6*30)ג38 םינטוב םע   דלוקוש ףיטח‬",2025,46,3
302000,"‭(6*30)ג38 םינטוב םע   דלוקוש ףיטח‬",2025,47,3
302000,"‭(6*30)ג38 םינטוב םע   דלוקוש ףיטח‬",2025,48,4
302000,"‭(6*30)ג38 םינטוב םע   דלוקוש ףיטח‬",2025,49,4
302000,"‭(6*30)ג38 םינטוב םע   דלוקוש ףיטח‬",2025,50,5
302000,"‭(6*30)ג38 םינטוב םע   דלוקוש ףיטח‬",2025,51,7
302000,"‭(6*30)ג38 םינטוב םע   דלוקוש ףיטח‬",2025,52,2
302000,"‭(6*30)ג38 םינטוב םע   דלוקוש ףיטח‬",2025,53,1
302000,"‭(6*30)ג38 םינטוב םע   דלוקוש ףיטח‬",2026,3,3
302000,"‭(6*30)ג38 םינטוב םע   דלוקוש ףיטח‬",2026,4,3
302000,"‭(6*30)ג38 םינטוב םע   דלוקוש ףיטח‬",2026,5,3
302000,"‭(6*30)ג38 םינטוב םע   דלוקוש ףיטח‬",2026,6,2
302000,"‭(6*30)ג38 םינטוב םע   דלוקוש ףיטח‬",2026,7,3
302000,"‭(6*30)ג38 םינטוב םע   דלוקוש ףיטח‬",2026,8,3
302000,"‭(6*30)ג38 םינטוב םע   דלוקוש ףיטח‬",2026,9,2
302000,"‭(6*30)ג38 םינטוב םע   דלוקוש ףיטח‬",2026,10,2
302000,"‭(6*30)ג38 םינטוב םע   דלוקוש ףיטח‬",2026,11,3
302000,"‭(6*30)ג38 םינטוב םע   דלוקוש ףיטח‬",2026,12,3
302000,"‭(6*30)ג38 םינטוב םע   דלוקוש ףיטח‬",2026,13,1
302000,"‭(6*30)ג38 םינטוב םע   דלוקוש ףיטח‬",2026,14,2
302000,"‭(6*30)ג38 םינטוב םע   דלוקוש ףיטח‬",2026,15,1
302000,"‭(6*30)ג38 םינטוב םע   דלוקוש ףיטח‬",2026,16,6
302000,"‭(6*30)ג38 םינטוב םע   דלוקוש ףיטח‬",2026,17,4
302000,"‭(6*30)ג38 םינטוב םע   דלוקוש ףיטח‬",2026,18,2
302000,"‭(6*30)ג38 םינטוב םע   דלוקוש ףיטח‬",2026,19,4
302000,"‭(6*30)ג38 םינטוב םע   דלוקוש ףיטח‬",2026,20,2
302000,"‭(6*30)ג38 םינטוב םע   דלוקוש ףיטח‬",2026,21,2
302000,"‭(6*30)ג38 םינטוב םע   דלוקוש ףיטח‬",2026,22,8
302000,"‭(6*30)ג38 םינטוב םע   דלוקוש ףיטח‬",2026,23,2
302000,"‭(6*30)ג38 םינטוב םע   דלוקוש ףיטח‬",2026,24,4
302000,"‭(6*30)ג38 םינטוב םע   דלוקוש ףיטח‬",2026,25,6
302000,"‭(6*30)ג38 םינטוב םע   דלוקוש ףיטח‬",2026,26,7
302000,"‭(6*30)ג38 םינטוב םע   דלוקוש ףיטח‬",2026,27,1
302000,"‭(6*30)ג38 םינטוב םע   דלוקוש ףיטח‬",2026,28,6
302000,"‭(6*30)ג38 םינטוב םע   דלוקוש ףיטח‬",2026,29,6
302000,"‭(6*30)ג38 םינטוב םע   דלוקוש ףיטח‬",2026,31,1
302000,"‭(6*30)ג38 םינטוב םע   דלוקוש ףיטח‬",2026,32,1
302001,"‭(6*30)ג40 למרק םרק אלוממ   דלוקוש ףיטח‬",2025,33,1
302001,"‭(6*30)ג40 למרק םרק אלוממ   דלוקוש ףיטח‬",2025,34,4
302001,"‭(6*30)ג40 למרק םרק אלוממ   דלוקוש ףיטח‬",2025,35,7
302001,"‭(6*30)ג40 למרק םרק אלוממ   דלוקוש ףיטח‬",2025,36,3
302001,"‭(6*30)ג40 למרק םרק אלוממ   דלוקוש ףיטח‬",2025,37,1
302001,"‭(6*30)ג40 למרק םרק אלוממ   דלוקוש ףיטח‬",2025,38,9
302001,"‭(6*30)ג40 למרק םרק אלוממ   דלוקוש ףיטח‬",2025,40,2
302001,"‭(6*30)ג40 למרק םרק אלוממ   דלוקוש ףיטח‬",2025,41,3
302001,"‭(6*30)ג40 למרק םרק אלוממ   דלוקוש ףיטח‬",2025,42,2
302001,"‭(6*30)ג40 למרק םרק אלוממ   דלוקוש ףיטח‬",2025,43,3
302001,"‭(6*30)ג40 למרק םרק אלוממ   דלוקוש ףיטח‬",2025,44,3
302001,"‭(6*30)ג40 למרק םרק אלוממ   דלוקוש ףיטח‬",2025,45,2
302001,"‭(6*30)ג40 למרק םרק אלוממ   דלוקוש ףיטח‬",2025,46,4
302001,"‭(6*30)ג40 למרק םרק אלוממ   דלוקוש ףיטח‬",2025,47,1
302001,"‭(6*30)ג40 למרק םרק אלוממ   דלוקוש ףיטח‬",2025,48,5
302001,"‭(6*30)ג40 למרק םרק אלוממ   דלוקוש ףיטח‬",2025,49,4
302001,"‭(6*30)ג40 למרק םרק אלוממ   דלוקוש ףיטח‬",2025,50,5
302001,"‭(6*30)ג40 למרק םרק אלוממ   דלוקוש ףיטח‬",2025,51,6
302001,"‭(6*30)ג40 למרק םרק אלוממ   דלוקוש ףיטח‬",2025,52,3
302001,"‭(6*30)ג40 למרק םרק אלוממ   דלוקוש ףיטח‬",2025,53,1
302001,"‭(6*30)ג40 למרק םרק אלוממ   דלוקוש ףיטח‬",2026,2,3
302001,"‭(6*30)ג40 למרק םרק אלוממ   דלוקוש ףיטח‬",2026,3,3
302001,"‭(6*30)ג40 למרק םרק אלוממ   דלוקוש ףיטח‬",2026,4,2
302001,"‭(6*30)ג40 למרק םרק אלוממ   דלוקוש ףיטח‬",2026,5,3
302001,"‭(6*30)ג40 למרק םרק אלוממ   דלוקוש ףיטח‬",2026,6,3
302001,"‭(6*30)ג40 למרק םרק אלוממ   דלוקוש ףיטח‬",2026,7,2
302001,"‭(6*30)ג40 למרק םרק אלוממ   דלוקוש ףיטח‬",2026,8,5
302001,"‭(6*30)ג40 למרק םרק אלוממ   דלוקוש ףיטח‬",2026,9,3
302001,"‭(6*30)ג40 למרק םרק אלוממ   דלוקוש ףיטח‬",2026,10,1
302001,"‭(6*30)ג40 למרק םרק אלוממ   דלוקוש ףיטח‬",2026,11,2
302001,"‭(6*30)ג40 למרק םרק אלוממ   דלוקוש ףיטח‬",2026,12,3
302001,"‭(6*30)ג40 למרק םרק אלוממ   דלוקוש ףיטח‬",2026,13,3
302001,"‭(6*30)ג40 למרק םרק אלוממ   דלוקוש ףיטח‬",2026,14,1
302001,"‭(6*30)ג40 למרק םרק אלוממ   דלוקוש ףיטח‬",2026,15,1
302001,"‭(6*30)ג40 למרק םרק אלוממ   דלוקוש ףיטח‬",2026,16,7
302001,"‭(6*30)ג40 למרק םרק אלוממ   דלוקוש ףיטח‬",2026,17,4
302001,"‭(6*30)ג40 למרק םרק אלוממ   דלוקוש ףיטח‬",2026,18,4
302001,"‭(6*30)ג40 למרק םרק אלוממ   דלוקוש ףיטח‬",2026,19,4
302001,"‭(6*30)ג40 למרק םרק אלוממ   דלוקוש ףיטח‬",2026,20,6
302001,"‭(6*30)ג40 למרק םרק אלוממ   דלוקוש ףיטח‬",2026,21,1
302001,"‭(6*30)ג40 למרק םרק אלוממ   דלוקוש ףיטח‬",2026,22,9
302001,"‭(6*30)ג40 למרק םרק אלוממ   דלוקוש ףיטח‬",2026,23,2
302001,"‭(6*30)ג40 למרק םרק אלוממ   דלוקוש ףיטח‬",2026,24,6
302001,"‭(6*30)ג40 למרק םרק אלוממ   דלוקוש ףיטח‬",2026,25,2
302001,"‭(6*30)ג40 למרק םרק אלוממ   דלוקוש ףיטח‬",2026,26,14
302001,"‭(6*30)ג40 למרק םרק אלוממ   דלוקוש ףיטח‬",2026,27,1
302001,"‭(6*30)ג40 למרק םרק אלוממ   דלוקוש ףיטח‬",2026,28,3
302001,"‭(6*30)ג40 למרק םרק אלוממ   דלוקוש ףיטח‬",2026,29,5
302001,"‭(6*30)ג40 למרק םרק אלוממ   דלוקוש ףיטח‬",2026,31,4
302001,"‭(6*30)ג40 למרק םרק אלוממ   דלוקוש ףיטח‬",2026,32,2
302002,"‭(6*30)ג43 דלוקוש םרק אלוממ רירמ   דלוקוש ףיטח‬",2025,35,2
302002,"‭(6*30)ג43 דלוקוש םרק אלוממ רירמ   דלוקוש ףיטח‬",2025,37,2
302002,"‭(6*30)ג43 דלוקוש םרק אלוממ רירמ   דלוקוש ףיטח‬",2025,38,2
302002,"‭(6*30)ג43 דלוקוש םרק אלוממ רירמ   דלוקוש ףיטח‬",2025,41,1
302002,"‭(6*30)ג43 דלוקוש םרק אלוממ רירמ   דלוקוש ףיטח‬",2025,43,3
302002,"‭(6*30)ג43 דלוקוש םרק אלוממ רירמ   דלוקוש ףיטח‬",2025,44,3
302002,"‭(6*30)ג43 דלוקוש םרק אלוממ רירמ   דלוקוש ףיטח‬",2025,46,3
302002,"‭(6*30)ג43 דלוקוש םרק אלוממ רירמ   דלוקוש ףיטח‬",2025,48,3
302002,"‭(6*30)ג43 דלוקוש םרק אלוממ רירמ   דלוקוש ףיטח‬",2025,49,1
302002,"‭(6*30)ג43 דלוקוש םרק אלוממ רירמ   דלוקוש ףיטח‬",2025,50,1
302002,"‭(6*30)ג43 דלוקוש םרק אלוממ רירמ   דלוקוש ףיטח‬",2025,51,3
302002,"‭(6*30)ג43 דלוקוש םרק אלוממ רירמ   דלוקוש ףיטח‬",2025,52,1
302002,"‭(6*30)ג43 דלוקוש םרק אלוממ רירמ   דלוקוש ףיטח‬",2026,3,2
302002,"‭(6*30)ג43 דלוקוש םרק אלוממ רירמ   דלוקוש ףיטח‬",2026,4,4
302002,"‭(6*30)ג43 דלוקוש םרק אלוממ רירמ   דלוקוש ףיטח‬",2026,5,1
302002,"‭(6*30)ג43 דלוקוש םרק אלוממ רירמ   דלוקוש ףיטח‬",2026,6,1
302002,"‭(6*30)ג43 דלוקוש םרק אלוממ רירמ   דלוקוש ףיטח‬",2026,7,3
302002,"‭(6*30)ג43 דלוקוש םרק אלוממ רירמ   דלוקוש ףיטח‬",2026,8,1
302002,"‭(6*30)ג43 דלוקוש םרק אלוממ רירמ   דלוקוש ףיטח‬",2026,9,1
302002,"‭(6*30)ג43 דלוקוש םרק אלוממ רירמ   דלוקוש ףיטח‬",2026,10,1
302002,"‭(6*30)ג43 דלוקוש םרק אלוממ רירמ   דלוקוש ףיטח‬",2026,11,1
302002,"‭(6*30)ג43 דלוקוש םרק אלוממ רירמ   דלוקוש ףיטח‬",2026,12,2
302002,"‭(6*30)ג43 דלוקוש םרק אלוממ רירמ   דלוקוש ףיטח‬",2026,13,1
302002,"‭(6*30)ג43 דלוקוש םרק אלוממ רירמ   דלוקוש ףיטח‬",2026,15,1
302002,"‭(6*30)ג43 דלוקוש םרק אלוממ רירמ   דלוקוש ףיטח‬",2026,16,3
302002,"‭(6*30)ג43 דלוקוש םרק אלוממ רירמ   דלוקוש ףיטח‬",2026,17,1
302002,"‭(6*30)ג43 דלוקוש םרק אלוממ רירמ   דלוקוש ףיטח‬",2026,18,2
302002,"‭(6*30)ג43 דלוקוש םרק אלוממ רירמ   דלוקוש ףיטח‬",2026,19,2
302002,"‭(6*30)ג43 דלוקוש םרק אלוממ רירמ   דלוקוש ףיטח‬",2026,20,1
302002,"‭(6*30)ג43 דלוקוש םרק אלוממ רירמ   דלוקוש ףיטח‬",2026,21,1
302002,"‭(6*30)ג43 דלוקוש םרק אלוממ רירמ   דלוקוש ףיטח‬",2026,22,2
302002,"‭(6*30)ג43 דלוקוש םרק אלוממ רירמ   דלוקוש ףיטח‬",2026,24,1
302002,"‭(6*30)ג43 דלוקוש םרק אלוממ רירמ   דלוקוש ףיטח‬",2026,25,2
302002,"‭(6*30)ג43 דלוקוש םרק אלוממ רירמ   דלוקוש ףיטח‬",2026,26,2
302002,"‭(6*30)ג43 דלוקוש םרק אלוממ רירמ   דלוקוש ףיטח‬",2026,27,1
302002,"‭(6*30)ג43 דלוקוש םרק אלוממ רירמ   דלוקוש ףיטח‬",2026,28,2
302002,"‭(6*30)ג43 דלוקוש םרק אלוממ רירמ   דלוקוש ףיטח‬",2026,29,3
302002,"‭(6*30)ג43 דלוקוש םרק אלוממ רירמ   דלוקוש ףיטח‬",2026,31,1
302003,"‭(6*30)ג43 הלורב םרק אלוממ   דלוקוש ףיטח‬",2025,33,1
302003,"‭(6*30)ג43 הלורב םרק אלוממ   דלוקוש ףיטח‬",2025,34,4
302003,"‭(6*30)ג43 הלורב םרק אלוממ   דלוקוש ףיטח‬",2025,35,5
302003,"‭(6*30)ג43 הלורב םרק אלוממ   דלוקוש ףיטח‬",2025,36,1
302003,"‭(6*30)ג43 הלורב םרק אלוממ   דלוקוש ףיטח‬",2025,37,1
302003,"‭(6*30)ג43 הלורב םרק אלוממ   דלוקוש ףיטח‬",2025,38,6
302003,"‭(6*30)ג43 הלורב םרק אלוממ   דלוקוש ףיטח‬",2025,40,2
302003,"‭(6*30)ג43 הלורב םרק אלוממ   דלוקוש ףיטח‬",2025,41,4
302003,"‭(6*30)ג43 הלורב םרק אלוממ   דלוקוש ףיטח‬",2025,43,5
302003,"‭(6*30)ג43 הלורב םרק אלוממ   דלוקוש ףיטח‬",2025,44,5
302003,"‭(6*30)ג43 הלורב םרק אלוממ   דלוקוש ףיטח‬",2025,45,1
302003,"‭(6*30)ג43 הלורב םרק אלוממ   דלוקוש ףיטח‬",2025,46,3
302003,"‭(6*30)ג43 הלורב םרק אלוממ   דלוקוש ףיטח‬",2025,47,2
302003,"‭(6*30)ג43 הלורב םרק אלוממ   דלוקוש ףיטח‬",2025,48,3
302003,"‭(6*30)ג43 הלורב םרק אלוממ   דלוקוש ףיטח‬",2025,49,5
302003,"‭(6*30)ג43 הלורב םרק אלוממ   דלוקוש ףיטח‬",2025,50,4
302003,"‭(6*30)ג43 הלורב םרק אלוממ   דלוקוש ףיטח‬",2025,51,6
302003,"‭(6*30)ג43 הלורב םרק אלוממ   דלוקוש ףיטח‬",2025,52,1
302003,"‭(6*30)ג43 הלורב םרק אלוממ   דלוקוש ףיטח‬",2025,53,1
302003,"‭(6*30)ג43 הלורב םרק אלוממ   דלוקוש ףיטח‬",2026,2,4
302003,"‭(6*30)ג43 הלורב םרק אלוממ   דלוקוש ףיטח‬",2026,3,3
302003,"‭(6*30)ג43 הלורב םרק אלוממ   דלוקוש ףיטח‬",2026,4,4
302003,"‭(6*30)ג43 הלורב םרק אלוממ   דלוקוש ףיטח‬",2026,5,1
302003,"‭(6*30)ג43 הלורב םרק אלוממ   דלוקוש ףיטח‬",2026,6,3
302003,"‭(6*30)ג43 הלורב םרק אלוממ   דלוקוש ףיטח‬",2026,7,4
302003,"‭(6*30)ג43 הלורב םרק אלוממ   דלוקוש ףיטח‬",2026,8,3
302003,"‭(6*30)ג43 הלורב םרק אלוממ   דלוקוש ףיטח‬",2026,9,5
302003,"‭(6*30)ג43 הלורב םרק אלוממ   דלוקוש ףיטח‬",2026,10,1
302003,"‭(6*30)ג43 הלורב םרק אלוממ   דלוקוש ףיטח‬",2026,11,1
302003,"‭(6*30)ג43 הלורב םרק אלוממ   דלוקוש ףיטח‬",2026,12,3
302003,"‭(6*30)ג43 הלורב םרק אלוממ   דלוקוש ףיטח‬",2026,13,1
302003,"‭(6*30)ג43 הלורב םרק אלוממ   דלוקוש ףיטח‬",2026,14,2
302003,"‭(6*30)ג43 הלורב םרק אלוממ   דלוקוש ףיטח‬",2026,15,1
302003,"‭(6*30)ג43 הלורב םרק אלוממ   דלוקוש ףיטח‬",2026,16,4
302003,"‭(6*30)ג43 הלורב םרק אלוממ   דלוקוש ףיטח‬",2026,17,5
302003,"‭(6*30)ג43 הלורב םרק אלוממ   דלוקוש ףיטח‬",2026,18,3
302003,"‭(6*30)ג43 הלורב םרק אלוממ   דלוקוש ףיטח‬",2026,19,5
302003,"‭(6*30)ג43 הלורב םרק אלוממ   דלוקוש ףיטח‬",2026,20,6
302003,"‭(6*30)ג43 הלורב םרק אלוממ   דלוקוש ףיטח‬",2026,21,1
302003,"‭(6*30)ג43 הלורב םרק אלוממ   דלוקוש ףיטח‬",2026,22,9
302003,"‭(6*30)ג43 הלורב םרק אלוממ   דלוקוש ףיטח‬",2026,23,2
302003,"‭(6*30)ג43 הלורב םרק אלוממ   דלוקוש ףיטח‬",2026,24,5
302003,"‭(6*30)ג43 הלורב םרק אלוממ   דלוקוש ףיטח‬",2026,25,3
302003,"‭(6*30)ג43 הלורב םרק אלוממ   דלוקוש ףיטח‬",2026,26,8
302003,"‭(6*30)ג43 הלורב םרק אלוממ   דלוקוש ףיטח‬",2026,27,2
302003,"‭(6*30)ג43 הלורב םרק אלוממ   דלוקוש ףיטח‬",2026,28,7
302003,"‭(6*30)ג43 הלורב םרק אלוממ   דלוקוש ףיטח‬",2026,29,5
302003,"‭(6*30)ג43 הלורב םרק אלוממ   דלוקוש ףיטח‬",2026,31,1
302003,"‭(6*30)ג43 הלורב םרק אלוממ   דלוקוש ףיטח‬",2026,32,2
302004,"‭CUNDY NUT (5) ג""ק1 םינטוב םע למרק   טגונ ףיטח‬",2025,35,3
302004,"‭CUNDY NUT (5) ג""ק1 םינטוב םע למרק   טגונ ףיטח‬",2025,36,4.4
302004,"‭CUNDY NUT (5) ג""ק1 םינטוב םע למרק   טגונ ףיטח‬",2025,40,1.4
302004,"‭CUNDY NUT (5) ג""ק1 םינטוב םע למרק   טגונ ףיטח‬",2025,41,0.4
302004,"‭CUNDY NUT (5) ג""ק1 םינטוב םע למרק   טגונ ףיטח‬",2025,42,1
302004,"‭CUNDY NUT (5) ג""ק1 םינטוב םע למרק   טגונ ףיטח‬",2025,43,3.2
302004,"‭CUNDY NUT (5) ג""ק1 םינטוב םע למרק   טגונ ףיטח‬",2025,45,1
302004,"‭CUNDY NUT (5) ג""ק1 םינטוב םע למרק   טגונ ףיטח‬",2025,46,3
302004,"‭CUNDY NUT (5) ג""ק1 םינטוב םע למרק   טגונ ףיטח‬",2025,48,1
302004,"‭CUNDY NUT (5) ג""ק1 םינטוב םע למרק   טגונ ףיטח‬",2025,49,4
302004,"‭CUNDY NUT (5) ג""ק1 םינטוב םע למרק   טגונ ףיטח‬",2025,50,1
302004,"‭CUNDY NUT (5) ג""ק1 םינטוב םע למרק   טגונ ףיטח‬",2025,51,2
302004,"‭CUNDY NUT (5) ג""ק1 םינטוב םע למרק   טגונ ףיטח‬",2025,53,0.4
302004,"‭CUNDY NUT (5) ג""ק1 םינטוב םע למרק   טגונ ףיטח‬",2026,2,1
302004,"‭CUNDY NUT (5) ג""ק1 םינטוב םע למרק   טגונ ףיטח‬",2026,4,2.2
302004,"‭CUNDY NUT (5) ג""ק1 םינטוב םע למרק   טגונ ףיטח‬",2026,5,1
302004,"‭CUNDY NUT (5) ג""ק1 םינטוב םע למרק   טגונ ףיטח‬",2026,9,5
302004,"‭CUNDY NUT (5) ג""ק1 םינטוב םע למרק   טגונ ףיטח‬",2026,12,2
302004,"‭CUNDY NUT (5) ג""ק1 םינטוב םע למרק   טגונ ףיטח‬",2026,15,1.2
302004,"‭CUNDY NUT (5) ג""ק1 םינטוב םע למרק   טגונ ףיטח‬",2026,16,4.6
302004,"‭CUNDY NUT (5) ג""ק1 םינטוב םע למרק   טגונ ףיטח‬",2026,18,0.6
302004,"‭CUNDY NUT (5) ג""ק1 םינטוב םע למרק   טגונ ףיטח‬",2026,19,2
302004,"‭CUNDY NUT (5) ג""ק1 םינטוב םע למרק   טגונ ףיטח‬",2026,20,4
302004,"‭CUNDY NUT (5) ג""ק1 םינטוב םע למרק   טגונ ףיטח‬",2026,22,1
302004,"‭CUNDY NUT (5) ג""ק1 םינטוב םע למרק   טגונ ףיטח‬",2026,23,2.2
302004,"‭CUNDY NUT (5) ג""ק1 םינטוב םע למרק   טגונ ףיטח‬",2026,25,1
302004,"‭CUNDY NUT (5) ג""ק1 םינטוב םע למרק   טגונ ףיטח‬",2026,26,4
302004,"‭CUNDY NUT (5) ג""ק1 םינטוב םע למרק   טגונ ףיטח‬",2026,27,1
302004,"‭CUNDY NUT (5) ג""ק1 םינטוב םע למרק   טגונ ףיטח‬",2026,29,3
302004,"‭CUNDY NUT (5) ג""ק1 םינטוב םע למרק   טגונ ףיטח‬",2026,30,1
302004,"‭CUNDY NUT (5) ג""ק1 םינטוב םע למרק   טגונ ףיטח‬",2026,32,2.8
302005,"‭(6*30)ג38 סוקוקו םידקש םרק אלוממ   דלוקוש ףיטח‬",2025,34,3
302005,"‭(6*30)ג38 סוקוקו םידקש םרק אלוממ   דלוקוש ףיטח‬",2025,35,6
302005,"‭(6*30)ג38 סוקוקו םידקש םרק אלוממ   דלוקוש ףיטח‬",2025,36,2
302005,"‭(6*30)ג38 סוקוקו םידקש םרק אלוממ   דלוקוש ףיטח‬",2025,37,1
302005,"‭(6*30)ג38 סוקוקו םידקש םרק אלוממ   דלוקוש ףיטח‬",2025,38,2
302005,"‭(6*30)ג38 סוקוקו םידקש םרק אלוממ   דלוקוש ףיטח‬",2025,40,1
302005,"‭(6*30)ג38 סוקוקו םידקש םרק אלוממ   דלוקוש ףיטח‬",2025,41,1
302005,"‭(6*30)ג38 סוקוקו םידקש םרק אלוממ   דלוקוש ףיטח‬",2025,42,3
302005,"‭(6*30)ג38 סוקוקו םידקש םרק אלוממ   דלוקוש ףיטח‬",2025,43,3
302005,"‭(6*30)ג38 סוקוקו םידקש םרק אלוממ   דלוקוש ףיטח‬",2025,44,1
302005,"‭(6*30)ג38 סוקוקו םידקש םרק אלוממ   דלוקוש ףיטח‬",2025,45,1
302005,"‭(6*30)ג38 סוקוקו םידקש םרק אלוממ   דלוקוש ףיטח‬",2025,46,2
302005,"‭(6*30)ג38 סוקוקו םידקש םרק אלוממ   דלוקוש ףיטח‬",2025,47,1
302005,"‭(6*30)ג38 סוקוקו םידקש םרק אלוממ   דלוקוש ףיטח‬",2025,48,2
302005,"‭(6*30)ג38 סוקוקו םידקש םרק אלוממ   דלוקוש ףיטח‬",2025,49,4
302005,"‭(6*30)ג38 סוקוקו םידקש םרק אלוממ   דלוקוש ףיטח‬",2025,51,4
302005,"‭(6*30)ג38 סוקוקו םידקש םרק אלוממ   דלוקוש ףיטח‬",2025,52,1
302005,"‭(6*30)ג38 סוקוקו םידקש םרק אלוממ   דלוקוש ףיטח‬",2026,3,3
302005,"‭(6*30)ג38 סוקוקו םידקש םרק אלוממ   דלוקוש ףיטח‬",2026,4,2
302005,"‭(6*30)ג38 סוקוקו םידקש םרק אלוממ   דלוקוש ףיטח‬",2026,5,3
302005,"‭(6*30)ג38 סוקוקו םידקש םרק אלוממ   דלוקוש ףיטח‬",2026,6,1
302005,"‭(6*30)ג38 סוקוקו םידקש םרק אלוממ   דלוקוש ףיטח‬",2026,7,2
302005,"‭(6*30)ג38 סוקוקו םידקש םרק אלוממ   דלוקוש ףיטח‬",2026,8,1
302005,"‭(6*30)ג38 סוקוקו םידקש םרק אלוממ   דלוקוש ףיטח‬",2026,9,1
302005,"‭(6*30)ג38 סוקוקו םידקש םרק אלוממ   דלוקוש ףיטח‬",2026,10,1
302005,"‭(6*30)ג38 סוקוקו םידקש םרק אלוממ   דלוקוש ףיטח‬",2026,11,3
302005,"‭(6*30)ג38 סוקוקו םידקש םרק אלוממ   דלוקוש ףיטח‬",2026,12,2
302005,"‭(6*30)ג38 סוקוקו םידקש םרק אלוממ   דלוקוש ףיטח‬",2026,13,2
302005,"‭(6*30)ג38 סוקוקו םידקש םרק אלוממ   דלוקוש ףיטח‬",2026,14,1
302005,"‭(6*30)ג38 סוקוקו םידקש םרק אלוממ   דלוקוש ףיטח‬",2026,15,1
302005,"‭(6*30)ג38 סוקוקו םידקש םרק אלוממ   דלוקוש ףיטח‬",2026,16,6
302005,"‭(6*30)ג38 סוקוקו םידקש םרק אלוממ   דלוקוש ףיטח‬",2026,17,5
302005,"‭(6*30)ג38 סוקוקו םידקש םרק אלוממ   דלוקוש ףיטח‬",2026,18,4
302005,"‭(6*30)ג38 סוקוקו םידקש םרק אלוממ   דלוקוש ףיטח‬",2026,19,4
302005,"‭(6*30)ג38 סוקוקו םידקש םרק אלוממ   דלוקוש ףיטח‬",2026,20,6
302005,"‭(6*30)ג38 סוקוקו םידקש םרק אלוממ   דלוקוש ףיטח‬",2026,21,1
302005,"‭(6*30)ג38 סוקוקו םידקש םרק אלוממ   דלוקוש ףיטח‬",2026,22,5
302005,"‭(6*30)ג38 סוקוקו םידקש םרק אלוממ   דלוקוש ףיטח‬",2026,23,2
302005,"‭(6*30)ג38 סוקוקו םידקש םרק אלוממ   דלוקוש ףיטח‬",2026,24,2
302005,"‭(6*30)ג38 סוקוקו םידקש םרק אלוממ   דלוקוש ףיטח‬",2026,25,4
302005,"‭(6*30)ג38 סוקוקו םידקש םרק אלוממ   דלוקוש ףיטח‬",2026,26,2
302005,"‭(6*30)ג38 סוקוקו םידקש םרק אלוממ   דלוקוש ףיטח‬",2026,27,2
302005,"‭(6*30)ג38 סוקוקו םידקש םרק אלוממ   דלוקוש ףיטח‬",2026,28,4
302005,"‭(6*30)ג38 סוקוקו םידקש םרק אלוממ   דלוקוש ףיטח‬",2026,29,3
302005,"‭(6*30)ג38 סוקוקו םידקש םרק אלוממ   דלוקוש ףיטח‬",2026,32,1
302006,"‭(6*30)ג39 םינטוב םע םינטוב םרק אלוממ   דלוקוש ףיטח‬",2026,19,4
302006,"‭(6*30)ג39 םינטוב םע םינטוב םרק אלוממ   דלוקוש ףיטח‬",2026,20,7
302006,"‭(6*30)ג39 םינטוב םע םינטוב םרק אלוממ   דלוקוש ףיטח‬",2026,21,2
302006,"‭(6*30)ג39 םינטוב םע םינטוב םרק אלוממ   דלוקוש ףיטח‬",2026,22,7
302006,"‭(6*30)ג39 םינטוב םע םינטוב םרק אלוממ   דלוקוש ףיטח‬",2026,23,2
302006,"‭(6*30)ג39 םינטוב םע םינטוב םרק אלוממ   דלוקוש ףיטח‬",2026,24,1
302006,"‭(6*30)ג39 םינטוב םע םינטוב םרק אלוממ   דלוקוש ףיטח‬",2026,25,5
302006,"‭(6*30)ג39 םינטוב םע םינטוב םרק אלוממ   דלוקוש ףיטח‬",2026,26,2
302006,"‭(6*30)ג39 םינטוב םע םינטוב םרק אלוממ   דלוקוש ףיטח‬",2026,27,2
302006,"‭(6*30)ג39 םינטוב םע םינטוב םרק אלוממ   דלוקוש ףיטח‬",2026,28,2
302006,"‭(6*30)ג39 םינטוב םע םינטוב םרק אלוממ   דלוקוש ףיטח‬",2026,29,3
302006,"‭(6*30)ג39 םינטוב םע םינטוב םרק אלוממ   דלוקוש ףיטח‬",2026,31,1
302006,"‭(6*30)ג39 םינטוב םע םינטוב םרק אלוממ   דלוקוש ףיטח‬",2026,32,3
302206,"‭(12)'ג378 ""הקלו'צפ יזיירק""  יל'ג תוירכוס  ‬",2026,25,1
302206,"‭(12)'ג378 ""הקלו'צפ יזיירק""  יל'ג תוירכוס  ‬",2026,26,1
302206,"‭(12)'ג378 ""הקלו'צפ יזיירק""  יל'ג תוירכוס  ‬",2026,32,1
302207,"‭(12)'ג200 ""הקלו'צפ יזיירק"" יל'ג תוירכוס  ‬",2025,33,1
302207,"‭(12)'ג200 ""הקלו'צפ יזיירק"" יל'ג תוירכוס  ‬",2025,34,9
302207,"‭(12)'ג200 ""הקלו'צפ יזיירק"" יל'ג תוירכוס  ‬",2025,35,6
302207,"‭(12)'ג200 ""הקלו'צפ יזיירק"" יל'ג תוירכוס  ‬",2025,36,6
302207,"‭(12)'ג200 ""הקלו'צפ יזיירק"" יל'ג תוירכוס  ‬",2025,37,2
302207,"‭(12)'ג200 ""הקלו'צפ יזיירק"" יל'ג תוירכוס  ‬",2025,38,7
302207,"‭(12)'ג200 ""הקלו'צפ יזיירק"" יל'ג תוירכוס  ‬",2025,39,3
302207,"‭(12)'ג200 ""הקלו'צפ יזיירק"" יל'ג תוירכוס  ‬",2025,40,2
302207,"‭(12)'ג200 ""הקלו'צפ יזיירק"" יל'ג תוירכוס  ‬",2025,41,5
302207,"‭(12)'ג200 ""הקלו'צפ יזיירק"" יל'ג תוירכוס  ‬",2025,42,2
302207,"‭(12)'ג200 ""הקלו'צפ יזיירק"" יל'ג תוירכוס  ‬",2025,43,5
302207,"‭(12)'ג200 ""הקלו'צפ יזיירק"" יל'ג תוירכוס  ‬",2025,44,5
302207,"‭(12)'ג200 ""הקלו'צפ יזיירק"" יל'ג תוירכוס  ‬",2025,45,6
302207,"‭(12)'ג200 ""הקלו'צפ יזיירק"" יל'ג תוירכוס  ‬",2025,46,5
302207,"‭(12)'ג200 ""הקלו'צפ יזיירק"" יל'ג תוירכוס  ‬",2025,47,5
302207,"‭(12)'ג200 ""הקלו'צפ יזיירק"" יל'ג תוירכוס  ‬",2025,48,3
302207,"‭(12)'ג200 ""הקלו'צפ יזיירק"" יל'ג תוירכוס  ‬",2025,49,4.83
302207,"‭(12)'ג200 ""הקלו'צפ יזיירק"" יל'ג תוירכוס  ‬",2025,50,2
302207,"‭(12)'ג200 ""הקלו'צפ יזיירק"" יל'ג תוירכוס  ‬",2025,51,3
302207,"‭(12)'ג200 ""הקלו'צפ יזיירק"" יל'ג תוירכוס  ‬",2025,53,2
302207,"‭(12)'ג200 ""הקלו'צפ יזיירק"" יל'ג תוירכוס  ‬",2026,2,7
302207,"‭(12)'ג200 ""הקלו'צפ יזיירק"" יל'ג תוירכוס  ‬",2026,3,2
302207,"‭(12)'ג200 ""הקלו'צפ יזיירק"" יל'ג תוירכוס  ‬",2026,4,7
302207,"‭(12)'ג200 ""הקלו'צפ יזיירק"" יל'ג תוירכוס  ‬",2026,5,3
302207,"‭(12)'ג200 ""הקלו'צפ יזיירק"" יל'ג תוירכוס  ‬",2026,6,1
302207,"‭(12)'ג200 ""הקלו'צפ יזיירק"" יל'ג תוירכוס  ‬",2026,7,2
302207,"‭(12)'ג200 ""הקלו'צפ יזיירק"" יל'ג תוירכוס  ‬",2026,8,5
302207,"‭(12)'ג200 ""הקלו'צפ יזיירק"" יל'ג תוירכוס  ‬",2026,9,3
302207,"‭(12)'ג200 ""הקלו'צפ יזיירק"" יל'ג תוירכוס  ‬",2026,10,2
302207,"‭(12)'ג200 ""הקלו'צפ יזיירק"" יל'ג תוירכוס  ‬",2026,11,1
302207,"‭(12)'ג200 ""הקלו'צפ יזיירק"" יל'ג תוירכוס  ‬",2026,12,4
302207,"‭(12)'ג200 ""הקלו'צפ יזיירק"" יל'ג תוירכוס  ‬",2026,13,2
302207,"‭(12)'ג200 ""הקלו'צפ יזיירק"" יל'ג תוירכוס  ‬",2026,14,4
302207,"‭(12)'ג200 ""הקלו'צפ יזיירק"" יל'ג תוירכוס  ‬",2026,16,11
302207,"‭(12)'ג200 ""הקלו'צפ יזיירק"" יל'ג תוירכוס  ‬",2026,17,3
302207,"‭(12)'ג200 ""הקלו'צפ יזיירק"" יל'ג תוירכוס  ‬",2026,18,4
302207,"‭(12)'ג200 ""הקלו'צפ יזיירק"" יל'ג תוירכוס  ‬",2026,19,4
302207,"‭(12)'ג200 ""הקלו'צפ יזיירק"" יל'ג תוירכוס  ‬",2026,20,5
302207,"‭(12)'ג200 ""הקלו'צפ יזיירק"" יל'ג תוירכוס  ‬",2026,21,4
302207,"‭(12)'ג200 ""הקלו'צפ יזיירק"" יל'ג תוירכוס  ‬",2026,22,4
302207,"‭(12)'ג200 ""הקלו'צפ יזיירק"" יל'ג תוירכוס  ‬",2026,23,5
302207,"‭(12)'ג200 ""הקלו'צפ יזיירק"" יל'ג תוירכוס  ‬",2026,24,5
302207,"‭(12)'ג200 ""הקלו'צפ יזיירק"" יל'ג תוירכוס  ‬",2026,25,10
302207,"‭(12)'ג200 ""הקלו'צפ יזיירק"" יל'ג תוירכוס  ‬",2026,26,6
302207,"‭(12)'ג200 ""הקלו'צפ יזיירק"" יל'ג תוירכוס  ‬",2026,27,4
302207,"‭(12)'ג200 ""הקלו'צפ יזיירק"" יל'ג תוירכוס  ‬",2026,28,5
302207,"‭(12)'ג200 ""הקלו'צפ יזיירק"" יל'ג תוירכוס  ‬",2026,29,2
302207,"‭(12)'ג200 ""הקלו'צפ יזיירק"" יל'ג תוירכוס  ‬",2026,30,3
302207,"‭(12)'ג200 ""הקלו'צפ יזיירק"" יל'ג תוירכוס  ‬",2026,31,7
302207,"‭(12)'ג200 ""הקלו'צפ יזיירק"" יל'ג תוירכוס  ‬",2026,32,3
302209,"‭(12)'ג325 ""יקניב יקנימ"" יפוט תוירכוס  ‬",2026,26,1
302209,"‭(12)'ג325 ""יקניב יקנימ"" יפוט תוירכוס  ‬",2026,31,1
302210,"‭(12)'ג205 ""הקבורוק"" בלח יפוט תוירכוס ושור‬",2025,33,3
302210,"‭(12)'ג205 ""הקבורוק"" בלח יפוט תוירכוס ושור‬",2025,34,7
302210,"‭(12)'ג205 ""הקבורוק"" בלח יפוט תוירכוס ושור‬",2025,35,6
302210,"‭(12)'ג205 ""הקבורוק"" בלח יפוט תוירכוס ושור‬",2025,36,4
302210,"‭(12)'ג205 ""הקבורוק"" בלח יפוט תוירכוס ושור‬",2025,37,6
302210,"‭(12)'ג205 ""הקבורוק"" בלח יפוט תוירכוס ושור‬",2025,38,7
302210,"‭(12)'ג205 ""הקבורוק"" בלח יפוט תוירכוס ושור‬",2025,39,2
302210,"‭(12)'ג205 ""הקבורוק"" בלח יפוט תוירכוס ושור‬",2025,40,5
302210,"‭(12)'ג205 ""הקבורוק"" בלח יפוט תוירכוס ושור‬",2025,41,5
302210,"‭(12)'ג205 ""הקבורוק"" בלח יפוט תוירכוס ושור‬",2025,43,7.25
302210,"‭(12)'ג205 ""הקבורוק"" בלח יפוט תוירכוס ושור‬",2025,44,4.75
302210,"‭(12)'ג205 ""הקבורוק"" בלח יפוט תוירכוס ושור‬",2025,45,5
302210,"‭(12)'ג205 ""הקבורוק"" בלח יפוט תוירכוס ושור‬",2025,46,8
302210,"‭(12)'ג205 ""הקבורוק"" בלח יפוט תוירכוס ושור‬",2025,47,6
302210,"‭(12)'ג205 ""הקבורוק"" בלח יפוט תוירכוס ושור‬",2025,48,3
302210,"‭(12)'ג205 ""הקבורוק"" בלח יפוט תוירכוס ושור‬",2025,49,4
302210,"‭(12)'ג205 ""הקבורוק"" בלח יפוט תוירכוס ושור‬",2025,50,3
302210,"‭(12)'ג205 ""הקבורוק"" בלח יפוט תוירכוס ושור‬",2025,51,4
302210,"‭(12)'ג205 ""הקבורוק"" בלח יפוט תוירכוס ושור‬",2025,52,3
302210,"‭(12)'ג205 ""הקבורוק"" בלח יפוט תוירכוס ושור‬",2025,53,5
302210,"‭(12)'ג205 ""הקבורוק"" בלח יפוט תוירכוס ושור‬",2026,2,10
302210,"‭(12)'ג205 ""הקבורוק"" בלח יפוט תוירכוס ושור‬",2026,3,5
302210,"‭(12)'ג205 ""הקבורוק"" בלח יפוט תוירכוס ושור‬",2026,4,6
302210,"‭(12)'ג205 ""הקבורוק"" בלח יפוט תוירכוס ושור‬",2026,5,8
302210,"‭(12)'ג205 ""הקבורוק"" בלח יפוט תוירכוס ושור‬",2026,6,5
302210,"‭(12)'ג205 ""הקבורוק"" בלח יפוט תוירכוס ושור‬",2026,7,2
302210,"‭(12)'ג205 ""הקבורוק"" בלח יפוט תוירכוס ושור‬",2026,8,4
302210,"‭(12)'ג205 ""הקבורוק"" בלח יפוט תוירכוס ושור‬",2026,9,1
302210,"‭(12)'ג205 ""הקבורוק"" בלח יפוט תוירכוס ושור‬",2026,10,7
302210,"‭(12)'ג205 ""הקבורוק"" בלח יפוט תוירכוס ושור‬",2026,11,3
302210,"‭(12)'ג205 ""הקבורוק"" בלח יפוט תוירכוס ושור‬",2026,12,1
302210,"‭(12)'ג205 ""הקבורוק"" בלח יפוט תוירכוס ושור‬",2026,13,3
302210,"‭(12)'ג205 ""הקבורוק"" בלח יפוט תוירכוס ושור‬",2026,14,1
302210,"‭(12)'ג205 ""הקבורוק"" בלח יפוט תוירכוס ושור‬",2026,15,3
302210,"‭(12)'ג205 ""הקבורוק"" בלח יפוט תוירכוס ושור‬",2026,16,16
302210,"‭(12)'ג205 ""הקבורוק"" בלח יפוט תוירכוס ושור‬",2026,17,10
302210,"‭(12)'ג205 ""הקבורוק"" בלח יפוט תוירכוס ושור‬",2026,18,2
302210,"‭(12)'ג205 ""הקבורוק"" בלח יפוט תוירכוס ושור‬",2026,19,1
302210,"‭(12)'ג205 ""הקבורוק"" בלח יפוט תוירכוס ושור‬",2026,20,6
302210,"‭(12)'ג205 ""הקבורוק"" בלח יפוט תוירכוס ושור‬",2026,21,5
302210,"‭(12)'ג205 ""הקבורוק"" בלח יפוט תוירכוס ושור‬",2026,22,10
302210,"‭(12)'ג205 ""הקבורוק"" בלח יפוט תוירכוס ושור‬",2026,23,3
302210,"‭(12)'ג205 ""הקבורוק"" בלח יפוט תוירכוס ושור‬",2026,24,4
302210,"‭(12)'ג205 ""הקבורוק"" בלח יפוט תוירכוס ושור‬",2026,25,8
302210,"‭(12)'ג205 ""הקבורוק"" בלח יפוט תוירכוס ושור‬",2026,26,5
302210,"‭(12)'ג205 ""הקבורוק"" בלח יפוט תוירכוס ושור‬",2026,27,7
302210,"‭(12)'ג205 ""הקבורוק"" בלח יפוט תוירכוס ושור‬",2026,28,5
302210,"‭(12)'ג205 ""הקבורוק"" בלח יפוט תוירכוס ושור‬",2026,29,8
302210,"‭(12)'ג205 ""הקבורוק"" בלח יפוט תוירכוס ושור‬",2026,30,4
302210,"‭(12)'ג205 ""הקבורוק"" בלח יפוט תוירכוס ושור‬",2026,31,4
302210,"‭(12)'ג205 ""הקבורוק"" בלח יפוט תוירכוס ושור‬",2026,32,2
302211,"‭(12)ג150 ""בלח סוכ"" בלח   תואלוממ יפוט תוירכוס‬",2025,33,1
302211,"‭(12)ג150 ""בלח סוכ"" בלח   תואלוממ יפוט תוירכוס‬",2025,34,7
302211,"‭(12)ג150 ""בלח סוכ"" בלח   תואלוממ יפוט תוירכוס‬",2025,35,6
302211,"‭(12)ג150 ""בלח סוכ"" בלח   תואלוממ יפוט תוירכוס‬",2025,36,4
302211,"‭(12)ג150 ""בלח סוכ"" בלח   תואלוממ יפוט תוירכוס‬",2025,41,5
302211,"‭(12)ג150 ""בלח סוכ"" בלח   תואלוממ יפוט תוירכוס‬",2025,42,9
302211,"‭(12)ג150 ""בלח סוכ"" בלח   תואלוממ יפוט תוירכוס‬",2025,43,4
302211,"‭(12)ג150 ""בלח סוכ"" בלח   תואלוממ יפוט תוירכוס‬",2025,44,7
302211,"‭(12)ג150 ""בלח סוכ"" בלח   תואלוממ יפוט תוירכוס‬",2025,45,3
302211,"‭(12)ג150 ""בלח סוכ"" בלח   תואלוממ יפוט תוירכוס‬",2025,46,5
302211,"‭(12)ג150 ""בלח סוכ"" בלח   תואלוממ יפוט תוירכוס‬",2025,47,2
302211,"‭(12)ג150 ""בלח סוכ"" בלח   תואלוממ יפוט תוירכוס‬",2025,48,5
302211,"‭(12)ג150 ""בלח סוכ"" בלח   תואלוממ יפוט תוירכוס‬",2025,49,3.83
302211,"‭(12)ג150 ""בלח סוכ"" בלח   תואלוממ יפוט תוירכוס‬",2025,50,2
302211,"‭(12)ג150 ""בלח סוכ"" בלח   תואלוממ יפוט תוירכוס‬",2025,51,6
302211,"‭(12)ג150 ""בלח סוכ"" בלח   תואלוממ יפוט תוירכוס‬",2025,52,3
302211,"‭(12)ג150 ""בלח סוכ"" בלח   תואלוממ יפוט תוירכוס‬",2026,2,10
302211,"‭(12)ג150 ""בלח סוכ"" בלח   תואלוממ יפוט תוירכוס‬",2026,3,2
302211,"‭(12)ג150 ""בלח סוכ"" בלח   תואלוממ יפוט תוירכוס‬",2026,4,3
302211,"‭(12)ג150 ""בלח סוכ"" בלח   תואלוממ יפוט תוירכוס‬",2026,5,4
302211,"‭(12)ג150 ""בלח סוכ"" בלח   תואלוממ יפוט תוירכוס‬",2026,6,4
302211,"‭(12)ג150 ""בלח סוכ"" בלח   תואלוממ יפוט תוירכוס‬",2026,7,3
302211,"‭(12)ג150 ""בלח סוכ"" בלח   תואלוממ יפוט תוירכוס‬",2026,8,4
302211,"‭(12)ג150 ""בלח סוכ"" בלח   תואלוממ יפוט תוירכוס‬",2026,9,2
302211,"‭(12)ג150 ""בלח סוכ"" בלח   תואלוממ יפוט תוירכוס‬",2026,10,1
302211,"‭(12)ג150 ""בלח סוכ"" בלח   תואלוממ יפוט תוירכוס‬",2026,11,1
302211,"‭(12)ג150 ""בלח סוכ"" בלח   תואלוממ יפוט תוירכוס‬",2026,12,3
302211,"‭(12)ג150 ""בלח סוכ"" בלח   תואלוממ יפוט תוירכוס‬",2026,13,3
302211,"‭(12)ג150 ""בלח סוכ"" בלח   תואלוממ יפוט תוירכוס‬",2026,14,2
302211,"‭(12)ג150 ""בלח סוכ"" בלח   תואלוממ יפוט תוירכוס‬",2026,15,1
302211,"‭(12)ג150 ""בלח סוכ"" בלח   תואלוממ יפוט תוירכוס‬",2026,16,8
302211,"‭(12)ג150 ""בלח סוכ"" בלח   תואלוממ יפוט תוירכוס‬",2026,17,6
302211,"‭(12)ג150 ""בלח סוכ"" בלח   תואלוממ יפוט תוירכוס‬",2026,18,6
302211,"‭(12)ג150 ""בלח סוכ"" בלח   תואלוממ יפוט תוירכוס‬",2026,19,3
302211,"‭(12)ג150 ""בלח סוכ"" בלח   תואלוממ יפוט תוירכוס‬",2026,20,4
302211,"‭(12)ג150 ""בלח סוכ"" בלח   תואלוממ יפוט תוירכוס‬",2026,21,1
302211,"‭(12)ג150 ""בלח סוכ"" בלח   תואלוממ יפוט תוירכוס‬",2026,22,3
302211,"‭(12)ג150 ""בלח סוכ"" בלח   תואלוממ יפוט תוירכוס‬",2026,23,4
302211,"‭(12)ג150 ""בלח סוכ"" בלח   תואלוממ יפוט תוירכוס‬",2026,24,5
302211,"‭(12)ג150 ""בלח סוכ"" בלח   תואלוממ יפוט תוירכוס‬",2026,25,4
302211,"‭(12)ג150 ""בלח סוכ"" בלח   תואלוממ יפוט תוירכוס‬",2026,26,4
302211,"‭(12)ג150 ""בלח סוכ"" בלח   תואלוממ יפוט תוירכוס‬",2026,27,5
302211,"‭(12)ג150 ""בלח סוכ"" בלח   תואלוממ יפוט תוירכוס‬",2026,28,5
302211,"‭(12)ג150 ""בלח סוכ"" בלח   תואלוממ יפוט תוירכוס‬",2026,29,5
302211,"‭(12)ג150 ""בלח סוכ"" בלח   תואלוממ יפוט תוירכוס‬",2026,30,3
302211,"‭(12)ג150 ""בלח סוכ"" בלח   תואלוממ יפוט תוירכוס‬",2026,31,5
302211,"‭(12)ג150 ""בלח סוכ"" בלח   תואלוממ יפוט תוירכוס‬",2026,32,3
302212,"‭(12)'ג325MILKY SPLASH בלח סוכ יפוט תוירכוס‬",2026,29,2
302213,"‭(12)'ג325 TOFELINI דלוקוש יולימב   יפוט תוירכוס‬",2026,26,1
302213,"‭(12)'ג325 TOFELINI דלוקוש יולימב   יפוט תוירכוס‬",2026,27,1
302213,"‭(12)'ג325 TOFELINI דלוקוש יולימב   יפוט תוירכוס‬",2026,28,1
302213,"‭(12)'ג325 TOFELINI דלוקוש יולימב   יפוט תוירכוס‬",2026,29,1
302214,"‭(11)'ג200 ""םוב םיב"" תוריפ   תואלוממ תוירכוס‬",2025,33,1
302214,"‭(11)'ג200 ""םוב םיב"" תוריפ   תואלוממ תוירכוס‬",2025,34,4
302214,"‭(11)'ג200 ""םוב םיב"" תוריפ   תואלוממ תוירכוס‬",2025,35,2
302214,"‭(11)'ג200 ""םוב םיב"" תוריפ   תואלוממ תוירכוס‬",2025,36,6
302214,"‭(11)'ג200 ""םוב םיב"" תוריפ   תואלוממ תוירכוס‬",2025,37,4
302214,"‭(11)'ג200 ""םוב םיב"" תוריפ   תואלוממ תוירכוס‬",2025,38,5
302214,"‭(11)'ג200 ""םוב םיב"" תוריפ   תואלוממ תוירכוס‬",2025,39,1
302214,"‭(11)'ג200 ""םוב םיב"" תוריפ   תואלוממ תוירכוס‬",2025,40,3
302214,"‭(11)'ג200 ""םוב םיב"" תוריפ   תואלוממ תוירכוס‬",2025,41,3
302214,"‭(11)'ג200 ""םוב םיב"" תוריפ   תואלוממ תוירכוס‬",2025,42,2
302214,"‭(11)'ג200 ""םוב םיב"" תוריפ   תואלוממ תוירכוס‬",2025,43,7
302214,"‭(11)'ג200 ""םוב םיב"" תוריפ   תואלוממ תוירכוס‬",2025,44,3
302214,"‭(11)'ג200 ""םוב םיב"" תוריפ   תואלוממ תוירכוס‬",2025,46,3
302214,"‭(11)'ג200 ""םוב םיב"" תוריפ   תואלוממ תוירכוס‬",2025,47,5
302214,"‭(11)'ג200 ""םוב םיב"" תוריפ   תואלוממ תוירכוס‬",2025,48,3
302214,"‭(11)'ג200 ""םוב םיב"" תוריפ   תואלוממ תוירכוס‬",2025,49,6
302214,"‭(11)'ג200 ""םוב םיב"" תוריפ   תואלוממ תוירכוס‬",2025,50,2
302214,"‭(11)'ג200 ""םוב םיב"" תוריפ   תואלוממ תוירכוס‬",2025,51,4
302214,"‭(11)'ג200 ""םוב םיב"" תוריפ   תואלוממ תוירכוס‬",2025,52,1
302214,"‭(11)'ג200 ""םוב םיב"" תוריפ   תואלוממ תוירכוס‬",2025,53,1
302214,"‭(11)'ג200 ""םוב םיב"" תוריפ   תואלוממ תוירכוס‬",2026,2,4
302214,"‭(11)'ג200 ""םוב םיב"" תוריפ   תואלוממ תוירכוס‬",2026,3,2
302214,"‭(11)'ג200 ""םוב םיב"" תוריפ   תואלוממ תוירכוס‬",2026,4,3
302214,"‭(11)'ג200 ""םוב םיב"" תוריפ   תואלוממ תוירכוס‬",2026,5,3
302214,"‭(11)'ג200 ""םוב םיב"" תוריפ   תואלוממ תוירכוס‬",2026,6,3
302214,"‭(11)'ג200 ""םוב םיב"" תוריפ   תואלוממ תוירכוס‬",2026,7,1
302214,"‭(11)'ג200 ""םוב םיב"" תוריפ   תואלוממ תוירכוס‬",2026,9,2
302214,"‭(11)'ג200 ""םוב םיב"" תוריפ   תואלוממ תוירכוס‬",2026,10,2
302214,"‭(11)'ג200 ""םוב םיב"" תוריפ   תואלוממ תוירכוס‬",2026,11,1
302214,"‭(11)'ג200 ""םוב םיב"" תוריפ   תואלוממ תוירכוס‬",2026,12,2
302214,"‭(11)'ג200 ""םוב םיב"" תוריפ   תואלוממ תוירכוס‬",2026,13,2
302214,"‭(11)'ג200 ""םוב םיב"" תוריפ   תואלוממ תוירכוס‬",2026,14,1
302214,"‭(11)'ג200 ""םוב םיב"" תוריפ   תואלוממ תוירכוס‬",2026,15,2
302214,"‭(11)'ג200 ""םוב םיב"" תוריפ   תואלוממ תוירכוס‬",2026,16,8
302214,"‭(11)'ג200 ""םוב םיב"" תוריפ   תואלוממ תוירכוס‬",2026,17,2
302214,"‭(11)'ג200 ""םוב םיב"" תוריפ   תואלוממ תוירכוס‬",2026,18,6
302214,"‭(11)'ג200 ""םוב םיב"" תוריפ   תואלוממ תוירכוס‬",2026,19,3
302214,"‭(11)'ג200 ""םוב םיב"" תוריפ   תואלוממ תוירכוס‬",2026,20,5
302214,"‭(11)'ג200 ""םוב םיב"" תוריפ   תואלוממ תוירכוס‬",2026,21,3
302214,"‭(11)'ג200 ""םוב םיב"" תוריפ   תואלוממ תוירכוס‬",2026,22,3
302214,"‭(11)'ג200 ""םוב םיב"" תוריפ   תואלוממ תוירכוס‬",2026,23,4
302214,"‭(11)'ג200 ""םוב םיב"" תוריפ   תואלוממ תוירכוס‬",2026,24,6
302214,"‭(11)'ג200 ""םוב םיב"" תוריפ   תואלוממ תוירכוס‬",2026,25,7
302214,"‭(11)'ג200 ""םוב םיב"" תוריפ   תואלוממ תוירכוס‬",2026,26,2
302214,"‭(11)'ג200 ""םוב םיב"" תוריפ   תואלוממ תוירכוס‬",2026,27,4
302214,"‭(11)'ג200 ""םוב םיב"" תוריפ   תואלוממ תוירכוס‬",2026,28,5
302214,"‭(11)'ג200 ""םוב םיב"" תוריפ   תואלוממ תוירכוס‬",2026,29,5
302214,"‭(11)'ג200 ""םוב םיב"" תוריפ   תואלוממ תוירכוס‬",2026,30,5
302214,"‭(11)'ג200 ""םוב םיב"" תוריפ   תואלוממ תוירכוס‬",2026,31,4
302214,"‭(11)'ג200 ""םוב םיב"" תוריפ   תואלוממ תוירכוס‬",2026,32,2
302215,"‭(12)'ג468 ""םוב םיב"" תוריפ   תואלוממ תוירכוס‬",2026,25,1
302215,"‭(12)'ג468 ""םוב םיב"" תוריפ   תואלוממ תוירכוס‬",2026,26,1
302217,"‭(18)'ג200 CITRUS MIX ""טורפ ינוב"" ילי'ג תוירכוס‬",2025,33,2
302217,"‭(18)'ג200 CITRUS MIX ""טורפ ינוב"" ילי'ג תוירכוס‬",2025,34,2
302217,"‭(18)'ג200 CITRUS MIX ""טורפ ינוב"" ילי'ג תוירכוס‬",2025,35,2
302217,"‭(18)'ג200 CITRUS MIX ""טורפ ינוב"" ילי'ג תוירכוס‬",2025,36,2
302217,"‭(18)'ג200 CITRUS MIX ""טורפ ינוב"" ילי'ג תוירכוס‬",2025,37,2
302217,"‭(18)'ג200 CITRUS MIX ""טורפ ינוב"" ילי'ג תוירכוס‬",2025,38,4
302217,"‭(18)'ג200 CITRUS MIX ""טורפ ינוב"" ילי'ג תוירכוס‬",2025,39,1
302217,"‭(18)'ג200 CITRUS MIX ""טורפ ינוב"" ילי'ג תוירכוס‬",2025,40,3
302217,"‭(18)'ג200 CITRUS MIX ""טורפ ינוב"" ילי'ג תוירכוס‬",2025,41,2
302217,"‭(18)'ג200 CITRUS MIX ""טורפ ינוב"" ילי'ג תוירכוס‬",2025,42,1
302217,"‭(18)'ג200 CITRUS MIX ""טורפ ינוב"" ילי'ג תוירכוס‬",2025,44,3.5
302217,"‭(18)'ג200 CITRUS MIX ""טורפ ינוב"" ילי'ג תוירכוס‬",2025,45,4
302217,"‭(18)'ג200 CITRUS MIX ""טורפ ינוב"" ילי'ג תוירכוס‬",2025,46,1.33
302217,"‭(18)'ג200 CITRUS MIX ""טורפ ינוב"" ילי'ג תוירכוס‬",2025,47,2
302217,"‭(18)'ג200 CITRUS MIX ""טורפ ינוב"" ילי'ג תוירכוס‬",2025,48,2
302217,"‭(18)'ג200 CITRUS MIX ""טורפ ינוב"" ילי'ג תוירכוס‬",2025,49,3
302217,"‭(18)'ג200 CITRUS MIX ""טורפ ינוב"" ילי'ג תוירכוס‬",2025,50,2
302217,"‭(18)'ג200 CITRUS MIX ""טורפ ינוב"" ילי'ג תוירכוס‬",2025,51,1
302217,"‭(18)'ג200 CITRUS MIX ""טורפ ינוב"" ילי'ג תוירכוס‬",2025,52,1
302217,"‭(18)'ג200 CITRUS MIX ""טורפ ינוב"" ילי'ג תוירכוס‬",2025,53,3
302217,"‭(18)'ג200 CITRUS MIX ""טורפ ינוב"" ילי'ג תוירכוס‬",2026,2,7
302217,"‭(18)'ג200 CITRUS MIX ""טורפ ינוב"" ילי'ג תוירכוס‬",2026,3,4
302217,"‭(18)'ג200 CITRUS MIX ""טורפ ינוב"" ילי'ג תוירכוס‬",2026,4,4
302217,"‭(18)'ג200 CITRUS MIX ""טורפ ינוב"" ילי'ג תוירכוס‬",2026,5,4
302217,"‭(18)'ג200 CITRUS MIX ""טורפ ינוב"" ילי'ג תוירכוס‬",2026,6,7
302217,"‭(18)'ג200 CITRUS MIX ""טורפ ינוב"" ילי'ג תוירכוס‬",2026,7,1
302217,"‭(18)'ג200 CITRUS MIX ""טורפ ינוב"" ילי'ג תוירכוס‬",2026,8,6
302217,"‭(18)'ג200 CITRUS MIX ""טורפ ינוב"" ילי'ג תוירכוס‬",2026,10,2
302217,"‭(18)'ג200 CITRUS MIX ""טורפ ינוב"" ילי'ג תוירכוס‬",2026,11,2
302217,"‭(18)'ג200 CITRUS MIX ""טורפ ינוב"" ילי'ג תוירכוס‬",2026,12,4
302217,"‭(18)'ג200 CITRUS MIX ""טורפ ינוב"" ילי'ג תוירכוס‬",2026,13,1
302217,"‭(18)'ג200 CITRUS MIX ""טורפ ינוב"" ילי'ג תוירכוס‬",2026,14,2
302217,"‭(18)'ג200 CITRUS MIX ""טורפ ינוב"" ילי'ג תוירכוס‬",2026,15,1
302217,"‭(18)'ג200 CITRUS MIX ""טורפ ינוב"" ילי'ג תוירכוס‬",2026,16,4
302217,"‭(18)'ג200 CITRUS MIX ""טורפ ינוב"" ילי'ג תוירכוס‬",2026,18,2.5
302217,"‭(18)'ג200 CITRUS MIX ""טורפ ינוב"" ילי'ג תוירכוס‬",2026,19,2
302217,"‭(18)'ג200 CITRUS MIX ""טורפ ינוב"" ילי'ג תוירכוס‬",2026,20,3.5
302217,"‭(18)'ג200 CITRUS MIX ""טורפ ינוב"" ילי'ג תוירכוס‬",2026,21,2
302217,"‭(18)'ג200 CITRUS MIX ""טורפ ינוב"" ילי'ג תוירכוס‬",2026,22,1
302217,"‭(18)'ג200 CITRUS MIX ""טורפ ינוב"" ילי'ג תוירכוס‬",2026,23,4
302217,"‭(18)'ג200 CITRUS MIX ""טורפ ינוב"" ילי'ג תוירכוס‬",2026,24,1
302217,"‭(18)'ג200 CITRUS MIX ""טורפ ינוב"" ילי'ג תוירכוס‬",2026,25,1
302217,"‭(18)'ג200 CITRUS MIX ""טורפ ינוב"" ילי'ג תוירכוס‬",2026,26,4
302217,"‭(18)'ג200 CITRUS MIX ""טורפ ינוב"" ילי'ג תוירכוס‬",2026,27,2
302217,"‭(18)'ג200 CITRUS MIX ""טורפ ינוב"" ילי'ג תוירכוס‬",2026,28,6
302217,"‭(18)'ג200 CITRUS MIX ""טורפ ינוב"" ילי'ג תוירכוס‬",2026,29,2
302217,"‭(18)'ג200 CITRUS MIX ""טורפ ינוב"" ילי'ג תוירכוס‬",2026,30,2.5
302217,"‭(18)'ג200 CITRUS MIX ""טורפ ינוב"" ילי'ג תוירכוס‬",2026,31,2
302217,"‭(18)'ג200 CITRUS MIX ""טורפ ינוב"" ילי'ג תוירכוס‬",2026,32,6
302218,"‭(18)'ג200 BERRY MIX ""טורפ ינוב"" ילי'ג תוירכוס‬",2025,33,5
302218,"‭(18)'ג200 BERRY MIX ""טורפ ינוב"" ילי'ג תוירכוס‬",2025,34,3
302218,"‭(18)'ג200 BERRY MIX ""טורפ ינוב"" ילי'ג תוירכוס‬",2025,35,1.5
302218,"‭(18)'ג200 BERRY MIX ""טורפ ינוב"" ילי'ג תוירכוס‬",2025,36,3
302218,"‭(18)'ג200 BERRY MIX ""טורפ ינוב"" ילי'ג תוירכוס‬",2025,37,1
302218,"‭(18)'ג200 BERRY MIX ""טורפ ינוב"" ילי'ג תוירכוס‬",2025,38,5.5
302218,"‭(18)'ג200 BERRY MIX ""טורפ ינוב"" ילי'ג תוירכוס‬",2025,39,2
302218,"‭(18)'ג200 BERRY MIX ""טורפ ינוב"" ילי'ג תוירכוס‬",2025,40,3
302218,"‭(18)'ג200 BERRY MIX ""טורפ ינוב"" ילי'ג תוירכוס‬",2025,41,4
302218,"‭(18)'ג200 BERRY MIX ""טורפ ינוב"" ילי'ג תוירכוס‬",2025,42,1
302218,"‭(18)'ג200 BERRY MIX ""טורפ ינוב"" ילי'ג תוירכוס‬",2025,43,3
302218,"‭(18)'ג200 BERRY MIX ""טורפ ינוב"" ילי'ג תוירכוס‬",2025,44,4.5
302218,"‭(18)'ג200 BERRY MIX ""טורפ ינוב"" ילי'ג תוירכוס‬",2025,45,4
302218,"‭(18)'ג200 BERRY MIX ""טורפ ינוב"" ילי'ג תוירכוס‬",2025,46,1.33
302218,"‭(18)'ג200 BERRY MIX ""טורפ ינוב"" ילי'ג תוירכוס‬",2025,47,4
302218,"‭(18)'ג200 BERRY MIX ""טורפ ינוב"" ילי'ג תוירכוס‬",2025,48,2
302218,"‭(18)'ג200 BERRY MIX ""טורפ ינוב"" ילי'ג תוירכוס‬",2025,49,2
302218,"‭(18)'ג200 BERRY MIX ""טורפ ינוב"" ילי'ג תוירכוס‬",2025,50,2
302218,"‭(18)'ג200 BERRY MIX ""טורפ ינוב"" ילי'ג תוירכוס‬",2025,51,2
302218,"‭(18)'ג200 BERRY MIX ""טורפ ינוב"" ילי'ג תוירכוס‬",2025,52,3
302218,"‭(18)'ג200 BERRY MIX ""טורפ ינוב"" ילי'ג תוירכוס‬",2025,53,2
302218,"‭(18)'ג200 BERRY MIX ""טורפ ינוב"" ילי'ג תוירכוס‬",2026,2,5
302218,"‭(18)'ג200 BERRY MIX ""טורפ ינוב"" ילי'ג תוירכוס‬",2026,3,5
302218,"‭(18)'ג200 BERRY MIX ""טורפ ינוב"" ילי'ג תוירכוס‬",2026,4,6
302218,"‭(18)'ג200 BERRY MIX ""טורפ ינוב"" ילי'ג תוירכוס‬",2026,5,4
302218,"‭(18)'ג200 BERRY MIX ""טורפ ינוב"" ילי'ג תוירכוס‬",2026,6,7
302218,"‭(18)'ג200 BERRY MIX ""טורפ ינוב"" ילי'ג תוירכוס‬",2026,8,5
302218,"‭(18)'ג200 BERRY MIX ""טורפ ינוב"" ילי'ג תוירכוס‬",2026,9,3
302218,"‭(18)'ג200 BERRY MIX ""טורפ ינוב"" ילי'ג תוירכוס‬",2026,10,3
302218,"‭(18)'ג200 BERRY MIX ""טורפ ינוב"" ילי'ג תוירכוס‬",2026,11,4
302218,"‭(18)'ג200 BERRY MIX ""טורפ ינוב"" ילי'ג תוירכוס‬",2026,12,1
302218,"‭(18)'ג200 BERRY MIX ""טורפ ינוב"" ילי'ג תוירכוס‬",2026,13,2
302218,"‭(18)'ג200 BERRY MIX ""טורפ ינוב"" ילי'ג תוירכוס‬",2026,14,1
302218,"‭(18)'ג200 BERRY MIX ""טורפ ינוב"" ילי'ג תוירכוס‬",2026,16,7
302218,"‭(18)'ג200 BERRY MIX ""טורפ ינוב"" ילי'ג תוירכוס‬",2026,17,2
302218,"‭(18)'ג200 BERRY MIX ""טורפ ינוב"" ילי'ג תוירכוס‬",2026,18,2.5
302218,"‭(18)'ג200 BERRY MIX ""טורפ ינוב"" ילי'ג תוירכוס‬",2026,19,3
302218,"‭(18)'ג200 BERRY MIX ""טורפ ינוב"" ילי'ג תוירכוס‬",2026,20,5
302218,"‭(18)'ג200 BERRY MIX ""טורפ ינוב"" ילי'ג תוירכוס‬",2026,21,2
302218,"‭(18)'ג200 BERRY MIX ""טורפ ינוב"" ילי'ג תוירכוס‬",2026,23,4
302218,"‭(18)'ג200 BERRY MIX ""טורפ ינוב"" ילי'ג תוירכוס‬",2026,25,5
302218,"‭(18)'ג200 BERRY MIX ""טורפ ינוב"" ילי'ג תוירכוס‬",2026,26,5
302218,"‭(18)'ג200 BERRY MIX ""טורפ ינוב"" ילי'ג תוירכוס‬",2026,27,2
302218,"‭(18)'ג200 BERRY MIX ""טורפ ינוב"" ילי'ג תוירכוס‬",2026,28,1
302218,"‭(18)'ג200 BERRY MIX ""טורפ ינוב"" ילי'ג תוירכוס‬",2026,29,3
302218,"‭(18)'ג200 BERRY MIX ""טורפ ינוב"" ילי'ג תוירכוס‬",2026,30,0.5
302218,"‭(18)'ג200 BERRY MIX ""טורפ ינוב"" ילי'ג תוירכוס‬",2026,31,2
302218,"‭(18)'ג200 BERRY MIX ""טורפ ינוב"" ילי'ג תוירכוס‬",2026,32,5
302219,"‭(18)'ג200 SUMMER MIX ""טורפ ינוב"" ילי'ג תוירכוס‬",2025,33,2
302219,"‭(18)'ג200 SUMMER MIX ""טורפ ינוב"" ילי'ג תוירכוס‬",2025,34,3
302219,"‭(18)'ג200 SUMMER MIX ""טורפ ינוב"" ילי'ג תוירכוס‬",2025,35,1.5
302219,"‭(18)'ג200 SUMMER MIX ""טורפ ינוב"" ילי'ג תוירכוס‬",2025,36,3
302219,"‭(18)'ג200 SUMMER MIX ""טורפ ינוב"" ילי'ג תוירכוס‬",2025,37,1
302219,"‭(18)'ג200 SUMMER MIX ""טורפ ינוב"" ילי'ג תוירכוס‬",2025,38,2.5
302219,"‭(18)'ג200 SUMMER MIX ""טורפ ינוב"" ילי'ג תוירכוס‬",2025,39,2
302219,"‭(18)'ג200 SUMMER MIX ""טורפ ינוב"" ילי'ג תוירכוס‬",2025,40,5
302219,"‭(18)'ג200 SUMMER MIX ""טורפ ינוב"" ילי'ג תוירכוס‬",2025,41,2
302219,"‭(18)'ג200 SUMMER MIX ""טורפ ינוב"" ילי'ג תוירכוס‬",2025,43,2
302219,"‭(18)'ג200 SUMMER MIX ""טורפ ינוב"" ילי'ג תוירכוס‬",2025,44,6.5
302219,"‭(18)'ג200 SUMMER MIX ""טורפ ינוב"" ילי'ג תוירכוס‬",2025,45,1.5
302219,"‭(18)'ג200 SUMMER MIX ""טורפ ינוב"" ילי'ג תוירכוס‬",2025,46,1.83
302219,"‭(18)'ג200 SUMMER MIX ""טורפ ינוב"" ילי'ג תוירכוס‬",2025,47,5
302219,"‭(18)'ג200 SUMMER MIX ""טורפ ינוב"" ילי'ג תוירכוס‬",2025,48,2
302219,"‭(18)'ג200 SUMMER MIX ""טורפ ינוב"" ילי'ג תוירכוס‬",2025,49,2
302219,"‭(18)'ג200 SUMMER MIX ""טורפ ינוב"" ילי'ג תוירכוס‬",2025,50,3
302219,"‭(18)'ג200 SUMMER MIX ""טורפ ינוב"" ילי'ג תוירכוס‬",2025,51,1
302219,"‭(18)'ג200 SUMMER MIX ""טורפ ינוב"" ילי'ג תוירכוס‬",2025,52,1
302219,"‭(18)'ג200 SUMMER MIX ""טורפ ינוב"" ילי'ג תוירכוס‬",2025,53,1
302219,"‭(18)'ג200 SUMMER MIX ""טורפ ינוב"" ילי'ג תוירכוס‬",2026,2,7
302219,"‭(18)'ג200 SUMMER MIX ""טורפ ינוב"" ילי'ג תוירכוס‬",2026,3,2.5
302219,"‭(18)'ג200 SUMMER MIX ""טורפ ינוב"" ילי'ג תוירכוס‬",2026,4,5
302219,"‭(18)'ג200 SUMMER MIX ""טורפ ינוב"" ילי'ג תוירכוס‬",2026,5,5
302219,"‭(18)'ג200 SUMMER MIX ""טורפ ינוב"" ילי'ג תוירכוס‬",2026,6,5
302219,"‭(18)'ג200 SUMMER MIX ""טורפ ינוב"" ילי'ג תוירכוס‬",2026,8,1
302219,"‭(18)'ג200 SUMMER MIX ""טורפ ינוב"" ילי'ג תוירכוס‬",2026,9,2
302219,"‭(18)'ג200 SUMMER MIX ""טורפ ינוב"" ילי'ג תוירכוס‬",2026,10,6
302219,"‭(18)'ג200 SUMMER MIX ""טורפ ינוב"" ילי'ג תוירכוס‬",2026,11,1
302219,"‭(18)'ג200 SUMMER MIX ""טורפ ינוב"" ילי'ג תוירכוס‬",2026,12,5
302219,"‭(18)'ג200 SUMMER MIX ""טורפ ינוב"" ילי'ג תוירכוס‬",2026,13,1
302219,"‭(18)'ג200 SUMMER MIX ""טורפ ינוב"" ילי'ג תוירכוס‬",2026,14,2
302219,"‭(18)'ג200 SUMMER MIX ""טורפ ינוב"" ילי'ג תוירכוס‬",2026,16,9
302219,"‭(18)'ג200 SUMMER MIX ""טורפ ינוב"" ילי'ג תוירכוס‬",2026,17,3
302219,"‭(18)'ג200 SUMMER MIX ""טורפ ינוב"" ילי'ג תוירכוס‬",2026,18,1.5
302219,"‭(18)'ג200 SUMMER MIX ""טורפ ינוב"" ילי'ג תוירכוס‬",2026,19,2
302219,"‭(18)'ג200 SUMMER MIX ""טורפ ינוב"" ילי'ג תוירכוס‬",2026,20,3.5
302219,"‭(18)'ג200 SUMMER MIX ""טורפ ינוב"" ילי'ג תוירכוס‬",2026,21,1
302219,"‭(18)'ג200 SUMMER MIX ""טורפ ינוב"" ילי'ג תוירכוס‬",2026,22,3
302219,"‭(18)'ג200 SUMMER MIX ""טורפ ינוב"" ילי'ג תוירכוס‬",2026,23,2
302219,"‭(18)'ג200 SUMMER MIX ""טורפ ינוב"" ילי'ג תוירכוס‬",2026,24,1
302219,"‭(18)'ג200 SUMMER MIX ""טורפ ינוב"" ילי'ג תוירכוס‬",2026,25,2
302219,"‭(18)'ג200 SUMMER MIX ""טורפ ינוב"" ילי'ג תוירכוס‬",2026,26,3
302219,"‭(18)'ג200 SUMMER MIX ""טורפ ינוב"" ילי'ג תוירכוס‬",2026,27,4
302219,"‭(18)'ג200 SUMMER MIX ""טורפ ינוב"" ילי'ג תוירכוס‬",2026,28,4
302219,"‭(18)'ג200 SUMMER MIX ""טורפ ינוב"" ילי'ג תוירכוס‬",2026,29,3
302219,"‭(18)'ג200 SUMMER MIX ""טורפ ינוב"" ילי'ג תוירכוס‬",2026,30,2.5
302219,"‭(18)'ג200 SUMMER MIX ""טורפ ינוב"" ילי'ג תוירכוס‬",2026,31,4
302219,"‭(18)'ג200 SUMMER MIX ""טורפ ינוב"" ילי'ג תוירכוס‬",2026,32,6
302220,"‭(12)ג378 ""קייל הפק"" הפק בלח   תואלוממ תוירכוס‬",2026,26,1
302220,"‭(12)ג378 ""קייל הפק"" הפק בלח   תואלוממ תוירכוס‬",2026,28,1
302220,"‭(12)ג378 ""קייל הפק"" הפק בלח   תואלוממ תוירכוס‬",2026,29,1
302221,"‭(12)ג150 ""בלח תפיט"" בלח   םרק תואלוממ תוירכוס‬",2025,34,7
302221,"‭(12)ג150 ""בלח תפיט"" בלח   םרק תואלוממ תוירכוס‬",2025,35,3
302221,"‭(12)ג150 ""בלח תפיט"" בלח   םרק תואלוממ תוירכוס‬",2025,36,6
302221,"‭(12)ג150 ""בלח תפיט"" בלח   םרק תואלוממ תוירכוס‬",2025,37,3
302221,"‭(12)ג150 ""בלח תפיט"" בלח   םרק תואלוממ תוירכוס‬",2025,38,2
302221,"‭(12)ג150 ""בלח תפיט"" בלח   םרק תואלוממ תוירכוס‬",2025,39,1
302221,"‭(12)ג150 ""בלח תפיט"" בלח   םרק תואלוממ תוירכוס‬",2025,40,3
302221,"‭(12)ג150 ""בלח תפיט"" בלח   םרק תואלוממ תוירכוס‬",2025,41,2
302221,"‭(12)ג150 ""בלח תפיט"" בלח   םרק תואלוממ תוירכוס‬",2025,42,3
302221,"‭(12)ג150 ""בלח תפיט"" בלח   םרק תואלוממ תוירכוס‬",2025,43,1
302221,"‭(12)ג150 ""בלח תפיט"" בלח   םרק תואלוממ תוירכוס‬",2025,44,3
302221,"‭(12)ג150 ""בלח תפיט"" בלח   םרק תואלוממ תוירכוס‬",2025,45,4
302221,"‭(12)ג150 ""בלח תפיט"" בלח   םרק תואלוממ תוירכוס‬",2025,46,0.83
302221,"‭(12)ג150 ""בלח תפיט"" בלח   םרק תואלוממ תוירכוס‬",2025,47,4
302221,"‭(12)ג150 ""בלח תפיט"" בלח   םרק תואלוממ תוירכוס‬",2025,48,2
302221,"‭(12)ג150 ""בלח תפיט"" בלח   םרק תואלוממ תוירכוס‬",2025,49,5
302221,"‭(12)ג150 ""בלח תפיט"" בלח   םרק תואלוממ תוירכוס‬",2025,50,1
302221,"‭(12)ג150 ""בלח תפיט"" בלח   םרק תואלוממ תוירכוס‬",2025,51,2
302221,"‭(12)ג150 ""בלח תפיט"" בלח   םרק תואלוממ תוירכוס‬",2025,53,1
302221,"‭(12)ג150 ""בלח תפיט"" בלח   םרק תואלוממ תוירכוס‬",2026,2,6
302221,"‭(12)ג150 ""בלח תפיט"" בלח   םרק תואלוממ תוירכוס‬",2026,3,1
302221,"‭(12)ג150 ""בלח תפיט"" בלח   םרק תואלוממ תוירכוס‬",2026,4,3
302221,"‭(12)ג150 ""בלח תפיט"" בלח   םרק תואלוממ תוירכוס‬",2026,5,4
302221,"‭(12)ג150 ""בלח תפיט"" בלח   םרק תואלוממ תוירכוס‬",2026,6,5
302221,"‭(12)ג150 ""בלח תפיט"" בלח   םרק תואלוממ תוירכוס‬",2026,7,1
302221,"‭(12)ג150 ""בלח תפיט"" בלח   םרק תואלוממ תוירכוס‬",2026,8,1
302221,"‭(12)ג150 ""בלח תפיט"" בלח   םרק תואלוממ תוירכוס‬",2026,10,2
302221,"‭(12)ג150 ""בלח תפיט"" בלח   םרק תואלוממ תוירכוס‬",2026,12,3
302221,"‭(12)ג150 ""בלח תפיט"" בלח   םרק תואלוממ תוירכוס‬",2026,13,2
302221,"‭(12)ג150 ""בלח תפיט"" בלח   םרק תואלוממ תוירכוס‬",2026,14,2
302221,"‭(12)ג150 ""בלח תפיט"" בלח   םרק תואלוממ תוירכוס‬",2026,15,2
302221,"‭(12)ג150 ""בלח תפיט"" בלח   םרק תואלוממ תוירכוס‬",2026,16,4
302221,"‭(12)ג150 ""בלח תפיט"" בלח   םרק תואלוממ תוירכוס‬",2026,17,2
302221,"‭(12)ג150 ""בלח תפיט"" בלח   םרק תואלוממ תוירכוס‬",2026,18,3
302221,"‭(12)ג150 ""בלח תפיט"" בלח   םרק תואלוממ תוירכוס‬",2026,19,1
302221,"‭(12)ג150 ""בלח תפיט"" בלח   םרק תואלוממ תוירכוס‬",2026,20,1
302221,"‭(12)ג150 ""בלח תפיט"" בלח   םרק תואלוממ תוירכוס‬",2026,21,3
302221,"‭(12)ג150 ""בלח תפיט"" בלח   םרק תואלוממ תוירכוס‬",2026,22,2
302221,"‭(12)ג150 ""בלח תפיט"" בלח   םרק תואלוממ תוירכוס‬",2026,23,1
302221,"‭(12)ג150 ""בלח תפיט"" בלח   םרק תואלוממ תוירכוס‬",2026,24,8
302221,"‭(12)ג150 ""בלח תפיט"" בלח   םרק תואלוממ תוירכוס‬",2026,25,2
302221,"‭(12)ג150 ""בלח תפיט"" בלח   םרק תואלוממ תוירכוס‬",2026,26,6
302221,"‭(12)ג150 ""בלח תפיט"" בלח   םרק תואלוממ תוירכוס‬",2026,27,4
302221,"‭(12)ג150 ""בלח תפיט"" בלח   םרק תואלוממ תוירכוס‬",2026,28,3
302221,"‭(12)ג150 ""בלח תפיט"" בלח   םרק תואלוממ תוירכוס‬",2026,29,2
302221,"‭(12)ג150 ""בלח תפיט"" בלח   םרק תואלוממ תוירכוס‬",2026,30,5
302221,"‭(12)ג150 ""בלח תפיט"" בלח   םרק תואלוממ תוירכוס‬",2026,31,2
302221,"‭(12)ג150 ""בלח תפיט"" בלח   םרק תואלוממ תוירכוס‬",2026,32,2
302222,"‭(12)ג378 ""בלח תפיט"" בלח   םרק תואלוממ תוירכוס‬",2026,26,1
302223,"‭(6)םרג 351 ""הקלו'צפ יזיירק"" יל'ג תוירכוס  ‬",2025,44,3
302223,"‭(6)םרג 351 ""הקלו'צפ יזיירק"" יל'ג תוירכוס  ‬",2025,45,1
302223,"‭(6)םרג 351 ""הקלו'צפ יזיירק"" יל'ג תוירכוס  ‬",2025,47,2
302223,"‭(6)םרג 351 ""הקלו'צפ יזיירק"" יל'ג תוירכוס  ‬",2025,49,1
302223,"‭(6)םרג 351 ""הקלו'צפ יזיירק"" יל'ג תוירכוס  ‬",2025,50,4
302223,"‭(6)םרג 351 ""הקלו'צפ יזיירק"" יל'ג תוירכוס  ‬",2025,52,1
302223,"‭(6)םרג 351 ""הקלו'צפ יזיירק"" יל'ג תוירכוס  ‬",2026,2,1
302223,"‭(6)םרג 351 ""הקלו'צפ יזיירק"" יל'ג תוירכוס  ‬",2026,3,1
302223,"‭(6)םרג 351 ""הקלו'צפ יזיירק"" יל'ג תוירכוס  ‬",2026,5,2
302223,"‭(6)םרג 351 ""הקלו'צפ יזיירק"" יל'ג תוירכוס  ‬",2026,7,4
302223,"‭(6)םרג 351 ""הקלו'צפ יזיירק"" יל'ג תוירכוס  ‬",2026,9,1
302223,"‭(6)םרג 351 ""הקלו'צפ יזיירק"" יל'ג תוירכוס  ‬",2026,10,1
302223,"‭(6)םרג 351 ""הקלו'צפ יזיירק"" יל'ג תוירכוס  ‬",2026,11,1
302223,"‭(6)םרג 351 ""הקלו'צפ יזיירק"" יל'ג תוירכוס  ‬",2026,14,1
302223,"‭(6)םרג 351 ""הקלו'צפ יזיירק"" יל'ג תוירכוס  ‬",2026,16,2
302223,"‭(6)םרג 351 ""הקלו'צפ יזיירק"" יל'ג תוירכוס  ‬",2026,18,1
302223,"‭(6)םרג 351 ""הקלו'צפ יזיירק"" יל'ג תוירכוס  ‬",2026,19,1
302223,"‭(6)םרג 351 ""הקלו'צפ יזיירק"" יל'ג תוירכוס  ‬",2026,20,3
302223,"‭(6)םרג 351 ""הקלו'צפ יזיירק"" יל'ג תוירכוס  ‬",2026,21,1
302223,"‭(6)םרג 351 ""הקלו'צפ יזיירק"" יל'ג תוירכוס  ‬",2026,24,2
302223,"‭(6)םרג 351 ""הקלו'צפ יזיירק"" יל'ג תוירכוס  ‬",2026,25,1
302223,"‭(6)םרג 351 ""הקלו'צפ יזיירק"" יל'ג תוירכוס  ‬",2026,26,1
302223,"‭(6)םרג 351 ""הקלו'צפ יזיירק"" יל'ג תוירכוס  ‬",2026,28,1
302223,"‭(6)םרג 351 ""הקלו'צפ יזיירק"" יל'ג תוירכוס  ‬",2026,29,1
302223,"‭(6)םרג 351 ""הקלו'צפ יזיירק"" יל'ג תוירכוס  ‬",2026,30,1
302223,"‭(6)םרג 351 ""הקלו'צפ יזיירק"" יל'ג תוירכוס  ‬",2026,31,1
302223,"‭(6)םרג 351 ""הקלו'צפ יזיירק"" יל'ג תוירכוס  ‬",2026,32,2
302224,"‭(6)םרג 351 ""יל'ג"" יל'ג תוירכוס  ‬",2025,49,3
302224,"‭(6)םרג 351 ""יל'ג"" יל'ג תוירכוס  ‬",2025,50,1
302224,"‭(6)םרג 351 ""יל'ג"" יל'ג תוירכוס  ‬",2025,51,1
302224,"‭(6)םרג 351 ""יל'ג"" יל'ג תוירכוס  ‬",2025,52,1
302224,"‭(6)םרג 351 ""יל'ג"" יל'ג תוירכוס  ‬",2025,53,3
302224,"‭(6)םרג 351 ""יל'ג"" יל'ג תוירכוס  ‬",2026,2,1
302224,"‭(6)םרג 351 ""יל'ג"" יל'ג תוירכוס  ‬",2026,3,1
302224,"‭(6)םרג 351 ""יל'ג"" יל'ג תוירכוס  ‬",2026,4,1
302224,"‭(6)םרג 351 ""יל'ג"" יל'ג תוירכוס  ‬",2026,5,2
302224,"‭(6)םרג 351 ""יל'ג"" יל'ג תוירכוס  ‬",2026,6,1
302224,"‭(6)םרג 351 ""יל'ג"" יל'ג תוירכוס  ‬",2026,7,2
302224,"‭(6)םרג 351 ""יל'ג"" יל'ג תוירכוס  ‬",2026,10,1
302224,"‭(6)םרג 351 ""יל'ג"" יל'ג תוירכוס  ‬",2026,14,1
302224,"‭(6)םרג 351 ""יל'ג"" יל'ג תוירכוס  ‬",2026,16,2
302224,"‭(6)םרג 351 ""יל'ג"" יל'ג תוירכוס  ‬",2026,17,3
302224,"‭(6)םרג 351 ""יל'ג"" יל'ג תוירכוס  ‬",2026,18,1
302224,"‭(6)םרג 351 ""יל'ג"" יל'ג תוירכוס  ‬",2026,19,2
302224,"‭(6)םרג 351 ""יל'ג"" יל'ג תוירכוס  ‬",2026,20,2
302224,"‭(6)םרג 351 ""יל'ג"" יל'ג תוירכוס  ‬",2026,23,1
302224,"‭(6)םרג 351 ""יל'ג"" יל'ג תוירכוס  ‬",2026,24,3
302224,"‭(6)םרג 351 ""יל'ג"" יל'ג תוירכוס  ‬",2026,25,1
302224,"‭(6)םרג 351 ""יל'ג"" יל'ג תוירכוס  ‬",2026,27,1
302224,"‭(6)םרג 351 ""יל'ג"" יל'ג תוירכוס  ‬",2026,29,2
302224,"‭(6)םרג 351 ""יל'ג"" יל'ג תוירכוס  ‬",2026,30,1
302224,"‭(6)םרג 351 ""יל'ג"" יל'ג תוירכוס  ‬",2026,31,1
302224,"‭(6)םרג 351 ""יל'ג"" יל'ג תוירכוס  ‬",2026,32,1
302225,"‭(6)ג351 ""קייל הפק"" הפק בלח   תואלוממ תוירכוס‬",2025,49,7
302225,"‭(6)ג351 ""קייל הפק"" הפק בלח   תואלוממ תוירכוס‬",2025,50,1
302225,"‭(6)ג351 ""קייל הפק"" הפק בלח   תואלוממ תוירכוס‬",2025,51,6
302225,"‭(6)ג351 ""קייל הפק"" הפק בלח   תואלוממ תוירכוס‬",2025,52,4
302225,"‭(6)ג351 ""קייל הפק"" הפק בלח   תואלוממ תוירכוס‬",2025,53,1
302225,"‭(6)ג351 ""קייל הפק"" הפק בלח   תואלוממ תוירכוס‬",2026,2,3
302225,"‭(6)ג351 ""קייל הפק"" הפק בלח   תואלוממ תוירכוס‬",2026,3,3
302225,"‭(6)ג351 ""קייל הפק"" הפק בלח   תואלוממ תוירכוס‬",2026,4,4
302225,"‭(6)ג351 ""קייל הפק"" הפק בלח   תואלוממ תוירכוס‬",2026,5,2
302225,"‭(6)ג351 ""קייל הפק"" הפק בלח   תואלוממ תוירכוס‬",2026,6,4
302225,"‭(6)ג351 ""קייל הפק"" הפק בלח   תואלוממ תוירכוס‬",2026,8,3
302225,"‭(6)ג351 ""קייל הפק"" הפק בלח   תואלוממ תוירכוס‬",2026,9,2
302225,"‭(6)ג351 ""קייל הפק"" הפק בלח   תואלוממ תוירכוס‬",2026,11,2
302225,"‭(6)ג351 ""קייל הפק"" הפק בלח   תואלוממ תוירכוס‬",2026,12,3
302225,"‭(6)ג351 ""קייל הפק"" הפק בלח   תואלוממ תוירכוס‬",2026,13,1
302225,"‭(6)ג351 ""קייל הפק"" הפק בלח   תואלוממ תוירכוס‬",2026,15,1
302225,"‭(6)ג351 ""קייל הפק"" הפק בלח   תואלוממ תוירכוס‬",2026,16,6
302225,"‭(6)ג351 ""קייל הפק"" הפק בלח   תואלוממ תוירכוס‬",2026,17,3
302225,"‭(6)ג351 ""קייל הפק"" הפק בלח   תואלוממ תוירכוס‬",2026,18,3
302225,"‭(6)ג351 ""קייל הפק"" הפק בלח   תואלוממ תוירכוס‬",2026,19,2
302225,"‭(6)ג351 ""קייל הפק"" הפק בלח   תואלוממ תוירכוס‬",2026,20,1
302225,"‭(6)ג351 ""קייל הפק"" הפק בלח   תואלוממ תוירכוס‬",2026,21,1
302225,"‭(6)ג351 ""קייל הפק"" הפק בלח   תואלוממ תוירכוס‬",2026,22,2
302225,"‭(6)ג351 ""קייל הפק"" הפק בלח   תואלוממ תוירכוס‬",2026,23,2
302225,"‭(6)ג351 ""קייל הפק"" הפק בלח   תואלוממ תוירכוס‬",2026,24,1
302225,"‭(6)ג351 ""קייל הפק"" הפק בלח   תואלוממ תוירכוס‬",2026,25,5
302225,"‭(6)ג351 ""קייל הפק"" הפק בלח   תואלוממ תוירכוס‬",2026,26,1
302225,"‭(6)ג351 ""קייל הפק"" הפק בלח   תואלוממ תוירכוס‬",2026,27,1
302225,"‭(6)ג351 ""קייל הפק"" הפק בלח   תואלוממ תוירכוס‬",2026,28,2
302225,"‭(6)ג351 ""קייל הפק"" הפק בלח   תואלוממ תוירכוס‬",2026,29,4
302225,"‭(6)ג351 ""קייל הפק"" הפק בלח   תואלוממ תוירכוס‬",2026,30,1
302225,"‭(6)ג351 ""קייל הפק"" הפק בלח   תואלוממ תוירכוס‬",2026,32,3
302226,"‭(6)ג351 ""בלח תפיט"" בלח   םרק תואלוממ תוירכוס‬",2025,49,2
302226,"‭(6)ג351 ""בלח תפיט"" בלח   םרק תואלוממ תוירכוס‬",2025,52,1
302226,"‭(6)ג351 ""בלח תפיט"" בלח   םרק תואלוממ תוירכוס‬",2025,53,1.17
302226,"‭(6)ג351 ""בלח תפיט"" בלח   םרק תואלוממ תוירכוס‬",2026,6,1
302226,"‭(6)ג351 ""בלח תפיט"" בלח   םרק תואלוממ תוירכוס‬",2026,7,1
302226,"‭(6)ג351 ""בלח תפיט"" בלח   םרק תואלוממ תוירכוס‬",2026,8,1
302226,"‭(6)ג351 ""בלח תפיט"" בלח   םרק תואלוממ תוירכוס‬",2026,11,1
302226,"‭(6)ג351 ""בלח תפיט"" בלח   םרק תואלוממ תוירכוס‬",2026,13,1
302226,"‭(6)ג351 ""בלח תפיט"" בלח   םרק תואלוממ תוירכוס‬",2026,16,1
302226,"‭(6)ג351 ""בלח תפיט"" בלח   םרק תואלוממ תוירכוס‬",2026,18,1
302226,"‭(6)ג351 ""בלח תפיט"" בלח   םרק תואלוממ תוירכוס‬",2026,19,2
302226,"‭(6)ג351 ""בלח תפיט"" בלח   םרק תואלוממ תוירכוס‬",2026,20,1
302226,"‭(6)ג351 ""בלח תפיט"" בלח   םרק תואלוממ תוירכוס‬",2026,22,1
302226,"‭(6)ג351 ""בלח תפיט"" בלח   םרק תואלוממ תוירכוס‬",2026,24,1
302226,"‭(6)ג351 ""בלח תפיט"" בלח   םרק תואלוממ תוירכוס‬",2026,26,1
302226,"‭(6)ג351 ""בלח תפיט"" בלח   םרק תואלוממ תוירכוס‬",2026,28,1
302226,"‭(6)ג351 ""בלח תפיט"" בלח   םרק תואלוממ תוירכוס‬",2026,29,1
302226,"‭(6)ג351 ""בלח תפיט"" בלח   םרק תואלוממ תוירכוס‬",2026,32,1
302227,"‭(6)'ג429 ""םוב םיב"" תוריפ   תואלוממ תוירכוס‬",2025,50,1.83
302227,"‭(6)'ג429 ""םוב םיב"" תוריפ   תואלוממ תוירכוס‬",2025,51,1
302227,"‭(6)'ג429 ""םוב םיב"" תוריפ   תואלוממ תוירכוס‬",2025,52,1
302227,"‭(6)'ג429 ""םוב םיב"" תוריפ   תואלוממ תוירכוס‬",2025,53,0.17
302227,"‭(6)'ג429 ""םוב םיב"" תוריפ   תואלוממ תוירכוס‬",2026,5,1
302227,"‭(6)'ג429 ""םוב םיב"" תוריפ   תואלוממ תוירכוס‬",2026,6,1
302227,"‭(6)'ג429 ""םוב םיב"" תוריפ   תואלוממ תוירכוס‬",2026,8,1
302227,"‭(6)'ג429 ""םוב םיב"" תוריפ   תואלוממ תוירכוס‬",2026,9,1
302227,"‭(6)'ג429 ""םוב םיב"" תוריפ   תואלוממ תוירכוס‬",2026,15,1
302227,"‭(6)'ג429 ""םוב םיב"" תוריפ   תואלוממ תוירכוס‬",2026,16,2
302227,"‭(6)'ג429 ""םוב םיב"" תוריפ   תואלוממ תוירכוס‬",2026,17,1
302227,"‭(6)'ג429 ""םוב םיב"" תוריפ   תואלוממ תוירכוס‬",2026,19,1
302227,"‭(6)'ג429 ""םוב םיב"" תוריפ   תואלוממ תוירכוס‬",2026,20,2
302227,"‭(6)'ג429 ""םוב םיב"" תוריפ   תואלוממ תוירכוס‬",2026,24,1
302227,"‭(6)'ג429 ""םוב םיב"" תוריפ   תואלוממ תוירכוס‬",2026,27,1
302228,"‭(6)'ג305MILKY SPLASH בלח סוכ יפוט תוירכוס‬",2025,49,1
302228,"‭(6)'ג305MILKY SPLASH בלח סוכ יפוט תוירכוס‬",2025,50,2
302228,"‭(6)'ג305MILKY SPLASH בלח סוכ יפוט תוירכוס‬",2025,51,1
302228,"‭(6)'ג305MILKY SPLASH בלח סוכ יפוט תוירכוס‬",2025,52,2
302228,"‭(6)'ג305MILKY SPLASH בלח סוכ יפוט תוירכוס‬",2026,2,1
302228,"‭(6)'ג305MILKY SPLASH בלח סוכ יפוט תוירכוס‬",2026,3,1
302228,"‭(6)'ג305MILKY SPLASH בלח סוכ יפוט תוירכוס‬",2026,4,1
302228,"‭(6)'ג305MILKY SPLASH בלח סוכ יפוט תוירכוס‬",2026,5,1
302228,"‭(6)'ג305MILKY SPLASH בלח סוכ יפוט תוירכוס‬",2026,6,1
302228,"‭(6)'ג305MILKY SPLASH בלח סוכ יפוט תוירכוס‬",2026,7,1
302228,"‭(6)'ג305MILKY SPLASH בלח סוכ יפוט תוירכוס‬",2026,9,1
302228,"‭(6)'ג305MILKY SPLASH בלח סוכ יפוט תוירכוס‬",2026,11,1
302228,"‭(6)'ג305MILKY SPLASH בלח סוכ יפוט תוירכוס‬",2026,13,1
302228,"‭(6)'ג305MILKY SPLASH בלח סוכ יפוט תוירכוס‬",2026,15,1
302228,"‭(6)'ג305MILKY SPLASH בלח סוכ יפוט תוירכוס‬",2026,16,1
302228,"‭(6)'ג305MILKY SPLASH בלח סוכ יפוט תוירכוס‬",2026,19,1
302228,"‭(6)'ג305MILKY SPLASH בלח סוכ יפוט תוירכוס‬",2026,20,2
302228,"‭(6)'ג305MILKY SPLASH בלח סוכ יפוט תוירכוס‬",2026,23,1
302228,"‭(6)'ג305MILKY SPLASH בלח סוכ יפוט תוירכוס‬",2026,24,2
302228,"‭(6)'ג305MILKY SPLASH בלח סוכ יפוט תוירכוס‬",2026,25,1
302228,"‭(6)'ג305MILKY SPLASH בלח סוכ יפוט תוירכוס‬",2026,28,2
302228,"‭(6)'ג305MILKY SPLASH בלח סוכ יפוט תוירכוס‬",2026,29,1
302228,"‭(6)'ג305MILKY SPLASH בלח סוכ יפוט תוירכוס‬",2026,30,1
302228,"‭(6)'ג305MILKY SPLASH בלח סוכ יפוט תוירכוס‬",2026,32,1
302300,"‭(24)ג100 חי 6 ןבל דלוקוש   יופיצב לפוו םע לינו   הבמס‬",2026,3,0.25
302300,"‭(24)ג100 חי 6 ןבל דלוקוש   יופיצב לפוו םע לינו   הבמס‬",2026,4,14.75
302300,"‭(24)ג100 חי 6 ןבל דלוקוש   יופיצב לפוו םע לינו   הבמס‬",2026,5,8.83
302300,"‭(24)ג100 חי 6 ןבל דלוקוש   יופיצב לפוו םע לינו   הבמס‬",2026,14,0.63
302301,"‭(24)ג100 חי 6 דלוקוש   יופיצב לפוו םע לינו   הבמס‬",2026,3,0.25
302301,"‭(24)ג100 חי 6 דלוקוש   יופיצב לפוו םע לינו   הבמס‬",2026,4,14.75
302301,"‭(24)ג100 חי 6 דלוקוש   יופיצב לפוו םע לינו   הבמס‬",2026,5,8.83
302301,"‭(24)ג100 חי 6 דלוקוש   יופיצב לפוו םע לינו   הבמס‬",2026,14,0.63
302302,"‭(24)ג100 חי 6 דלוקוש   יופיצב לפוו םע קוטסיפ   הבמס‬",2026,4,14.92
302302,"‭(24)ג100 חי 6 דלוקוש   יופיצב לפוו םע קוטסיפ   הבמס‬",2026,5,8.79
302302,"‭(24)ג100 חי 6 דלוקוש   יופיצב לפוו םע קוטסיפ   הבמס‬",2026,6,1
302302,"‭(24)ג100 חי 6 דלוקוש   יופיצב לפוו םע קוטסיפ   הבמס‬",2026,7,1
302302,"‭(24)ג100 חי 6 דלוקוש   יופיצב לפוו םע קוטסיפ   הבמס‬",2026,10,1.38
302302,"‭(24)ג100 חי 6 דלוקוש   יופיצב לפוו םע קוטסיפ   הבמס‬",2026,12,0.5
302303,"‭(12)ג225 חי 9 דלוקוש ימעטב יופיצב לפוו םע ""םימעט תגיגח""הבמס‬",2026,4,29.75
302303,"‭(12)ג225 חי 9 דלוקוש ימעטב יופיצב לפוו םע ""םימעט תגיגח""הבמס‬",2026,14,0.17
302304,"‭(12)ג230 חי 12 דלוקוש ימעטב יופיצב לפוו םע ""הביסמ"" הבמס‬",2026,4,25.58
302304,"‭(12)ג230 חי 12 דלוקוש ימעטב יופיצב לפוו םע ""הביסמ"" הבמס‬",2026,5,3.75
302304,"‭(12)ג230 חי 12 דלוקוש ימעטב יופיצב לפוו םע ""הביסמ"" הבמס‬",2026,10,4.83
302304,"‭(12)ג230 חי 12 דלוקוש ימעטב יופיצב לפוו םע ""הביסמ"" הבמס‬",2026,14,0.5
302400,"‭(7)ג""ק1 ""סקימ הק'צופיש"" תוריפ   תוירכוס  ‬",2025,36,3.14
302400,"‭(7)ג""ק1 ""סקימ הק'צופיש"" תוריפ   תוירכוס  ‬",2025,37,2.43
302400,"‭(7)ג""ק1 ""סקימ הק'צופיש"" תוריפ   תוירכוס  ‬",2025,38,1.29
302400,"‭(7)ג""ק1 ""סקימ הק'צופיש"" תוריפ   תוירכוס  ‬",2025,42,0.57
302400,"‭(7)ג""ק1 ""סקימ הק'צופיש"" תוריפ   תוירכוס  ‬",2025,44,1.29
302400,"‭(7)ג""ק1 ""סקימ הק'צופיש"" תוריפ   תוירכוס  ‬",2025,45,3
302400,"‭(7)ג""ק1 ""סקימ הק'צופיש"" תוריפ   תוירכוס  ‬",2025,50,2
302400,"‭(7)ג""ק1 ""סקימ הק'צופיש"" תוריפ   תוירכוס  ‬",2025,53,0.14
302400,"‭(7)ג""ק1 ""סקימ הק'צופיש"" תוריפ   תוירכוס  ‬",2026,2,0.29
302400,"‭(7)ג""ק1 ""סקימ הק'צופיש"" תוריפ   תוירכוס  ‬",2026,3,1
302400,"‭(7)ג""ק1 ""סקימ הק'צופיש"" תוריפ   תוירכוס  ‬",2026,6,2
302400,"‭(7)ג""ק1 ""סקימ הק'צופיש"" תוריפ   תוירכוס  ‬",2026,7,1
302400,"‭(7)ג""ק1 ""סקימ הק'צופיש"" תוריפ   תוירכוס  ‬",2026,8,0.57
302400,"‭(7)ג""ק1 ""סקימ הק'צופיש"" תוריפ   תוירכוס  ‬",2026,10,1
302400,"‭(7)ג""ק1 ""סקימ הק'צופיש"" תוריפ   תוירכוס  ‬",2026,12,1
302400,"‭(7)ג""ק1 ""סקימ הק'צופיש"" תוריפ   תוירכוס  ‬",2026,14,0.29
302400,"‭(7)ג""ק1 ""סקימ הק'צופיש"" תוריפ   תוירכוס  ‬",2026,16,0.43
302400,"‭(7)ג""ק1 ""סקימ הק'צופיש"" תוריפ   תוירכוס  ‬",2026,17,1
302400,"‭(7)ג""ק1 ""סקימ הק'צופיש"" תוריפ   תוירכוס  ‬",2026,19,0.29
302400,"‭(7)ג""ק1 ""סקימ הק'צופיש"" תוריפ   תוירכוס  ‬",2026,20,2
302400,"‭(7)ג""ק1 ""סקימ הק'צופיש"" תוריפ   תוירכוס  ‬",2026,22,1
302400,"‭(7)ג""ק1 ""סקימ הק'צופיש"" תוריפ   תוירכוס  ‬",2026,27,1
302400,"‭(7)ג""ק1 ""סקימ הק'צופיש"" תוריפ   תוירכוס  ‬",2026,28,0.43
302400,"‭(7)ג""ק1 ""סקימ הק'צופיש"" תוריפ   תוירכוס  ‬",2026,30,1
302400,"‭(7)ג""ק1 ""סקימ הק'צופיש"" תוריפ   תוירכוס  ‬",2026,31,0.57
302400,"‭(7)ג""ק1 ""סקימ הק'צופיש"" תוריפ   תוירכוס  ‬",2026,32,0.43
302403,"‭(9)ג""ק1 ""הקשאמור"" רירמ דלוקוש   תוירכוס‬",2025,35,1.44
302403,"‭(9)ג""ק1 ""הקשאמור"" רירמ דלוקוש   תוירכוס‬",2025,36,1
302403,"‭(9)ג""ק1 ""הקשאמור"" רירמ דלוקוש   תוירכוס‬",2025,37,0.11
302403,"‭(9)ג""ק1 ""הקשאמור"" רירמ דלוקוש   תוירכוס‬",2025,38,0.11
302403,"‭(9)ג""ק1 ""הקשאמור"" רירמ דלוקוש   תוירכוס‬",2025,39,2
302403,"‭(9)ג""ק1 ""הקשאמור"" רירמ דלוקוש   תוירכוס‬",2025,40,1
302403,"‭(9)ג""ק1 ""הקשאמור"" רירמ דלוקוש   תוירכוס‬",2025,42,1
302403,"‭(9)ג""ק1 ""הקשאמור"" רירמ דלוקוש   תוירכוס‬",2025,43,0.22
302403,"‭(9)ג""ק1 ""הקשאמור"" רירמ דלוקוש   תוירכוס‬",2025,45,2.22
302403,"‭(9)ג""ק1 ""הקשאמור"" רירמ דלוקוש   תוירכוס‬",2025,46,2.33
302403,"‭(9)ג""ק1 ""הקשאמור"" רירמ דלוקוש   תוירכוס‬",2025,47,0.33
302403,"‭(9)ג""ק1 ""הקשאמור"" רירמ דלוקוש   תוירכוס‬",2025,48,2
302403,"‭(9)ג""ק1 ""הקשאמור"" רירמ דלוקוש   תוירכוס‬",2025,49,1.33
302403,"‭(9)ג""ק1 ""הקשאמור"" רירמ דלוקוש   תוירכוס‬",2025,51,2
302403,"‭(9)ג""ק1 ""הקשאמור"" רירמ דלוקוש   תוירכוס‬",2025,52,0.33
302403,"‭(9)ג""ק1 ""הקשאמור"" רירמ דלוקוש   תוירכוס‬",2025,53,1
302403,"‭(9)ג""ק1 ""הקשאמור"" רירמ דלוקוש   תוירכוס‬",2026,2,0.11
302403,"‭(9)ג""ק1 ""הקשאמור"" רירמ דלוקוש   תוירכוס‬",2026,3,2
302403,"‭(9)ג""ק1 ""הקשאמור"" רירמ דלוקוש   תוירכוס‬",2026,4,2.22
302403,"‭(9)ג""ק1 ""הקשאמור"" רירמ דלוקוש   תוירכוס‬",2026,5,1
302403,"‭(9)ג""ק1 ""הקשאמור"" רירמ דלוקוש   תוירכוס‬",2026,6,0.33
302403,"‭(9)ג""ק1 ""הקשאמור"" רירמ דלוקוש   תוירכוס‬",2026,7,1
302403,"‭(9)ג""ק1 ""הקשאמור"" רירמ דלוקוש   תוירכוס‬",2026,9,1
302403,"‭(9)ג""ק1 ""הקשאמור"" רירמ דלוקוש   תוירכוס‬",2026,10,1.11
302403,"‭(9)ג""ק1 ""הקשאמור"" רירמ דלוקוש   תוירכוס‬",2026,11,2
302403,"‭(9)ג""ק1 ""הקשאמור"" רירמ דלוקוש   תוירכוס‬",2026,12,2.11
302403,"‭(9)ג""ק1 ""הקשאמור"" רירמ דלוקוש   תוירכוס‬",2026,13,1
302403,"‭(9)ג""ק1 ""הקשאמור"" רירמ דלוקוש   תוירכוס‬",2026,15,1
302403,"‭(9)ג""ק1 ""הקשאמור"" רירמ דלוקוש   תוירכוס‬",2026,16,3
302403,"‭(9)ג""ק1 ""הקשאמור"" רירמ דלוקוש   תוירכוס‬",2026,17,1
302403,"‭(9)ג""ק1 ""הקשאמור"" רירמ דלוקוש   תוירכוס‬",2026,18,1
302403,"‭(9)ג""ק1 ""הקשאמור"" רירמ דלוקוש   תוירכוס‬",2026,19,1
302403,"‭(9)ג""ק1 ""הקשאמור"" רירמ דלוקוש   תוירכוס‬",2026,21,1
302403,"‭(9)ג""ק1 ""הקשאמור"" רירמ דלוקוש   תוירכוס‬",2026,22,1
302403,"‭(9)ג""ק1 ""הקשאמור"" רירמ דלוקוש   תוירכוס‬",2026,26,1
302403,"‭(9)ג""ק1 ""הקשאמור"" רירמ דלוקוש   תוירכוס‬",2026,28,4.22
302403,"‭(9)ג""ק1 ""הקשאמור"" רירמ דלוקוש   תוירכוס‬",2026,29,0.11
302403,"‭(9)ג""ק1 ""הקשאמור"" רירמ דלוקוש   תוירכוס‬",2026,31,1
302403,"‭(9)ג""ק1 ""הקשאמור"" רירמ דלוקוש   תוירכוס‬",2026,32,1.33
302404,"‭(5)ג""ק2 ""הקשאמור"" רירמ דלוקוש   תוירכוס‬",2026,8,0.4
302407,"‭(4)ג""ק1 (םוח) םלש זוגא+דלוקוש ""ןאלבנומ"" םינילרפ‬",2025,45,1
302407,"‭(4)ג""ק1 (םוח) םלש זוגא+דלוקוש ""ןאלבנומ"" םינילרפ‬",2025,47,2
302407,"‭(4)ג""ק1 (םוח) םלש זוגא+דלוקוש ""ןאלבנומ"" םינילרפ‬",2025,52,1
302407,"‭(4)ג""ק1 (םוח) םלש זוגא+דלוקוש ""ןאלבנומ"" םינילרפ‬",2026,2,3
302407,"‭(4)ג""ק1 (םוח) םלש זוגא+דלוקוש ""ןאלבנומ"" םינילרפ‬",2026,8,2
302407,"‭(4)ג""ק1 (םוח) םלש זוגא+דלוקוש ""ןאלבנומ"" םינילרפ‬",2026,10,1.25
302407,"‭(4)ג""ק1 (םוח) םלש זוגא+דלוקוש ""ןאלבנומ"" םינילרפ‬",2026,15,1
302407,"‭(4)ג""ק1 (םוח) םלש זוגא+דלוקוש ""ןאלבנומ"" םינילרפ‬",2026,20,1
302407,"‭(4)ג""ק1 (םוח) םלש זוגא+דלוקוש ""ןאלבנומ"" םינילרפ‬",2026,26,1
302407,"‭(4)ג""ק1 (םוח) םלש זוגא+דלוקוש ""ןאלבנומ"" םינילרפ‬",2026,27,1
302408,"‭(4)ג""ק1 (בוהצ) םושמוש+דלוקוש ""ןאלבנומ"" םינילרפ‬",2025,39,1
302408,"‭(4)ג""ק1 (בוהצ) םושמוש+דלוקוש ""ןאלבנומ"" םינילרפ‬",2025,47,1
302408,"‭(4)ג""ק1 (בוהצ) םושמוש+דלוקוש ""ןאלבנומ"" םינילרפ‬",2025,51,1
302408,"‭(4)ג""ק1 (בוהצ) םושמוש+דלוקוש ""ןאלבנומ"" םינילרפ‬",2026,2,1
302408,"‭(4)ג""ק1 (בוהצ) םושמוש+דלוקוש ""ןאלבנומ"" םינילרפ‬",2026,8,1
302408,"‭(4)ג""ק1 (בוהצ) םושמוש+דלוקוש ""ןאלבנומ"" םינילרפ‬",2026,9,0.25
302408,"‭(4)ג""ק1 (בוהצ) םושמוש+דלוקוש ""ןאלבנומ"" םינילרפ‬",2026,15,1
302408,"‭(4)ג""ק1 (בוהצ) םושמוש+דלוקוש ""ןאלבנומ"" םינילרפ‬",2026,18,1
302408,"‭(4)ג""ק1 (בוהצ) םושמוש+דלוקוש ""ןאלבנומ"" םינילרפ‬",2026,20,1
302408,"‭(4)ג""ק1 (בוהצ) םושמוש+דלוקוש ""ןאלבנומ"" םינילרפ‬",2026,26,1
302408,"‭(4)ג""ק1 (בוהצ) םושמוש+דלוקוש ""ןאלבנומ"" םינילרפ‬",2026,27,1
302408,"‭(4)ג""ק1 (בוהצ) םושמוש+דלוקוש ""ןאלבנומ"" םינילרפ‬",2026,29,1
302409,"‭(4)ג""ק1(קורי) זול יזוגא+דלוקוש ""ןאלבנומ"" םינילרפ‬",2025,45,1
302409,"‭(4)ג""ק1(קורי) זול יזוגא+דלוקוש ""ןאלבנומ"" םינילרפ‬",2025,47,1
302409,"‭(4)ג""ק1(קורי) זול יזוגא+דלוקוש ""ןאלבנומ"" םינילרפ‬",2025,51,1
302409,"‭(4)ג""ק1(קורי) זול יזוגא+דלוקוש ""ןאלבנומ"" םינילרפ‬",2025,53,1
302409,"‭(4)ג""ק1(קורי) זול יזוגא+דלוקוש ""ןאלבנומ"" םינילרפ‬",2026,2,1
302409,"‭(4)ג""ק1(קורי) זול יזוגא+דלוקוש ""ןאלבנומ"" םינילרפ‬",2026,8,2
302409,"‭(4)ג""ק1(קורי) זול יזוגא+דלוקוש ""ןאלבנומ"" םינילרפ‬",2026,9,0.25
302409,"‭(4)ג""ק1(קורי) זול יזוגא+דלוקוש ""ןאלבנומ"" םינילרפ‬",2026,10,1
302409,"‭(4)ג""ק1(קורי) זול יזוגא+דלוקוש ""ןאלבנומ"" םינילרפ‬",2026,14,1
302409,"‭(4)ג""ק1(קורי) זול יזוגא+דלוקוש ""ןאלבנומ"" םינילרפ‬",2026,17,1
302409,"‭(4)ג""ק1(קורי) זול יזוגא+דלוקוש ""ןאלבנומ"" םינילרפ‬",2026,29,1
302409,"‭(4)ג""ק1(קורי) זול יזוגא+דלוקוש ""ןאלבנומ"" םינילרפ‬",2026,30,1
302410,"‭(7)ג""ק1 ""סקימ סורטיצ"" םירדה   תוירכוס  ‬",2025,34,1
302410,"‭(7)ג""ק1 ""סקימ סורטיצ"" םירדה   תוירכוס  ‬",2025,36,2.71
302410,"‭(7)ג""ק1 ""סקימ סורטיצ"" םירדה   תוירכוס  ‬",2025,37,1
302410,"‭(7)ג""ק1 ""סקימ סורטיצ"" םירדה   תוירכוס  ‬",2025,40,1
302410,"‭(7)ג""ק1 ""סקימ סורטיצ"" םירדה   תוירכוס  ‬",2025,42,1
302410,"‭(7)ג""ק1 ""סקימ סורטיצ"" םירדה   תוירכוס  ‬",2025,45,1.86
302410,"‭(7)ג""ק1 ""סקימ סורטיצ"" םירדה   תוירכוס  ‬",2025,48,1
302410,"‭(7)ג""ק1 ""סקימ סורטיצ"" םירדה   תוירכוס  ‬",2025,50,2.57
302410,"‭(7)ג""ק1 ""סקימ סורטיצ"" םירדה   תוירכוס  ‬",2025,51,1
302410,"‭(7)ג""ק1 ""סקימ סורטיצ"" םירדה   תוירכוס  ‬",2026,3,1
302410,"‭(7)ג""ק1 ""סקימ סורטיצ"" םירדה   תוירכוס  ‬",2026,5,1
302410,"‭(7)ג""ק1 ""סקימ סורטיצ"" םירדה   תוירכוס  ‬",2026,7,1
302410,"‭(7)ג""ק1 ""סקימ סורטיצ"" םירדה   תוירכוס  ‬",2026,10,0.14
302410,"‭(7)ג""ק1 ""סקימ סורטיצ"" םירדה   תוירכוס  ‬",2026,11,1.29
302410,"‭(7)ג""ק1 ""סקימ סורטיצ"" םירדה   תוירכוס  ‬",2026,12,1
302410,"‭(7)ג""ק1 ""סקימ סורטיצ"" םירדה   תוירכוס  ‬",2026,14,1
302410,"‭(7)ג""ק1 ""סקימ סורטיצ"" םירדה   תוירכוס  ‬",2026,16,0.71
302410,"‭(7)ג""ק1 ""סקימ סורטיצ"" םירדה   תוירכוס  ‬",2026,17,1
302410,"‭(7)ג""ק1 ""סקימ סורטיצ"" םירדה   תוירכוס  ‬",2026,19,1
302410,"‭(7)ג""ק1 ""סקימ סורטיצ"" םירדה   תוירכוס  ‬",2026,20,3.29
302410,"‭(7)ג""ק1 ""סקימ סורטיצ"" םירדה   תוירכוס  ‬",2026,23,1
302410,"‭(7)ג""ק1 ""סקימ סורטיצ"" םירדה   תוירכוס  ‬",2026,26,3.14
302410,"‭(7)ג""ק1 ""סקימ סורטיצ"" םירדה   תוירכוס  ‬",2026,27,1
302410,"‭(7)ג""ק1 ""סקימ סורטיצ"" םירדה   תוירכוס  ‬",2026,29,0.29
302410,"‭(7)ג""ק1 ""סקימ סורטיצ"" םירדה   תוירכוס  ‬",2026,31,1.29
302411,"‭(10)ג""ק1 ילי'ג תוירכוס  ‬",2025,36,3.3
302411,"‭(10)ג""ק1 ילי'ג תוירכוס  ‬",2025,37,0.2
302411,"‭(10)ג""ק1 ילי'ג תוירכוס  ‬",2025,38,1.2
302411,"‭(10)ג""ק1 ילי'ג תוירכוס  ‬",2025,42,0.4
302411,"‭(10)ג""ק1 ילי'ג תוירכוס  ‬",2025,43,1
302411,"‭(10)ג""ק1 ילי'ג תוירכוס  ‬",2025,45,1
302411,"‭(10)ג""ק1 ילי'ג תוירכוס  ‬",2025,47,0.1
302411,"‭(10)ג""ק1 ילי'ג תוירכוס  ‬",2025,49,0.2
302411,"‭(10)ג""ק1 ילי'ג תוירכוס  ‬",2025,50,2.1
302411,"‭(10)ג""ק1 ילי'ג תוירכוס  ‬",2025,51,1.8
302411,"‭(10)ג""ק1 ילי'ג תוירכוס  ‬",2026,9,0.3
302411,"‭(10)ג""ק1 ילי'ג תוירכוס  ‬",2026,11,0.3
302411,"‭(10)ג""ק1 ילי'ג תוירכוס  ‬",2026,12,2
302411,"‭(10)ג""ק1 ילי'ג תוירכוס  ‬",2026,13,0.1
302411,"‭(10)ג""ק1 ילי'ג תוירכוס  ‬",2026,14,1
302411,"‭(10)ג""ק1 ילי'ג תוירכוס  ‬",2026,16,0.5
302411,"‭(10)ג""ק1 ילי'ג תוירכוס  ‬",2026,18,1
302411,"‭(10)ג""ק1 ילי'ג תוירכוס  ‬",2026,20,1.4
302411,"‭(10)ג""ק1 ילי'ג תוירכוס  ‬",2026,22,0.4
302411,"‭(10)ג""ק1 ילי'ג תוירכוס  ‬",2026,23,0.2
302411,"‭(10)ג""ק1 ילי'ג תוירכוס  ‬",2026,25,0.2
302411,"‭(10)ג""ק1 ילי'ג תוירכוס  ‬",2026,29,0.1
302411,"‭(10)ג""ק1 ילי'ג תוירכוס  ‬",2026,32,0.3
302412,"‭(7)ג""ק1 ""בלח תפיט"" בלח   םרק תוירכוס  ‬",2025,34,1
302412,"‭(7)ג""ק1 ""בלח תפיט"" בלח   םרק תוירכוס  ‬",2025,35,1.14
302412,"‭(7)ג""ק1 ""בלח תפיט"" בלח   םרק תוירכוס  ‬",2025,36,1.29
302412,"‭(7)ג""ק1 ""בלח תפיט"" בלח   םרק תוירכוס  ‬",2025,37,0.29
302412,"‭(7)ג""ק1 ""בלח תפיט"" בלח   םרק תוירכוס  ‬",2025,38,1.14
302412,"‭(7)ג""ק1 ""בלח תפיט"" בלח   םרק תוירכוס  ‬",2025,41,1
302412,"‭(7)ג""ק1 ""בלח תפיט"" בלח   םרק תוירכוס  ‬",2025,42,0.57
302412,"‭(7)ג""ק1 ""בלח תפיט"" בלח   םרק תוירכוס  ‬",2025,44,1.86
302412,"‭(7)ג""ק1 ""בלח תפיט"" בלח   םרק תוירכוס  ‬",2025,45,1
302412,"‭(7)ג""ק1 ""בלח תפיט"" בלח   םרק תוירכוס  ‬",2025,46,1
302412,"‭(7)ג""ק1 ""בלח תפיט"" בלח   םרק תוירכוס  ‬",2025,50,2
302412,"‭(7)ג""ק1 ""בלח תפיט"" בלח   םרק תוירכוס  ‬",2025,51,1
302412,"‭(7)ג""ק1 ""בלח תפיט"" בלח   םרק תוירכוס  ‬",2025,53,1
302412,"‭(7)ג""ק1 ""בלח תפיט"" בלח   םרק תוירכוס  ‬",2026,2,2.29
302412,"‭(7)ג""ק1 ""בלח תפיט"" בלח   םרק תוירכוס  ‬",2026,4,5
302412,"‭(7)ג""ק1 ""בלח תפיט"" בלח   םרק תוירכוס  ‬",2026,5,1
302412,"‭(7)ג""ק1 ""בלח תפיט"" בלח   םרק תוירכוס  ‬",2026,6,1
302412,"‭(7)ג""ק1 ""בלח תפיט"" בלח   םרק תוירכוס  ‬",2026,7,0.14
302412,"‭(7)ג""ק1 ""בלח תפיט"" בלח   םרק תוירכוס  ‬",2026,9,1
302412,"‭(7)ג""ק1 ""בלח תפיט"" בלח   םרק תוירכוס  ‬",2026,10,0.14
302412,"‭(7)ג""ק1 ""בלח תפיט"" בלח   םרק תוירכוס  ‬",2026,11,1
302412,"‭(7)ג""ק1 ""בלח תפיט"" בלח   םרק תוירכוס  ‬",2026,12,1
302412,"‭(7)ג""ק1 ""בלח תפיט"" בלח   םרק תוירכוס  ‬",2026,13,1.14
302412,"‭(7)ג""ק1 ""בלח תפיט"" בלח   םרק תוירכוס  ‬",2026,16,0.29
302412,"‭(7)ג""ק1 ""בלח תפיט"" בלח   םרק תוירכוס  ‬",2026,18,1
302412,"‭(7)ג""ק1 ""בלח תפיט"" בלח   םרק תוירכוס  ‬",2026,19,1
302412,"‭(7)ג""ק1 ""בלח תפיט"" בלח   םרק תוירכוס  ‬",2026,20,2.29
302412,"‭(7)ג""ק1 ""בלח תפיט"" בלח   םרק תוירכוס  ‬",2026,22,0.57
302412,"‭(7)ג""ק1 ""בלח תפיט"" בלח   םרק תוירכוס  ‬",2026,23,0.29
302412,"‭(7)ג""ק1 ""בלח תפיט"" בלח   םרק תוירכוס  ‬",2026,24,1
302412,"‭(7)ג""ק1 ""בלח תפיט"" בלח   םרק תוירכוס  ‬",2026,25,1.29
302412,"‭(7)ג""ק1 ""בלח תפיט"" בלח   םרק תוירכוס  ‬",2026,26,1
302412,"‭(7)ג""ק1 ""בלח תפיט"" בלח   םרק תוירכוס  ‬",2026,27,1
302412,"‭(7)ג""ק1 ""בלח תפיט"" בלח   םרק תוירכוס  ‬",2026,28,1
302412,"‭(7)ג""ק1 ""בלח תפיט"" בלח   םרק תוירכוס  ‬",2026,31,0.43
302412,"‭(7)ג""ק1 ""בלח תפיט"" בלח   םרק תוירכוס  ‬",2026,32,0.43
302414,"‭(8)ג""ק1 האמח   BUTTER MILK תוירכוס  ‬",2026,23,3
302414,"‭(8)ג""ק1 האמח   BUTTER MILK תוירכוס  ‬",2026,24,0.38
302414,"‭(8)ג""ק1 האמח   BUTTER MILK תוירכוס  ‬",2026,25,0.13
302414,"‭(8)ג""ק1 האמח   BUTTER MILK תוירכוס  ‬",2026,26,1
302414,"‭(8)ג""ק1 האמח   BUTTER MILK תוירכוס  ‬",2026,28,1
302416,"‭(7)ג""ק1 ""יק'צאר"" םינטובו ואקק םרק יולימב תוירכוס‬",2025,36,3.29
302416,"‭(7)ג""ק1 ""יק'צאר"" םינטובו ואקק םרק יולימב תוירכוס‬",2025,39,1
302416,"‭(7)ג""ק1 ""יק'צאר"" םינטובו ואקק םרק יולימב תוירכוס‬",2025,40,1
302416,"‭(7)ג""ק1 ""יק'צאר"" םינטובו ואקק םרק יולימב תוירכוס‬",2025,42,0.57
302416,"‭(7)ג""ק1 ""יק'צאר"" םינטובו ואקק םרק יולימב תוירכוס‬",2025,44,1
302416,"‭(7)ג""ק1 ""יק'צאר"" םינטובו ואקק םרק יולימב תוירכוס‬",2025,45,1
302416,"‭(7)ג""ק1 ""יק'צאר"" םינטובו ואקק םרק יולימב תוירכוס‬",2025,46,0.14
302416,"‭(7)ג""ק1 ""יק'צאר"" םינטובו ואקק םרק יולימב תוירכוס‬",2025,49,0.14
302416,"‭(7)ג""ק1 ""יק'צאר"" םינטובו ואקק םרק יולימב תוירכוס‬",2025,50,1
302416,"‭(7)ג""ק1 ""יק'צאר"" םינטובו ואקק םרק יולימב תוירכוס‬",2025,52,1
302416,"‭(7)ג""ק1 ""יק'צאר"" םינטובו ואקק םרק יולימב תוירכוס‬",2026,2,1.29
302416,"‭(7)ג""ק1 ""יק'צאר"" םינטובו ואקק םרק יולימב תוירכוס‬",2026,4,1.14
302416,"‭(7)ג""ק1 ""יק'צאר"" םינטובו ואקק םרק יולימב תוירכוס‬",2026,5,1
302416,"‭(7)ג""ק1 ""יק'צאר"" םינטובו ואקק םרק יולימב תוירכוס‬",2026,6,1
302416,"‭(7)ג""ק1 ""יק'צאר"" םינטובו ואקק םרק יולימב תוירכוס‬",2026,9,1
302416,"‭(7)ג""ק1 ""יק'צאר"" םינטובו ואקק םרק יולימב תוירכוס‬",2026,11,0.14
302416,"‭(7)ג""ק1 ""יק'צאר"" םינטובו ואקק םרק יולימב תוירכוס‬",2026,12,1
302416,"‭(7)ג""ק1 ""יק'צאר"" םינטובו ואקק םרק יולימב תוירכוס‬",2026,15,1
302416,"‭(7)ג""ק1 ""יק'צאר"" םינטובו ואקק םרק יולימב תוירכוס‬",2026,16,0.57
302416,"‭(7)ג""ק1 ""יק'צאר"" םינטובו ואקק םרק יולימב תוירכוס‬",2026,17,1.29
302416,"‭(7)ג""ק1 ""יק'צאר"" םינטובו ואקק םרק יולימב תוירכוס‬",2026,20,2
302416,"‭(7)ג""ק1 ""יק'צאר"" םינטובו ואקק םרק יולימב תוירכוס‬",2026,26,1
302416,"‭(7)ג""ק1 ""יק'צאר"" םינטובו ואקק םרק יולימב תוירכוס‬",2026,27,1
302416,"‭(7)ג""ק1 ""יק'צאר"" םינטובו ואקק םרק יולימב תוירכוס‬",2026,29,2
302417,"‭(7)ג""ק1 ""הקבורוק"" בלח יפוט תוירכוס  ‬",2025,34,1
302417,"‭(7)ג""ק1 ""הקבורוק"" בלח יפוט תוירכוס  ‬",2025,35,1
302417,"‭(7)ג""ק1 ""הקבורוק"" בלח יפוט תוירכוס  ‬",2025,36,4.43
302417,"‭(7)ג""ק1 ""הקבורוק"" בלח יפוט תוירכוס  ‬",2025,37,2.43
302417,"‭(7)ג""ק1 ""הקבורוק"" בלח יפוט תוירכוס  ‬",2025,38,0.29
302417,"‭(7)ג""ק1 ""הקבורוק"" בלח יפוט תוירכוס  ‬",2025,39,2
302417,"‭(7)ג""ק1 ""הקבורוק"" בלח יפוט תוירכוס  ‬",2025,41,2
302417,"‭(7)ג""ק1 ""הקבורוק"" בלח יפוט תוירכוס  ‬",2025,42,2
302417,"‭(7)ג""ק1 ""הקבורוק"" בלח יפוט תוירכוס  ‬",2025,43,0.29
302417,"‭(7)ג""ק1 ""הקבורוק"" בלח יפוט תוירכוס  ‬",2025,44,2
302417,"‭(7)ג""ק1 ""הקבורוק"" בלח יפוט תוירכוס  ‬",2025,45,3
302417,"‭(7)ג""ק1 ""הקבורוק"" בלח יפוט תוירכוס  ‬",2025,46,1
302417,"‭(7)ג""ק1 ""הקבורוק"" בלח יפוט תוירכוס  ‬",2025,47,2.43
302417,"‭(7)ג""ק1 ""הקבורוק"" בלח יפוט תוירכוס  ‬",2025,49,1.43
302417,"‭(7)ג""ק1 ""הקבורוק"" בלח יפוט תוירכוס  ‬",2025,50,4.14
302417,"‭(7)ג""ק1 ""הקבורוק"" בלח יפוט תוירכוס  ‬",2025,51,4
302417,"‭(7)ג""ק1 ""הקבורוק"" בלח יפוט תוירכוס  ‬",2025,52,2.14
302417,"‭(7)ג""ק1 ""הקבורוק"" בלח יפוט תוירכוס  ‬",2025,53,2
302417,"‭(7)ג""ק1 ""הקבורוק"" בלח יפוט תוירכוס  ‬",2026,2,2.43
302417,"‭(7)ג""ק1 ""הקבורוק"" בלח יפוט תוירכוס  ‬",2026,3,2
302417,"‭(7)ג""ק1 ""הקבורוק"" בלח יפוט תוירכוס  ‬",2026,4,0.29
302417,"‭(7)ג""ק1 ""הקבורוק"" בלח יפוט תוירכוס  ‬",2026,5,3
302417,"‭(7)ג""ק1 ""הקבורוק"" בלח יפוט תוירכוס  ‬",2026,6,3.43
302417,"‭(7)ג""ק1 ""הקבורוק"" בלח יפוט תוירכוס  ‬",2026,7,1.14
302417,"‭(7)ג""ק1 ""הקבורוק"" בלח יפוט תוירכוס  ‬",2026,8,1.29
302417,"‭(7)ג""ק1 ""הקבורוק"" בלח יפוט תוירכוס  ‬",2026,9,1
302417,"‭(7)ג""ק1 ""הקבורוק"" בלח יפוט תוירכוס  ‬",2026,11,2.43
302417,"‭(7)ג""ק1 ""הקבורוק"" בלח יפוט תוירכוס  ‬",2026,12,0.86
302417,"‭(7)ג""ק1 ""הקבורוק"" בלח יפוט תוירכוס  ‬",2026,13,1
302417,"‭(7)ג""ק1 ""הקבורוק"" בלח יפוט תוירכוס  ‬",2026,14,1
302417,"‭(7)ג""ק1 ""הקבורוק"" בלח יפוט תוירכוס  ‬",2026,15,1
302417,"‭(7)ג""ק1 ""הקבורוק"" בלח יפוט תוירכוס  ‬",2026,16,3.71
302417,"‭(7)ג""ק1 ""הקבורוק"" בלח יפוט תוירכוס  ‬",2026,17,1
302417,"‭(7)ג""ק1 ""הקבורוק"" בלח יפוט תוירכוס  ‬",2026,18,1
302417,"‭(7)ג""ק1 ""הקבורוק"" בלח יפוט תוירכוס  ‬",2026,19,1
302417,"‭(7)ג""ק1 ""הקבורוק"" בלח יפוט תוירכוס  ‬",2026,20,4.29
302417,"‭(7)ג""ק1 ""הקבורוק"" בלח יפוט תוירכוס  ‬",2026,21,1
302417,"‭(7)ג""ק1 ""הקבורוק"" בלח יפוט תוירכוס  ‬",2026,22,2
302417,"‭(7)ג""ק1 ""הקבורוק"" בלח יפוט תוירכוס  ‬",2026,23,0.57
302417,"‭(7)ג""ק1 ""הקבורוק"" בלח יפוט תוירכוס  ‬",2026,24,1
302417,"‭(7)ג""ק1 ""הקבורוק"" בלח יפוט תוירכוס  ‬",2026,25,1.29
302417,"‭(7)ג""ק1 ""הקבורוק"" בלח יפוט תוירכוס  ‬",2026,26,2
302417,"‭(7)ג""ק1 ""הקבורוק"" בלח יפוט תוירכוס  ‬",2026,27,2
302417,"‭(7)ג""ק1 ""הקבורוק"" בלח יפוט תוירכוס  ‬",2026,28,2
302417,"‭(7)ג""ק1 ""הקבורוק"" בלח יפוט תוירכוס  ‬",2026,29,3
302417,"‭(7)ג""ק1 ""הקבורוק"" בלח יפוט תוירכוס  ‬",2026,31,1.29
302417,"‭(7)ג""ק1 ""הקבורוק"" בלח יפוט תוירכוס  ‬",2026,32,0.86
302418,"‭(6)ג""ק1 TOFELINI דלוקוש יולימב   יפוט תוירכוס‬",2025,36,0.33
302418,"‭(6)ג""ק1 TOFELINI דלוקוש יולימב   יפוט תוירכוס‬",2025,38,1
302418,"‭(6)ג""ק1 TOFELINI דלוקוש יולימב   יפוט תוירכוס‬",2025,40,1
302418,"‭(6)ג""ק1 TOFELINI דלוקוש יולימב   יפוט תוירכוס‬",2025,41,1
302418,"‭(6)ג""ק1 TOFELINI דלוקוש יולימב   יפוט תוירכוס‬",2025,42,1.67
302418,"‭(6)ג""ק1 TOFELINI דלוקוש יולימב   יפוט תוירכוס‬",2025,45,1.33
302418,"‭(6)ג""ק1 TOFELINI דלוקוש יולימב   יפוט תוירכוס‬",2025,49,0.17
302418,"‭(6)ג""ק1 TOFELINI דלוקוש יולימב   יפוט תוירכוס‬",2025,50,1
302418,"‭(6)ג""ק1 TOFELINI דלוקוש יולימב   יפוט תוירכוס‬",2025,51,1
302418,"‭(6)ג""ק1 TOFELINI דלוקוש יולימב   יפוט תוירכוס‬",2026,2,2.33
302418,"‭(6)ג""ק1 TOFELINI דלוקוש יולימב   יפוט תוירכוס‬",2026,4,1.17
302418,"‭(6)ג""ק1 TOFELINI דלוקוש יולימב   יפוט תוירכוס‬",2026,6,2.17
302418,"‭(6)ג""ק1 TOFELINI דלוקוש יולימב   יפוט תוירכוס‬",2026,7,0.17
302418,"‭(6)ג""ק1 TOFELINI דלוקוש יולימב   יפוט תוירכוס‬",2026,9,1
302418,"‭(6)ג""ק1 TOFELINI דלוקוש יולימב   יפוט תוירכוס‬",2026,10,0.17
302418,"‭(6)ג""ק1 TOFELINI דלוקוש יולימב   יפוט תוירכוס‬",2026,11,1.17
302418,"‭(6)ג""ק1 TOFELINI דלוקוש יולימב   יפוט תוירכוס‬",2026,15,1
302418,"‭(6)ג""ק1 TOFELINI דלוקוש יולימב   יפוט תוירכוס‬",2026,16,0.33
302418,"‭(6)ג""ק1 TOFELINI דלוקוש יולימב   יפוט תוירכוס‬",2026,19,1
302418,"‭(6)ג""ק1 TOFELINI דלוקוש יולימב   יפוט תוירכוס‬",2026,20,1.5
302418,"‭(6)ג""ק1 TOFELINI דלוקוש יולימב   יפוט תוירכוס‬",2026,21,1
302418,"‭(6)ג""ק1 TOFELINI דלוקוש יולימב   יפוט תוירכוס‬",2026,23,1.33
302418,"‭(6)ג""ק1 TOFELINI דלוקוש יולימב   יפוט תוירכוס‬",2026,25,0.33
302418,"‭(6)ג""ק1 TOFELINI דלוקוש יולימב   יפוט תוירכוס‬",2026,27,1
302418,"‭(6)ג""ק1 TOFELINI דלוקוש יולימב   יפוט תוירכוס‬",2026,28,1
302418,"‭(6)ג""ק1 TOFELINI דלוקוש יולימב   יפוט תוירכוס‬",2026,29,0.17
302418,"‭(6)ג""ק1 TOFELINI דלוקוש יולימב   יפוט תוירכוס‬",2026,31,1
302418,"‭(6)ג""ק1 TOFELINI דלוקוש יולימב   יפוט תוירכוס‬",2026,32,0.5
302419,"‭(7)ג""ק1 ""EKLER"" דלוקוש יולימב   יפוט תוירכוס‬",2025,48,1
302419,"‭(7)ג""ק1 ""EKLER"" דלוקוש יולימב   יפוט תוירכוס‬",2026,9,0.14
302419,"‭(7)ג""ק1 ""EKLER"" דלוקוש יולימב   יפוט תוירכוס‬",2026,16,1
302419,"‭(7)ג""ק1 ""EKLER"" דלוקוש יולימב   יפוט תוירכוס‬",2026,23,0.29
302419,"‭(7)ג""ק1 ""EKLER"" דלוקוש יולימב   יפוט תוירכוס‬",2026,25,1
302419,"‭(7)ג""ק1 ""EKLER"" דלוקוש יולימב   יפוט תוירכוס‬",2026,29,1.29
302420,"‭(7)ג""ק1 ""םוק אראק"" רירמ דלוקוש   יקתממ‬",2025,35,1
302420,"‭(7)ג""ק1 ""םוק אראק"" רירמ דלוקוש   יקתממ‬",2025,36,0.29
302420,"‭(7)ג""ק1 ""םוק אראק"" רירמ דלוקוש   יקתממ‬",2025,39,1
302420,"‭(7)ג""ק1 ""םוק אראק"" רירמ דלוקוש   יקתממ‬",2025,42,0.57
302420,"‭(7)ג""ק1 ""םוק אראק"" רירמ דלוקוש   יקתממ‬",2025,48,1
302420,"‭(7)ג""ק1 ""םוק אראק"" רירמ דלוקוש   יקתממ‬",2025,50,2
302420,"‭(7)ג""ק1 ""םוק אראק"" רירמ דלוקוש   יקתממ‬",2025,52,0.14
302420,"‭(7)ג""ק1 ""םוק אראק"" רירמ דלוקוש   יקתממ‬",2025,53,1
302420,"‭(7)ג""ק1 ""םוק אראק"" רירמ דלוקוש   יקתממ‬",2026,2,0.29
302420,"‭(7)ג""ק1 ""םוק אראק"" רירמ דלוקוש   יקתממ‬",2026,4,2
302420,"‭(7)ג""ק1 ""םוק אראק"" רירמ דלוקוש   יקתממ‬",2026,6,1
302420,"‭(7)ג""ק1 ""םוק אראק"" רירמ דלוקוש   יקתממ‬",2026,8,1
302420,"‭(7)ג""ק1 ""םוק אראק"" רירמ דלוקוש   יקתממ‬",2026,11,1
302420,"‭(7)ג""ק1 ""םוק אראק"" רירמ דלוקוש   יקתממ‬",2026,16,1.14
302420,"‭(7)ג""ק1 ""םוק אראק"" רירמ דלוקוש   יקתממ‬",2026,17,1
302420,"‭(7)ג""ק1 ""םוק אראק"" רירמ דלוקוש   יקתממ‬",2026,20,1
302420,"‭(7)ג""ק1 ""םוק אראק"" רירמ דלוקוש   יקתממ‬",2026,22,1
302420,"‭(7)ג""ק1 ""םוק אראק"" רירמ דלוקוש   יקתממ‬",2026,25,0.14
302420,"‭(7)ג""ק1 ""םוק אראק"" רירמ דלוקוש   יקתממ‬",2026,26,2
302420,"‭(7)ג""ק1 ""םוק אראק"" רירמ דלוקוש   יקתממ‬",2026,29,1
302420,"‭(7)ג""ק1 ""םוק אראק"" רירמ דלוקוש   יקתממ‬",2026,30,0.14
302420,"‭(7)ג""ק1 ""םוק אראק"" רירמ דלוקוש   יקתממ‬",2026,31,1
302421,"‭(7)ג""ק1 ""קאמ יינסארק"" רירמ דלוקוש   יקתממ‬",2025,36,1.29
302421,"‭(7)ג""ק1 ""קאמ יינסארק"" רירמ דלוקוש   יקתממ‬",2025,37,0.14
302421,"‭(7)ג""ק1 ""קאמ יינסארק"" רירמ דלוקוש   יקתממ‬",2025,38,0.14
302421,"‭(7)ג""ק1 ""קאמ יינסארק"" רירמ דלוקוש   יקתממ‬",2025,39,1
302421,"‭(7)ג""ק1 ""קאמ יינסארק"" רירמ דלוקוש   יקתממ‬",2025,40,1
302421,"‭(7)ג""ק1 ""קאמ יינסארק"" רירמ דלוקוש   יקתממ‬",2025,42,1.57
302421,"‭(7)ג""ק1 ""קאמ יינסארק"" רירמ דלוקוש   יקתממ‬",2025,43,0.14
302421,"‭(7)ג""ק1 ""קאמ יינסארק"" רירמ דלוקוש   יקתממ‬",2025,45,1
302421,"‭(7)ג""ק1 ""קאמ יינסארק"" רירמ דלוקוש   יקתממ‬",2025,46,0.14
302421,"‭(7)ג""ק1 ""קאמ יינסארק"" רירמ דלוקוש   יקתממ‬",2025,47,0.29
302421,"‭(7)ג""ק1 ""קאמ יינסארק"" רירמ דלוקוש   יקתממ‬",2025,50,1
302421,"‭(7)ג""ק1 ""קאמ יינסארק"" רירמ דלוקוש   יקתממ‬",2025,51,2
302421,"‭(7)ג""ק1 ""קאמ יינסארק"" רירמ דלוקוש   יקתממ‬",2025,52,1.14
302421,"‭(7)ג""ק1 ""קאמ יינסארק"" רירמ דלוקוש   יקתממ‬",2026,2,0.29
302421,"‭(7)ג""ק1 ""קאמ יינסארק"" רירמ דלוקוש   יקתממ‬",2026,3,1
302421,"‭(7)ג""ק1 ""קאמ יינסארק"" רירמ דלוקוש   יקתממ‬",2026,4,1.14
302421,"‭(7)ג""ק1 ""קאמ יינסארק"" רירמ דלוקוש   יקתממ‬",2026,6,1
302421,"‭(7)ג""ק1 ""קאמ יינסארק"" רירמ דלוקוש   יקתממ‬",2026,7,0.14
302421,"‭(7)ג""ק1 ""קאמ יינסארק"" רירמ דלוקוש   יקתממ‬",2026,8,1
302421,"‭(7)ג""ק1 ""קאמ יינסארק"" רירמ דלוקוש   יקתממ‬",2026,9,1
302421,"‭(7)ג""ק1 ""קאמ יינסארק"" רירמ דלוקוש   יקתממ‬",2026,10,1
302421,"‭(7)ג""ק1 ""קאמ יינסארק"" רירמ דלוקוש   יקתממ‬",2026,11,1.14
302421,"‭(7)ג""ק1 ""קאמ יינסארק"" רירמ דלוקוש   יקתממ‬",2026,13,1
302421,"‭(7)ג""ק1 ""קאמ יינסארק"" רירמ דלוקוש   יקתממ‬",2026,15,1
302421,"‭(7)ג""ק1 ""קאמ יינסארק"" רירמ דלוקוש   יקתממ‬",2026,16,1.29
302421,"‭(7)ג""ק1 ""קאמ יינסארק"" רירמ דלוקוש   יקתממ‬",2026,17,1
302421,"‭(7)ג""ק1 ""קאמ יינסארק"" רירמ דלוקוש   יקתממ‬",2026,20,2
302421,"‭(7)ג""ק1 ""קאמ יינסארק"" רירמ דלוקוש   יקתממ‬",2026,26,2
302421,"‭(7)ג""ק1 ""קאמ יינסארק"" רירמ דלוקוש   יקתממ‬",2026,28,1
302421,"‭(7)ג""ק1 ""קאמ יינסארק"" רירמ דלוקוש   יקתממ‬",2026,29,2
302421,"‭(7)ג""ק1 ""קאמ יינסארק"" רירמ דלוקוש   יקתממ‬",2026,31,0.14
302421,"‭(7)ג""ק1 ""קאמ יינסארק"" רירמ דלוקוש   יקתממ‬",2026,32,1
302422,"‭(6)ג""ק1 ""הני'צל""   דלוקוש תוירכוס יקתממ‬",2025,35,1.17
302422,"‭(6)ג""ק1 ""הני'צל""   דלוקוש תוירכוס יקתממ‬",2025,37,0.5
302422,"‭(6)ג""ק1 ""הני'צל""   דלוקוש תוירכוס יקתממ‬",2025,39,1
302422,"‭(6)ג""ק1 ""הני'צל""   דלוקוש תוירכוס יקתממ‬",2025,40,1
302422,"‭(6)ג""ק1 ""הני'צל""   דלוקוש תוירכוס יקתממ‬",2025,41,1
302422,"‭(6)ג""ק1 ""הני'צל""   דלוקוש תוירכוס יקתממ‬",2025,42,0.67
302422,"‭(6)ג""ק1 ""הני'צל""   דלוקוש תוירכוס יקתממ‬",2025,44,1.5
302422,"‭(6)ג""ק1 ""הני'צל""   דלוקוש תוירכוס יקתממ‬",2025,46,1
302422,"‭(6)ג""ק1 ""הני'צל""   דלוקוש תוירכוס יקתממ‬",2025,47,0.33
302422,"‭(6)ג""ק1 ""הני'צל""   דלוקוש תוירכוס יקתממ‬",2025,49,1.17
302422,"‭(6)ג""ק1 ""הני'צל""   דלוקוש תוירכוס יקתממ‬",2025,50,2
302422,"‭(6)ג""ק1 ""הני'צל""   דלוקוש תוירכוס יקתממ‬",2025,51,1
302422,"‭(6)ג""ק1 ""הני'צל""   דלוקוש תוירכוס יקתממ‬",2025,53,2
302422,"‭(6)ג""ק1 ""הני'צל""   דלוקוש תוירכוס יקתממ‬",2026,2,0.33
302422,"‭(6)ג""ק1 ""הני'צל""   דלוקוש תוירכוס יקתממ‬",2026,3,1
302422,"‭(6)ג""ק1 ""הני'צל""   דלוקוש תוירכוס יקתממ‬",2026,4,2.17
302422,"‭(6)ג""ק1 ""הני'צל""   דלוקוש תוירכוס יקתממ‬",2026,6,1.17
302422,"‭(6)ג""ק1 ""הני'צל""   דלוקוש תוירכוס יקתממ‬",2026,8,1
302422,"‭(6)ג""ק1 ""הני'צל""   דלוקוש תוירכוס יקתממ‬",2026,9,1
302422,"‭(6)ג""ק1 ""הני'צל""   דלוקוש תוירכוס יקתממ‬",2026,11,1.17
302422,"‭(6)ג""ק1 ""הני'צל""   דלוקוש תוירכוס יקתממ‬",2026,13,1
302422,"‭(6)ג""ק1 ""הני'צל""   דלוקוש תוירכוס יקתממ‬",2026,14,1
302422,"‭(6)ג""ק1 ""הני'צל""   דלוקוש תוירכוס יקתממ‬",2026,16,1.17
302422,"‭(6)ג""ק1 ""הני'צל""   דלוקוש תוירכוס יקתממ‬",2026,18,1
302422,"‭(6)ג""ק1 ""הני'צל""   דלוקוש תוירכוס יקתממ‬",2026,20,2.17
302422,"‭(6)ג""ק1 ""הני'צל""   דלוקוש תוירכוס יקתממ‬",2026,22,1
302422,"‭(6)ג""ק1 ""הני'צל""   דלוקוש תוירכוס יקתממ‬",2026,24,1
302422,"‭(6)ג""ק1 ""הני'צל""   דלוקוש תוירכוס יקתממ‬",2026,25,1
302422,"‭(6)ג""ק1 ""הני'צל""   דלוקוש תוירכוס יקתממ‬",2026,26,1
302422,"‭(6)ג""ק1 ""הני'צל""   דלוקוש תוירכוס יקתממ‬",2026,27,1
302422,"‭(6)ג""ק1 ""הני'צל""   דלוקוש תוירכוס יקתממ‬",2026,28,0.17
302422,"‭(6)ג""ק1 ""הני'צל""   דלוקוש תוירכוס יקתממ‬",2026,29,2.17
302422,"‭(6)ג""ק1 ""הני'צל""   דלוקוש תוירכוס יקתממ‬",2026,31,1.33
302423,"‭(8)ג""ק1 ""הטנמ טפילוקבא""   תוירכוס  ‬",2025,36,4
302423,"‭(8)ג""ק1 ""הטנמ טפילוקבא""   תוירכוס  ‬",2025,37,1
302423,"‭(8)ג""ק1 ""הטנמ טפילוקבא""   תוירכוס  ‬",2025,38,0.63
302423,"‭(8)ג""ק1 ""הטנמ טפילוקבא""   תוירכוס  ‬",2025,39,1
302423,"‭(8)ג""ק1 ""הטנמ טפילוקבא""   תוירכוס  ‬",2025,45,1
302423,"‭(8)ג""ק1 ""הטנמ טפילוקבא""   תוירכוס  ‬",2025,48,1
302423,"‭(8)ג""ק1 ""הטנמ טפילוקבא""   תוירכוס  ‬",2025,49,0.25
302423,"‭(8)ג""ק1 ""הטנמ טפילוקבא""   תוירכוס  ‬",2025,50,2
302423,"‭(8)ג""ק1 ""הטנמ טפילוקבא""   תוירכוס  ‬",2025,53,1
302423,"‭(8)ג""ק1 ""הטנמ טפילוקבא""   תוירכוס  ‬",2026,2,1
302423,"‭(8)ג""ק1 ""הטנמ טפילוקבא""   תוירכוס  ‬",2026,3,1
302423,"‭(8)ג""ק1 ""הטנמ טפילוקבא""   תוירכוס  ‬",2026,4,1.25
302423,"‭(8)ג""ק1 ""הטנמ טפילוקבא""   תוירכוס  ‬",2026,6,1.13
302423,"‭(8)ג""ק1 ""הטנמ טפילוקבא""   תוירכוס  ‬",2026,7,1
302423,"‭(8)ג""ק1 ""הטנמ טפילוקבא""   תוירכוס  ‬",2026,8,1
302423,"‭(8)ג""ק1 ""הטנמ טפילוקבא""   תוירכוס  ‬",2026,9,1.38
302423,"‭(8)ג""ק1 ""הטנמ טפילוקבא""   תוירכוס  ‬",2026,11,1
302423,"‭(8)ג""ק1 ""הטנמ טפילוקבא""   תוירכוס  ‬",2026,14,1
302423,"‭(8)ג""ק1 ""הטנמ טפילוקבא""   תוירכוס  ‬",2026,16,1.5
302423,"‭(8)ג""ק1 ""הטנמ טפילוקבא""   תוירכוס  ‬",2026,19,1
302423,"‭(8)ג""ק1 ""הטנמ טפילוקבא""   תוירכוס  ‬",2026,20,1
302423,"‭(8)ג""ק1 ""הטנמ טפילוקבא""   תוירכוס  ‬",2026,21,1
302423,"‭(8)ג""ק1 ""הטנמ טפילוקבא""   תוירכוס  ‬",2026,22,1
302423,"‭(8)ג""ק1 ""הטנמ טפילוקבא""   תוירכוס  ‬",2026,25,0.13
302423,"‭(8)ג""ק1 ""הטנמ טפילוקבא""   תוירכוס  ‬",2026,26,0.13
302423,"‭(8)ג""ק1 ""הטנמ טפילוקבא""   תוירכוס  ‬",2026,27,1.25
302423,"‭(8)ג""ק1 ""הטנמ טפילוקבא""   תוירכוס  ‬",2026,29,2.25
302423,"‭(8)ג""ק1 ""הטנמ טפילוקבא""   תוירכוס  ‬",2026,31,1
302423,"‭(8)ג""ק1 ""הטנמ טפילוקבא""   תוירכוס  ‬",2026,32,0.38
302424,"‭(9)ג""ק1 ""הקלו'צפ יזיירק"" ילי'ג תוירכוס  ‬",2025,36,6.22
302424,"‭(9)ג""ק1 ""הקלו'צפ יזיירק"" ילי'ג תוירכוס  ‬",2025,39,1
302424,"‭(9)ג""ק1 ""הקלו'צפ יזיירק"" ילי'ג תוירכוס  ‬",2025,42,0.44
302424,"‭(9)ג""ק1 ""הקלו'צפ יזיירק"" ילי'ג תוירכוס  ‬",2025,43,1.78
302424,"‭(9)ג""ק1 ""הקלו'צפ יזיירק"" ילי'ג תוירכוס  ‬",2025,44,1
302424,"‭(9)ג""ק1 ""הקלו'צפ יזיירק"" ילי'ג תוירכוס  ‬",2025,47,0.11
302424,"‭(9)ג""ק1 ""הקלו'צפ יזיירק"" ילי'ג תוירכוס  ‬",2025,49,1.22
302424,"‭(9)ג""ק1 ""הקלו'צפ יזיירק"" ילי'ג תוירכוס  ‬",2025,50,2
302424,"‭(9)ג""ק1 ""הקלו'צפ יזיירק"" ילי'ג תוירכוס  ‬",2025,51,1
302424,"‭(9)ג""ק1 ""הקלו'צפ יזיירק"" ילי'ג תוירכוס  ‬",2025,52,0.22
302424,"‭(9)ג""ק1 ""הקלו'צפ יזיירק"" ילי'ג תוירכוס  ‬",2026,2,0.22
302424,"‭(9)ג""ק1 ""הקלו'צפ יזיירק"" ילי'ג תוירכוס  ‬",2026,7,1.22
302424,"‭(9)ג""ק1 ""הקלו'צפ יזיירק"" ילי'ג תוירכוס  ‬",2026,9,0.11
302424,"‭(9)ג""ק1 ""הקלו'צפ יזיירק"" ילי'ג תוירכוס  ‬",2026,10,1
302424,"‭(9)ג""ק1 ""הקלו'צפ יזיירק"" ילי'ג תוירכוס  ‬",2026,11,0.11
302424,"‭(9)ג""ק1 ""הקלו'צפ יזיירק"" ילי'ג תוירכוס  ‬",2026,12,1.11
302424,"‭(9)ג""ק1 ""הקלו'צפ יזיירק"" ילי'ג תוירכוס  ‬",2026,14,1
302424,"‭(9)ג""ק1 ""הקלו'צפ יזיירק"" ילי'ג תוירכוס  ‬",2026,16,2.22
302424,"‭(9)ג""ק1 ""הקלו'צפ יזיירק"" ילי'ג תוירכוס  ‬",2026,18,1
302424,"‭(9)ג""ק1 ""הקלו'צפ יזיירק"" ילי'ג תוירכוס  ‬",2026,20,3.22
302424,"‭(9)ג""ק1 ""הקלו'צפ יזיירק"" ילי'ג תוירכוס  ‬",2026,23,0.22
302424,"‭(9)ג""ק1 ""הקלו'צפ יזיירק"" ילי'ג תוירכוס  ‬",2026,25,1.22
302424,"‭(9)ג""ק1 ""הקלו'צפ יזיירק"" ילי'ג תוירכוס  ‬",2026,26,1
302424,"‭(9)ג""ק1 ""הקלו'צפ יזיירק"" ילי'ג תוירכוס  ‬",2026,27,2
302424,"‭(9)ג""ק1 ""הקלו'צפ יזיירק"" ילי'ג תוירכוס  ‬",2026,28,1
302424,"‭(9)ג""ק1 ""הקלו'צפ יזיירק"" ילי'ג תוירכוס  ‬",2026,31,1
302424,"‭(9)ג""ק1 ""הקלו'צפ יזיירק"" ילי'ג תוירכוס  ‬",2026,32,0.33
302426,"‭(8)ג""ק1 ""םוב םיב"" תוריפ   תואלוממ תוירכוס‬",2025,34,1
302426,"‭(8)ג""ק1 ""םוב םיב"" תוריפ   תואלוממ תוירכוס‬",2025,36,2.88
302426,"‭(8)ג""ק1 ""םוב םיב"" תוריפ   תואלוממ תוירכוס‬",2025,37,0.25
302426,"‭(8)ג""ק1 ""םוב םיב"" תוריפ   תואלוממ תוירכוס‬",2025,38,1
302426,"‭(8)ג""ק1 ""םוב םיב"" תוריפ   תואלוממ תוירכוס‬",2025,41,1
302426,"‭(8)ג""ק1 ""םוב םיב"" תוריפ   תואלוממ תוירכוס‬",2025,43,0.25
302426,"‭(8)ג""ק1 ""םוב םיב"" תוריפ   תואלוממ תוירכוס‬",2025,44,0.75
302426,"‭(8)ג""ק1 ""םוב םיב"" תוריפ   תואלוממ תוירכוס‬",2025,45,3
302426,"‭(8)ג""ק1 ""םוב םיב"" תוריפ   תואלוממ תוירכוס‬",2025,49,1.5
302426,"‭(8)ג""ק1 ""םוב םיב"" תוריפ   תואלוממ תוירכוס‬",2025,50,2.5
302426,"‭(8)ג""ק1 ""םוב םיב"" תוריפ   תואלוממ תוירכוס‬",2026,2,1
302426,"‭(8)ג""ק1 ""םוב םיב"" תוריפ   תואלוממ תוירכוס‬",2026,6,2
302426,"‭(8)ג""ק1 ""םוב םיב"" תוריפ   תואלוממ תוירכוס‬",2026,8,1
302426,"‭(8)ג""ק1 ""םוב םיב"" תוריפ   תואלוממ תוירכוס‬",2026,12,1
302426,"‭(8)ג""ק1 ""םוב םיב"" תוריפ   תואלוממ תוירכוס‬",2026,15,1
302426,"‭(8)ג""ק1 ""םוב םיב"" תוריפ   תואלוממ תוירכוס‬",2026,16,0.5
302426,"‭(8)ג""ק1 ""םוב םיב"" תוריפ   תואלוממ תוירכוס‬",2026,18,1
302426,"‭(8)ג""ק1 ""םוב םיב"" תוריפ   תואלוממ תוירכוס‬",2026,20,2
302426,"‭(8)ג""ק1 ""םוב םיב"" תוריפ   תואלוממ תוירכוס‬",2026,23,1
302426,"‭(8)ג""ק1 ""םוב םיב"" תוריפ   תואלוממ תוירכוס‬",2026,27,1
302426,"‭(8)ג""ק1 ""םוב םיב"" תוריפ   תואלוממ תוירכוס‬",2026,28,2
302426,"‭(8)ג""ק1 ""םוב םיב"" תוריפ   תואלוממ תוירכוס‬",2026,29,2.13
302426,"‭(8)ג""ק1 ""םוב םיב"" תוריפ   תואלוממ תוירכוס‬",2026,31,0.5
302427,"‭(7)ג""ק1 ""קייל הפק"" הפק בלח   תואלוממ תוירכוס  ‬",2025,35,0.14
302427,"‭(7)ג""ק1 ""קייל הפק"" הפק בלח   תואלוממ תוירכוס  ‬",2025,36,3.29
302427,"‭(7)ג""ק1 ""קייל הפק"" הפק בלח   תואלוממ תוירכוס  ‬",2025,37,1.29
302427,"‭(7)ג""ק1 ""קייל הפק"" הפק בלח   תואלוממ תוירכוס  ‬",2025,38,3.14
302427,"‭(7)ג""ק1 ""קייל הפק"" הפק בלח   תואלוממ תוירכוס  ‬",2025,41,1
302427,"‭(7)ג""ק1 ""קייל הפק"" הפק בלח   תואלוממ תוירכוס  ‬",2025,42,0.57
302427,"‭(7)ג""ק1 ""קייל הפק"" הפק בלח   תואלוממ תוירכוס  ‬",2025,43,1
302427,"‭(7)ג""ק1 ""קייל הפק"" הפק בלח   תואלוממ תוירכוס  ‬",2025,45,1
302427,"‭(7)ג""ק1 ""קייל הפק"" הפק בלח   תואלוממ תוירכוס  ‬",2025,46,1
302427,"‭(7)ג""ק1 ""קייל הפק"" הפק בלח   תואלוממ תוירכוס  ‬",2025,49,0.14
302427,"‭(7)ג""ק1 ""קייל הפק"" הפק בלח   תואלוממ תוירכוס  ‬",2025,50,6
302427,"‭(7)ג""ק1 ""קייל הפק"" הפק בלח   תואלוממ תוירכוס  ‬",2025,51,1
302427,"‭(7)ג""ק1 ""קייל הפק"" הפק בלח   תואלוממ תוירכוס  ‬",2026,2,1.43
302427,"‭(7)ג""ק1 ""קייל הפק"" הפק בלח   תואלוממ תוירכוס  ‬",2026,3,1
302427,"‭(7)ג""ק1 ""קייל הפק"" הפק בלח   תואלוממ תוירכוס  ‬",2026,4,4.57
302427,"‭(7)ג""ק1 ""קייל הפק"" הפק בלח   תואלוממ תוירכוס  ‬",2026,6,2.14
302427,"‭(7)ג""ק1 ""קייל הפק"" הפק בלח   תואלוממ תוירכוס  ‬",2026,8,1
302427,"‭(7)ג""ק1 ""קייל הפק"" הפק בלח   תואלוממ תוירכוס  ‬",2026,11,2
302427,"‭(7)ג""ק1 ""קייל הפק"" הפק בלח   תואלוממ תוירכוס  ‬",2026,12,1
302427,"‭(7)ג""ק1 ""קייל הפק"" הפק בלח   תואלוממ תוירכוס  ‬",2026,13,0.29
302427,"‭(7)ג""ק1 ""קייל הפק"" הפק בלח   תואלוממ תוירכוס  ‬",2026,15,1
302427,"‭(7)ג""ק1 ""קייל הפק"" הפק בלח   תואלוממ תוירכוס  ‬",2026,16,0.29
302427,"‭(7)ג""ק1 ""קייל הפק"" הפק בלח   תואלוממ תוירכוס  ‬",2026,18,1
302427,"‭(7)ג""ק1 ""קייל הפק"" הפק בלח   תואלוממ תוירכוס  ‬",2026,20,3.43
302427,"‭(7)ג""ק1 ""קייל הפק"" הפק בלח   תואלוממ תוירכוס  ‬",2026,22,0.57
302427,"‭(7)ג""ק1 ""קייל הפק"" הפק בלח   תואלוממ תוירכוס  ‬",2026,23,0.29
302427,"‭(7)ג""ק1 ""קייל הפק"" הפק בלח   תואלוממ תוירכוס  ‬",2026,25,1.29
302427,"‭(7)ג""ק1 ""קייל הפק"" הפק בלח   תואלוממ תוירכוס  ‬",2026,26,1
302427,"‭(7)ג""ק1 ""קייל הפק"" הפק בלח   תואלוממ תוירכוס  ‬",2026,27,1
302427,"‭(7)ג""ק1 ""קייל הפק"" הפק בלח   תואלוממ תוירכוס  ‬",2026,29,1
302427,"‭(7)ג""ק1 ""קייל הפק"" הפק בלח   תואלוממ תוירכוס  ‬",2026,31,0.43
302427,"‭(7)ג""ק1 ""קייל הפק"" הפק בלח   תואלוממ תוירכוס  ‬",2026,32,0.43
302428,"‭(5)ג""ק1 (MILKY SPLASH) בלח סוכ יפוט תוירכוס  ‬",2025,34,1
302428,"‭(5)ג""ק1 (MILKY SPLASH) בלח סוכ יפוט תוירכוס  ‬",2025,36,7
302428,"‭(5)ג""ק1 (MILKY SPLASH) בלח סוכ יפוט תוירכוס  ‬",2025,37,1.4
302428,"‭(5)ג""ק1 (MILKY SPLASH) בלח סוכ יפוט תוירכוס  ‬",2025,39,1
302428,"‭(5)ג""ק1 (MILKY SPLASH) בלח סוכ יפוט תוירכוס  ‬",2025,42,1.8
302428,"‭(5)ג""ק1 (MILKY SPLASH) בלח סוכ יפוט תוירכוס  ‬",2025,45,1.4
302428,"‭(5)ג""ק1 (MILKY SPLASH) בלח סוכ יפוט תוירכוס  ‬",2025,46,1
302428,"‭(5)ג""ק1 (MILKY SPLASH) בלח סוכ יפוט תוירכוס  ‬",2025,48,1
302428,"‭(5)ג""ק1 (MILKY SPLASH) בלח סוכ יפוט תוירכוס  ‬",2025,49,2
302428,"‭(5)ג""ק1 (MILKY SPLASH) בלח סוכ יפוט תוירכוס  ‬",2025,50,4
302428,"‭(5)ג""ק1 (MILKY SPLASH) בלח סוכ יפוט תוירכוס  ‬",2025,51,1
302428,"‭(5)ג""ק1 (MILKY SPLASH) בלח סוכ יפוט תוירכוס  ‬",2025,53,1
302428,"‭(5)ג""ק1 (MILKY SPLASH) בלח סוכ יפוט תוירכוס  ‬",2026,2,1.4
302428,"‭(5)ג""ק1 (MILKY SPLASH) בלח סוכ יפוט תוירכוס  ‬",2026,3,1
302428,"‭(5)ג""ק1 (MILKY SPLASH) בלח סוכ יפוט תוירכוס  ‬",2026,4,3.2
302428,"‭(5)ג""ק1 (MILKY SPLASH) בלח סוכ יפוט תוירכוס  ‬",2026,7,1.2
302428,"‭(5)ג""ק1 (MILKY SPLASH) בלח סוכ יפוט תוירכוס  ‬",2026,11,1
302428,"‭(5)ג""ק1 (MILKY SPLASH) בלח סוכ יפוט תוירכוס  ‬",2026,13,1
302428,"‭(5)ג""ק1 (MILKY SPLASH) בלח סוכ יפוט תוירכוס  ‬",2026,16,0.6
302428,"‭(5)ג""ק1 (MILKY SPLASH) בלח סוכ יפוט תוירכוס  ‬",2026,17,1
302428,"‭(5)ג""ק1 (MILKY SPLASH) בלח סוכ יפוט תוירכוס  ‬",2026,20,2.4
302428,"‭(5)ג""ק1 (MILKY SPLASH) בלח סוכ יפוט תוירכוס  ‬",2026,22,2.8
302428,"‭(5)ג""ק1 (MILKY SPLASH) בלח סוכ יפוט תוירכוס  ‬",2026,23,0.4
302428,"‭(5)ג""ק1 (MILKY SPLASH) בלח סוכ יפוט תוירכוס  ‬",2026,28,1
302428,"‭(5)ג""ק1 (MILKY SPLASH) בלח סוכ יפוט תוירכוס  ‬",2026,29,1
302428,"‭(5)ג""ק1 (MILKY SPLASH) בלח סוכ יפוט תוירכוס  ‬",2026,32,0.6
302429,"‭(8)ג""ק1 ""סירברב""   תוירכוס  ‬",2025,35,2
302429,"‭(8)ג""ק1 ""סירברב""   תוירכוס  ‬",2025,36,2
302429,"‭(8)ג""ק1 ""סירברב""   תוירכוס  ‬",2025,38,0.75
302429,"‭(8)ג""ק1 ""סירברב""   תוירכוס  ‬",2025,40,1
302429,"‭(8)ג""ק1 ""סירברב""   תוירכוס  ‬",2025,42,1
302429,"‭(8)ג""ק1 ""סירברב""   תוירכוס  ‬",2025,44,1
302429,"‭(8)ג""ק1 ""סירברב""   תוירכוס  ‬",2025,45,1
302429,"‭(8)ג""ק1 ""סירברב""   תוירכוס  ‬",2025,47,1
302429,"‭(8)ג""ק1 ""סירברב""   תוירכוס  ‬",2025,50,3.5
302429,"‭(8)ג""ק1 ""סירברב""   תוירכוס  ‬",2025,51,1
302429,"‭(8)ג""ק1 ""סירברב""   תוירכוס  ‬",2025,52,1
302429,"‭(8)ג""ק1 ""סירברב""   תוירכוס  ‬",2026,4,0.13
302429,"‭(8)ג""ק1 ""סירברב""   תוירכוס  ‬",2026,5,1
302429,"‭(8)ג""ק1 ""סירברב""   תוירכוס  ‬",2026,9,1.38
302429,"‭(8)ג""ק1 ""סירברב""   תוירכוס  ‬",2026,11,0.13
302429,"‭(8)ג""ק1 ""סירברב""   תוירכוס  ‬",2026,12,1
302429,"‭(8)ג""ק1 ""סירברב""   תוירכוס  ‬",2026,15,1
302429,"‭(8)ג""ק1 ""סירברב""   תוירכוס  ‬",2026,16,1.5
302429,"‭(8)ג""ק1 ""סירברב""   תוירכוס  ‬",2026,18,1
302429,"‭(8)ג""ק1 ""סירברב""   תוירכוס  ‬",2026,19,1
302429,"‭(8)ג""ק1 ""סירברב""   תוירכוס  ‬",2026,20,1
302429,"‭(8)ג""ק1 ""סירברב""   תוירכוס  ‬",2026,23,1
302429,"‭(8)ג""ק1 ""סירברב""   תוירכוס  ‬",2026,25,1
302429,"‭(8)ג""ק1 ""סירברב""   תוירכוס  ‬",2026,26,2
302429,"‭(8)ג""ק1 ""סירברב""   תוירכוס  ‬",2026,28,2
302429,"‭(8)ג""ק1 ""סירברב""   תוירכוס  ‬",2026,29,0.25
302429,"‭(8)ג""ק1 ""סירברב""   תוירכוס  ‬",2026,30,1
302429,"‭(8)ג""ק1 ""סירברב""   תוירכוס  ‬",2026,31,0.25
302429,"‭(8)ג""ק1 ""סירברב""   תוירכוס  ‬",2026,32,2.25
302430,"‭(8)גק1 KROCK סרית יצופצפ,םינטוב,למרק ואקק יקתממ‬",2025,35,0.13
302430,"‭(8)גק1 KROCK סרית יצופצפ,םינטוב,למרק ואקק יקתממ‬",2025,36,2.5
302430,"‭(8)גק1 KROCK סרית יצופצפ,םינטוב,למרק ואקק יקתממ‬",2025,42,1.5
302430,"‭(8)גק1 KROCK סרית יצופצפ,םינטוב,למרק ואקק יקתממ‬",2025,43,1
302430,"‭(8)גק1 KROCK סרית יצופצפ,םינטוב,למרק ואקק יקתממ‬",2025,45,1
302430,"‭(8)גק1 KROCK סרית יצופצפ,םינטוב,למרק ואקק יקתממ‬",2025,49,1
302430,"‭(8)גק1 KROCK סרית יצופצפ,םינטוב,למרק ואקק יקתממ‬",2025,50,1
302430,"‭(8)גק1 KROCK סרית יצופצפ,םינטוב,למרק ואקק יקתממ‬",2026,2,0.25
302430,"‭(8)גק1 KROCK סרית יצופצפ,םינטוב,למרק ואקק יקתממ‬",2026,3,1
302430,"‭(8)גק1 KROCK סרית יצופצפ,םינטוב,למרק ואקק יקתממ‬",2026,4,1.13
302430,"‭(8)גק1 KROCK סרית יצופצפ,םינטוב,למרק ואקק יקתממ‬",2026,9,1
302430,"‭(8)גק1 KROCK סרית יצופצפ,םינטוב,למרק ואקק יקתממ‬",2026,12,1.13
302430,"‭(8)גק1 KROCK סרית יצופצפ,םינטוב,למרק ואקק יקתממ‬",2026,16,1.13
302430,"‭(8)גק1 KROCK סרית יצופצפ,םינטוב,למרק ואקק יקתממ‬",2026,17,1
302430,"‭(8)גק1 KROCK סרית יצופצפ,םינטוב,למרק ואקק יקתממ‬",2026,20,1.25
302430,"‭(8)גק1 KROCK סרית יצופצפ,םינטוב,למרק ואקק יקתממ‬",2026,22,1
302430,"‭(8)גק1 KROCK סרית יצופצפ,םינטוב,למרק ואקק יקתממ‬",2026,23,1.25
302430,"‭(8)גק1 KROCK סרית יצופצפ,םינטוב,למרק ואקק יקתממ‬",2026,27,1
302430,"‭(8)גק1 KROCK סרית יצופצפ,םינטוב,למרק ואקק יקתממ‬",2026,32,0.38
302431,"‭(8)ג""ק1 ""סשוד"" סגא   תוירכוס  ‬",2025,33,1
302431,"‭(8)ג""ק1 ""סשוד"" סגא   תוירכוס  ‬",2025,36,1
302431,"‭(8)ג""ק1 ""סשוד"" סגא   תוירכוס  ‬",2025,38,0.63
302431,"‭(8)ג""ק1 ""סשוד"" סגא   תוירכוס  ‬",2025,40,1
302431,"‭(8)ג""ק1 ""סשוד"" סגא   תוירכוס  ‬",2025,41,1
302431,"‭(8)ג""ק1 ""סשוד"" סגא   תוירכוס  ‬",2025,44,1.75
302431,"‭(8)ג""ק1 ""סשוד"" סגא   תוירכוס  ‬",2025,45,1
302431,"‭(8)ג""ק1 ""סשוד"" סגא   תוירכוס  ‬",2025,47,1
302431,"‭(8)ג""ק1 ""סשוד"" סגא   תוירכוס  ‬",2025,50,2
302431,"‭(8)ג""ק1 ""סשוד"" סגא   תוירכוס  ‬",2026,2,1
302431,"‭(8)ג""ק1 ""סשוד"" סגא   תוירכוס  ‬",2026,3,1
302431,"‭(8)ג""ק1 ""סשוד"" סגא   תוירכוס  ‬",2026,4,0.13
302431,"‭(8)ג""ק1 ""סשוד"" סגא   תוירכוס  ‬",2026,5,1
302431,"‭(8)ג""ק1 ""סשוד"" סגא   תוירכוס  ‬",2026,7,1
302431,"‭(8)ג""ק1 ""סשוד"" סגא   תוירכוס  ‬",2026,9,0.38
302431,"‭(8)ג""ק1 ""סשוד"" סגא   תוירכוס  ‬",2026,11,1.13
302431,"‭(8)ג""ק1 ""סשוד"" סגא   תוירכוס  ‬",2026,15,1
302431,"‭(8)ג""ק1 ""סשוד"" סגא   תוירכוס  ‬",2026,16,0.13
302431,"‭(8)ג""ק1 ""סשוד"" סגא   תוירכוס  ‬",2026,19,1.25
302431,"‭(8)ג""ק1 ""סשוד"" סגא   תוירכוס  ‬",2026,20,1
302431,"‭(8)ג""ק1 ""סשוד"" סגא   תוירכוס  ‬",2026,25,1
302431,"‭(8)ג""ק1 ""סשוד"" סגא   תוירכוס  ‬",2026,26,1
302431,"‭(8)ג""ק1 ""סשוד"" סגא   תוירכוס  ‬",2026,29,2.25
302432,"‭(5)ג""ק2 ""וטנרוס"" דלוקוש     יקתממ‬",2025,46,1
302432,"‭(5)ג""ק2 ""וטנרוס"" דלוקוש     יקתממ‬",2025,49,0.2
302433,"‭(7)ג""ק1 ""סימאי"" תוריפ     יפוט תוירכוס‬",2025,36,1
302433,"‭(7)ג""ק1 ""סימאי"" תוריפ     יפוט תוירכוס‬",2025,42,2
302433,"‭(7)ג""ק1 ""סימאי"" תוריפ     יפוט תוירכוס‬",2025,46,3
302433,"‭(7)ג""ק1 ""סימאי"" תוריפ     יפוט תוירכוס‬",2025,52,1
302434,"‭(6)ג""ק0.9 יתוריפ ץומח   תואלוממ PEPPINEZZZ תוירכוס  ‬",2026,23,3
302434,"‭(6)ג""ק0.9 יתוריפ ץומח   תואלוממ PEPPINEZZZ תוירכוס  ‬",2026,24,0.5
302434,"‭(6)ג""ק0.9 יתוריפ ץומח   תואלוממ PEPPINEZZZ תוירכוס  ‬",2026,25,2.5
302434,"‭(6)ג""ק0.9 יתוריפ ץומח   תואלוממ PEPPINEZZZ תוירכוס  ‬",2026,26,2
302434,"‭(6)ג""ק0.9 יתוריפ ץומח   תואלוממ PEPPINEZZZ תוירכוס  ‬",2026,30,1
302434,"‭(6)ג""ק0.9 יתוריפ ץומח   תואלוממ PEPPINEZZZ תוירכוס  ‬",2026,31,0.5
302434,"‭(6)ג""ק0.9 יתוריפ ץומח   תואלוממ PEPPINEZZZ תוירכוס  ‬",2026,32,0.33
302435,"‭(4)ג""ק1  ואקק םע יופיצב MILAXY הלפוס יקתממ  ‬",2026,24,5.25
302435,"‭(4)ג""ק1  ואקק םע יופיצב MILAXY הלפוס יקתממ  ‬",2026,25,3.25
302435,"‭(4)ג""ק1  ואקק םע יופיצב MILAXY הלפוס יקתממ  ‬",2026,26,4.5
302435,"‭(4)ג""ק1  ואקק םע יופיצב MILAXY הלפוס יקתממ  ‬",2026,27,1
302435,"‭(4)ג""ק1  ואקק םע יופיצב MILAXY הלפוס יקתממ  ‬",2026,29,1
302435,"‭(4)ג""ק1  ואקק םע יופיצב MILAXY הלפוס יקתממ  ‬",2026,30,1
302435,"‭(4)ג""ק1  ואקק םע יופיצב MILAXY הלפוס יקתממ  ‬",2026,31,0.5
302435,"‭(4)ג""ק1  ואקק םע יופיצב MILAXY הלפוס יקתממ  ‬",2026,32,0.75
302436,"‭(5)ג""ק1 דלוקושב םיפוצמ תוריפ   BOO! BEAR יל'ג יקתממ  ‬",2026,24,2.8
302436,"‭(5)ג""ק1 דלוקושב םיפוצמ תוריפ   BOO! BEAR יל'ג יקתממ  ‬",2026,25,0.2
302436,"‭(5)ג""ק1 דלוקושב םיפוצמ תוריפ   BOO! BEAR יל'ג יקתממ  ‬",2026,26,1
302436,"‭(5)ג""ק1 דלוקושב םיפוצמ תוריפ   BOO! BEAR יל'ג יקתממ  ‬",2026,27,1
302436,"‭(5)ג""ק1 דלוקושב םיפוצמ תוריפ   BOO! BEAR יל'ג יקתממ  ‬",2026,29,0.2
302436,"‭(5)ג""ק1 דלוקושב םיפוצמ תוריפ   BOO! BEAR יל'ג יקתממ  ‬",2026,31,0.6
303006,"‭(7)'ג352 בייק יינר'צו ""GOLD""   הריינובנוב‬",2025,34,1
303006,"‭(7)'ג352 בייק יינר'צו ""GOLD""   הריינובנוב‬",2025,51,2
303006,"‭(7)'ג352 בייק יינר'צו ""GOLD""   הריינובנוב‬",2025,53,1
303006,"‭(7)'ג352 בייק יינר'צו ""GOLD""   הריינובנוב‬",2026,5,2
303006,"‭(7)'ג352 בייק יינר'צו ""GOLD""   הריינובנוב‬",2026,14,1
303006,"‭(7)'ג352 בייק יינר'צו ""GOLD""   הריינובנוב‬",2026,16,1
303006,"‭(7)'ג352 בייק יינר'צו ""GOLD""   הריינובנוב‬",2026,20,1
303006,"‭(7)'ג352 בייק יינר'צו ""GOLD""   הריינובנוב‬",2026,31,1
303007,"‭(4)'ג176 בייק יינר'צו ""GOLD""   הריינובנוב‬",2025,34,1.75
303007,"‭(4)'ג176 בייק יינר'צו ""GOLD""   הריינובנוב‬",2025,49,3.5
303007,"‭(4)'ג176 בייק יינר'צו ""GOLD""   הריינובנוב‬",2025,51,3.5
303007,"‭(4)'ג176 בייק יינר'צו ""GOLD""   הריינובנוב‬",2025,53,1.75
303007,"‭(4)'ג176 בייק יינר'צו ""GOLD""   הריינובנוב‬",2026,5,3.5
303007,"‭(4)'ג176 בייק יינר'צו ""GOLD""   הריינובנוב‬",2026,6,1.75
303007,"‭(4)'ג176 בייק יינר'צו ""GOLD""   הריינובנוב‬",2026,10,3.5
303007,"‭(4)'ג176 בייק יינר'צו ""GOLD""   הריינובנוב‬",2026,16,3.5
303007,"‭(4)'ג176 בייק יינר'צו ""GOLD""   הריינובנוב‬",2026,28,3.5
303007,"‭(4)'ג176 בייק יינר'צו ""GOLD""   הריינובנוב‬",2026,31,1.75
303009,"‭(8)'ג145 טנגילא יטרוסא   הריינובנוב‬",2025,34,1
303009,"‭(8)'ג145 טנגילא יטרוסא   הריינובנוב‬",2025,38,1
303009,"‭(8)'ג145 טנגילא יטרוסא   הריינובנוב‬",2025,45,1
303009,"‭(8)'ג145 טנגילא יטרוסא   הריינובנוב‬",2025,49,1
303009,"‭(8)'ג145 טנגילא יטרוסא   הריינובנוב‬",2025,52,1
303009,"‭(8)'ג145 טנגילא יטרוסא   הריינובנוב‬",2025,53,1
303009,"‭(8)'ג145 טנגילא יטרוסא   הריינובנוב‬",2026,2,1
303009,"‭(8)'ג145 טנגילא יטרוסא   הריינובנוב‬",2026,11,1
303009,"‭(8)'ג145 טנגילא יטרוסא   הריינובנוב‬",2026,16,1
303009,"‭(8)'ג145 טנגילא יטרוסא   הריינובנוב‬",2026,17,1
303009,"‭(8)'ג145 טנגילא יטרוסא   הריינובנוב‬",2026,19,1
303009,"‭(8)'ג145 טנגילא יטרוסא   הריינובנוב‬",2026,25,1
303010,"‭(8)'ג154 קיסאלק יטרוסא   הריינובנוב‬",2025,38,2
303010,"‭(8)'ג154 קיסאלק יטרוסא   הריינובנוב‬",2025,44,1
303010,"‭(8)'ג154 קיסאלק יטרוסא   הריינובנוב‬",2025,45,2
303010,"‭(8)'ג154 קיסאלק יטרוסא   הריינובנוב‬",2025,52,1
303010,"‭(8)'ג154 קיסאלק יטרוסא   הריינובנוב‬",2025,53,1
303010,"‭(8)'ג154 קיסאלק יטרוסא   הריינובנוב‬",2026,5,2
303010,"‭(8)'ג154 קיסאלק יטרוסא   הריינובנוב‬",2026,6,1
303010,"‭(8)'ג154 קיסאלק יטרוסא   הריינובנוב‬",2026,9,1
303010,"‭(8)'ג154 קיסאלק יטרוסא   הריינובנוב‬",2026,10,1
303010,"‭(8)'ג154 קיסאלק יטרוסא   הריינובנוב‬",2026,16,2
303010,"‭(8)'ג154 קיסאלק יטרוסא   הריינובנוב‬",2026,22,1
303010,"‭(8)'ג154 קיסאלק יטרוסא   הריינובנוב‬",2026,31,1
303010,"‭(8)'ג154 קיסאלק יטרוסא   הריינובנוב‬",2026,32,1
303012,"‭(8)'ג256 ""הירטאלוקוש"" יטרוסא   הריינובנוב‬",2026,26,1
303012,"‭(8)'ג256 ""הירטאלוקוש"" יטרוסא   הריינובנוב‬",2026,29,0.88
303017,"‭(8)'ג145 ""COMPLIMENT""   הריינובנוב‬",2025,38,1
303017,"‭(8)'ג145 ""COMPLIMENT""   הריינובנוב‬",2025,40,1
303017,"‭(8)'ג145 ""COMPLIMENT""   הריינובנוב‬",2025,41,1
303017,"‭(8)'ג145 ""COMPLIMENT""   הריינובנוב‬",2025,42,1
303017,"‭(8)'ג145 ""COMPLIMENT""   הריינובנוב‬",2025,43,1
303017,"‭(8)'ג145 ""COMPLIMENT""   הריינובנוב‬",2025,44,1
303017,"‭(8)'ג145 ""COMPLIMENT""   הריינובנוב‬",2025,46,1
303017,"‭(8)'ג145 ""COMPLIMENT""   הריינובנוב‬",2025,47,2
303017,"‭(8)'ג145 ""COMPLIMENT""   הריינובנוב‬",2025,48,1
303017,"‭(8)'ג145 ""COMPLIMENT""   הריינובנוב‬",2025,49,1
303017,"‭(8)'ג145 ""COMPLIMENT""   הריינובנוב‬",2025,51,1
303017,"‭(8)'ג145 ""COMPLIMENT""   הריינובנוב‬",2025,52,1
303017,"‭(8)'ג145 ""COMPLIMENT""   הריינובנוב‬",2026,2,1
303017,"‭(8)'ג145 ""COMPLIMENT""   הריינובנוב‬",2026,7,1.13
303017,"‭(8)'ג145 ""COMPLIMENT""   הריינובנוב‬",2026,11,1
303017,"‭(8)'ג145 ""COMPLIMENT""   הריינובנוב‬",2026,16,1
303017,"‭(8)'ג145 ""COMPLIMENT""   הריינובנוב‬",2026,18,3
303017,"‭(8)'ג145 ""COMPLIMENT""   הריינובנוב‬",2026,22,1
303017,"‭(8)'ג145 ""COMPLIMENT""   הריינובנוב‬",2026,27,1
303017,"‭(8)'ג145 ""COMPLIMENT""   הריינובנוב‬",2026,29,1
303018,"‭(10)'ג150 יקסיו סרטוש   הריינובנוב‬",2025,34,1
303018,"‭(10)'ג150 יקסיו סרטוש   הריינובנוב‬",2025,35,5
303018,"‭(10)'ג150 יקסיו סרטוש   הריינובנוב‬",2025,36,2
303018,"‭(10)'ג150 יקסיו סרטוש   הריינובנוב‬",2025,37,0.5
303018,"‭(10)'ג150 יקסיו סרטוש   הריינובנוב‬",2025,38,4
303018,"‭(10)'ג150 יקסיו סרטוש   הריינובנוב‬",2025,42,1
303018,"‭(10)'ג150 יקסיו סרטוש   הריינובנוב‬",2025,43,1
303018,"‭(10)'ג150 יקסיו סרטוש   הריינובנוב‬",2025,44,3
303018,"‭(10)'ג150 יקסיו סרטוש   הריינובנוב‬",2025,45,1
303018,"‭(10)'ג150 יקסיו סרטוש   הריינובנוב‬",2025,46,3
303018,"‭(10)'ג150 יקסיו סרטוש   הריינובנוב‬",2025,47,2
303018,"‭(10)'ג150 יקסיו סרטוש   הריינובנוב‬",2025,48,1
303018,"‭(10)'ג150 יקסיו סרטוש   הריינובנוב‬",2025,49,1
303018,"‭(10)'ג150 יקסיו סרטוש   הריינובנוב‬",2025,52,1.9
303018,"‭(10)'ג150 יקסיו סרטוש   הריינובנוב‬",2026,4,1
303018,"‭(10)'ג150 יקסיו סרטוש   הריינובנוב‬",2026,5,1
303018,"‭(10)'ג150 יקסיו סרטוש   הריינובנוב‬",2026,7,1
303018,"‭(10)'ג150 יקסיו סרטוש   הריינובנוב‬",2026,9,2
303018,"‭(10)'ג150 יקסיו סרטוש   הריינובנוב‬",2026,16,2
303018,"‭(10)'ג150 יקסיו סרטוש   הריינובנוב‬",2026,18,4
303018,"‭(10)'ג150 יקסיו סרטוש   הריינובנוב‬",2026,20,2
303018,"‭(10)'ג150 יקסיו סרטוש   הריינובנוב‬",2026,22,1
303018,"‭(10)'ג150 יקסיו סרטוש   הריינובנוב‬",2026,25,1
303018,"‭(10)'ג150 יקסיו סרטוש   הריינובנוב‬",2026,27,2
303018,"‭(10)'ג150 יקסיו סרטוש   הריינובנוב‬",2026,29,2
303018,"‭(10)'ג150 יקסיו סרטוש   הריינובנוב‬",2026,32,2
303019,"‭(10)'ג150 רקיל ידנרב סרטוש   הריינובנוב‬",2025,34,2
303019,"‭(10)'ג150 רקיל ידנרב סרטוש   הריינובנוב‬",2025,40,1
303019,"‭(10)'ג150 רקיל ידנרב סרטוש   הריינובנוב‬",2025,42,1
303019,"‭(10)'ג150 רקיל ידנרב סרטוש   הריינובנוב‬",2025,44,1
303019,"‭(10)'ג150 רקיל ידנרב סרטוש   הריינובנוב‬",2025,45,1
303019,"‭(10)'ג150 רקיל ידנרב סרטוש   הריינובנוב‬",2025,46,2
303019,"‭(10)'ג150 רקיל ידנרב סרטוש   הריינובנוב‬",2025,51,1
303019,"‭(10)'ג150 רקיל ידנרב סרטוש   הריינובנוב‬",2026,2,1
303019,"‭(10)'ג150 רקיל ידנרב סרטוש   הריינובנוב‬",2026,4,1
303019,"‭(10)'ג150 רקיל ידנרב סרטוש   הריינובנוב‬",2026,7,1
303019,"‭(10)'ג150 רקיל ידנרב סרטוש   הריינובנוב‬",2026,11,1
303019,"‭(10)'ג150 רקיל ידנרב סרטוש   הריינובנוב‬",2026,14,1
303019,"‭(10)'ג150 רקיל ידנרב סרטוש   הריינובנוב‬",2026,16,1
303019,"‭(10)'ג150 רקיל ידנרב סרטוש   הריינובנוב‬",2026,20,1
303019,"‭(10)'ג150 רקיל ידנרב סרטוש   הריינובנוב‬",2026,24,1
303019,"‭(10)'ג150 רקיל ידנרב סרטוש   הריינובנוב‬",2026,25,1
303019,"‭(10)'ג150 רקיל ידנרב סרטוש   הריינובנוב‬",2026,26,1
303019,"‭(10)'ג150 רקיל ידנרב סרטוש   הריינובנוב‬",2026,29,3
303020,"‭(10)'ג150 רקיל םור סרטוש   הריינובנוב‬",2025,34,2
303020,"‭(10)'ג150 רקיל םור סרטוש   הריינובנוב‬",2025,35,5
303020,"‭(10)'ג150 רקיל םור סרטוש   הריינובנוב‬",2025,43,1
303020,"‭(10)'ג150 רקיל םור סרטוש   הריינובנוב‬",2025,44,2
303020,"‭(10)'ג150 רקיל םור סרטוש   הריינובנוב‬",2025,45,1
303020,"‭(10)'ג150 רקיל םור סרטוש   הריינובנוב‬",2025,46,2
303020,"‭(10)'ג150 רקיל םור סרטוש   הריינובנוב‬",2025,47,1
303020,"‭(10)'ג150 רקיל םור סרטוש   הריינובנוב‬",2025,49,2
303020,"‭(10)'ג150 רקיל םור סרטוש   הריינובנוב‬",2026,2,1
303020,"‭(10)'ג150 רקיל םור סרטוש   הריינובנוב‬",2026,4,1
303020,"‭(10)'ג150 רקיל םור סרטוש   הריינובנוב‬",2026,7,1.9
303020,"‭(10)'ג150 רקיל םור סרטוש   הריינובנוב‬",2026,9,1
303020,"‭(10)'ג150 רקיל םור סרטוש   הריינובנוב‬",2026,14,1
303020,"‭(10)'ג150 רקיל םור סרטוש   הריינובנוב‬",2026,15,1
303020,"‭(10)'ג150 רקיל םור סרטוש   הריינובנוב‬",2026,16,1
303020,"‭(10)'ג150 רקיל םור סרטוש   הריינובנוב‬",2026,20,1
303020,"‭(10)'ג150 רקיל םור סרטוש   הריינובנוב‬",2026,24,1
303020,"‭(10)'ג150 רקיל םור סרטוש   הריינובנוב‬",2026,25,1
303020,"‭(10)'ג150 רקיל םור סרטוש   הריינובנוב‬",2026,26,2
303020,"‭(10)'ג150 רקיל םור סרטוש   הריינובנוב‬",2026,27,2
303020,"‭(10)'ג150 רקיל םור סרטוש   הריינובנוב‬",2026,29,1
303020,"‭(10)'ג150 רקיל םור סרטוש   הריינובנוב‬",2026,32,1
303021,"‭(14)'ג155 ירש רקיל+ןבדבוד   הריינובנוב‬",2025,34,1.43
303021,"‭(14)'ג155 ירש רקיל+ןבדבוד   הריינובנוב‬",2025,35,2.14
303021,"‭(14)'ג155 ירש רקיל+ןבדבוד   הריינובנוב‬",2025,36,0.71
303021,"‭(14)'ג155 ירש רקיל+ןבדבוד   הריינובנוב‬",2025,37,0.36
303021,"‭(14)'ג155 ירש רקיל+ןבדבוד   הריינובנוב‬",2025,38,6.43
303021,"‭(14)'ג155 ירש רקיל+ןבדבוד   הריינובנוב‬",2025,39,1.07
303021,"‭(14)'ג155 ירש רקיל+ןבדבוד   הריינובנוב‬",2025,40,1.43
303021,"‭(14)'ג155 ירש רקיל+ןבדבוד   הריינובנוב‬",2025,41,0.71
303021,"‭(14)'ג155 ירש רקיל+ןבדבוד   הריינובנוב‬",2025,42,2.14
303021,"‭(14)'ג155 ירש רקיל+ןבדבוד   הריינובנוב‬",2025,43,2.14
303021,"‭(14)'ג155 ירש רקיל+ןבדבוד   הריינובנוב‬",2025,44,3.57
303021,"‭(14)'ג155 ירש רקיל+ןבדבוד   הריינובנוב‬",2025,45,1.43
303021,"‭(14)'ג155 ירש רקיל+ןבדבוד   הריינובנוב‬",2025,46,2.14
303021,"‭(14)'ג155 ירש רקיל+ןבדבוד   הריינובנוב‬",2025,47,2.86
303021,"‭(14)'ג155 ירש רקיל+ןבדבוד   הריינובנוב‬",2025,48,2.14
303021,"‭(14)'ג155 ירש רקיל+ןבדבוד   הריינובנוב‬",2025,49,1.43
303021,"‭(14)'ג155 ירש רקיל+ןבדבוד   הריינובנוב‬",2025,51,2.86
303021,"‭(14)'ג155 ירש רקיל+ןבדבוד   הריינובנוב‬",2025,52,0.64
303021,"‭(14)'ג155 ירש רקיל+ןבדבוד   הריינובנוב‬",2025,53,0.71
303021,"‭(14)'ג155 ירש רקיל+ןבדבוד   הריינובנוב‬",2026,2,0.71
303021,"‭(14)'ג155 ירש רקיל+ןבדבוד   הריינובנוב‬",2026,3,0.71
303021,"‭(14)'ג155 ירש רקיל+ןבדבוד   הריינובנוב‬",2026,4,2.14
303021,"‭(14)'ג155 ירש רקיל+ןבדבוד   הריינובנוב‬",2026,5,1.43
303021,"‭(14)'ג155 ירש רקיל+ןבדבוד   הריינובנוב‬",2026,7,2.14
303021,"‭(14)'ג155 ירש רקיל+ןבדבוד   הריינובנוב‬",2026,10,0.71
303021,"‭(14)'ג155 ירש רקיל+ןבדבוד   הריינובנוב‬",2026,11,0.71
303021,"‭(14)'ג155 ירש רקיל+ןבדבוד   הריינובנוב‬",2026,12,0.71
303021,"‭(14)'ג155 ירש רקיל+ןבדבוד   הריינובנוב‬",2026,13,1.43
303021,"‭(14)'ג155 ירש רקיל+ןבדבוד   הריינובנוב‬",2026,14,0.71
303021,"‭(14)'ג155 ירש רקיל+ןבדבוד   הריינובנוב‬",2026,15,0.71
303021,"‭(14)'ג155 ירש רקיל+ןבדבוד   הריינובנוב‬",2026,16,3.57
303021,"‭(14)'ג155 ירש רקיל+ןבדבוד   הריינובנוב‬",2026,18,4.29
303021,"‭(14)'ג155 ירש רקיל+ןבדבוד   הריינובנוב‬",2026,19,0.71
303021,"‭(14)'ג155 ירש רקיל+ןבדבוד   הריינובנוב‬",2026,20,0.71
303021,"‭(14)'ג155 ירש רקיל+ןבדבוד   הריינובנוב‬",2026,22,2.14
303021,"‭(14)'ג155 ירש רקיל+ןבדבוד   הריינובנוב‬",2026,24,1.43
303021,"‭(14)'ג155 ירש רקיל+ןבדבוד   הריינובנוב‬",2026,25,2.14
303021,"‭(14)'ג155 ירש רקיל+ןבדבוד   הריינובנוב‬",2026,26,2.86
303021,"‭(14)'ג155 ירש רקיל+ןבדבוד   הריינובנוב‬",2026,27,2.86
303021,"‭(14)'ג155 ירש רקיל+ןבדבוד   הריינובנוב‬",2026,28,2.14
303021,"‭(14)'ג155 ירש רקיל+ןבדבוד   הריינובנוב‬",2026,29,2.14
303021,"‭(14)'ג155 ירש רקיל+ןבדבוד   הריינובנוב‬",2026,31,0.71
303021,"‭(14)'ג155 ירש רקיל+ןבדבוד   הריינובנוב‬",2026,32,1
303022,"‭(10)'ג200 הלרטס   הריינובנוב‬",2025,34,1
303022,"‭(10)'ג200 הלרטס   הריינובנוב‬",2025,39,1
303022,"‭(10)'ג200 הלרטס   הריינובנוב‬",2025,40,1
303022,"‭(10)'ג200 הלרטס   הריינובנוב‬",2025,41,1
303022,"‭(10)'ג200 הלרטס   הריינובנוב‬",2025,46,1
303022,"‭(10)'ג200 הלרטס   הריינובנוב‬",2025,49,1
303022,"‭(10)'ג200 הלרטס   הריינובנוב‬",2025,51,1
303022,"‭(10)'ג200 הלרטס   הריינובנוב‬",2025,52,1
303022,"‭(10)'ג200 הלרטס   הריינובנוב‬",2026,5,1
303022,"‭(10)'ג200 הלרטס   הריינובנוב‬",2026,7,2
303022,"‭(10)'ג200 הלרטס   הריינובנוב‬",2026,8,1
303022,"‭(10)'ג200 הלרטס   הריינובנוב‬",2026,11,1
303022,"‭(10)'ג200 הלרטס   הריינובנוב‬",2026,16,2
303022,"‭(10)'ג200 הלרטס   הריינובנוב‬",2026,17,1
303022,"‭(10)'ג200 הלרטס   הריינובנוב‬",2026,25,2
303022,"‭(10)'ג200 הלרטס   הריינובנוב‬",2026,27,1
303022,"‭(10)'ג200 הלרטס   הריינובנוב‬",2026,28,1
304000,"‭(22)'ג72 זוגא     לפוו ישיא‬",2026,28,1
304000,"‭(22)'ג72 זוגא     לפוו ישיא‬",2026,30,3
304001,"‭(22)'ג72 בלח     לפוו ישיא‬",2026,26,2
304001,"‭(22)'ג72 בלח     לפוו ישיא‬",2026,27,1
304001,"‭(22)'ג72 בלח     לפוו ישיא‬",2026,28,1
304001,"‭(22)'ג72 בלח     לפוו ישיא‬",2026,30,3
304001,"‭(22)'ג72 בלח     לפוו ישיא‬",2026,31,2
304001,"‭(22)'ג72 בלח     לפוו ישיא‬",2026,32,1
304003,"‭(22)'ג72 ואקק     לפוו ישיא‬",2026,26,1
304003,"‭(22)'ג72 ואקק     לפוו ישיא‬",2026,28,1
304003,"‭(22)'ג72 ואקק     לפוו ישיא‬",2026,30,3
304003,"‭(22)'ג72 ואקק     לפוו ישיא‬",2026,31,2
304005,"‭(25)'ג55 לינו בלח   ""THINS""   םיקיקד םילפוו‬",2026,25,1
304005,"‭(25)'ג55 לינו בלח   ""THINS""   םיקיקד םילפוו‬",2026,29,1
304005,"‭(25)'ג55 לינו בלח   ""THINS""   םיקיקד םילפוו‬",2026,30,4
304006,"‭(25)'ג55 ואקק   ""THINS""   םיקיקד םילפוו‬",2026,25,1
304006,"‭(25)'ג55 ואקק   ""THINS""   םיקיקד םילפוו‬",2026,29,1
304200,"‭(16)'ג216 זוגא     לפוו‬",2025,33,2
304200,"‭(16)'ג216 זוגא     לפוו‬",2025,34,9
304200,"‭(16)'ג216 זוגא     לפוו‬",2025,35,7
304200,"‭(16)'ג216 זוגא     לפוו‬",2025,36,3
304200,"‭(16)'ג216 זוגא     לפוו‬",2025,37,3
304200,"‭(16)'ג216 זוגא     לפוו‬",2025,38,17
304200,"‭(16)'ג216 זוגא     לפוו‬",2025,39,1
304200,"‭(16)'ג216 זוגא     לפוו‬",2025,40,2
304200,"‭(16)'ג216 זוגא     לפוו‬",2025,41,5
304200,"‭(16)'ג216 זוגא     לפוו‬",2025,42,5
304200,"‭(16)'ג216 זוגא     לפוו‬",2025,43,7
304200,"‭(16)'ג216 זוגא     לפוו‬",2025,44,4
304200,"‭(16)'ג216 זוגא     לפוו‬",2025,45,5
304200,"‭(16)'ג216 זוגא     לפוו‬",2025,46,12
304200,"‭(16)'ג216 זוגא     לפוו‬",2025,47,6
304200,"‭(16)'ג216 זוגא     לפוו‬",2025,48,5
304200,"‭(16)'ג216 זוגא     לפוו‬",2025,49,4
304200,"‭(16)'ג216 זוגא     לפוו‬",2025,50,4
304200,"‭(16)'ג216 זוגא     לפוו‬",2025,51,5
304200,"‭(16)'ג216 זוגא     לפוו‬",2025,52,4
304200,"‭(16)'ג216 זוגא     לפוו‬",2025,53,6
304200,"‭(16)'ג216 זוגא     לפוו‬",2026,2,7
304200,"‭(16)'ג216 זוגא     לפוו‬",2026,3,9
304200,"‭(16)'ג216 זוגא     לפוו‬",2026,4,10
304200,"‭(16)'ג216 זוגא     לפוו‬",2026,5,8
304200,"‭(16)'ג216 זוגא     לפוו‬",2026,6,7
304200,"‭(16)'ג216 זוגא     לפוו‬",2026,7,4
304200,"‭(16)'ג216 זוגא     לפוו‬",2026,8,8
304200,"‭(16)'ג216 זוגא     לפוו‬",2026,9,5
304200,"‭(16)'ג216 זוגא     לפוו‬",2026,10,3
304200,"‭(16)'ג216 זוגא     לפוו‬",2026,11,11
304200,"‭(16)'ג216 זוגא     לפוו‬",2026,12,14
304200,"‭(16)'ג216 זוגא     לפוו‬",2026,13,3
304200,"‭(16)'ג216 זוגא     לפוו‬",2026,14,1
304200,"‭(16)'ג216 זוגא     לפוו‬",2026,15,2
304200,"‭(16)'ג216 זוגא     לפוו‬",2026,16,21
304200,"‭(16)'ג216 זוגא     לפוו‬",2026,17,8
304200,"‭(16)'ג216 זוגא     לפוו‬",2026,18,6
304200,"‭(16)'ג216 זוגא     לפוו‬",2026,19,4
304200,"‭(16)'ג216 זוגא     לפוו‬",2026,20,5
304200,"‭(16)'ג216 זוגא     לפוו‬",2026,21,3
304200,"‭(16)'ג216 זוגא     לפוו‬",2026,22,6
304200,"‭(16)'ג216 זוגא     לפוו‬",2026,23,7
304200,"‭(16)'ג216 זוגא     לפוו‬",2026,24,4
304200,"‭(16)'ג216 זוגא     לפוו‬",2026,25,13
304200,"‭(16)'ג216 זוגא     לפוו‬",2026,26,5
304200,"‭(16)'ג216 זוגא     לפוו‬",2026,27,7
304200,"‭(16)'ג216 זוגא     לפוו‬",2026,28,8
304200,"‭(16)'ג216 זוגא     לפוו‬",2026,29,7
304200,"‭(16)'ג216 זוגא     לפוו‬",2026,30,9
304200,"‭(16)'ג216 זוגא     לפוו‬",2026,31,2
304200,"‭(16)'ג216 זוגא     לפוו‬",2026,32,14
304201,"‭(16)'ג216 בלח     לפוו‬",2025,33,5
304201,"‭(16)'ג216 בלח     לפוו‬",2025,34,11
304201,"‭(16)'ג216 בלח     לפוו‬",2025,35,9
304201,"‭(16)'ג216 בלח     לפוו‬",2025,36,4
304201,"‭(16)'ג216 בלח     לפוו‬",2025,37,5
304201,"‭(16)'ג216 בלח     לפוו‬",2025,38,17
304201,"‭(16)'ג216 בלח     לפוו‬",2025,39,4
304201,"‭(16)'ג216 בלח     לפוו‬",2025,40,3
304201,"‭(16)'ג216 בלח     לפוו‬",2025,41,7
304201,"‭(16)'ג216 בלח     לפוו‬",2025,42,6
304201,"‭(16)'ג216 בלח     לפוו‬",2025,43,8
304201,"‭(16)'ג216 בלח     לפוו‬",2025,44,6
304201,"‭(16)'ג216 בלח     לפוו‬",2025,45,5
304201,"‭(16)'ג216 בלח     לפוו‬",2025,46,18.63
304201,"‭(16)'ג216 בלח     לפוו‬",2025,47,6
304201,"‭(16)'ג216 בלח     לפוו‬",2025,48,4
304201,"‭(16)'ג216 בלח     לפוו‬",2025,49,10.88
304201,"‭(16)'ג216 בלח     לפוו‬",2025,50,2
304201,"‭(16)'ג216 בלח     לפוו‬",2025,51,5
304201,"‭(16)'ג216 בלח     לפוו‬",2025,52,7
304201,"‭(16)'ג216 בלח     לפוו‬",2025,53,10
304201,"‭(16)'ג216 בלח     לפוו‬",2026,2,9
304201,"‭(16)'ג216 בלח     לפוו‬",2026,3,9
304201,"‭(16)'ג216 בלח     לפוו‬",2026,4,9
304201,"‭(16)'ג216 בלח     לפוו‬",2026,5,7
304201,"‭(16)'ג216 בלח     לפוו‬",2026,6,9
304201,"‭(16)'ג216 בלח     לפוו‬",2026,7,5
304201,"‭(16)'ג216 בלח     לפוו‬",2026,8,3
304201,"‭(16)'ג216 בלח     לפוו‬",2026,9,11
304201,"‭(16)'ג216 בלח     לפוו‬",2026,10,5
304201,"‭(16)'ג216 בלח     לפוו‬",2026,11,8
304201,"‭(16)'ג216 בלח     לפוו‬",2026,12,15
304201,"‭(16)'ג216 בלח     לפוו‬",2026,13,5
304201,"‭(16)'ג216 בלח     לפוו‬",2026,14,3
304201,"‭(16)'ג216 בלח     לפוו‬",2026,15,2
304201,"‭(16)'ג216 בלח     לפוו‬",2026,16,27
304201,"‭(16)'ג216 בלח     לפוו‬",2026,17,5
304201,"‭(16)'ג216 בלח     לפוו‬",2026,18,5
304201,"‭(16)'ג216 בלח     לפוו‬",2026,19,6
304201,"‭(16)'ג216 בלח     לפוו‬",2026,20,11
304201,"‭(16)'ג216 בלח     לפוו‬",2026,21,8
304201,"‭(16)'ג216 בלח     לפוו‬",2026,22,7
304201,"‭(16)'ג216 בלח     לפוו‬",2026,23,8
304201,"‭(16)'ג216 בלח     לפוו‬",2026,24,3
304201,"‭(16)'ג216 בלח     לפוו‬",2026,25,10
304201,"‭(16)'ג216 בלח     לפוו‬",2026,26,16
304201,"‭(16)'ג216 בלח     לפוו‬",2026,27,10
304201,"‭(16)'ג216 בלח     לפוו‬",2026,28,5
304201,"‭(16)'ג216 בלח     לפוו‬",2026,29,10
304201,"‭(16)'ג216 בלח     לפוו‬",2026,30,12
304201,"‭(16)'ג216 בלח     לפוו‬",2026,31,5
304201,"‭(16)'ג216 בלח     לפוו‬",2026,32,17
304202,"‭(16)'ג216 ןומיל     לפוו‬",2025,33,3
304202,"‭(16)'ג216 ןומיל     לפוו‬",2025,34,8
304202,"‭(16)'ג216 ןומיל     לפוו‬",2025,35,6
304202,"‭(16)'ג216 ןומיל     לפוו‬",2025,36,3
304202,"‭(16)'ג216 ןומיל     לפוו‬",2025,37,5
304202,"‭(16)'ג216 ןומיל     לפוו‬",2025,38,13
304202,"‭(16)'ג216 ןומיל     לפוו‬",2025,40,5
304202,"‭(16)'ג216 ןומיל     לפוו‬",2025,41,8
304202,"‭(16)'ג216 ןומיל     לפוו‬",2025,42,5
304202,"‭(16)'ג216 ןומיל     לפוו‬",2025,43,10
304202,"‭(16)'ג216 ןומיל     לפוו‬",2025,44,11
304202,"‭(16)'ג216 ןומיל     לפוו‬",2025,45,6
304202,"‭(16)'ג216 ןומיל     לפוו‬",2025,46,8
304202,"‭(16)'ג216 ןומיל     לפוו‬",2025,47,7
304202,"‭(16)'ג216 ןומיל     לפוו‬",2025,48,5
304202,"‭(16)'ג216 ןומיל     לפוו‬",2025,49,7.88
304202,"‭(16)'ג216 ןומיל     לפוו‬",2025,50,4
304202,"‭(16)'ג216 ןומיל     לפוו‬",2025,51,6
304202,"‭(16)'ג216 ןומיל     לפוו‬",2025,52,7
304202,"‭(16)'ג216 ןומיל     לפוו‬",2025,53,6
304202,"‭(16)'ג216 ןומיל     לפוו‬",2026,2,13
304202,"‭(16)'ג216 ןומיל     לפוו‬",2026,3,6
304202,"‭(16)'ג216 ןומיל     לפוו‬",2026,4,9
304202,"‭(16)'ג216 ןומיל     לפוו‬",2026,5,8
304202,"‭(16)'ג216 ןומיל     לפוו‬",2026,6,6
304202,"‭(16)'ג216 ןומיל     לפוו‬",2026,7,2
304202,"‭(16)'ג216 ןומיל     לפוו‬",2026,8,12
304202,"‭(16)'ג216 ןומיל     לפוו‬",2026,9,5
304202,"‭(16)'ג216 ןומיל     לפוו‬",2026,10,5
304202,"‭(16)'ג216 ןומיל     לפוו‬",2026,11,11
304202,"‭(16)'ג216 ןומיל     לפוו‬",2026,12,10
304202,"‭(16)'ג216 ןומיל     לפוו‬",2026,13,5
304202,"‭(16)'ג216 ןומיל     לפוו‬",2026,14,2
304202,"‭(16)'ג216 ןומיל     לפוו‬",2026,15,0.13
304202,"‭(16)'ג216 ןומיל     לפוו‬",2026,16,17.88
304202,"‭(16)'ג216 ןומיל     לפוו‬",2026,17,9
304202,"‭(16)'ג216 ןומיל     לפוו‬",2026,18,4
304202,"‭(16)'ג216 ןומיל     לפוו‬",2026,19,5
304202,"‭(16)'ג216 ןומיל     לפוו‬",2026,20,5
304202,"‭(16)'ג216 ןומיל     לפוו‬",2026,21,2
304202,"‭(16)'ג216 ןומיל     לפוו‬",2026,22,5
304202,"‭(16)'ג216 ןומיל     לפוו‬",2026,23,7
304202,"‭(16)'ג216 ןומיל     לפוו‬",2026,24,5
304202,"‭(16)'ג216 ןומיל     לפוו‬",2026,25,11
304202,"‭(16)'ג216 ןומיל     לפוו‬",2026,26,12
304202,"‭(16)'ג216 ןומיל     לפוו‬",2026,27,6
304202,"‭(16)'ג216 ןומיל     לפוו‬",2026,28,8
304202,"‭(16)'ג216 ןומיל     לפוו‬",2026,29,8
304202,"‭(16)'ג216 ןומיל     לפוו‬",2026,30,15
304202,"‭(16)'ג216 ןומיל     לפוו‬",2026,31,3
304202,"‭(16)'ג216 ןומיל     לפוו‬",2026,32,7
304203,"‭(16)'ג216 בלח ואקק     לפוו‬",2025,33,5
304203,"‭(16)'ג216 בלח ואקק     לפוו‬",2025,34,6
304203,"‭(16)'ג216 בלח ואקק     לפוו‬",2025,35,5
304203,"‭(16)'ג216 בלח ואקק     לפוו‬",2025,36,1
304203,"‭(16)'ג216 בלח ואקק     לפוו‬",2025,37,6
304203,"‭(16)'ג216 בלח ואקק     לפוו‬",2025,38,14
304203,"‭(16)'ג216 בלח ואקק     לפוו‬",2025,39,2
304203,"‭(16)'ג216 בלח ואקק     לפוו‬",2025,40,5
304203,"‭(16)'ג216 בלח ואקק     לפוו‬",2025,41,8
304203,"‭(16)'ג216 בלח ואקק     לפוו‬",2025,42,4
304203,"‭(16)'ג216 בלח ואקק     לפוו‬",2025,43,9
304203,"‭(16)'ג216 בלח ואקק     לפוו‬",2025,44,4
304203,"‭(16)'ג216 בלח ואקק     לפוו‬",2025,45,4
304203,"‭(16)'ג216 בלח ואקק     לפוו‬",2025,46,11.63
304203,"‭(16)'ג216 בלח ואקק     לפוו‬",2025,47,8
304203,"‭(16)'ג216 בלח ואקק     לפוו‬",2025,48,2
304203,"‭(16)'ג216 בלח ואקק     לפוו‬",2025,49,9
304203,"‭(16)'ג216 בלח ואקק     לפוו‬",2025,50,7
304203,"‭(16)'ג216 בלח ואקק     לפוו‬",2025,51,4
304203,"‭(16)'ג216 בלח ואקק     לפוו‬",2025,52,8
304203,"‭(16)'ג216 בלח ואקק     לפוו‬",2025,53,6
304203,"‭(16)'ג216 בלח ואקק     לפוו‬",2026,2,12
304203,"‭(16)'ג216 בלח ואקק     לפוו‬",2026,3,6
304203,"‭(16)'ג216 בלח ואקק     לפוו‬",2026,4,9.75
304203,"‭(16)'ג216 בלח ואקק     לפוו‬",2026,5,6
304203,"‭(16)'ג216 בלח ואקק     לפוו‬",2026,6,10
304203,"‭(16)'ג216 בלח ואקק     לפוו‬",2026,7,4
304203,"‭(16)'ג216 בלח ואקק     לפוו‬",2026,8,5
304203,"‭(16)'ג216 בלח ואקק     לפוו‬",2026,9,8
304203,"‭(16)'ג216 בלח ואקק     לפוו‬",2026,10,4
304203,"‭(16)'ג216 בלח ואקק     לפוו‬",2026,11,12
304203,"‭(16)'ג216 בלח ואקק     לפוו‬",2026,12,10
304203,"‭(16)'ג216 בלח ואקק     לפוו‬",2026,13,5
304203,"‭(16)'ג216 בלח ואקק     לפוו‬",2026,14,1
304203,"‭(16)'ג216 בלח ואקק     לפוו‬",2026,15,1
304203,"‭(16)'ג216 בלח ואקק     לפוו‬",2026,16,24
304203,"‭(16)'ג216 בלח ואקק     לפוו‬",2026,17,5
304203,"‭(16)'ג216 בלח ואקק     לפוו‬",2026,18,5
304203,"‭(16)'ג216 בלח ואקק     לפוו‬",2026,19,5
304203,"‭(16)'ג216 בלח ואקק     לפוו‬",2026,20,6
304203,"‭(16)'ג216 בלח ואקק     לפוו‬",2026,21,5
304203,"‭(16)'ג216 בלח ואקק     לפוו‬",2026,22,7
304203,"‭(16)'ג216 בלח ואקק     לפוו‬",2026,23,7
304203,"‭(16)'ג216 בלח ואקק     לפוו‬",2026,24,5
304203,"‭(16)'ג216 בלח ואקק     לפוו‬",2026,25,8
304203,"‭(16)'ג216 בלח ואקק     לפוו‬",2026,26,4
304203,"‭(16)'ג216 בלח ואקק     לפוו‬",2026,27,6
304203,"‭(16)'ג216 בלח ואקק     לפוו‬",2026,28,9.06
304203,"‭(16)'ג216 בלח ואקק     לפוו‬",2026,29,10
304203,"‭(16)'ג216 בלח ואקק     לפוו‬",2026,30,8
304203,"‭(16)'ג216 בלח ואקק     לפוו‬",2026,31,2
304203,"‭(16)'ג216 בלח ואקק     לפוו‬",2026,32,19.81
304204,"‭(16)'ג216 ואקק     לפוו‬",2025,33,3
304204,"‭(16)'ג216 ואקק     לפוו‬",2025,34,9
304204,"‭(16)'ג216 ואקק     לפוו‬",2025,35,10
304204,"‭(16)'ג216 ואקק     לפוו‬",2025,36,5
304204,"‭(16)'ג216 ואקק     לפוו‬",2025,37,7
304204,"‭(16)'ג216 ואקק     לפוו‬",2025,38,12
304204,"‭(16)'ג216 ואקק     לפוו‬",2025,39,2
304204,"‭(16)'ג216 ואקק     לפוו‬",2025,40,5
304204,"‭(16)'ג216 ואקק     לפוו‬",2025,41,8
304204,"‭(16)'ג216 ואקק     לפוו‬",2025,42,3
304204,"‭(16)'ג216 ואקק     לפוו‬",2025,43,11
304204,"‭(16)'ג216 ואקק     לפוו‬",2025,44,9
304204,"‭(16)'ג216 ואקק     לפוו‬",2025,45,3
304204,"‭(16)'ג216 ואקק     לפוו‬",2025,46,12.63
304204,"‭(16)'ג216 ואקק     לפוו‬",2025,47,3
304204,"‭(16)'ג216 ואקק     לפוו‬",2025,48,4
304204,"‭(16)'ג216 ואקק     לפוו‬",2025,49,8.88
304204,"‭(16)'ג216 ואקק     לפוו‬",2025,50,1
304204,"‭(16)'ג216 ואקק     לפוו‬",2025,51,4
304204,"‭(16)'ג216 ואקק     לפוו‬",2025,52,6
304204,"‭(16)'ג216 ואקק     לפוו‬",2025,53,9
304204,"‭(16)'ג216 ואקק     לפוו‬",2026,2,10
304204,"‭(16)'ג216 ואקק     לפוו‬",2026,3,7
304204,"‭(16)'ג216 ואקק     לפוו‬",2026,4,16
304204,"‭(16)'ג216 ואקק     לפוו‬",2026,5,5
304204,"‭(16)'ג216 ואקק     לפוו‬",2026,6,4
304204,"‭(16)'ג216 ואקק     לפוו‬",2026,7,4
304204,"‭(16)'ג216 ואקק     לפוו‬",2026,8,6
304204,"‭(16)'ג216 ואקק     לפוו‬",2026,9,10
304204,"‭(16)'ג216 ואקק     לפוו‬",2026,10,4
304204,"‭(16)'ג216 ואקק     לפוו‬",2026,11,8
304204,"‭(16)'ג216 ואקק     לפוו‬",2026,12,15
304204,"‭(16)'ג216 ואקק     לפוו‬",2026,13,3
304204,"‭(16)'ג216 ואקק     לפוו‬",2026,14,3
304204,"‭(16)'ג216 ואקק     לפוו‬",2026,15,1
304204,"‭(16)'ג216 ואקק     לפוו‬",2026,16,27
304204,"‭(16)'ג216 ואקק     לפוו‬",2026,17,8
304204,"‭(16)'ג216 ואקק     לפוו‬",2026,18,5
304204,"‭(16)'ג216 ואקק     לפוו‬",2026,19,6
304204,"‭(16)'ג216 ואקק     לפוו‬",2026,20,7
304204,"‭(16)'ג216 ואקק     לפוו‬",2026,21,7
304204,"‭(16)'ג216 ואקק     לפוו‬",2026,22,6
304204,"‭(16)'ג216 ואקק     לפוו‬",2026,23,7
304204,"‭(16)'ג216 ואקק     לפוו‬",2026,24,3
304204,"‭(16)'ג216 ואקק     לפוו‬",2026,25,13
304204,"‭(16)'ג216 ואקק     לפוו‬",2026,26,17
304204,"‭(16)'ג216 ואקק     לפוו‬",2026,27,12
304204,"‭(16)'ג216 ואקק     לפוו‬",2026,28,7
304204,"‭(16)'ג216 ואקק     לפוו‬",2026,29,10
304204,"‭(16)'ג216 ואקק     לפוו‬",2026,30,10
304204,"‭(16)'ג216 ואקק     לפוו‬",2026,31,4
304204,"‭(16)'ג216 ואקק     לפוו‬",2026,32,13
304205,"‭(15)'ג142 זוגא   ""CRUNCH""   םילפוו‬",2026,29,1
304205,"‭(15)'ג142 זוגא   ""CRUNCH""   םילפוו‬",2026,32,2
304206,"‭(15)'ג142 לינו   ""CRUNCH""   םילפוו‬",2026,25,2
304206,"‭(15)'ג142 לינו   ""CRUNCH""   םילפוו‬",2026,31,1
304206,"‭(15)'ג142 לינו   ""CRUNCH""   םילפוו‬",2026,32,2
304207,"‭(15)'ג142 ואקק   ""CRUNCH""   םילפוו‬",2026,25,2
304207,"‭(15)'ג142 ואקק   ""CRUNCH""   םילפוו‬",2026,32,1
304208,"‭(16)'ג216 םידקשו סוקוק     לפוו‬",2025,33,2
304208,"‭(16)'ג216 םידקשו סוקוק     לפוו‬",2025,34,5
304208,"‭(16)'ג216 םידקשו סוקוק     לפוו‬",2025,35,10
304208,"‭(16)'ג216 םידקשו סוקוק     לפוו‬",2025,36,5
304208,"‭(16)'ג216 םידקשו סוקוק     לפוו‬",2025,37,4
304208,"‭(16)'ג216 םידקשו סוקוק     לפוו‬",2025,38,19
304208,"‭(16)'ג216 םידקשו סוקוק     לפוו‬",2025,39,3
304208,"‭(16)'ג216 םידקשו סוקוק     לפוו‬",2025,40,6
304208,"‭(16)'ג216 םידקשו סוקוק     לפוו‬",2025,41,4
304208,"‭(16)'ג216 םידקשו סוקוק     לפוו‬",2025,42,5
304208,"‭(16)'ג216 םידקשו סוקוק     לפוו‬",2025,43,13
304208,"‭(16)'ג216 םידקשו סוקוק     לפוו‬",2025,44,4
304208,"‭(16)'ג216 םידקשו סוקוק     לפוו‬",2025,45,5
304208,"‭(16)'ג216 םידקשו סוקוק     לפוו‬",2025,46,10.63
304208,"‭(16)'ג216 םידקשו סוקוק     לפוו‬",2025,47,5
304208,"‭(16)'ג216 םידקשו סוקוק     לפוו‬",2025,48,2
304208,"‭(16)'ג216 םידקשו סוקוק     לפוו‬",2025,49,14
304208,"‭(16)'ג216 םידקשו סוקוק     לפוו‬",2025,50,1
304208,"‭(16)'ג216 םידקשו סוקוק     לפוו‬",2025,51,2
304208,"‭(16)'ג216 םידקשו סוקוק     לפוו‬",2025,52,5
304208,"‭(16)'ג216 םידקשו סוקוק     לפוו‬",2025,53,10
304208,"‭(16)'ג216 םידקשו סוקוק     לפוו‬",2026,2,9
304208,"‭(16)'ג216 םידקשו סוקוק     לפוו‬",2026,3,7
304208,"‭(16)'ג216 םידקשו סוקוק     לפוו‬",2026,4,13
304208,"‭(16)'ג216 םידקשו סוקוק     לפוו‬",2026,5,7
304208,"‭(16)'ג216 םידקשו סוקוק     לפוו‬",2026,6,5
304208,"‭(16)'ג216 םידקשו סוקוק     לפוו‬",2026,7,5
304208,"‭(16)'ג216 םידקשו סוקוק     לפוו‬",2026,8,6
304208,"‭(16)'ג216 םידקשו סוקוק     לפוו‬",2026,9,11
304208,"‭(16)'ג216 םידקשו סוקוק     לפוו‬",2026,10,3
304208,"‭(16)'ג216 םידקשו סוקוק     לפוו‬",2026,11,8
304208,"‭(16)'ג216 םידקשו סוקוק     לפוו‬",2026,12,16
304208,"‭(16)'ג216 םידקשו סוקוק     לפוו‬",2026,13,3
304208,"‭(16)'ג216 םידקשו סוקוק     לפוו‬",2026,14,1
304208,"‭(16)'ג216 םידקשו סוקוק     לפוו‬",2026,15,2
304208,"‭(16)'ג216 םידקשו סוקוק     לפוו‬",2026,16,23
304208,"‭(16)'ג216 םידקשו סוקוק     לפוו‬",2026,17,7
304208,"‭(16)'ג216 םידקשו סוקוק     לפוו‬",2026,18,7
304208,"‭(16)'ג216 םידקשו סוקוק     לפוו‬",2026,19,3
304208,"‭(16)'ג216 םידקשו סוקוק     לפוו‬",2026,20,14
304208,"‭(16)'ג216 םידקשו סוקוק     לפוו‬",2026,21,3
304208,"‭(16)'ג216 םידקשו סוקוק     לפוו‬",2026,22,6
304208,"‭(16)'ג216 םידקשו סוקוק     לפוו‬",2026,23,8
304208,"‭(16)'ג216 םידקשו סוקוק     לפוו‬",2026,24,2
304208,"‭(16)'ג216 םידקשו סוקוק     לפוו‬",2026,25,13
304208,"‭(16)'ג216 םידקשו סוקוק     לפוו‬",2026,26,10
304208,"‭(16)'ג216 םידקשו סוקוק     לפוו‬",2026,27,6
304208,"‭(16)'ג216 םידקשו סוקוק     לפוו‬",2026,28,7
304208,"‭(16)'ג216 םידקשו סוקוק     לפוו‬",2026,29,14
304208,"‭(16)'ג216 םידקשו סוקוק     לפוו‬",2026,30,6
304208,"‭(16)'ג216 םידקשו סוקוק     לפוו‬",2026,31,6
304208,"‭(16)'ג216 םידקשו סוקוק     לפוו‬",2026,32,16
304400,"‭ג""ק1 ""יקבינל יקבילס""    לפוו יפיטח‬",2025,33,4
304400,"‭ג""ק1 ""יקבינל יקבילס""    לפוו יפיטח‬",2025,34,1
304400,"‭ג""ק1 ""יקבינל יקבילס""    לפוו יפיטח‬",2025,35,6
304400,"‭ג""ק1 ""יקבינל יקבילס""    לפוו יפיטח‬",2025,37,6
304400,"‭ג""ק1 ""יקבינל יקבילס""    לפוו יפיטח‬",2025,38,5
304400,"‭ג""ק1 ""יקבינל יקבילס""    לפוו יפיטח‬",2025,40,9
304400,"‭ג""ק1 ""יקבינל יקבילס""    לפוו יפיטח‬",2025,42,9
304400,"‭ג""ק1 ""יקבינל יקבילס""    לפוו יפיטח‬",2025,43,10
304400,"‭ג""ק1 ""יקבינל יקבילס""    לפוו יפיטח‬",2025,44,2
304400,"‭ג""ק1 ""יקבינל יקבילס""    לפוו יפיטח‬",2025,45,9
304400,"‭ג""ק1 ""יקבינל יקבילס""    לפוו יפיטח‬",2025,46,4
304400,"‭ג""ק1 ""יקבינל יקבילס""    לפוו יפיטח‬",2025,47,8
304400,"‭ג""ק1 ""יקבינל יקבילס""    לפוו יפיטח‬",2025,48,1
304400,"‭ג""ק1 ""יקבינל יקבילס""    לפוו יפיטח‬",2025,49,5
304400,"‭ג""ק1 ""יקבינל יקבילס""    לפוו יפיטח‬",2025,50,5
304400,"‭ג""ק1 ""יקבינל יקבילס""    לפוו יפיטח‬",2025,51,7
304400,"‭ג""ק1 ""יקבינל יקבילס""    לפוו יפיטח‬",2025,52,8
304400,"‭ג""ק1 ""יקבינל יקבילס""    לפוו יפיטח‬",2025,53,4
304400,"‭ג""ק1 ""יקבינל יקבילס""    לפוו יפיטח‬",2026,2,1
304400,"‭ג""ק1 ""יקבינל יקבילס""    לפוו יפיטח‬",2026,3,3
304400,"‭ג""ק1 ""יקבינל יקבילס""    לפוו יפיטח‬",2026,5,6
304400,"‭ג""ק1 ""יקבינל יקבילס""    לפוו יפיטח‬",2026,7,2
304400,"‭ג""ק1 ""יקבינל יקבילס""    לפוו יפיטח‬",2026,8,4
304400,"‭ג""ק1 ""יקבינל יקבילס""    לפוו יפיטח‬",2026,9,10
304400,"‭ג""ק1 ""יקבינל יקבילס""    לפוו יפיטח‬",2026,12,10
304400,"‭ג""ק1 ""יקבינל יקבילס""    לפוו יפיטח‬",2026,13,1
304400,"‭ג""ק1 ""יקבינל יקבילס""    לפוו יפיטח‬",2026,16,8
304400,"‭ג""ק1 ""יקבינל יקבילס""    לפוו יפיטח‬",2026,18,9
304400,"‭ג""ק1 ""יקבינל יקבילס""    לפוו יפיטח‬",2026,19,1
304400,"‭ג""ק1 ""יקבינל יקבילס""    לפוו יפיטח‬",2026,20,6
304400,"‭ג""ק1 ""יקבינל יקבילס""    לפוו יפיטח‬",2026,21,1
304400,"‭ג""ק1 ""יקבינל יקבילס""    לפוו יפיטח‬",2026,25,10
304400,"‭ג""ק1 ""יקבינל יקבילס""    לפוו יפיטח‬",2026,26,11
304400,"‭ג""ק1 ""יקבינל יקבילס""    לפוו יפיטח‬",2026,27,1
304400,"‭ג""ק1 ""יקבינל יקבילס""    לפוו יפיטח‬",2026,29,9
304400,"‭ג""ק1 ""יקבינל יקבילס""    לפוו יפיטח‬",2026,31,4
304400,"‭ג""ק1 ""יקבינל יקבילס""    לפוו יפיטח‬",2026,32,4
304401,"‭(25)'ג34 הפוצמ ואקק םרק יולימב ROSHETTO לפוו‬",2026,26,5
304401,"‭(25)'ג34 הפוצמ ואקק םרק יולימב ROSHETTO לפוו‬",2026,28,1
304401,"‭(25)'ג34 הפוצמ ואקק םרק יולימב ROSHETTO לפוו‬",2026,29,4
304401,"‭(25)'ג34 הפוצמ ואקק םרק יולימב ROSHETTO לפוו‬",2026,30,3
304402,"‭(25)'ג34 הפוצמ בלח םרק יולימב ROSHETTO לפוו‬",2026,28,1
304402,"‭(25)'ג34 הפוצמ בלח םרק יולימב ROSHETTO לפוו‬",2026,29,4
304602,"‭(12)'ג350 ""JOHNY KROCKER"" בלח םרק   לפוו ףיטח‬",2025,34,1
304602,"‭(12)'ג350 ""JOHNY KROCKER"" בלח םרק   לפוו ףיטח‬",2025,36,3.33
304602,"‭(12)'ג350 ""JOHNY KROCKER"" בלח םרק   לפוו ףיטח‬",2025,37,0.67
304602,"‭(12)'ג350 ""JOHNY KROCKER"" בלח םרק   לפוו ףיטח‬",2025,38,1
304602,"‭(12)'ג350 ""JOHNY KROCKER"" בלח םרק   לפוו ףיטח‬",2025,39,1
304602,"‭(12)'ג350 ""JOHNY KROCKER"" בלח םרק   לפוו ףיטח‬",2025,42,1
304602,"‭(12)'ג350 ""JOHNY KROCKER"" בלח םרק   לפוו ףיטח‬",2025,44,2
304602,"‭(12)'ג350 ""JOHNY KROCKER"" בלח םרק   לפוו ףיטח‬",2025,46,2
304602,"‭(12)'ג350 ""JOHNY KROCKER"" בלח םרק   לפוו ףיטח‬",2025,47,1
304602,"‭(12)'ג350 ""JOHNY KROCKER"" בלח םרק   לפוו ףיטח‬",2025,48,2
304602,"‭(12)'ג350 ""JOHNY KROCKER"" בלח םרק   לפוו ףיטח‬",2025,49,2
304602,"‭(12)'ג350 ""JOHNY KROCKER"" בלח םרק   לפוו ףיטח‬",2025,50,1
304602,"‭(12)'ג350 ""JOHNY KROCKER"" בלח םרק   לפוו ףיטח‬",2025,53,3
304602,"‭(12)'ג350 ""JOHNY KROCKER"" בלח םרק   לפוו ףיטח‬",2026,2,1
304602,"‭(12)'ג350 ""JOHNY KROCKER"" בלח םרק   לפוו ףיטח‬",2026,3,3
304602,"‭(12)'ג350 ""JOHNY KROCKER"" בלח םרק   לפוו ףיטח‬",2026,4,2
304602,"‭(12)'ג350 ""JOHNY KROCKER"" בלח םרק   לפוו ףיטח‬",2026,6,2
304602,"‭(12)'ג350 ""JOHNY KROCKER"" בלח םרק   לפוו ףיטח‬",2026,8,2
304602,"‭(12)'ג350 ""JOHNY KROCKER"" בלח םרק   לפוו ףיטח‬",2026,9,3
304602,"‭(12)'ג350 ""JOHNY KROCKER"" בלח םרק   לפוו ףיטח‬",2026,12,3
304602,"‭(12)'ג350 ""JOHNY KROCKER"" בלח םרק   לפוו ףיטח‬",2026,13,1
304602,"‭(12)'ג350 ""JOHNY KROCKER"" בלח םרק   לפוו ףיטח‬",2026,14,1
304602,"‭(12)'ג350 ""JOHNY KROCKER"" בלח םרק   לפוו ףיטח‬",2026,16,1
304602,"‭(12)'ג350 ""JOHNY KROCKER"" בלח םרק   לפוו ףיטח‬",2026,18,2
304602,"‭(12)'ג350 ""JOHNY KROCKER"" בלח םרק   לפוו ףיטח‬",2026,19,1
304602,"‭(12)'ג350 ""JOHNY KROCKER"" בלח םרק   לפוו ףיטח‬",2026,20,6
304602,"‭(12)'ג350 ""JOHNY KROCKER"" בלח םרק   לפוו ףיטח‬",2026,22,2
304602,"‭(12)'ג350 ""JOHNY KROCKER"" בלח םרק   לפוו ףיטח‬",2026,23,2
304602,"‭(12)'ג350 ""JOHNY KROCKER"" בלח םרק   לפוו ףיטח‬",2026,25,1
304602,"‭(12)'ג350 ""JOHNY KROCKER"" בלח םרק   לפוו ףיטח‬",2026,26,4
304602,"‭(12)'ג350 ""JOHNY KROCKER"" בלח םרק   לפוו ףיטח‬",2026,28,1
304602,"‭(12)'ג350 ""JOHNY KROCKER"" בלח םרק   לפוו ףיטח‬",2026,29,1.83
304602,"‭(12)'ג350 ""JOHNY KROCKER"" בלח םרק   לפוו ףיטח‬",2026,30,1
304602,"‭(12)'ג350 ""JOHNY KROCKER"" בלח םרק   לפוו ףיטח‬",2026,31,2
304602,"‭(12)'ג350 ""JOHNY KROCKER"" בלח םרק   לפוו ףיטח‬",2026,32,2
304603,"‭(12)ג350 ""JOHNY KROCKER"" ואקק םרק   לפוו ףיטח‬",2025,35,1
304603,"‭(12)ג350 ""JOHNY KROCKER"" ואקק םרק   לפוו ףיטח‬",2025,36,3.33
304603,"‭(12)ג350 ""JOHNY KROCKER"" ואקק םרק   לפוו ףיטח‬",2025,37,0.67
304603,"‭(12)ג350 ""JOHNY KROCKER"" ואקק םרק   לפוו ףיטח‬",2025,39,1
304603,"‭(12)ג350 ""JOHNY KROCKER"" ואקק םרק   לפוו ףיטח‬",2025,40,1
304603,"‭(12)ג350 ""JOHNY KROCKER"" ואקק םרק   לפוו ףיטח‬",2025,41,1
304603,"‭(12)ג350 ""JOHNY KROCKER"" ואקק םרק   לפוו ףיטח‬",2025,42,1
304603,"‭(12)ג350 ""JOHNY KROCKER"" ואקק םרק   לפוו ףיטח‬",2025,44,2
304603,"‭(12)ג350 ""JOHNY KROCKER"" ואקק םרק   לפוו ףיטח‬",2025,46,2
304603,"‭(12)ג350 ""JOHNY KROCKER"" ואקק םרק   לפוו ףיטח‬",2025,47,2
304603,"‭(12)ג350 ""JOHNY KROCKER"" ואקק םרק   לפוו ףיטח‬",2025,48,1
304603,"‭(12)ג350 ""JOHNY KROCKER"" ואקק םרק   לפוו ףיטח‬",2025,49,4
304603,"‭(12)ג350 ""JOHNY KROCKER"" ואקק םרק   לפוו ףיטח‬",2025,50,2
304603,"‭(12)ג350 ""JOHNY KROCKER"" ואקק םרק   לפוו ףיטח‬",2025,51,1
304603,"‭(12)ג350 ""JOHNY KROCKER"" ואקק םרק   לפוו ףיטח‬",2025,52,2
304603,"‭(12)ג350 ""JOHNY KROCKER"" ואקק םרק   לפוו ףיטח‬",2025,53,4
304603,"‭(12)ג350 ""JOHNY KROCKER"" ואקק םרק   לפוו ףיטח‬",2026,2,1
304603,"‭(12)ג350 ""JOHNY KROCKER"" ואקק םרק   לפוו ףיטח‬",2026,3,1
304603,"‭(12)ג350 ""JOHNY KROCKER"" ואקק םרק   לפוו ףיטח‬",2026,4,5
304603,"‭(12)ג350 ""JOHNY KROCKER"" ואקק םרק   לפוו ףיטח‬",2026,6,1
304603,"‭(12)ג350 ""JOHNY KROCKER"" ואקק םרק   לפוו ףיטח‬",2026,7,1
304603,"‭(12)ג350 ""JOHNY KROCKER"" ואקק םרק   לפוו ףיטח‬",2026,8,2
304603,"‭(12)ג350 ""JOHNY KROCKER"" ואקק םרק   לפוו ףיטח‬",2026,9,4
304603,"‭(12)ג350 ""JOHNY KROCKER"" ואקק םרק   לפוו ףיטח‬",2026,10,1
304603,"‭(12)ג350 ""JOHNY KROCKER"" ואקק םרק   לפוו ףיטח‬",2026,12,3
304603,"‭(12)ג350 ""JOHNY KROCKER"" ואקק םרק   לפוו ףיטח‬",2026,13,1
304603,"‭(12)ג350 ""JOHNY KROCKER"" ואקק םרק   לפוו ףיטח‬",2026,14,1
304603,"‭(12)ג350 ""JOHNY KROCKER"" ואקק םרק   לפוו ףיטח‬",2026,16,2
304603,"‭(12)ג350 ""JOHNY KROCKER"" ואקק םרק   לפוו ףיטח‬",2026,17,2
304603,"‭(12)ג350 ""JOHNY KROCKER"" ואקק םרק   לפוו ףיטח‬",2026,18,4
304603,"‭(12)ג350 ""JOHNY KROCKER"" ואקק םרק   לפוו ףיטח‬",2026,19,1
304603,"‭(12)ג350 ""JOHNY KROCKER"" ואקק םרק   לפוו ףיטח‬",2026,20,6
304603,"‭(12)ג350 ""JOHNY KROCKER"" ואקק םרק   לפוו ףיטח‬",2026,21,1
304603,"‭(12)ג350 ""JOHNY KROCKER"" ואקק םרק   לפוו ףיטח‬",2026,22,2
304603,"‭(12)ג350 ""JOHNY KROCKER"" ואקק םרק   לפוו ףיטח‬",2026,24,1
304603,"‭(12)ג350 ""JOHNY KROCKER"" ואקק םרק   לפוו ףיטח‬",2026,25,3
304603,"‭(12)ג350 ""JOHNY KROCKER"" ואקק םרק   לפוו ףיטח‬",2026,26,1
304603,"‭(12)ג350 ""JOHNY KROCKER"" ואקק םרק   לפוו ףיטח‬",2026,28,1
304603,"‭(12)ג350 ""JOHNY KROCKER"" ואקק םרק   לפוו ףיטח‬",2026,29,1
304603,"‭(12)ג350 ""JOHNY KROCKER"" ואקק םרק   לפוו ףיטח‬",2026,30,4
304603,"‭(12)ג350 ""JOHNY KROCKER"" ואקק םרק   לפוו ףיטח‬",2026,31,2
304603,"‭(12)ג350 ""JOHNY KROCKER"" ואקק םרק   לפוו ףיטח‬",2026,32,2.92
304604,"‭(4)ג""ק1 ""JOHNY KROCKER"" בלח םרק   לפוו ףיטח‬",2025,36,2.75
304604,"‭(4)ג""ק1 ""JOHNY KROCKER"" בלח םרק   לפוו ףיטח‬",2025,37,0.25
304604,"‭(4)ג""ק1 ""JOHNY KROCKER"" בלח םרק   לפוו ףיטח‬",2025,49,1.5
304604,"‭(4)ג""ק1 ""JOHNY KROCKER"" בלח םרק   לפוו ףיטח‬",2026,2,0.25
304604,"‭(4)ג""ק1 ""JOHNY KROCKER"" בלח םרק   לפוו ףיטח‬",2026,6,0.25
304604,"‭(4)ג""ק1 ""JOHNY KROCKER"" בלח םרק   לפוו ףיטח‬",2026,7,1
304604,"‭(4)ג""ק1 ""JOHNY KROCKER"" בלח םרק   לפוו ףיטח‬",2026,9,1
304604,"‭(4)ג""ק1 ""JOHNY KROCKER"" בלח םרק   לפוו ףיטח‬",2026,10,1
304604,"‭(4)ג""ק1 ""JOHNY KROCKER"" בלח םרק   לפוו ףיטח‬",2026,11,0.25
304604,"‭(4)ג""ק1 ""JOHNY KROCKER"" בלח םרק   לפוו ףיטח‬",2026,12,2.25
304604,"‭(4)ג""ק1 ""JOHNY KROCKER"" בלח םרק   לפוו ףיטח‬",2026,13,0.25
304604,"‭(4)ג""ק1 ""JOHNY KROCKER"" בלח םרק   לפוו ףיטח‬",2026,20,1
304604,"‭(4)ג""ק1 ""JOHNY KROCKER"" בלח םרק   לפוו ףיטח‬",2026,25,0.5
304604,"‭(4)ג""ק1 ""JOHNY KROCKER"" בלח םרק   לפוו ףיטח‬",2026,32,2.5
304605,"‭(4)ג""ק1 ""JOHNY KROCKER"" ואקק םרק   לפוו ףיטח‬",2025,35,1
304605,"‭(4)ג""ק1 ""JOHNY KROCKER"" ואקק םרק   לפוו ףיטח‬",2025,36,2.75
304605,"‭(4)ג""ק1 ""JOHNY KROCKER"" ואקק םרק   לפוו ףיטח‬",2025,49,0.75
304605,"‭(4)ג""ק1 ""JOHNY KROCKER"" ואקק םרק   לפוו ףיטח‬",2026,3,1
304605,"‭(4)ג""ק1 ""JOHNY KROCKER"" ואקק םרק   לפוו ףיטח‬",2026,4,2
304605,"‭(4)ג""ק1 ""JOHNY KROCKER"" ואקק םרק   לפוו ףיטח‬",2026,7,1
304605,"‭(4)ג""ק1 ""JOHNY KROCKER"" ואקק םרק   לפוו ףיטח‬",2026,8,1
304605,"‭(4)ג""ק1 ""JOHNY KROCKER"" ואקק םרק   לפוו ףיטח‬",2026,9,0.25
304605,"‭(4)ג""ק1 ""JOHNY KROCKER"" ואקק םרק   לפוו ףיטח‬",2026,10,1
304605,"‭(4)ג""ק1 ""JOHNY KROCKER"" ואקק םרק   לפוו ףיטח‬",2026,12,1.75
304605,"‭(4)ג""ק1 ""JOHNY KROCKER"" ואקק םרק   לפוו ףיטח‬",2026,13,0.5
304605,"‭(4)ג""ק1 ""JOHNY KROCKER"" ואקק םרק   לפוו ףיטח‬",2026,16,1
304605,"‭(4)ג""ק1 ""JOHNY KROCKER"" ואקק םרק   לפוו ףיטח‬",2026,26,1
304605,"‭(4)ג""ק1 ""JOHNY KROCKER"" ואקק םרק   לפוו ףיטח‬",2026,32,1
304606,"‭(8)םרג500 סוקוק םע ""FLAKSI""    לפוו יתיתפ ףיטח‬",2025,36,7.38
304606,"‭(8)םרג500 סוקוק םע ""FLAKSI""    לפוו יתיתפ ףיטח‬",2025,37,2.13
304606,"‭(8)םרג500 סוקוק םע ""FLAKSI""    לפוו יתיתפ ףיטח‬",2025,38,1
304606,"‭(8)םרג500 סוקוק םע ""FLAKSI""    לפוו יתיתפ ףיטח‬",2025,41,0.13
304606,"‭(8)םרג500 סוקוק םע ""FLAKSI""    לפוו יתיתפ ףיטח‬",2025,42,1
304606,"‭(8)םרג500 סוקוק םע ""FLAKSI""    לפוו יתיתפ ףיטח‬",2025,43,0.13
304606,"‭(8)םרג500 סוקוק םע ""FLAKSI""    לפוו יתיתפ ףיטח‬",2025,44,0.13
304606,"‭(8)םרג500 סוקוק םע ""FLAKSI""    לפוו יתיתפ ףיטח‬",2025,45,0.25
304606,"‭(8)םרג500 סוקוק םע ""FLAKSI""    לפוו יתיתפ ףיטח‬",2025,46,0.25
304606,"‭(8)םרג500 סוקוק םע ""FLAKSI""    לפוו יתיתפ ףיטח‬",2025,49,2
304606,"‭(8)םרג500 סוקוק םע ""FLAKSI""    לפוו יתיתפ ףיטח‬",2025,50,2
304606,"‭(8)םרג500 סוקוק םע ""FLAKSI""    לפוו יתיתפ ףיטח‬",2025,53,0.13
304606,"‭(8)םרג500 סוקוק םע ""FLAKSI""    לפוו יתיתפ ףיטח‬",2026,2,1
304606,"‭(8)םרג500 סוקוק םע ""FLAKSI""    לפוו יתיתפ ףיטח‬",2026,4,1
304606,"‭(8)םרג500 סוקוק םע ""FLAKSI""    לפוו יתיתפ ףיטח‬",2026,5,1
304606,"‭(8)םרג500 סוקוק םע ""FLAKSI""    לפוו יתיתפ ףיטח‬",2026,9,1
304606,"‭(8)םרג500 סוקוק םע ""FLAKSI""    לפוו יתיתפ ףיטח‬",2026,12,4
304606,"‭(8)םרג500 סוקוק םע ""FLAKSI""    לפוו יתיתפ ףיטח‬",2026,14,2
304606,"‭(8)םרג500 סוקוק םע ""FLAKSI""    לפוו יתיתפ ףיטח‬",2026,16,1.5
304606,"‭(8)םרג500 סוקוק םע ""FLAKSI""    לפוו יתיתפ ףיטח‬",2026,18,3
304606,"‭(8)םרג500 סוקוק םע ""FLAKSI""    לפוו יתיתפ ףיטח‬",2026,19,2
304606,"‭(8)םרג500 סוקוק םע ""FLAKSI""    לפוו יתיתפ ףיטח‬",2026,20,8
304606,"‭(8)םרג500 סוקוק םע ""FLAKSI""    לפוו יתיתפ ףיטח‬",2026,23,1
304606,"‭(8)םרג500 סוקוק םע ""FLAKSI""    לפוו יתיתפ ףיטח‬",2026,24,2
304606,"‭(8)םרג500 סוקוק םע ""FLAKSI""    לפוו יתיתפ ףיטח‬",2026,25,2
304606,"‭(8)םרג500 סוקוק םע ""FLAKSI""    לפוו יתיתפ ףיטח‬",2026,26,2
304606,"‭(8)םרג500 סוקוק םע ""FLAKSI""    לפוו יתיתפ ףיטח‬",2026,32,1
304607,"‭(8)םרג500 ואקק םע ""FLAKSI""    לפוו יתיתפ ףיטח‬",2025,36,8.25
304607,"‭(8)םרג500 ואקק םע ""FLAKSI""    לפוו יתיתפ ףיטח‬",2025,37,2
304607,"‭(8)םרג500 ואקק םע ""FLAKSI""    לפוו יתיתפ ףיטח‬",2025,38,1.75
304607,"‭(8)םרג500 ואקק םע ""FLAKSI""    לפוו יתיתפ ףיטח‬",2025,42,1
304607,"‭(8)םרג500 ואקק םע ""FLAKSI""    לפוו יתיתפ ףיטח‬",2025,46,2.13
304607,"‭(8)םרג500 ואקק םע ""FLAKSI""    לפוו יתיתפ ףיטח‬",2025,47,1.13
304607,"‭(8)םרג500 ואקק םע ""FLAKSI""    לפוו יתיתפ ףיטח‬",2025,50,3
304607,"‭(8)םרג500 ואקק םע ""FLAKSI""    לפוו יתיתפ ףיטח‬",2025,51,1
304607,"‭(8)םרג500 ואקק םע ""FLAKSI""    לפוו יתיתפ ףיטח‬",2026,2,2
304607,"‭(8)םרג500 ואקק םע ""FLAKSI""    לפוו יתיתפ ףיטח‬",2026,4,1
304607,"‭(8)םרג500 ואקק םע ""FLAKSI""    לפוו יתיתפ ףיטח‬",2026,5,1
304607,"‭(8)םרג500 ואקק םע ""FLAKSI""    לפוו יתיתפ ףיטח‬",2026,9,1
304607,"‭(8)םרג500 ואקק םע ""FLAKSI""    לפוו יתיתפ ףיטח‬",2026,12,2.75
304607,"‭(8)םרג500 ואקק םע ""FLAKSI""    לפוו יתיתפ ףיטח‬",2026,14,1
304607,"‭(8)םרג500 ואקק םע ""FLAKSI""    לפוו יתיתפ ףיטח‬",2026,16,3.25
304607,"‭(8)םרג500 ואקק םע ""FLAKSI""    לפוו יתיתפ ףיטח‬",2026,18,3
304607,"‭(8)םרג500 ואקק םע ""FLAKSI""    לפוו יתיתפ ףיטח‬",2026,19,1
304607,"‭(8)םרג500 ואקק םע ""FLAKSI""    לפוו יתיתפ ףיטח‬",2026,20,8
304607,"‭(8)םרג500 ואקק םע ""FLAKSI""    לפוו יתיתפ ףיטח‬",2026,24,2
304607,"‭(8)םרג500 ואקק םע ""FLAKSI""    לפוו יתיתפ ףיטח‬",2026,25,1
304607,"‭(8)םרג500 ואקק םע ""FLAKSI""    לפוו יתיתפ ףיטח‬",2026,29,1
304607,"‭(8)םרג500 ואקק םע ""FLAKSI""    לפוו יתיתפ ףיטח‬",2026,32,1
304608,"‭(12)םרג 350 סוקוק םרק ""JOHNNY KROCKER""   לפוו ףיטח‬",2025,34,1
304608,"‭(12)םרג 350 סוקוק םרק ""JOHNNY KROCKER""   לפוו ףיטח‬",2025,35,3
304608,"‭(12)םרג 350 סוקוק םרק ""JOHNNY KROCKER""   לפוו ףיטח‬",2025,36,7.33
304608,"‭(12)םרג 350 סוקוק םרק ""JOHNNY KROCKER""   לפוו ףיטח‬",2025,38,3
304608,"‭(12)םרג 350 סוקוק םרק ""JOHNNY KROCKER""   לפוו ףיטח‬",2025,44,1
304608,"‭(12)םרג 350 סוקוק םרק ""JOHNNY KROCKER""   לפוו ףיטח‬",2025,45,0.08
304608,"‭(12)םרג 350 סוקוק םרק ""JOHNNY KROCKER""   לפוו ףיטח‬",2025,46,1.92
304608,"‭(12)םרג 350 סוקוק םרק ""JOHNNY KROCKER""   לפוו ףיטח‬",2025,49,1
304608,"‭(12)םרג 350 סוקוק םרק ""JOHNNY KROCKER""   לפוו ףיטח‬",2025,53,2
304608,"‭(12)םרג 350 סוקוק םרק ""JOHNNY KROCKER""   לפוו ףיטח‬",2026,4,1
304608,"‭(12)םרג 350 סוקוק םרק ""JOHNNY KROCKER""   לפוו ףיטח‬",2026,5,1
304608,"‭(12)םרג 350 סוקוק םרק ""JOHNNY KROCKER""   לפוו ףיטח‬",2026,9,1
304608,"‭(12)םרג 350 סוקוק םרק ""JOHNNY KROCKER""   לפוו ףיטח‬",2026,10,2
304608,"‭(12)םרג 350 סוקוק םרק ""JOHNNY KROCKER""   לפוו ףיטח‬",2026,12,1
304608,"‭(12)םרג 350 סוקוק םרק ""JOHNNY KROCKER""   לפוו ףיטח‬",2026,13,0.33
304608,"‭(12)םרג 350 סוקוק םרק ""JOHNNY KROCKER""   לפוו ףיטח‬",2026,20,5
304608,"‭(12)םרג 350 סוקוק םרק ""JOHNNY KROCKER""   לפוו ףיטח‬",2026,23,1
304608,"‭(12)םרג 350 סוקוק םרק ""JOHNNY KROCKER""   לפוו ףיטח‬",2026,30,1
304800,"‭(15)'ג140 זוגא 'וטפאנוק'   לפוו תוילילג‬",2026,25,1
304800,"‭(15)'ג140 זוגא 'וטפאנוק'   לפוו תוילילג‬",2026,26,1
304800,"‭(15)'ג140 זוגא 'וטפאנוק'   לפוו תוילילג‬",2026,29,4
304800,"‭(15)'ג140 זוגא 'וטפאנוק'   לפוו תוילילג‬",2026,30,6
304801,"‭(15)'ג140 לינו ""וטפאנוק""   לפוו תוילילג‬",2026,25,1
304801,"‭(15)'ג140 לינו ""וטפאנוק""   לפוו תוילילג‬",2026,30,3
304802,"‭(15)'ג140 בלח ""וטפאנוק""   לפוו תוילילג‬",2025,34,4
304802,"‭(15)'ג140 בלח ""וטפאנוק""   לפוו תוילילג‬",2025,35,6
304802,"‭(15)'ג140 בלח ""וטפאנוק""   לפוו תוילילג‬",2025,36,3
304802,"‭(15)'ג140 בלח ""וטפאנוק""   לפוו תוילילג‬",2025,37,1
304802,"‭(15)'ג140 בלח ""וטפאנוק""   לפוו תוילילג‬",2025,38,7
304802,"‭(15)'ג140 בלח ""וטפאנוק""   לפוו תוילילג‬",2025,39,2
304802,"‭(15)'ג140 בלח ""וטפאנוק""   לפוו תוילילג‬",2025,40,3
304802,"‭(15)'ג140 בלח ""וטפאנוק""   לפוו תוילילג‬",2025,41,3
304802,"‭(15)'ג140 בלח ""וטפאנוק""   לפוו תוילילג‬",2025,42,1
304802,"‭(15)'ג140 בלח ""וטפאנוק""   לפוו תוילילג‬",2025,43,3
304802,"‭(15)'ג140 בלח ""וטפאנוק""   לפוו תוילילג‬",2025,44,6
304802,"‭(15)'ג140 בלח ""וטפאנוק""   לפוו תוילילג‬",2025,45,1
304802,"‭(15)'ג140 בלח ""וטפאנוק""   לפוו תוילילג‬",2025,46,8.6
304802,"‭(15)'ג140 בלח ""וטפאנוק""   לפוו תוילילג‬",2025,47,2
304802,"‭(15)'ג140 בלח ""וטפאנוק""   לפוו תוילילג‬",2025,48,4
304802,"‭(15)'ג140 בלח ""וטפאנוק""   לפוו תוילילג‬",2025,49,4
304802,"‭(15)'ג140 בלח ""וטפאנוק""   לפוו תוילילג‬",2025,50,3
304802,"‭(15)'ג140 בלח ""וטפאנוק""   לפוו תוילילג‬",2025,51,1
304802,"‭(15)'ג140 בלח ""וטפאנוק""   לפוו תוילילג‬",2025,52,3
304802,"‭(15)'ג140 בלח ""וטפאנוק""   לפוו תוילילג‬",2025,53,5
304802,"‭(15)'ג140 בלח ""וטפאנוק""   לפוו תוילילג‬",2026,2,11
304802,"‭(15)'ג140 בלח ""וטפאנוק""   לפוו תוילילג‬",2026,3,1
304802,"‭(15)'ג140 בלח ""וטפאנוק""   לפוו תוילילג‬",2026,4,6
304802,"‭(15)'ג140 בלח ""וטפאנוק""   לפוו תוילילג‬",2026,5,1
304802,"‭(15)'ג140 בלח ""וטפאנוק""   לפוו תוילילג‬",2026,7,4
304802,"‭(15)'ג140 בלח ""וטפאנוק""   לפוו תוילילג‬",2026,8,3
304802,"‭(15)'ג140 בלח ""וטפאנוק""   לפוו תוילילג‬",2026,9,5
304802,"‭(15)'ג140 בלח ""וטפאנוק""   לפוו תוילילג‬",2026,10,2
304802,"‭(15)'ג140 בלח ""וטפאנוק""   לפוו תוילילג‬",2026,11,4
304802,"‭(15)'ג140 בלח ""וטפאנוק""   לפוו תוילילג‬",2026,12,5
304802,"‭(15)'ג140 בלח ""וטפאנוק""   לפוו תוילילג‬",2026,15,2
304802,"‭(15)'ג140 בלח ""וטפאנוק""   לפוו תוילילג‬",2026,16,9
304802,"‭(15)'ג140 בלח ""וטפאנוק""   לפוו תוילילג‬",2026,17,2
304802,"‭(15)'ג140 בלח ""וטפאנוק""   לפוו תוילילג‬",2026,19,3
304802,"‭(15)'ג140 בלח ""וטפאנוק""   לפוו תוילילג‬",2026,20,6
304802,"‭(15)'ג140 בלח ""וטפאנוק""   לפוו תוילילג‬",2026,21,1
304802,"‭(15)'ג140 בלח ""וטפאנוק""   לפוו תוילילג‬",2026,22,4
304802,"‭(15)'ג140 בלח ""וטפאנוק""   לפוו תוילילג‬",2026,23,1
304802,"‭(15)'ג140 בלח ""וטפאנוק""   לפוו תוילילג‬",2026,24,2
304802,"‭(15)'ג140 בלח ""וטפאנוק""   לפוו תוילילג‬",2026,25,5
304802,"‭(15)'ג140 בלח ""וטפאנוק""   לפוו תוילילג‬",2026,26,1
304802,"‭(15)'ג140 בלח ""וטפאנוק""   לפוו תוילילג‬",2026,27,9
304802,"‭(15)'ג140 בלח ""וטפאנוק""   לפוו תוילילג‬",2026,28,3
304802,"‭(15)'ג140 בלח ""וטפאנוק""   לפוו תוילילג‬",2026,29,6
304802,"‭(15)'ג140 בלח ""וטפאנוק""   לפוו תוילילג‬",2026,30,6
304802,"‭(15)'ג140 בלח ""וטפאנוק""   לפוו תוילילג‬",2026,31,1
304802,"‭(15)'ג140 בלח ""וטפאנוק""   לפוו תוילילג‬",2026,32,8
304803,"‭(15)'ג140 סוקוק ""וטפאנוק""   לפוו תוילילג‬",2025,34,3
304803,"‭(15)'ג140 סוקוק ""וטפאנוק""   לפוו תוילילג‬",2025,35,5
304803,"‭(15)'ג140 סוקוק ""וטפאנוק""   לפוו תוילילג‬",2025,36,3
304803,"‭(15)'ג140 סוקוק ""וטפאנוק""   לפוו תוילילג‬",2025,38,4
304803,"‭(15)'ג140 סוקוק ""וטפאנוק""   לפוו תוילילג‬",2025,39,1
304803,"‭(15)'ג140 סוקוק ""וטפאנוק""   לפוו תוילילג‬",2025,40,2
304803,"‭(15)'ג140 סוקוק ""וטפאנוק""   לפוו תוילילג‬",2025,41,2
304803,"‭(15)'ג140 סוקוק ""וטפאנוק""   לפוו תוילילג‬",2025,42,2
304803,"‭(15)'ג140 סוקוק ""וטפאנוק""   לפוו תוילילג‬",2025,43,3
304803,"‭(15)'ג140 סוקוק ""וטפאנוק""   לפוו תוילילג‬",2025,44,1
304803,"‭(15)'ג140 סוקוק ""וטפאנוק""   לפוו תוילילג‬",2025,46,3.6
304803,"‭(15)'ג140 סוקוק ""וטפאנוק""   לפוו תוילילג‬",2025,47,1
304803,"‭(15)'ג140 סוקוק ""וטפאנוק""   לפוו תוילילג‬",2025,48,2
304803,"‭(15)'ג140 סוקוק ""וטפאנוק""   לפוו תוילילג‬",2025,49,3
304803,"‭(15)'ג140 סוקוק ""וטפאנוק""   לפוו תוילילג‬",2025,50,1
304803,"‭(15)'ג140 סוקוק ""וטפאנוק""   לפוו תוילילג‬",2025,51,3
304803,"‭(15)'ג140 סוקוק ""וטפאנוק""   לפוו תוילילג‬",2025,52,3
304803,"‭(15)'ג140 סוקוק ""וטפאנוק""   לפוו תוילילג‬",2025,53,4
304803,"‭(15)'ג140 סוקוק ""וטפאנוק""   לפוו תוילילג‬",2026,2,6
304803,"‭(15)'ג140 סוקוק ""וטפאנוק""   לפוו תוילילג‬",2026,3,1
304803,"‭(15)'ג140 סוקוק ""וטפאנוק""   לפוו תוילילג‬",2026,4,6
304803,"‭(15)'ג140 סוקוק ""וטפאנוק""   לפוו תוילילג‬",2026,6,1
304803,"‭(15)'ג140 סוקוק ""וטפאנוק""   לפוו תוילילג‬",2026,7,4
304803,"‭(15)'ג140 סוקוק ""וטפאנוק""   לפוו תוילילג‬",2026,8,4
304803,"‭(15)'ג140 סוקוק ""וטפאנוק""   לפוו תוילילג‬",2026,9,3
304803,"‭(15)'ג140 סוקוק ""וטפאנוק""   לפוו תוילילג‬",2026,10,3
304803,"‭(15)'ג140 סוקוק ""וטפאנוק""   לפוו תוילילג‬",2026,11,3
304803,"‭(15)'ג140 סוקוק ""וטפאנוק""   לפוו תוילילג‬",2026,12,2
304803,"‭(15)'ג140 סוקוק ""וטפאנוק""   לפוו תוילילג‬",2026,15,2
304803,"‭(15)'ג140 סוקוק ""וטפאנוק""   לפוו תוילילג‬",2026,16,8
304803,"‭(15)'ג140 סוקוק ""וטפאנוק""   לפוו תוילילג‬",2026,17,2
304803,"‭(15)'ג140 סוקוק ""וטפאנוק""   לפוו תוילילג‬",2026,18,3
304803,"‭(15)'ג140 סוקוק ""וטפאנוק""   לפוו תוילילג‬",2026,19,1
304803,"‭(15)'ג140 סוקוק ""וטפאנוק""   לפוו תוילילג‬",2026,20,4
304803,"‭(15)'ג140 סוקוק ""וטפאנוק""   לפוו תוילילג‬",2026,21,1
304803,"‭(15)'ג140 סוקוק ""וטפאנוק""   לפוו תוילילג‬",2026,22,1
304803,"‭(15)'ג140 סוקוק ""וטפאנוק""   לפוו תוילילג‬",2026,23,2
304803,"‭(15)'ג140 סוקוק ""וטפאנוק""   לפוו תוילילג‬",2026,24,3
304803,"‭(15)'ג140 סוקוק ""וטפאנוק""   לפוו תוילילג‬",2026,25,4
304803,"‭(15)'ג140 סוקוק ""וטפאנוק""   לפוו תוילילג‬",2026,26,2
304803,"‭(15)'ג140 סוקוק ""וטפאנוק""   לפוו תוילילג‬",2026,27,5
304803,"‭(15)'ג140 סוקוק ""וטפאנוק""   לפוו תוילילג‬",2026,28,4
304803,"‭(15)'ג140 סוקוק ""וטפאנוק""   לפוו תוילילג‬",2026,29,3
304803,"‭(15)'ג140 סוקוק ""וטפאנוק""   לפוו תוילילג‬",2026,30,7
304803,"‭(15)'ג140 סוקוק ""וטפאנוק""   לפוו תוילילג‬",2026,32,6
304804,"‭(15)'ג140 ואקק ""וטפאנוק""   לפוו תוילילג‬",2025,34,4
304804,"‭(15)'ג140 ואקק ""וטפאנוק""   לפוו תוילילג‬",2025,35,6
304804,"‭(15)'ג140 ואקק ""וטפאנוק""   לפוו תוילילג‬",2025,36,3
304804,"‭(15)'ג140 ואקק ""וטפאנוק""   לפוו תוילילג‬",2025,37,1
304804,"‭(15)'ג140 ואקק ""וטפאנוק""   לפוו תוילילג‬",2025,38,7
304804,"‭(15)'ג140 ואקק ""וטפאנוק""   לפוו תוילילג‬",2025,40,5
304804,"‭(15)'ג140 ואקק ""וטפאנוק""   לפוו תוילילג‬",2025,41,3
304804,"‭(15)'ג140 ואקק ""וטפאנוק""   לפוו תוילילג‬",2025,42,1
304804,"‭(15)'ג140 ואקק ""וטפאנוק""   לפוו תוילילג‬",2025,43,3
304804,"‭(15)'ג140 ואקק ""וטפאנוק""   לפוו תוילילג‬",2025,44,3
304804,"‭(15)'ג140 ואקק ""וטפאנוק""   לפוו תוילילג‬",2025,46,6.6
304804,"‭(15)'ג140 ואקק ""וטפאנוק""   לפוו תוילילג‬",2025,47,1
304804,"‭(15)'ג140 ואקק ""וטפאנוק""   לפוו תוילילג‬",2025,48,3
304804,"‭(15)'ג140 ואקק ""וטפאנוק""   לפוו תוילילג‬",2025,49,5
304804,"‭(15)'ג140 ואקק ""וטפאנוק""   לפוו תוילילג‬",2025,50,2
304804,"‭(15)'ג140 ואקק ""וטפאנוק""   לפוו תוילילג‬",2025,51,2
304804,"‭(15)'ג140 ואקק ""וטפאנוק""   לפוו תוילילג‬",2025,52,2
304804,"‭(15)'ג140 ואקק ""וטפאנוק""   לפוו תוילילג‬",2025,53,3
304804,"‭(15)'ג140 ואקק ""וטפאנוק""   לפוו תוילילג‬",2026,2,6
304804,"‭(15)'ג140 ואקק ""וטפאנוק""   לפוו תוילילג‬",2026,3,1
304804,"‭(15)'ג140 ואקק ""וטפאנוק""   לפוו תוילילג‬",2026,4,6
304804,"‭(15)'ג140 ואקק ""וטפאנוק""   לפוו תוילילג‬",2026,6,3
304804,"‭(15)'ג140 ואקק ""וטפאנוק""   לפוו תוילילג‬",2026,7,2
304804,"‭(15)'ג140 ואקק ""וטפאנוק""   לפוו תוילילג‬",2026,8,2
304804,"‭(15)'ג140 ואקק ""וטפאנוק""   לפוו תוילילג‬",2026,9,5
304804,"‭(15)'ג140 ואקק ""וטפאנוק""   לפוו תוילילג‬",2026,10,3
304804,"‭(15)'ג140 ואקק ""וטפאנוק""   לפוו תוילילג‬",2026,11,4
304804,"‭(15)'ג140 ואקק ""וטפאנוק""   לפוו תוילילג‬",2026,12,5
304804,"‭(15)'ג140 ואקק ""וטפאנוק""   לפוו תוילילג‬",2026,15,1
304804,"‭(15)'ג140 ואקק ""וטפאנוק""   לפוו תוילילג‬",2026,16,12
304804,"‭(15)'ג140 ואקק ""וטפאנוק""   לפוו תוילילג‬",2026,17,3
304804,"‭(15)'ג140 ואקק ""וטפאנוק""   לפוו תוילילג‬",2026,18,2
304804,"‭(15)'ג140 ואקק ""וטפאנוק""   לפוו תוילילג‬",2026,19,2
304804,"‭(15)'ג140 ואקק ""וטפאנוק""   לפוו תוילילג‬",2026,20,2
304804,"‭(15)'ג140 ואקק ""וטפאנוק""   לפוו תוילילג‬",2026,21,2
304804,"‭(15)'ג140 ואקק ""וטפאנוק""   לפוו תוילילג‬",2026,22,3
304804,"‭(15)'ג140 ואקק ""וטפאנוק""   לפוו תוילילג‬",2026,23,4
304804,"‭(15)'ג140 ואקק ""וטפאנוק""   לפוו תוילילג‬",2026,24,3
304804,"‭(15)'ג140 ואקק ""וטפאנוק""   לפוו תוילילג‬",2026,25,3
304804,"‭(15)'ג140 ואקק ""וטפאנוק""   לפוו תוילילג‬",2026,26,2
304804,"‭(15)'ג140 ואקק ""וטפאנוק""   לפוו תוילילג‬",2026,27,7
304804,"‭(15)'ג140 ואקק ""וטפאנוק""   לפוו תוילילג‬",2026,28,6
304804,"‭(15)'ג140 ואקק ""וטפאנוק""   לפוו תוילילג‬",2026,29,8
304804,"‭(15)'ג140 ואקק ""וטפאנוק""   לפוו תוילילג‬",2026,30,7
304804,"‭(15)'ג140 ואקק ""וטפאנוק""   לפוו תוילילג‬",2026,31,1
304804,"‭(15)'ג140 ואקק ""וטפאנוק""   לפוו תוילילג‬",2026,32,6
305001,"‭(18)'ג127 םיזוגא םרק יולימב ""LOVITA""   תויגוע‬",2025,35,1
305001,"‭(18)'ג127 םיזוגא םרק יולימב ""LOVITA""   תויגוע‬",2025,37,1
305001,"‭(18)'ג127 םיזוגא םרק יולימב ""LOVITA""   תויגוע‬",2025,38,2
305001,"‭(18)'ג127 םיזוגא םרק יולימב ""LOVITA""   תויגוע‬",2025,44,1
305001,"‭(18)'ג127 םיזוגא םרק יולימב ""LOVITA""   תויגוע‬",2025,49,1
305001,"‭(18)'ג127 םיזוגא םרק יולימב ""LOVITA""   תויגוע‬",2025,50,1
305001,"‭(18)'ג127 םיזוגא םרק יולימב ""LOVITA""   תויגוע‬",2025,51,2
305001,"‭(18)'ג127 םיזוגא םרק יולימב ""LOVITA""   תויגוע‬",2026,3,1
305001,"‭(18)'ג127 םיזוגא םרק יולימב ""LOVITA""   תויגוע‬",2026,4,4
305001,"‭(18)'ג127 םיזוגא םרק יולימב ""LOVITA""   תויגוע‬",2026,6,1
305001,"‭(18)'ג127 םיזוגא םרק יולימב ""LOVITA""   תויגוע‬",2026,9,1
305001,"‭(18)'ג127 םיזוגא םרק יולימב ""LOVITA""   תויגוע‬",2026,11,1
305001,"‭(18)'ג127 םיזוגא םרק יולימב ""LOVITA""   תויגוע‬",2026,12,3
305001,"‭(18)'ג127 םיזוגא םרק יולימב ""LOVITA""   תויגוע‬",2026,13,2
305001,"‭(18)'ג127 םיזוגא םרק יולימב ""LOVITA""   תויגוע‬",2026,16,5
305001,"‭(18)'ג127 םיזוגא םרק יולימב ""LOVITA""   תויגוע‬",2026,18,1
305001,"‭(18)'ג127 םיזוגא םרק יולימב ""LOVITA""   תויגוע‬",2026,19,1
305001,"‭(18)'ג127 םיזוגא םרק יולימב ""LOVITA""   תויגוע‬",2026,21,1
305001,"‭(18)'ג127 םיזוגא םרק יולימב ""LOVITA""   תויגוע‬",2026,25,1
305001,"‭(18)'ג127 םיזוגא םרק יולימב ""LOVITA""   תויגוע‬",2026,26,2
305001,"‭(18)'ג127 םיזוגא םרק יולימב ""LOVITA""   תויגוע‬",2026,27,1
305001,"‭(18)'ג127 םיזוגא םרק יולימב ""LOVITA""   תויגוע‬",2026,29,1
305001,"‭(18)'ג127 םיזוגא םרק יולימב ""LOVITA""   תויגוע‬",2026,30,1
305001,"‭(18)'ג127 םיזוגא םרק יולימב ""LOVITA""   תויגוע‬",2026,32,1
305002,"‭(18)'ג127 בלח םרק יולימב ""LOVITA""   תויגוע‬",2025,34,1
305002,"‭(18)'ג127 בלח םרק יולימב ""LOVITA""   תויגוע‬",2025,35,1
305002,"‭(18)'ג127 בלח םרק יולימב ""LOVITA""   תויגוע‬",2025,37,2
305002,"‭(18)'ג127 בלח םרק יולימב ""LOVITA""   תויגוע‬",2025,38,3
305002,"‭(18)'ג127 בלח םרק יולימב ""LOVITA""   תויגוע‬",2025,41,1
305002,"‭(18)'ג127 בלח םרק יולימב ""LOVITA""   תויגוע‬",2025,43,2
305002,"‭(18)'ג127 בלח םרק יולימב ""LOVITA""   תויגוע‬",2025,44,1
305002,"‭(18)'ג127 בלח םרק יולימב ""LOVITA""   תויגוע‬",2025,45,2
305002,"‭(18)'ג127 בלח םרק יולימב ""LOVITA""   תויגוע‬",2025,47,1
305002,"‭(18)'ג127 בלח םרק יולימב ""LOVITA""   תויגוע‬",2025,49,1
305002,"‭(18)'ג127 בלח םרק יולימב ""LOVITA""   תויגוע‬",2025,50,1
305002,"‭(18)'ג127 בלח םרק יולימב ""LOVITA""   תויגוע‬",2025,51,2
305002,"‭(18)'ג127 בלח םרק יולימב ""LOVITA""   תויגוע‬",2025,52,1
305002,"‭(18)'ג127 בלח םרק יולימב ""LOVITA""   תויגוע‬",2025,53,1
305002,"‭(18)'ג127 בלח םרק יולימב ""LOVITA""   תויגוע‬",2026,2,2
305002,"‭(18)'ג127 בלח םרק יולימב ""LOVITA""   תויגוע‬",2026,3,3
305002,"‭(18)'ג127 בלח םרק יולימב ""LOVITA""   תויגוע‬",2026,4,3
305002,"‭(18)'ג127 בלח םרק יולימב ""LOVITA""   תויגוע‬",2026,6,2
305002,"‭(18)'ג127 בלח םרק יולימב ""LOVITA""   תויגוע‬",2026,7,2
305002,"‭(18)'ג127 בלח םרק יולימב ""LOVITA""   תויגוע‬",2026,8,1
305002,"‭(18)'ג127 בלח םרק יולימב ""LOVITA""   תויגוע‬",2026,9,1
305002,"‭(18)'ג127 בלח םרק יולימב ""LOVITA""   תויגוע‬",2026,10,1
305002,"‭(18)'ג127 בלח םרק יולימב ""LOVITA""   תויגוע‬",2026,11,1
305002,"‭(18)'ג127 בלח םרק יולימב ""LOVITA""   תויגוע‬",2026,12,2
305002,"‭(18)'ג127 בלח םרק יולימב ""LOVITA""   תויגוע‬",2026,13,1
305002,"‭(18)'ג127 בלח םרק יולימב ""LOVITA""   תויגוע‬",2026,14,1
305002,"‭(18)'ג127 בלח םרק יולימב ""LOVITA""   תויגוע‬",2026,16,3
305002,"‭(18)'ג127 בלח םרק יולימב ""LOVITA""   תויגוע‬",2026,19,2
305002,"‭(18)'ג127 בלח םרק יולימב ""LOVITA""   תויגוע‬",2026,20,2
305002,"‭(18)'ג127 בלח םרק יולימב ""LOVITA""   תויגוע‬",2026,23,2
305002,"‭(18)'ג127 בלח םרק יולימב ""LOVITA""   תויגוע‬",2026,24,1
305002,"‭(18)'ג127 בלח םרק יולימב ""LOVITA""   תויגוע‬",2026,25,2
305002,"‭(18)'ג127 בלח םרק יולימב ""LOVITA""   תויגוע‬",2026,26,1
305002,"‭(18)'ג127 בלח םרק יולימב ""LOVITA""   תויגוע‬",2026,28,2
305002,"‭(18)'ג127 בלח םרק יולימב ""LOVITA""   תויגוע‬",2026,29,2
305002,"‭(18)'ג127 בלח םרק יולימב ""LOVITA""   תויגוע‬",2026,30,5
305002,"‭(18)'ג127 בלח םרק יולימב ""LOVITA""   תויגוע‬",2026,31,1
305002,"‭(18)'ג127 בלח םרק יולימב ""LOVITA""   תויגוע‬",2026,32,6
305003,"‭(18)'ג127 ואקק םרק יולימב ""LOVITA""   תויגוע‬",2025,33,1
305003,"‭(18)'ג127 ואקק םרק יולימב ""LOVITA""   תויגוע‬",2025,34,1
305003,"‭(18)'ג127 ואקק םרק יולימב ""LOVITA""   תויגוע‬",2025,37,2
305003,"‭(18)'ג127 ואקק םרק יולימב ""LOVITA""   תויגוע‬",2025,38,2
305003,"‭(18)'ג127 ואקק םרק יולימב ""LOVITA""   תויגוע‬",2025,44,1
305003,"‭(18)'ג127 ואקק םרק יולימב ""LOVITA""   תויגוע‬",2025,45,1
305003,"‭(18)'ג127 ואקק םרק יולימב ""LOVITA""   תויגוע‬",2025,46,1
305003,"‭(18)'ג127 ואקק םרק יולימב ""LOVITA""   תויגוע‬",2025,50,1
305003,"‭(18)'ג127 ואקק םרק יולימב ""LOVITA""   תויגוע‬",2025,51,3
305003,"‭(18)'ג127 ואקק םרק יולימב ""LOVITA""   תויגוע‬",2026,2,1
305003,"‭(18)'ג127 ואקק םרק יולימב ""LOVITA""   תויגוע‬",2026,3,1
305003,"‭(18)'ג127 ואקק םרק יולימב ""LOVITA""   תויגוע‬",2026,4,1
305003,"‭(18)'ג127 ואקק םרק יולימב ""LOVITA""   תויגוע‬",2026,6,1
305003,"‭(18)'ג127 ואקק םרק יולימב ""LOVITA""   תויגוע‬",2026,7,3
305003,"‭(18)'ג127 ואקק םרק יולימב ""LOVITA""   תויגוע‬",2026,8,1
305003,"‭(18)'ג127 ואקק םרק יולימב ""LOVITA""   תויגוע‬",2026,9,1
305003,"‭(18)'ג127 ואקק םרק יולימב ""LOVITA""   תויגוע‬",2026,11,1
305003,"‭(18)'ג127 ואקק םרק יולימב ""LOVITA""   תויגוע‬",2026,12,2
305003,"‭(18)'ג127 ואקק םרק יולימב ""LOVITA""   תויגוע‬",2026,13,2
305003,"‭(18)'ג127 ואקק םרק יולימב ""LOVITA""   תויגוע‬",2026,15,1
305003,"‭(18)'ג127 ואקק םרק יולימב ""LOVITA""   תויגוע‬",2026,16,6
305003,"‭(18)'ג127 ואקק םרק יולימב ""LOVITA""   תויגוע‬",2026,19,1
305003,"‭(18)'ג127 ואקק םרק יולימב ""LOVITA""   תויגוע‬",2026,23,1
305003,"‭(18)'ג127 ואקק םרק יולימב ""LOVITA""   תויגוע‬",2026,24,1
305003,"‭(18)'ג127 ואקק םרק יולימב ""LOVITA""   תויגוע‬",2026,26,1
305003,"‭(18)'ג127 ואקק םרק יולימב ""LOVITA""   תויגוע‬",2026,28,4
305003,"‭(18)'ג127 ואקק םרק יולימב ""LOVITA""   תויגוע‬",2026,29,2
305003,"‭(18)'ג127 ואקק םרק יולימב ""LOVITA""   תויגוע‬",2026,30,1
305003,"‭(18)'ג127 ואקק םרק יולימב ""LOVITA""   תויגוע‬",2026,32,6
305004,"‭(16)'ג150 םינטוב תוכיתח םע ""LOVITA""   תויגוע‬",2025,34,1
305004,"‭(16)'ג150 םינטוב תוכיתח םע ""LOVITA""   תויגוע‬",2025,36,2
305004,"‭(16)'ג150 םינטוב תוכיתח םע ""LOVITA""   תויגוע‬",2025,38,5
305004,"‭(16)'ג150 םינטוב תוכיתח םע ""LOVITA""   תויגוע‬",2025,43,1
305004,"‭(16)'ג150 םינטוב תוכיתח םע ""LOVITA""   תויגוע‬",2025,46,3
305004,"‭(16)'ג150 םינטוב תוכיתח םע ""LOVITA""   תויגוע‬",2025,48,1
305004,"‭(16)'ג150 םינטוב תוכיתח םע ""LOVITA""   תויגוע‬",2025,49,1
305004,"‭(16)'ג150 םינטוב תוכיתח םע ""LOVITA""   תויגוע‬",2025,50,2
305004,"‭(16)'ג150 םינטוב תוכיתח םע ""LOVITA""   תויגוע‬",2025,51,2
305004,"‭(16)'ג150 םינטוב תוכיתח םע ""LOVITA""   תויגוע‬",2025,53,1
305004,"‭(16)'ג150 םינטוב תוכיתח םע ""LOVITA""   תויגוע‬",2026,3,1
305004,"‭(16)'ג150 םינטוב תוכיתח םע ""LOVITA""   תויגוע‬",2026,4,3
305004,"‭(16)'ג150 םינטוב תוכיתח םע ""LOVITA""   תויגוע‬",2026,6,1
305004,"‭(16)'ג150 םינטוב תוכיתח םע ""LOVITA""   תויגוע‬",2026,7,1
305004,"‭(16)'ג150 םינטוב תוכיתח םע ""LOVITA""   תויגוע‬",2026,9,2
305004,"‭(16)'ג150 םינטוב תוכיתח םע ""LOVITA""   תויגוע‬",2026,10,1
305004,"‭(16)'ג150 םינטוב תוכיתח םע ""LOVITA""   תויגוע‬",2026,11,2
305004,"‭(16)'ג150 םינטוב תוכיתח םע ""LOVITA""   תויגוע‬",2026,12,1
305004,"‭(16)'ג150 םינטוב תוכיתח םע ""LOVITA""   תויגוע‬",2026,13,1
305004,"‭(16)'ג150 םינטוב תוכיתח םע ""LOVITA""   תויגוע‬",2026,15,1
305004,"‭(16)'ג150 םינטוב תוכיתח םע ""LOVITA""   תויגוע‬",2026,16,4
305004,"‭(16)'ג150 םינטוב תוכיתח םע ""LOVITA""   תויגוע‬",2026,18,1
305004,"‭(16)'ג150 םינטוב תוכיתח םע ""LOVITA""   תויגוע‬",2026,20,1
305004,"‭(16)'ג150 םינטוב תוכיתח םע ""LOVITA""   תויגוע‬",2026,25,2
305004,"‭(16)'ג150 םינטוב תוכיתח םע ""LOVITA""   תויגוע‬",2026,26,1
305004,"‭(16)'ג150 םינטוב תוכיתח םע ""LOVITA""   תויגוע‬",2026,28,2
305004,"‭(16)'ג150 םינטוב תוכיתח םע ""LOVITA""   תויגוע‬",2026,29,3
305004,"‭(16)'ג150 םינטוב תוכיתח םע ""LOVITA""   תויגוע‬",2026,30,5
305005,"‭(16)ג150דלוקוש תוכיתח םע דלוקוש ""LOVITA"" תויגוע‬",2025,33,1
305005,"‭(16)ג150דלוקוש תוכיתח םע דלוקוש ""LOVITA"" תויגוע‬",2025,34,1
305005,"‭(16)ג150דלוקוש תוכיתח םע דלוקוש ""LOVITA"" תויגוע‬",2025,35,2
305005,"‭(16)ג150דלוקוש תוכיתח םע דלוקוש ""LOVITA"" תויגוע‬",2025,36,2
305005,"‭(16)ג150דלוקוש תוכיתח םע דלוקוש ""LOVITA"" תויגוע‬",2025,37,2
305005,"‭(16)ג150דלוקוש תוכיתח םע דלוקוש ""LOVITA"" תויגוע‬",2025,38,4
305005,"‭(16)ג150דלוקוש תוכיתח םע דלוקוש ""LOVITA"" תויגוע‬",2025,41,1
305005,"‭(16)ג150דלוקוש תוכיתח םע דלוקוש ""LOVITA"" תויגוע‬",2025,42,1
305005,"‭(16)ג150דלוקוש תוכיתח םע דלוקוש ""LOVITA"" תויגוע‬",2025,44,1
305005,"‭(16)ג150דלוקוש תוכיתח םע דלוקוש ""LOVITA"" תויגוע‬",2025,45,2
305005,"‭(16)ג150דלוקוש תוכיתח םע דלוקוש ""LOVITA"" תויגוע‬",2025,48,1
305005,"‭(16)ג150דלוקוש תוכיתח םע דלוקוש ""LOVITA"" תויגוע‬",2025,49,1
305005,"‭(16)ג150דלוקוש תוכיתח םע דלוקוש ""LOVITA"" תויגוע‬",2025,50,2
305005,"‭(16)ג150דלוקוש תוכיתח םע דלוקוש ""LOVITA"" תויגוע‬",2025,52,2
305005,"‭(16)ג150דלוקוש תוכיתח םע דלוקוש ""LOVITA"" תויגוע‬",2026,2,1
305005,"‭(16)ג150דלוקוש תוכיתח םע דלוקוש ""LOVITA"" תויגוע‬",2026,4,3
305005,"‭(16)ג150דלוקוש תוכיתח םע דלוקוש ""LOVITA"" תויגוע‬",2026,7,6
305005,"‭(16)ג150דלוקוש תוכיתח םע דלוקוש ""LOVITA"" תויגוע‬",2026,8,1
305005,"‭(16)ג150דלוקוש תוכיתח םע דלוקוש ""LOVITA"" תויגוע‬",2026,10,1
305005,"‭(16)ג150דלוקוש תוכיתח םע דלוקוש ""LOVITA"" תויגוע‬",2026,11,1
305005,"‭(16)ג150דלוקוש תוכיתח םע דלוקוש ""LOVITA"" תויגוע‬",2026,13,2
305005,"‭(16)ג150דלוקוש תוכיתח םע דלוקוש ""LOVITA"" תויגוע‬",2026,16,2
305005,"‭(16)ג150דלוקוש תוכיתח םע דלוקוש ""LOVITA"" תויגוע‬",2026,17,1
305005,"‭(16)ג150דלוקוש תוכיתח םע דלוקוש ""LOVITA"" תויגוע‬",2026,23,2
305005,"‭(16)ג150דלוקוש תוכיתח םע דלוקוש ""LOVITA"" תויגוע‬",2026,24,1
305005,"‭(16)ג150דלוקוש תוכיתח םע דלוקוש ""LOVITA"" תויגוע‬",2026,25,1
305005,"‭(16)ג150דלוקוש תוכיתח םע דלוקוש ""LOVITA"" תויגוע‬",2026,26,3
305005,"‭(16)ג150דלוקוש תוכיתח םע דלוקוש ""LOVITA"" תויגוע‬",2026,27,3
305005,"‭(16)ג150דלוקוש תוכיתח םע דלוקוש ""LOVITA"" תויגוע‬",2026,28,3.06
305005,"‭(16)ג150דלוקוש תוכיתח םע דלוקוש ""LOVITA"" תויגוע‬",2026,29,3
305005,"‭(16)ג150דלוקוש תוכיתח םע דלוקוש ""LOVITA"" תויגוע‬",2026,30,6
305005,"‭(16)ג150דלוקוש תוכיתח םע דלוקוש ""LOVITA"" תויגוע‬",2026,32,4
305006,"‭(16)ג150דלוקוש תוכיתח ""LOVITA "" ספי'צוקוש תויגוע‬",2025,33,2
305006,"‭(16)ג150דלוקוש תוכיתח ""LOVITA "" ספי'צוקוש תויגוע‬",2025,34,1
305006,"‭(16)ג150דלוקוש תוכיתח ""LOVITA "" ספי'צוקוש תויגוע‬",2025,35,2
305006,"‭(16)ג150דלוקוש תוכיתח ""LOVITA "" ספי'צוקוש תויגוע‬",2025,36,3
305006,"‭(16)ג150דלוקוש תוכיתח ""LOVITA "" ספי'צוקוש תויגוע‬",2025,37,2
305006,"‭(16)ג150דלוקוש תוכיתח ""LOVITA "" ספי'צוקוש תויגוע‬",2025,38,3
305006,"‭(16)ג150דלוקוש תוכיתח ""LOVITA "" ספי'צוקוש תויגוע‬",2025,41,2
305006,"‭(16)ג150דלוקוש תוכיתח ""LOVITA "" ספי'צוקוש תויגוע‬",2025,42,2
305006,"‭(16)ג150דלוקוש תוכיתח ""LOVITA "" ספי'צוקוש תויגוע‬",2025,43,2
305006,"‭(16)ג150דלוקוש תוכיתח ""LOVITA "" ספי'צוקוש תויגוע‬",2025,44,4
305006,"‭(16)ג150דלוקוש תוכיתח ""LOVITA "" ספי'צוקוש תויגוע‬",2025,46,4.63
305006,"‭(16)ג150דלוקוש תוכיתח ""LOVITA "" ספי'צוקוש תויגוע‬",2025,47,4
305006,"‭(16)ג150דלוקוש תוכיתח ""LOVITA "" ספי'צוקוש תויגוע‬",2025,50,1
305006,"‭(16)ג150דלוקוש תוכיתח ""LOVITA "" ספי'צוקוש תויגוע‬",2025,51,1
305006,"‭(16)ג150דלוקוש תוכיתח ""LOVITA "" ספי'צוקוש תויגוע‬",2025,53,2
305006,"‭(16)ג150דלוקוש תוכיתח ""LOVITA "" ספי'צוקוש תויגוע‬",2026,2,3
305006,"‭(16)ג150דלוקוש תוכיתח ""LOVITA "" ספי'צוקוש תויגוע‬",2026,3,2
305006,"‭(16)ג150דלוקוש תוכיתח ""LOVITA "" ספי'צוקוש תויגוע‬",2026,4,2
305006,"‭(16)ג150דלוקוש תוכיתח ""LOVITA "" ספי'צוקוש תויגוע‬",2026,7,5
305006,"‭(16)ג150דלוקוש תוכיתח ""LOVITA "" ספי'צוקוש תויגוע‬",2026,8,2
305006,"‭(16)ג150דלוקוש תוכיתח ""LOVITA "" ספי'צוקוש תויגוע‬",2026,9,1
305006,"‭(16)ג150דלוקוש תוכיתח ""LOVITA "" ספי'צוקוש תויגוע‬",2026,10,2
305006,"‭(16)ג150דלוקוש תוכיתח ""LOVITA "" ספי'צוקוש תויגוע‬",2026,11,1
305006,"‭(16)ג150דלוקוש תוכיתח ""LOVITA "" ספי'צוקוש תויגוע‬",2026,12,3
305006,"‭(16)ג150דלוקוש תוכיתח ""LOVITA "" ספי'צוקוש תויגוע‬",2026,13,3
305006,"‭(16)ג150דלוקוש תוכיתח ""LOVITA "" ספי'צוקוש תויגוע‬",2026,14,1
305006,"‭(16)ג150דלוקוש תוכיתח ""LOVITA "" ספי'צוקוש תויגוע‬",2026,15,1
305006,"‭(16)ג150דלוקוש תוכיתח ""LOVITA "" ספי'צוקוש תויגוע‬",2026,16,6
305006,"‭(16)ג150דלוקוש תוכיתח ""LOVITA "" ספי'צוקוש תויגוע‬",2026,17,2
305006,"‭(16)ג150דלוקוש תוכיתח ""LOVITA "" ספי'צוקוש תויגוע‬",2026,19,1
305006,"‭(16)ג150דלוקוש תוכיתח ""LOVITA "" ספי'צוקוש תויגוע‬",2026,20,3
305006,"‭(16)ג150דלוקוש תוכיתח ""LOVITA "" ספי'צוקוש תויגוע‬",2026,21,1
305006,"‭(16)ג150דלוקוש תוכיתח ""LOVITA "" ספי'צוקוש תויגוע‬",2026,23,4
305006,"‭(16)ג150דלוקוש תוכיתח ""LOVITA "" ספי'צוקוש תויגוע‬",2026,24,1
305006,"‭(16)ג150דלוקוש תוכיתח ""LOVITA "" ספי'צוקוש תויגוע‬",2026,25,1
305006,"‭(16)ג150דלוקוש תוכיתח ""LOVITA "" ספי'צוקוש תויגוע‬",2026,26,1
305006,"‭(16)ג150דלוקוש תוכיתח ""LOVITA "" ספי'צוקוש תויגוע‬",2026,27,3
305006,"‭(16)ג150דלוקוש תוכיתח ""LOVITA "" ספי'צוקוש תויגוע‬",2026,28,3
305006,"‭(16)ג150דלוקוש תוכיתח ""LOVITA "" ספי'צוקוש תויגוע‬",2026,29,2
305006,"‭(16)ג150דלוקוש תוכיתח ""LOVITA "" ספי'צוקוש תויגוע‬",2026,30,8
305006,"‭(16)ג150דלוקוש תוכיתח ""LOVITA "" ספי'צוקוש תויגוע‬",2026,31,1
305006,"‭(16)ג150דלוקוש תוכיתח ""LOVITA "" ספי'צוקוש תויגוע‬",2026,32,7
305008,"‭(16)'ג168 ""LOVITA"" ןומניק חופת יולימ םע תויגוע‬",2025,33,2
305008,"‭(16)'ג168 ""LOVITA"" ןומניק חופת יולימ םע תויגוע‬",2025,34,3
305008,"‭(16)'ג168 ""LOVITA"" ןומניק חופת יולימ םע תויגוע‬",2025,35,3
305008,"‭(16)'ג168 ""LOVITA"" ןומניק חופת יולימ םע תויגוע‬",2025,37,3
305008,"‭(16)'ג168 ""LOVITA"" ןומניק חופת יולימ םע תויגוע‬",2025,38,2
305008,"‭(16)'ג168 ""LOVITA"" ןומניק חופת יולימ םע תויגוע‬",2025,40,1
305008,"‭(16)'ג168 ""LOVITA"" ןומניק חופת יולימ םע תויגוע‬",2025,42,3
305008,"‭(16)'ג168 ""LOVITA"" ןומניק חופת יולימ םע תויגוע‬",2025,43,1
305008,"‭(16)'ג168 ""LOVITA"" ןומניק חופת יולימ םע תויגוע‬",2025,44,4
305008,"‭(16)'ג168 ""LOVITA"" ןומניק חופת יולימ םע תויגוע‬",2025,45,2
305008,"‭(16)'ג168 ""LOVITA"" ןומניק חופת יולימ םע תויגוע‬",2025,46,4
305008,"‭(16)'ג168 ""LOVITA"" ןומניק חופת יולימ םע תויגוע‬",2025,47,1
305008,"‭(16)'ג168 ""LOVITA"" ןומניק חופת יולימ םע תויגוע‬",2025,49,2
305008,"‭(16)'ג168 ""LOVITA"" ןומניק חופת יולימ םע תויגוע‬",2025,50,2
305008,"‭(16)'ג168 ""LOVITA"" ןומניק חופת יולימ םע תויגוע‬",2025,51,5
305008,"‭(16)'ג168 ""LOVITA"" ןומניק חופת יולימ םע תויגוע‬",2025,52,1
305008,"‭(16)'ג168 ""LOVITA"" ןומניק חופת יולימ םע תויגוע‬",2025,53,1
305008,"‭(16)'ג168 ""LOVITA"" ןומניק חופת יולימ םע תויגוע‬",2026,2,2
305008,"‭(16)'ג168 ""LOVITA"" ןומניק חופת יולימ םע תויגוע‬",2026,3,2
305008,"‭(16)'ג168 ""LOVITA"" ןומניק חופת יולימ םע תויגוע‬",2026,4,1
305008,"‭(16)'ג168 ""LOVITA"" ןומניק חופת יולימ םע תויגוע‬",2026,6,2
305008,"‭(16)'ג168 ""LOVITA"" ןומניק חופת יולימ םע תויגוע‬",2026,7,4
305008,"‭(16)'ג168 ""LOVITA"" ןומניק חופת יולימ םע תויגוע‬",2026,8,2
305008,"‭(16)'ג168 ""LOVITA"" ןומניק חופת יולימ םע תויגוע‬",2026,11,1
305008,"‭(16)'ג168 ""LOVITA"" ןומניק חופת יולימ םע תויגוע‬",2026,12,1
305008,"‭(16)'ג168 ""LOVITA"" ןומניק חופת יולימ םע תויגוע‬",2026,13,1
305008,"‭(16)'ג168 ""LOVITA"" ןומניק חופת יולימ םע תויגוע‬",2026,15,1
305008,"‭(16)'ג168 ""LOVITA"" ןומניק חופת יולימ םע תויגוע‬",2026,16,10
305008,"‭(16)'ג168 ""LOVITA"" ןומניק חופת יולימ םע תויגוע‬",2026,17,2
305008,"‭(16)'ג168 ""LOVITA"" ןומניק חופת יולימ םע תויגוע‬",2026,18,1
305008,"‭(16)'ג168 ""LOVITA"" ןומניק חופת יולימ םע תויגוע‬",2026,19,1
305008,"‭(16)'ג168 ""LOVITA"" ןומניק חופת יולימ םע תויגוע‬",2026,22,2
305008,"‭(16)'ג168 ""LOVITA"" ןומניק חופת יולימ םע תויגוע‬",2026,23,1
305008,"‭(16)'ג168 ""LOVITA"" ןומניק חופת יולימ םע תויגוע‬",2026,24,1
305008,"‭(16)'ג168 ""LOVITA"" ןומניק חופת יולימ םע תויגוע‬",2026,25,1
305008,"‭(16)'ג168 ""LOVITA"" ןומניק חופת יולימ םע תויגוע‬",2026,26,4.13
305008,"‭(16)'ג168 ""LOVITA"" ןומניק חופת יולימ םע תויגוע‬",2026,27,0.06
305008,"‭(16)'ג168 ""LOVITA"" ןומניק חופת יולימ םע תויגוע‬",2026,29,1.94
305008,"‭(16)'ג168 ""LOVITA"" ןומניק חופת יולימ םע תויגוע‬",2026,30,1
305008,"‭(16)'ג168 ""LOVITA"" ןומניק חופת יולימ םע תויגוע‬",2026,32,2
305009,"‭(16)'ג168 ""LOVITA"" הדש תות יולימ םע תויגוע‬",2025,33,2
305009,"‭(16)'ג168 ""LOVITA"" הדש תות יולימ םע תויגוע‬",2025,34,4
305009,"‭(16)'ג168 ""LOVITA"" הדש תות יולימ םע תויגוע‬",2025,35,3
305009,"‭(16)'ג168 ""LOVITA"" הדש תות יולימ םע תויגוע‬",2025,37,1
305009,"‭(16)'ג168 ""LOVITA"" הדש תות יולימ םע תויגוע‬",2025,38,1
305009,"‭(16)'ג168 ""LOVITA"" הדש תות יולימ םע תויגוע‬",2025,41,1
305009,"‭(16)'ג168 ""LOVITA"" הדש תות יולימ םע תויגוע‬",2025,42,2
305009,"‭(16)'ג168 ""LOVITA"" הדש תות יולימ םע תויגוע‬",2025,43,1
305009,"‭(16)'ג168 ""LOVITA"" הדש תות יולימ םע תויגוע‬",2025,44,4
305009,"‭(16)'ג168 ""LOVITA"" הדש תות יולימ םע תויגוע‬",2025,46,3
305009,"‭(16)'ג168 ""LOVITA"" הדש תות יולימ םע תויגוע‬",2025,47,2
305009,"‭(16)'ג168 ""LOVITA"" הדש תות יולימ םע תויגוע‬",2025,49,0.88
305009,"‭(16)'ג168 ""LOVITA"" הדש תות יולימ םע תויגוע‬",2025,50,0.19
305009,"‭(16)'ג168 ""LOVITA"" הדש תות יולימ םע תויגוע‬",2025,51,4.81
305009,"‭(16)'ג168 ""LOVITA"" הדש תות יולימ םע תויגוע‬",2025,52,1
305009,"‭(16)'ג168 ""LOVITA"" הדש תות יולימ םע תויגוע‬",2025,53,1
305009,"‭(16)'ג168 ""LOVITA"" הדש תות יולימ םע תויגוע‬",2026,2,1
305009,"‭(16)'ג168 ""LOVITA"" הדש תות יולימ םע תויגוע‬",2026,3,2
305009,"‭(16)'ג168 ""LOVITA"" הדש תות יולימ םע תויגוע‬",2026,4,1
305009,"‭(16)'ג168 ""LOVITA"" הדש תות יולימ םע תויגוע‬",2026,5,1
305009,"‭(16)'ג168 ""LOVITA"" הדש תות יולימ םע תויגוע‬",2026,6,3
305009,"‭(16)'ג168 ""LOVITA"" הדש תות יולימ םע תויגוע‬",2026,7,1
305009,"‭(16)'ג168 ""LOVITA"" הדש תות יולימ םע תויגוע‬",2026,8,2
305009,"‭(16)'ג168 ""LOVITA"" הדש תות יולימ םע תויגוע‬",2026,9,2
305009,"‭(16)'ג168 ""LOVITA"" הדש תות יולימ םע תויגוע‬",2026,10,1
305009,"‭(16)'ג168 ""LOVITA"" הדש תות יולימ םע תויגוע‬",2026,11,2
305009,"‭(16)'ג168 ""LOVITA"" הדש תות יולימ םע תויגוע‬",2026,12,1
305009,"‭(16)'ג168 ""LOVITA"" הדש תות יולימ םע תויגוע‬",2026,16,6
305009,"‭(16)'ג168 ""LOVITA"" הדש תות יולימ םע תויגוע‬",2026,17,1
305009,"‭(16)'ג168 ""LOVITA"" הדש תות יולימ םע תויגוע‬",2026,18,3
305009,"‭(16)'ג168 ""LOVITA"" הדש תות יולימ םע תויגוע‬",2026,19,1
305009,"‭(16)'ג168 ""LOVITA"" הדש תות יולימ םע תויגוע‬",2026,20,1
305009,"‭(16)'ג168 ""LOVITA"" הדש תות יולימ םע תויגוע‬",2026,21,1
305009,"‭(16)'ג168 ""LOVITA"" הדש תות יולימ םע תויגוע‬",2026,22,3
305009,"‭(16)'ג168 ""LOVITA"" הדש תות יולימ םע תויגוע‬",2026,23,2
305009,"‭(16)'ג168 ""LOVITA"" הדש תות יולימ םע תויגוע‬",2026,28,1.06
305009,"‭(16)'ג168 ""LOVITA"" הדש תות יולימ םע תויגוע‬",2026,29,1
305009,"‭(16)'ג168 ""LOVITA"" הדש תות יולימ םע תויגוע‬",2026,30,1
305009,"‭(16)'ג168 ""LOVITA"" הדש תות יולימ םע תויגוע‬",2026,32,2
305010,"‭(16)'ג168 ""LOVITA"" לינו ןבדבוד יולימ םע תויגוע‬",2025,33,1
305010,"‭(16)'ג168 ""LOVITA"" לינו ןבדבוד יולימ םע תויגוע‬",2025,34,2
305010,"‭(16)'ג168 ""LOVITA"" לינו ןבדבוד יולימ םע תויגוע‬",2025,35,3
305010,"‭(16)'ג168 ""LOVITA"" לינו ןבדבוד יולימ םע תויגוע‬",2025,36,1
305010,"‭(16)'ג168 ""LOVITA"" לינו ןבדבוד יולימ םע תויגוע‬",2025,37,3
305010,"‭(16)'ג168 ""LOVITA"" לינו ןבדבוד יולימ םע תויגוע‬",2025,42,2
305010,"‭(16)'ג168 ""LOVITA"" לינו ןבדבוד יולימ םע תויגוע‬",2025,43,1
305010,"‭(16)'ג168 ""LOVITA"" לינו ןבדבוד יולימ םע תויגוע‬",2025,44,4
305010,"‭(16)'ג168 ""LOVITA"" לינו ןבדבוד יולימ םע תויגוע‬",2025,45,1
305010,"‭(16)'ג168 ""LOVITA"" לינו ןבדבוד יולימ םע תויגוע‬",2025,46,3
305010,"‭(16)'ג168 ""LOVITA"" לינו ןבדבוד יולימ םע תויגוע‬",2025,47,2
305010,"‭(16)'ג168 ""LOVITA"" לינו ןבדבוד יולימ םע תויגוע‬",2025,50,1
305010,"‭(16)'ג168 ""LOVITA"" לינו ןבדבוד יולימ םע תויגוע‬",2025,51,2
305010,"‭(16)'ג168 ""LOVITA"" לינו ןבדבוד יולימ םע תויגוע‬",2025,53,3
305010,"‭(16)'ג168 ""LOVITA"" לינו ןבדבוד יולימ םע תויגוע‬",2026,2,1
305010,"‭(16)'ג168 ""LOVITA"" לינו ןבדבוד יולימ םע תויגוע‬",2026,3,1
305010,"‭(16)'ג168 ""LOVITA"" לינו ןבדבוד יולימ םע תויגוע‬",2026,5,1
305010,"‭(16)'ג168 ""LOVITA"" לינו ןבדבוד יולימ םע תויגוע‬",2026,8,3
305010,"‭(16)'ג168 ""LOVITA"" לינו ןבדבוד יולימ םע תויגוע‬",2026,11,2
305010,"‭(16)'ג168 ""LOVITA"" לינו ןבדבוד יולימ םע תויגוע‬",2026,12,2
305010,"‭(16)'ג168 ""LOVITA"" לינו ןבדבוד יולימ םע תויגוע‬",2026,13,1
305010,"‭(16)'ג168 ""LOVITA"" לינו ןבדבוד יולימ םע תויגוע‬",2026,16,3
305010,"‭(16)'ג168 ""LOVITA"" לינו ןבדבוד יולימ םע תויגוע‬",2026,17,1
305010,"‭(16)'ג168 ""LOVITA"" לינו ןבדבוד יולימ םע תויגוע‬",2026,18,2
305010,"‭(16)'ג168 ""LOVITA"" לינו ןבדבוד יולימ םע תויגוע‬",2026,19,1
305010,"‭(16)'ג168 ""LOVITA"" לינו ןבדבוד יולימ םע תויגוע‬",2026,21,1
305010,"‭(16)'ג168 ""LOVITA"" לינו ןבדבוד יולימ םע תויגוע‬",2026,22,1
305010,"‭(16)'ג168 ""LOVITA"" לינו ןבדבוד יולימ םע תויגוע‬",2026,23,1
305010,"‭(16)'ג168 ""LOVITA"" לינו ןבדבוד יולימ םע תויגוע‬",2026,25,3
305010,"‭(16)'ג168 ""LOVITA"" לינו ןבדבוד יולימ םע תויגוע‬",2026,26,2
305010,"‭(16)'ג168 ""LOVITA"" לינו ןבדבוד יולימ םע תויגוע‬",2026,30,1
305010,"‭(16)'ג168 ""LOVITA"" לינו ןבדבוד יולימ םע תויגוע‬",2026,31,1
305010,"‭(16)'ג168 ""LOVITA"" לינו ןבדבוד יולימ םע תויגוע‬",2026,32,1
305011,"‭(15) םרג 240 ןומניק םע YARYCH הטסאיס הל תוכירפ תויגוע‬",2025,34,2
305011,"‭(15) םרג 240 ןומניק םע YARYCH הטסאיס הל תוכירפ תויגוע‬",2025,36,2
305011,"‭(15) םרג 240 ןומניק םע YARYCH הטסאיס הל תוכירפ תויגוע‬",2025,38,1
305011,"‭(15) םרג 240 ןומניק םע YARYCH הטסאיס הל תוכירפ תויגוע‬",2025,44,2
305011,"‭(15) םרג 240 ןומניק םע YARYCH הטסאיס הל תוכירפ תויגוע‬",2025,45,0.47
305011,"‭(15) םרג 240 ןומניק םע YARYCH הטסאיס הל תוכירפ תויגוע‬",2025,46,3.07
305011,"‭(15) םרג 240 ןומניק םע YARYCH הטסאיס הל תוכירפ תויגוע‬",2025,47,1.47
305011,"‭(15) םרג 240 ןומניק םע YARYCH הטסאיס הל תוכירפ תויגוע‬",2025,48,1
305011,"‭(15) םרג 240 ןומניק םע YARYCH הטסאיס הל תוכירפ תויגוע‬",2025,49,3
305011,"‭(15) םרג 240 ןומניק םע YARYCH הטסאיס הל תוכירפ תויגוע‬",2025,51,2
305011,"‭(15) םרג 240 ןומניק םע YARYCH הטסאיס הל תוכירפ תויגוע‬",2025,52,1
305011,"‭(15) םרג 240 ןומניק םע YARYCH הטסאיס הל תוכירפ תויגוע‬",2025,53,1
305011,"‭(15) םרג 240 ןומניק םע YARYCH הטסאיס הל תוכירפ תויגוע‬",2026,2,1
305011,"‭(15) םרג 240 ןומניק םע YARYCH הטסאיס הל תוכירפ תויגוע‬",2026,3,1
305011,"‭(15) םרג 240 ןומניק םע YARYCH הטסאיס הל תוכירפ תויגוע‬",2026,4,1
305011,"‭(15) םרג 240 ןומניק םע YARYCH הטסאיס הל תוכירפ תויגוע‬",2026,6,1
305011,"‭(15) םרג 240 ןומניק םע YARYCH הטסאיס הל תוכירפ תויגוע‬",2026,7,1
305011,"‭(15) םרג 240 ןומניק םע YARYCH הטסאיס הל תוכירפ תויגוע‬",2026,8,2
305011,"‭(15) םרג 240 ןומניק םע YARYCH הטסאיס הל תוכירפ תויגוע‬",2026,9,1
305011,"‭(15) םרג 240 ןומניק םע YARYCH הטסאיס הל תוכירפ תויגוע‬",2026,12,3
305011,"‭(15) םרג 240 ןומניק םע YARYCH הטסאיס הל תוכירפ תויגוע‬",2026,20,5
305011,"‭(15) םרג 240 ןומניק םע YARYCH הטסאיס הל תוכירפ תויגוע‬",2026,22,1
305011,"‭(15) םרג 240 ןומניק םע YARYCH הטסאיס הל תוכירפ תויגוע‬",2026,23,2
305011,"‭(15) םרג 240 ןומניק םע YARYCH הטסאיס הל תוכירפ תויגוע‬",2026,24,1
305011,"‭(15) םרג 240 ןומניק םע YARYCH הטסאיס הל תוכירפ תויגוע‬",2026,25,3
305011,"‭(15) םרג 240 ןומניק םע YARYCH הטסאיס הל תוכירפ תויגוע‬",2026,32,1
305012,"‭(15) םרג 240 סוקוק םע YARYCH הטסאיס הל תוכירפ תויגוע‬",2025,36,0.6
305012,"‭(15) םרג 240 סוקוק םע YARYCH הטסאיס הל תוכירפ תויגוע‬",2025,38,2
305012,"‭(15) םרג 240 סוקוק םע YARYCH הטסאיס הל תוכירפ תויגוע‬",2025,42,1
305012,"‭(15) םרג 240 סוקוק םע YARYCH הטסאיס הל תוכירפ תויגוע‬",2025,44,1
305012,"‭(15) םרג 240 סוקוק םע YARYCH הטסאיס הל תוכירפ תויגוע‬",2025,45,1.47
305012,"‭(15) םרג 240 סוקוק םע YARYCH הטסאיס הל תוכירפ תויגוע‬",2025,46,2.07
305012,"‭(15) םרג 240 סוקוק םע YARYCH הטסאיס הל תוכירפ תויגוע‬",2025,47,1.47
305012,"‭(15) םרג 240 סוקוק םע YARYCH הטסאיס הל תוכירפ תויגוע‬",2025,48,1
305012,"‭(15) םרג 240 סוקוק םע YARYCH הטסאיס הל תוכירפ תויגוע‬",2025,49,1
305012,"‭(15) םרג 240 סוקוק םע YARYCH הטסאיס הל תוכירפ תויגוע‬",2025,50,1
305012,"‭(15) םרג 240 סוקוק םע YARYCH הטסאיס הל תוכירפ תויגוע‬",2025,51,1
305012,"‭(15) םרג 240 סוקוק םע YARYCH הטסאיס הל תוכירפ תויגוע‬",2025,53,1
305012,"‭(15) םרג 240 סוקוק םע YARYCH הטסאיס הל תוכירפ תויגוע‬",2026,3,1
305012,"‭(15) םרג 240 סוקוק םע YARYCH הטסאיס הל תוכירפ תויגוע‬",2026,4,3
305012,"‭(15) םרג 240 סוקוק םע YARYCH הטסאיס הל תוכירפ תויגוע‬",2026,5,1
305012,"‭(15) םרג 240 סוקוק םע YARYCH הטסאיס הל תוכירפ תויגוע‬",2026,7,1
305012,"‭(15) םרג 240 סוקוק םע YARYCH הטסאיס הל תוכירפ תויגוע‬",2026,8,2
305012,"‭(15) םרג 240 סוקוק םע YARYCH הטסאיס הל תוכירפ תויגוע‬",2026,11,1
305012,"‭(15) םרג 240 סוקוק םע YARYCH הטסאיס הל תוכירפ תויגוע‬",2026,12,2
305012,"‭(15) םרג 240 סוקוק םע YARYCH הטסאיס הל תוכירפ תויגוע‬",2026,20,5
305012,"‭(15) םרג 240 סוקוק םע YARYCH הטסאיס הל תוכירפ תויגוע‬",2026,22,1
305012,"‭(15) םרג 240 סוקוק םע YARYCH הטסאיס הל תוכירפ תויגוע‬",2026,23,2
305012,"‭(15) םרג 240 סוקוק םע YARYCH הטסאיס הל תוכירפ תויגוע‬",2026,24,1
305012,"‭(15) םרג 240 סוקוק םע YARYCH הטסאיס הל תוכירפ תויגוע‬",2026,25,4
305012,"‭(15) םרג 240 סוקוק םע YARYCH הטסאיס הל תוכירפ תויגוע‬",2026,26,1
305012,"‭(15) םרג 240 סוקוק םע YARYCH הטסאיס הל תוכירפ תויגוע‬",2026,32,0.93
305013,"‭(21)'ג152 ןומיל םע ""Lovita blondie brownie""   תויגוע‬",2025,34,2
305013,"‭(21)'ג152 ןומיל םע ""Lovita blondie brownie""   תויגוע‬",2025,35,1
305013,"‭(21)'ג152 ןומיל םע ""Lovita blondie brownie""   תויגוע‬",2025,37,1
305013,"‭(21)'ג152 ןומיל םע ""Lovita blondie brownie""   תויגוע‬",2025,38,1
305013,"‭(21)'ג152 ןומיל םע ""Lovita blondie brownie""   תויגוע‬",2025,41,1
305013,"‭(21)'ג152 ןומיל םע ""Lovita blondie brownie""   תויגוע‬",2025,44,1
305013,"‭(21)'ג152 ןומיל םע ""Lovita blondie brownie""   תויגוע‬",2025,47,2.24
305013,"‭(21)'ג152 ןומיל םע ""Lovita blondie brownie""   תויגוע‬",2025,48,1
305013,"‭(21)'ג152 ןומיל םע ""Lovita blondie brownie""   תויגוע‬",2025,49,2
305013,"‭(21)'ג152 ןומיל םע ""Lovita blondie brownie""   תויגוע‬",2025,50,1
305013,"‭(21)'ג152 ןומיל םע ""Lovita blondie brownie""   תויגוע‬",2025,52,3
305013,"‭(21)'ג152 ןומיל םע ""Lovita blondie brownie""   תויגוע‬",2025,53,2
305013,"‭(21)'ג152 ןומיל םע ""Lovita blondie brownie""   תויגוע‬",2026,3,1
305013,"‭(21)'ג152 ןומיל םע ""Lovita blondie brownie""   תויגוע‬",2026,4,2
305013,"‭(21)'ג152 ןומיל םע ""Lovita blondie brownie""   תויגוע‬",2026,5,2
305013,"‭(21)'ג152 ןומיל םע ""Lovita blondie brownie""   תויגוע‬",2026,9,1
305013,"‭(21)'ג152 ןומיל םע ""Lovita blondie brownie""   תויגוע‬",2026,11,2
305013,"‭(21)'ג152 ןומיל םע ""Lovita blondie brownie""   תויגוע‬",2026,12,4
305013,"‭(21)'ג152 ןומיל םע ""Lovita blondie brownie""   תויגוע‬",2026,13,1
305013,"‭(21)'ג152 ןומיל םע ""Lovita blondie brownie""   תויגוע‬",2026,16,5
305013,"‭(21)'ג152 ןומיל םע ""Lovita blondie brownie""   תויגוע‬",2026,17,2
305013,"‭(21)'ג152 ןומיל םע ""Lovita blondie brownie""   תויגוע‬",2026,18,4
305013,"‭(21)'ג152 ןומיל םע ""Lovita blondie brownie""   תויגוע‬",2026,19,1
305013,"‭(21)'ג152 ןומיל םע ""Lovita blondie brownie""   תויגוע‬",2026,20,1
305013,"‭(21)'ג152 ןומיל םע ""Lovita blondie brownie""   תויגוע‬",2026,21,1
305013,"‭(21)'ג152 ןומיל םע ""Lovita blondie brownie""   תויגוע‬",2026,22,1
305013,"‭(21)'ג152 ןומיל םע ""Lovita blondie brownie""   תויגוע‬",2026,25,1
305013,"‭(21)'ג152 ןומיל םע ""Lovita blondie brownie""   תויגוע‬",2026,27,2
305013,"‭(21)'ג152 ןומיל םע ""Lovita blondie brownie""   תויגוע‬",2026,28,1
305014,"‭(21)'ג152 סוקוק םע ""Lovita blondie brownie""   תויגוע‬",2025,33,2
305014,"‭(21)'ג152 סוקוק םע ""Lovita blondie brownie""   תויגוע‬",2025,35,2
305014,"‭(21)'ג152 סוקוק םע ""Lovita blondie brownie""   תויגוע‬",2025,37,1
305014,"‭(21)'ג152 סוקוק םע ""Lovita blondie brownie""   תויגוע‬",2025,38,1
305014,"‭(21)'ג152 סוקוק םע ""Lovita blondie brownie""   תויגוע‬",2025,42,2
305014,"‭(21)'ג152 סוקוק םע ""Lovita blondie brownie""   תויגוע‬",2025,44,1
305014,"‭(21)'ג152 סוקוק םע ""Lovita blondie brownie""   תויגוע‬",2025,45,1
305014,"‭(21)'ג152 סוקוק םע ""Lovita blondie brownie""   תויגוע‬",2025,49,0.71
305014,"‭(21)'ג152 סוקוק םע ""Lovita blondie brownie""   תויגוע‬",2025,50,1
305014,"‭(21)'ג152 סוקוק םע ""Lovita blondie brownie""   תויגוע‬",2025,52,2
305014,"‭(21)'ג152 סוקוק םע ""Lovita blondie brownie""   תויגוע‬",2025,53,3
305014,"‭(21)'ג152 סוקוק םע ""Lovita blondie brownie""   תויגוע‬",2026,3,4
305014,"‭(21)'ג152 סוקוק םע ""Lovita blondie brownie""   תויגוע‬",2026,4,1
305014,"‭(21)'ג152 סוקוק םע ""Lovita blondie brownie""   תויגוע‬",2026,5,2
305014,"‭(21)'ג152 סוקוק םע ""Lovita blondie brownie""   תויגוע‬",2026,6,1
305014,"‭(21)'ג152 סוקוק םע ""Lovita blondie brownie""   תויגוע‬",2026,7,1
305014,"‭(21)'ג152 סוקוק םע ""Lovita blondie brownie""   תויגוע‬",2026,9,2
305014,"‭(21)'ג152 סוקוק םע ""Lovita blondie brownie""   תויגוע‬",2026,10,2
305014,"‭(21)'ג152 סוקוק םע ""Lovita blondie brownie""   תויגוע‬",2026,11,1
305014,"‭(21)'ג152 סוקוק םע ""Lovita blondie brownie""   תויגוע‬",2026,12,4
305014,"‭(21)'ג152 סוקוק םע ""Lovita blondie brownie""   תויגוע‬",2026,15,1
305014,"‭(21)'ג152 סוקוק םע ""Lovita blondie brownie""   תויגוע‬",2026,16,4
305014,"‭(21)'ג152 סוקוק םע ""Lovita blondie brownie""   תויגוע‬",2026,17,1
305014,"‭(21)'ג152 סוקוק םע ""Lovita blondie brownie""   תויגוע‬",2026,19,2
305014,"‭(21)'ג152 סוקוק םע ""Lovita blondie brownie""   תויגוע‬",2026,20,1
305014,"‭(21)'ג152 סוקוק םע ""Lovita blondie brownie""   תויגוע‬",2026,21,1
305014,"‭(21)'ג152 סוקוק םע ""Lovita blondie brownie""   תויגוע‬",2026,22,1
305014,"‭(21)'ג152 סוקוק םע ""Lovita blondie brownie""   תויגוע‬",2026,23,1
305014,"‭(21)'ג152 סוקוק םע ""Lovita blondie brownie""   תויגוע‬",2026,25,1
305014,"‭(21)'ג152 סוקוק םע ""Lovita blondie brownie""   תויגוע‬",2026,26,2
305014,"‭(21)'ג152 סוקוק םע ""Lovita blondie brownie""   תויגוע‬",2026,27,1
305014,"‭(21)'ג152 סוקוק םע ""Lovita blondie brownie""   תויגוע‬",2026,28,1
305014,"‭(21)'ג152 סוקוק םע ""Lovita blondie brownie""   תויגוע‬",2026,30,1
305015,"‭(21)'ג152 ואקק יפיטנ םע ואקק ""Lovita brownie""   תויגוע‬",2025,33,2
305015,"‭(21)'ג152 ואקק יפיטנ םע ואקק ""Lovita brownie""   תויגוע‬",2025,34,3
305015,"‭(21)'ג152 ואקק יפיטנ םע ואקק ""Lovita brownie""   תויגוע‬",2025,35,4
305015,"‭(21)'ג152 ואקק יפיטנ םע ואקק ""Lovita brownie""   תויגוע‬",2025,37,2
305015,"‭(21)'ג152 ואקק יפיטנ םע ואקק ""Lovita brownie""   תויגוע‬",2025,38,2
305015,"‭(21)'ג152 ואקק יפיטנ םע ואקק ""Lovita brownie""   תויגוע‬",2025,42,1
305015,"‭(21)'ג152 ואקק יפיטנ םע ואקק ""Lovita brownie""   תויגוע‬",2025,43,3
305015,"‭(21)'ג152 ואקק יפיטנ םע ואקק ""Lovita brownie""   תויגוע‬",2025,44,3
305015,"‭(21)'ג152 ואקק יפיטנ םע ואקק ""Lovita brownie""   תויגוע‬",2025,45,1
305015,"‭(21)'ג152 ואקק יפיטנ םע ואקק ""Lovita brownie""   תויגוע‬",2025,46,0.71
305015,"‭(21)'ג152 ואקק יפיטנ םע ואקק ""Lovita brownie""   תויגוע‬",2025,47,3
305015,"‭(21)'ג152 ואקק יפיטנ םע ואקק ""Lovita brownie""   תויגוע‬",2025,48,1
305015,"‭(21)'ג152 ואקק יפיטנ םע ואקק ""Lovita brownie""   תויגוע‬",2025,49,2
305015,"‭(21)'ג152 ואקק יפיטנ םע ואקק ""Lovita brownie""   תויגוע‬",2025,50,1
305015,"‭(21)'ג152 ואקק יפיטנ םע ואקק ""Lovita brownie""   תויגוע‬",2025,52,2
305015,"‭(21)'ג152 ואקק יפיטנ םע ואקק ""Lovita brownie""   תויגוע‬",2025,53,3
305015,"‭(21)'ג152 ואקק יפיטנ םע ואקק ""Lovita brownie""   תויגוע‬",2026,2,1
305015,"‭(21)'ג152 ואקק יפיטנ םע ואקק ""Lovita brownie""   תויגוע‬",2026,3,3
305015,"‭(21)'ג152 ואקק יפיטנ םע ואקק ""Lovita brownie""   תויגוע‬",2026,4,3
305015,"‭(21)'ג152 ואקק יפיטנ םע ואקק ""Lovita brownie""   תויגוע‬",2026,6,1
305015,"‭(21)'ג152 ואקק יפיטנ םע ואקק ""Lovita brownie""   תויגוע‬",2026,8,1
305015,"‭(21)'ג152 ואקק יפיטנ םע ואקק ""Lovita brownie""   תויגוע‬",2026,9,4
305015,"‭(21)'ג152 ואקק יפיטנ םע ואקק ""Lovita brownie""   תויגוע‬",2026,10,1
305015,"‭(21)'ג152 ואקק יפיטנ םע ואקק ""Lovita brownie""   תויגוע‬",2026,11,2
305015,"‭(21)'ג152 ואקק יפיטנ םע ואקק ""Lovita brownie""   תויגוע‬",2026,12,4
305015,"‭(21)'ג152 ואקק יפיטנ םע ואקק ""Lovita brownie""   תויגוע‬",2026,13,1
305015,"‭(21)'ג152 ואקק יפיטנ םע ואקק ""Lovita brownie""   תויגוע‬",2026,14,1
305015,"‭(21)'ג152 ואקק יפיטנ םע ואקק ""Lovita brownie""   תויגוע‬",2026,16,11
305015,"‭(21)'ג152 ואקק יפיטנ םע ואקק ""Lovita brownie""   תויגוע‬",2026,17,3
305015,"‭(21)'ג152 ואקק יפיטנ םע ואקק ""Lovita brownie""   תויגוע‬",2026,18,2
305015,"‭(21)'ג152 ואקק יפיטנ םע ואקק ""Lovita brownie""   תויגוע‬",2026,19,1
305015,"‭(21)'ג152 ואקק יפיטנ םע ואקק ""Lovita brownie""   תויגוע‬",2026,20,1
305015,"‭(21)'ג152 ואקק יפיטנ םע ואקק ""Lovita brownie""   תויגוע‬",2026,21,1
305015,"‭(21)'ג152 ואקק יפיטנ םע ואקק ""Lovita brownie""   תויגוע‬",2026,22,2
305015,"‭(21)'ג152 ואקק יפיטנ םע ואקק ""Lovita brownie""   תויגוע‬",2026,23,1
305015,"‭(21)'ג152 ואקק יפיטנ םע ואקק ""Lovita brownie""   תויגוע‬",2026,25,1
305015,"‭(21)'ג152 ואקק יפיטנ םע ואקק ""Lovita brownie""   תויגוע‬",2026,27,1
305015,"‭(21)'ג152 ואקק יפיטנ םע ואקק ""Lovita brownie""   תויגוע‬",2026,28,2
305015,"‭(21)'ג152 ואקק יפיטנ םע ואקק ""Lovita brownie""   תויגוע‬",2026,29,2
305016,"‭(12)'ג160 דלוקוש   יולימב ""Wow Lorenzo"" תויגוע‬",2025,38,9
305016,"‭(12)'ג160 דלוקוש   יולימב ""Wow Lorenzo"" תויגוע‬",2025,39,1
305016,"‭(12)'ג160 דלוקוש   יולימב ""Wow Lorenzo"" תויגוע‬",2025,40,2
305016,"‭(12)'ג160 דלוקוש   יולימב ""Wow Lorenzo"" תויגוע‬",2025,41,2
305016,"‭(12)'ג160 דלוקוש   יולימב ""Wow Lorenzo"" תויגוע‬",2025,42,2
305016,"‭(12)'ג160 דלוקוש   יולימב ""Wow Lorenzo"" תויגוע‬",2025,43,1
305016,"‭(12)'ג160 דלוקוש   יולימב ""Wow Lorenzo"" תויגוע‬",2025,44,2
305016,"‭(12)'ג160 דלוקוש   יולימב ""Wow Lorenzo"" תויגוע‬",2025,46,2.83
305016,"‭(12)'ג160 דלוקוש   יולימב ""Wow Lorenzo"" תויגוע‬",2025,47,1
305016,"‭(12)'ג160 דלוקוש   יולימב ""Wow Lorenzo"" תויגוע‬",2025,49,1
305016,"‭(12)'ג160 דלוקוש   יולימב ""Wow Lorenzo"" תויגוע‬",2025,50,1
305016,"‭(12)'ג160 דלוקוש   יולימב ""Wow Lorenzo"" תויגוע‬",2025,51,1
305016,"‭(12)'ג160 דלוקוש   יולימב ""Wow Lorenzo"" תויגוע‬",2025,52,1
305016,"‭(12)'ג160 דלוקוש   יולימב ""Wow Lorenzo"" תויגוע‬",2025,53,3
305016,"‭(12)'ג160 דלוקוש   יולימב ""Wow Lorenzo"" תויגוע‬",2026,16,4
305016,"‭(12)'ג160 דלוקוש   יולימב ""Wow Lorenzo"" תויגוע‬",2026,17,1
305016,"‭(12)'ג160 דלוקוש   יולימב ""Wow Lorenzo"" תויגוע‬",2026,18,1
305016,"‭(12)'ג160 דלוקוש   יולימב ""Wow Lorenzo"" תויגוע‬",2026,19,1
305016,"‭(12)'ג160 דלוקוש   יולימב ""Wow Lorenzo"" תויגוע‬",2026,20,4
305016,"‭(12)'ג160 דלוקוש   יולימב ""Wow Lorenzo"" תויגוע‬",2026,21,2
305016,"‭(12)'ג160 דלוקוש   יולימב ""Wow Lorenzo"" תויגוע‬",2026,23,1
305016,"‭(12)'ג160 דלוקוש   יולימב ""Wow Lorenzo"" תויגוע‬",2026,24,1
305016,"‭(12)'ג160 דלוקוש   יולימב ""Wow Lorenzo"" תויגוע‬",2026,25,1
305016,"‭(12)'ג160 דלוקוש   יולימב ""Wow Lorenzo"" תויגוע‬",2026,26,1
305016,"‭(12)'ג160 דלוקוש   יולימב ""Wow Lorenzo"" תויגוע‬",2026,27,1
305016,"‭(12)'ג160 דלוקוש   יולימב ""Wow Lorenzo"" תויגוע‬",2026,29,2
305016,"‭(12)'ג160 דלוקוש   יולימב ""Wow Lorenzo"" תויגוע‬",2026,30,1
305017,"‭(12)ג140 דלוקוש   יופיצב םינטוב םע ""Wow Domenico"" תויגוע‬",2025,38,10
305017,"‭(12)ג140 דלוקוש   יופיצב םינטוב םע ""Wow Domenico"" תויגוע‬",2025,39,1
305017,"‭(12)ג140 דלוקוש   יופיצב םינטוב םע ""Wow Domenico"" תויגוע‬",2025,40,1.17
305017,"‭(12)ג140 דלוקוש   יופיצב םינטוב םע ""Wow Domenico"" תויגוע‬",2025,41,4
305017,"‭(12)ג140 דלוקוש   יופיצב םינטוב םע ""Wow Domenico"" תויגוע‬",2025,42,2
305017,"‭(12)ג140 דלוקוש   יופיצב םינטוב םע ""Wow Domenico"" תויגוע‬",2025,43,1
305017,"‭(12)ג140 דלוקוש   יופיצב םינטוב םע ""Wow Domenico"" תויגוע‬",2025,44,2
305017,"‭(12)ג140 דלוקוש   יופיצב םינטוב םע ""Wow Domenico"" תויגוע‬",2025,45,2
305017,"‭(12)ג140 דלוקוש   יופיצב םינטוב םע ""Wow Domenico"" תויגוע‬",2025,46,3
305017,"‭(12)ג140 דלוקוש   יופיצב םינטוב םע ""Wow Domenico"" תויגוע‬",2025,47,1
305017,"‭(12)ג140 דלוקוש   יופיצב םינטוב םע ""Wow Domenico"" תויגוע‬",2025,49,1
305017,"‭(12)ג140 דלוקוש   יופיצב םינטוב םע ""Wow Domenico"" תויגוע‬",2025,50,1
305017,"‭(12)ג140 דלוקוש   יופיצב םינטוב םע ""Wow Domenico"" תויגוע‬",2025,51,2
305017,"‭(12)ג140 דלוקוש   יופיצב םינטוב םע ""Wow Domenico"" תויגוע‬",2025,52,1
305017,"‭(12)ג140 דלוקוש   יופיצב םינטוב םע ""Wow Domenico"" תויגוע‬",2025,53,2
305017,"‭(12)ג140 דלוקוש   יופיצב םינטוב םע ""Wow Domenico"" תויגוע‬",2026,2,2
305017,"‭(12)ג140 דלוקוש   יופיצב םינטוב םע ""Wow Domenico"" תויגוע‬",2026,3,1
305017,"‭(12)ג140 דלוקוש   יופיצב םינטוב םע ""Wow Domenico"" תויגוע‬",2026,4,1
305017,"‭(12)ג140 דלוקוש   יופיצב םינטוב םע ""Wow Domenico"" תויגוע‬",2026,5,1.08
305017,"‭(12)ג140 דלוקוש   יופיצב םינטוב םע ""Wow Domenico"" תויגוע‬",2026,6,1.08
305017,"‭(12)ג140 דלוקוש   יופיצב םינטוב םע ""Wow Domenico"" תויגוע‬",2026,13,1
305017,"‭(12)ג140 דלוקוש   יופיצב םינטוב םע ""Wow Domenico"" תויגוע‬",2026,16,4
305017,"‭(12)ג140 דלוקוש   יופיצב םינטוב םע ""Wow Domenico"" תויגוע‬",2026,17,1.5
305017,"‭(12)ג140 דלוקוש   יופיצב םינטוב םע ""Wow Domenico"" תויגוע‬",2026,18,1
305017,"‭(12)ג140 דלוקוש   יופיצב םינטוב םע ""Wow Domenico"" תויגוע‬",2026,19,2
305017,"‭(12)ג140 דלוקוש   יופיצב םינטוב םע ""Wow Domenico"" תויגוע‬",2026,20,3
305017,"‭(12)ג140 דלוקוש   יופיצב םינטוב םע ""Wow Domenico"" תויגוע‬",2026,21,1
305017,"‭(12)ג140 דלוקוש   יופיצב םינטוב םע ""Wow Domenico"" תויגוע‬",2026,23,1
305017,"‭(12)ג140 דלוקוש   יופיצב םינטוב םע ""Wow Domenico"" תויגוע‬",2026,24,1
305017,"‭(12)ג140 דלוקוש   יופיצב םינטוב םע ""Wow Domenico"" תויגוע‬",2026,25,1
305017,"‭(12)ג140 דלוקוש   יופיצב םינטוב םע ""Wow Domenico"" תויגוע‬",2026,28,2
305017,"‭(12)ג140 דלוקוש   יופיצב םינטוב םע ""Wow Domenico"" תויגוע‬",2026,29,1
305017,"‭(12)ג140 דלוקוש   יופיצב םינטוב םע ""Wow Domenico"" תויגוע‬",2026,30,1
305017,"‭(12)ג140 דלוקוש   יופיצב םינטוב םע ""Wow Domenico"" תויגוע‬",2026,31,1
305018,"‭(12)ג150 דלוקוש   םיפיטנ םע ""Bakery"" תויגוע‬",2025,38,10
305018,"‭(12)ג150 דלוקוש   םיפיטנ םע ""Bakery"" תויגוע‬",2025,39,1
305018,"‭(12)ג150 דלוקוש   םיפיטנ םע ""Bakery"" תויגוע‬",2025,40,1
305018,"‭(12)ג150 דלוקוש   םיפיטנ םע ""Bakery"" תויגוע‬",2025,41,4
305018,"‭(12)ג150 דלוקוש   םיפיטנ םע ""Bakery"" תויגוע‬",2025,42,2
305018,"‭(12)ג150 דלוקוש   םיפיטנ םע ""Bakery"" תויגוע‬",2025,43,3
305018,"‭(12)ג150 דלוקוש   םיפיטנ םע ""Bakery"" תויגוע‬",2025,46,2
305018,"‭(12)ג150 דלוקוש   םיפיטנ םע ""Bakery"" תויגוע‬",2025,50,1
305018,"‭(12)ג150 דלוקוש   םיפיטנ םע ""Bakery"" תויגוע‬",2025,53,2
305018,"‭(12)ג150 דלוקוש   םיפיטנ םע ""Bakery"" תויגוע‬",2026,2,2
305018,"‭(12)ג150 דלוקוש   םיפיטנ םע ""Bakery"" תויגוע‬",2026,5,2
305018,"‭(12)ג150 דלוקוש   םיפיטנ םע ""Bakery"" תויגוע‬",2026,6,1
305018,"‭(12)ג150 דלוקוש   םיפיטנ םע ""Bakery"" תויגוע‬",2026,8,1
305018,"‭(12)ג150 דלוקוש   םיפיטנ םע ""Bakery"" תויגוע‬",2026,9,1
305018,"‭(12)ג150 דלוקוש   םיפיטנ םע ""Bakery"" תויגוע‬",2026,10,1
305018,"‭(12)ג150 דלוקוש   םיפיטנ םע ""Bakery"" תויגוע‬",2026,15,1
305018,"‭(12)ג150 דלוקוש   םיפיטנ םע ""Bakery"" תויגוע‬",2026,16,3
305018,"‭(12)ג150 דלוקוש   םיפיטנ םע ""Bakery"" תויגוע‬",2026,17,1
305018,"‭(12)ג150 דלוקוש   םיפיטנ םע ""Bakery"" תויגוע‬",2026,18,2
305018,"‭(12)ג150 דלוקוש   םיפיטנ םע ""Bakery"" תויגוע‬",2026,20,6
305018,"‭(12)ג150 דלוקוש   םיפיטנ םע ""Bakery"" תויגוע‬",2026,22,2
305018,"‭(12)ג150 דלוקוש   םיפיטנ םע ""Bakery"" תויגוע‬",2026,24,2
305018,"‭(12)ג150 דלוקוש   םיפיטנ םע ""Bakery"" תויגוע‬",2026,27,2
305018,"‭(12)ג150 דלוקוש   םיפיטנ םע ""Bakery"" תויגוע‬",2026,29,2
305018,"‭(12)ג150 דלוקוש   םיפיטנ םע ""Bakery"" תויגוע‬",2026,30,1
305018,"‭(12)ג150 דלוקוש   םיפיטנ םע ""Bakery"" תויגוע‬",2026,32,2
305019,"‭(12)ג150 םיקומיצ םע ""Bakery"" תויגוע‬",2025,38,10
305019,"‭(12)ג150 םיקומיצ םע ""Bakery"" תויגוע‬",2025,39,0.92
305019,"‭(12)ג150 םיקומיצ םע ""Bakery"" תויגוע‬",2025,40,1.08
305019,"‭(12)ג150 םיקומיצ םע ""Bakery"" תויגוע‬",2025,41,2
305019,"‭(12)ג150 םיקומיצ םע ""Bakery"" תויגוע‬",2025,42,2
305019,"‭(12)ג150 םיקומיצ םע ""Bakery"" תויגוע‬",2025,43,2
305019,"‭(12)ג150 םיקומיצ םע ""Bakery"" תויגוע‬",2025,46,2
305019,"‭(12)ג150 םיקומיצ םע ""Bakery"" תויגוע‬",2025,49,1
305019,"‭(12)ג150 םיקומיצ םע ""Bakery"" תויגוע‬",2025,50,1
305019,"‭(12)ג150 םיקומיצ םע ""Bakery"" תויגוע‬",2026,2,1
305019,"‭(12)ג150 םיקומיצ םע ""Bakery"" תויגוע‬",2026,6,1
305019,"‭(12)ג150 םיקומיצ םע ""Bakery"" תויגוע‬",2026,9,1
305019,"‭(12)ג150 םיקומיצ םע ""Bakery"" תויגוע‬",2026,16,2
305019,"‭(12)ג150 םיקומיצ םע ""Bakery"" תויגוע‬",2026,18,2
305019,"‭(12)ג150 םיקומיצ םע ""Bakery"" תויגוע‬",2026,20,2
305019,"‭(12)ג150 םיקומיצ םע ""Bakery"" תויגוע‬",2026,22,1
305019,"‭(12)ג150 םיקומיצ םע ""Bakery"" תויגוע‬",2026,24,1
305019,"‭(12)ג150 םיקומיצ םע ""Bakery"" תויגוע‬",2026,27,1
305019,"‭(12)ג150 םיקומיצ םע ""Bakery"" תויגוע‬",2026,30,1
305019,"‭(12)ג150 םיקומיצ םע ""Bakery"" תויגוע‬",2026,32,1
305020,"‭(12)ג150 םינטוב םע ""Bakery"" תויגוע‬",2025,38,10
305020,"‭(12)ג150 םינטוב םע ""Bakery"" תויגוע‬",2025,39,1
305020,"‭(12)ג150 םינטוב םע ""Bakery"" תויגוע‬",2025,40,1
305020,"‭(12)ג150 םינטוב םע ""Bakery"" תויגוע‬",2025,41,2
305020,"‭(12)ג150 םינטוב םע ""Bakery"" תויגוע‬",2025,42,2
305020,"‭(12)ג150 םינטוב םע ""Bakery"" תויגוע‬",2025,43,4
305020,"‭(12)ג150 םינטוב םע ""Bakery"" תויגוע‬",2025,44,2
305020,"‭(12)ג150 םינטוב םע ""Bakery"" תויגוע‬",2025,46,2
305020,"‭(12)ג150 םינטוב םע ""Bakery"" תויגוע‬",2025,50,2
305020,"‭(12)ג150 םינטוב םע ""Bakery"" תויגוע‬",2025,53,3
305020,"‭(12)ג150 םינטוב םע ""Bakery"" תויגוע‬",2026,2,1
305020,"‭(12)ג150 םינטוב םע ""Bakery"" תויגוע‬",2026,5,1.08
305020,"‭(12)ג150 םינטוב םע ""Bakery"" תויגוע‬",2026,8,1
305020,"‭(12)ג150 םינטוב םע ""Bakery"" תויגוע‬",2026,9,1
305020,"‭(12)ג150 םינטוב םע ""Bakery"" תויגוע‬",2026,16,4
305020,"‭(12)ג150 םינטוב םע ""Bakery"" תויגוע‬",2026,18,2
305020,"‭(12)ג150 םינטוב םע ""Bakery"" תויגוע‬",2026,19,0.92
305020,"‭(12)ג150 םינטוב םע ""Bakery"" תויגוע‬",2026,20,4
305020,"‭(12)ג150 םינטוב םע ""Bakery"" תויגוע‬",2026,21,1
305020,"‭(12)ג150 םינטוב םע ""Bakery"" תויגוע‬",2026,22,2
305020,"‭(12)ג150 םינטוב םע ""Bakery"" תויגוע‬",2026,24,1
305020,"‭(12)ג150 םינטוב םע ""Bakery"" תויגוע‬",2026,27,3
305020,"‭(12)ג150 םינטוב םע ""Bakery"" תויגוע‬",2026,29,1
305020,"‭(12)ג150 םינטוב םע ""Bakery"" תויגוע‬",2026,30,1
305020,"‭(12)ג150 םינטוב םע ""Bakery"" תויגוע‬",2026,31,1
305020,"‭(12)ג150 םינטוב םע ""Bakery"" תויגוע‬",2026,32,2
305021,"‭(22)ג50 דלוקוש   םיפיטנ םע ""Bakery Mini"" תויגוע‬",2025,37,1
305021,"‭(22)ג50 דלוקוש   םיפיטנ םע ""Bakery Mini"" תויגוע‬",2025,38,9
305021,"‭(22)ג50 דלוקוש   םיפיטנ םע ""Bakery Mini"" תויגוע‬",2025,40,1
305021,"‭(22)ג50 דלוקוש   םיפיטנ םע ""Bakery Mini"" תויגוע‬",2025,42,1
305021,"‭(22)ג50 דלוקוש   םיפיטנ םע ""Bakery Mini"" תויגוע‬",2025,43,3
305021,"‭(22)ג50 דלוקוש   םיפיטנ םע ""Bakery Mini"" תויגוע‬",2025,44,7
305021,"‭(22)ג50 דלוקוש   םיפיטנ םע ""Bakery Mini"" תויגוע‬",2025,45,1
305021,"‭(22)ג50 דלוקוש   םיפיטנ םע ""Bakery Mini"" תויגוע‬",2025,46,7
305021,"‭(22)ג50 דלוקוש   םיפיטנ םע ""Bakery Mini"" תויגוע‬",2025,47,2
305021,"‭(22)ג50 דלוקוש   םיפיטנ םע ""Bakery Mini"" תויגוע‬",2025,49,8
305021,"‭(22)ג50 דלוקוש   םיפיטנ םע ""Bakery Mini"" תויגוע‬",2025,50,1
305021,"‭(22)ג50 דלוקוש   םיפיטנ םע ""Bakery Mini"" תויגוע‬",2025,51,1
305021,"‭(22)ג50 דלוקוש   םיפיטנ םע ""Bakery Mini"" תויגוע‬",2026,2,1
305021,"‭(22)ג50 דלוקוש   םיפיטנ םע ""Bakery Mini"" תויגוע‬",2026,4,1
305021,"‭(22)ג50 דלוקוש   םיפיטנ םע ""Bakery Mini"" תויגוע‬",2026,6,1
305021,"‭(22)ג50 דלוקוש   םיפיטנ םע ""Bakery Mini"" תויגוע‬",2026,16,1
305021,"‭(22)ג50 דלוקוש   םיפיטנ םע ""Bakery Mini"" תויגוע‬",2026,17,1
305021,"‭(22)ג50 דלוקוש   םיפיטנ םע ""Bakery Mini"" תויגוע‬",2026,18,1
305022,"‭(22)ג50 םיקומיצ םע ""Bakery Mini"" תויגוע‬",2025,37,1
305022,"‭(22)ג50 םיקומיצ םע ""Bakery Mini"" תויגוע‬",2025,38,9
305022,"‭(22)ג50 םיקומיצ םע ""Bakery Mini"" תויגוע‬",2025,40,1
305022,"‭(22)ג50 םיקומיצ םע ""Bakery Mini"" תויגוע‬",2025,42,1
305022,"‭(22)ג50 םיקומיצ םע ""Bakery Mini"" תויגוע‬",2025,43,4
305022,"‭(22)ג50 םיקומיצ םע ""Bakery Mini"" תויגוע‬",2025,44,4
305022,"‭(22)ג50 םיקומיצ םע ""Bakery Mini"" תויגוע‬",2025,46,3
305022,"‭(22)ג50 םיקומיצ םע ""Bakery Mini"" תויגוע‬",2025,47,2
305022,"‭(22)ג50 םיקומיצ םע ""Bakery Mini"" תויגוע‬",2025,49,7
305022,"‭(22)ג50 םיקומיצ םע ""Bakery Mini"" תויגוע‬",2025,51,1
305022,"‭(22)ג50 םיקומיצ םע ""Bakery Mini"" תויגוע‬",2026,4,1
305022,"‭(22)ג50 םיקומיצ םע ""Bakery Mini"" תויגוע‬",2026,17,1
305022,"‭(22)ג50 םיקומיצ םע ""Bakery Mini"" תויגוע‬",2026,18,1
305022,"‭(22)ג50 םיקומיצ םע ""Bakery Mini"" תויגוע‬",2026,20,1
305023,"‭(12)ג160 םירכוסמ סוקוק יבבש םע ""Cookies Time"" תויגוע‬",2025,38,5
305023,"‭(12)ג160 םירכוסמ סוקוק יבבש םע ""Cookies Time"" תויגוע‬",2025,42,2
305023,"‭(12)ג160 םירכוסמ סוקוק יבבש םע ""Cookies Time"" תויגוע‬",2025,43,2
305023,"‭(12)ג160 םירכוסמ סוקוק יבבש םע ""Cookies Time"" תויגוע‬",2025,44,5
305023,"‭(12)ג160 םירכוסמ סוקוק יבבש םע ""Cookies Time"" תויגוע‬",2025,46,2
305023,"‭(12)ג160 םירכוסמ סוקוק יבבש םע ""Cookies Time"" תויגוע‬",2025,47,0.83
305023,"‭(12)ג160 םירכוסמ סוקוק יבבש םע ""Cookies Time"" תויגוע‬",2025,48,2
305023,"‭(12)ג160 םירכוסמ סוקוק יבבש םע ""Cookies Time"" תויגוע‬",2025,49,1
305023,"‭(12)ג160 םירכוסמ סוקוק יבבש םע ""Cookies Time"" תויגוע‬",2025,51,3
305023,"‭(12)ג160 םירכוסמ סוקוק יבבש םע ""Cookies Time"" תויגוע‬",2025,52,1
305023,"‭(12)ג160 םירכוסמ סוקוק יבבש םע ""Cookies Time"" תויגוע‬",2025,53,2
305023,"‭(12)ג160 םירכוסמ סוקוק יבבש םע ""Cookies Time"" תויגוע‬",2026,2,1
305023,"‭(12)ג160 םירכוסמ סוקוק יבבש םע ""Cookies Time"" תויגוע‬",2026,6,1
305023,"‭(12)ג160 םירכוסמ סוקוק יבבש םע ""Cookies Time"" תויגוע‬",2026,9,1
305023,"‭(12)ג160 םירכוסמ סוקוק יבבש םע ""Cookies Time"" תויגוע‬",2026,10,1
305023,"‭(12)ג160 םירכוסמ סוקוק יבבש םע ""Cookies Time"" תויגוע‬",2026,16,1
305023,"‭(12)ג160 םירכוסמ סוקוק יבבש םע ""Cookies Time"" תויגוע‬",2026,19,1
305023,"‭(12)ג160 םירכוסמ סוקוק יבבש םע ""Cookies Time"" תויגוע‬",2026,20,3
305023,"‭(12)ג160 םירכוסמ סוקוק יבבש םע ""Cookies Time"" תויגוע‬",2026,23,1
305023,"‭(12)ג160 םירכוסמ סוקוק יבבש םע ""Cookies Time"" תויגוע‬",2026,24,1
305023,"‭(12)ג160 םירכוסמ סוקוק יבבש םע ""Cookies Time"" תויגוע‬",2026,27,3
305023,"‭(12)ג160 םירכוסמ סוקוק יבבש םע ""Cookies Time"" תויגוע‬",2026,28,3
305023,"‭(12)ג160 םירכוסמ סוקוק יבבש םע ""Cookies Time"" תויגוע‬",2026,32,3
305024,"‭(12)ג180 םושמוש ןתשפ תוינמח יניערג םע ""Cookies Time"" תויגוע‬",2025,38,8
305024,"‭(12)ג180 םושמוש ןתשפ תוינמח יניערג םע ""Cookies Time"" תויגוע‬",2025,39,1
305024,"‭(12)ג180 םושמוש ןתשפ תוינמח יניערג םע ""Cookies Time"" תויגוע‬",2025,40,1
305024,"‭(12)ג180 םושמוש ןתשפ תוינמח יניערג םע ""Cookies Time"" תויגוע‬",2025,41,2
305024,"‭(12)ג180 םושמוש ןתשפ תוינמח יניערג םע ""Cookies Time"" תויגוע‬",2025,42,2
305024,"‭(12)ג180 םושמוש ןתשפ תוינמח יניערג םע ""Cookies Time"" תויגוע‬",2025,43,1
305024,"‭(12)ג180 םושמוש ןתשפ תוינמח יניערג םע ""Cookies Time"" תויגוע‬",2025,44,5
305024,"‭(12)ג180 םושמוש ןתשפ תוינמח יניערג םע ""Cookies Time"" תויגוע‬",2025,45,1
305024,"‭(12)ג180 םושמוש ןתשפ תוינמח יניערג םע ""Cookies Time"" תויגוע‬",2025,46,1.83
305024,"‭(12)ג180 םושמוש ןתשפ תוינמח יניערג םע ""Cookies Time"" תויגוע‬",2025,47,1
305024,"‭(12)ג180 םושמוש ןתשפ תוינמח יניערג םע ""Cookies Time"" תויגוע‬",2025,48,2
305024,"‭(12)ג180 םושמוש ןתשפ תוינמח יניערג םע ""Cookies Time"" תויגוע‬",2025,49,1
305024,"‭(12)ג180 םושמוש ןתשפ תוינמח יניערג םע ""Cookies Time"" תויגוע‬",2025,51,2
305024,"‭(12)ג180 םושמוש ןתשפ תוינמח יניערג םע ""Cookies Time"" תויגוע‬",2025,53,2
305024,"‭(12)ג180 םושמוש ןתשפ תוינמח יניערג םע ""Cookies Time"" תויגוע‬",2026,2,1
305024,"‭(12)ג180 םושמוש ןתשפ תוינמח יניערג םע ""Cookies Time"" תויגוע‬",2026,6,1
305024,"‭(12)ג180 םושמוש ןתשפ תוינמח יניערג םע ""Cookies Time"" תויגוע‬",2026,7,1
305024,"‭(12)ג180 םושמוש ןתשפ תוינמח יניערג םע ""Cookies Time"" תויגוע‬",2026,16,5
305024,"‭(12)ג180 םושמוש ןתשפ תוינמח יניערג םע ""Cookies Time"" תויגוע‬",2026,20,3
305024,"‭(12)ג180 םושמוש ןתשפ תוינמח יניערג םע ""Cookies Time"" תויגוע‬",2026,24,1
305024,"‭(12)ג180 םושמוש ןתשפ תוינמח יניערג םע ""Cookies Time"" תויגוע‬",2026,27,3
305024,"‭(12)ג180 םושמוש ןתשפ תוינמח יניערג םע ""Cookies Time"" תויגוע‬",2026,28,2
305024,"‭(12)ג180 םושמוש ןתשפ תוינמח יניערג םע ""Cookies Time"" תויגוע‬",2026,29,1
305024,"‭(12)ג180 םושמוש ןתשפ תוינמח יניערג םע ""Cookies Time"" תויגוע‬",2026,32,2
305025,"‭(12)ג170 סוקוק יבבשו לעוש תלוביש םע ""Cookies Time"" תויגוע‬",2025,38,10
305025,"‭(12)ג170 סוקוק יבבשו לעוש תלוביש םע ""Cookies Time"" תויגוע‬",2025,39,0.92
305025,"‭(12)ג170 סוקוק יבבשו לעוש תלוביש םע ""Cookies Time"" תויגוע‬",2025,40,0.08
305025,"‭(12)ג170 סוקוק יבבשו לעוש תלוביש םע ""Cookies Time"" תויגוע‬",2025,41,2
305025,"‭(12)ג170 סוקוק יבבשו לעוש תלוביש םע ""Cookies Time"" תויגוע‬",2025,42,3
305025,"‭(12)ג170 סוקוק יבבשו לעוש תלוביש םע ""Cookies Time"" תויגוע‬",2025,43,1
305025,"‭(12)ג170 סוקוק יבבשו לעוש תלוביש םע ""Cookies Time"" תויגוע‬",2025,44,6
305025,"‭(12)ג170 סוקוק יבבשו לעוש תלוביש םע ""Cookies Time"" תויגוע‬",2025,46,1.83
305025,"‭(12)ג170 סוקוק יבבשו לעוש תלוביש םע ""Cookies Time"" תויגוע‬",2025,47,1
305025,"‭(12)ג170 סוקוק יבבשו לעוש תלוביש םע ""Cookies Time"" תויגוע‬",2025,48,2
305025,"‭(12)ג170 סוקוק יבבשו לעוש תלוביש םע ""Cookies Time"" תויגוע‬",2025,49,1
305025,"‭(12)ג170 סוקוק יבבשו לעוש תלוביש םע ""Cookies Time"" תויגוע‬",2025,51,1
305025,"‭(12)ג170 סוקוק יבבשו לעוש תלוביש םע ""Cookies Time"" תויגוע‬",2025,53,2
305025,"‭(12)ג170 סוקוק יבבשו לעוש תלוביש םע ""Cookies Time"" תויגוע‬",2026,2,3
305025,"‭(12)ג170 סוקוק יבבשו לעוש תלוביש םע ""Cookies Time"" תויגוע‬",2026,16,1
305025,"‭(12)ג170 סוקוק יבבשו לעוש תלוביש םע ""Cookies Time"" תויגוע‬",2026,18,1
305025,"‭(12)ג170 סוקוק יבבשו לעוש תלוביש םע ""Cookies Time"" תויגוע‬",2026,19,1
305025,"‭(12)ג170 סוקוק יבבשו לעוש תלוביש םע ""Cookies Time"" תויגוע‬",2026,20,4
305025,"‭(12)ג170 סוקוק יבבשו לעוש תלוביש םע ""Cookies Time"" תויגוע‬",2026,24,1
305025,"‭(12)ג170 סוקוק יבבשו לעוש תלוביש םע ""Cookies Time"" תויגוע‬",2026,27,3
305025,"‭(12)ג170 סוקוק יבבשו לעוש תלוביש םע ""Cookies Time"" תויגוע‬",2026,28,2
305025,"‭(12)ג170 סוקוק יבבשו לעוש תלוביש םע ""Cookies Time"" תויגוע‬",2026,32,2
305027,"‭(12) םרג140 יסאלק ""BUTTER COOKIES""   האמח תויגוע‬",2026,17,8
305027,"‭(12) םרג140 יסאלק ""BUTTER COOKIES""   האמח תויגוע‬",2026,18,2
305027,"‭(12) םרג140 יסאלק ""BUTTER COOKIES""   האמח תויגוע‬",2026,20,5
305027,"‭(12) םרג140 יסאלק ""BUTTER COOKIES""   האמח תויגוע‬",2026,22,3
305027,"‭(12) םרג140 יסאלק ""BUTTER COOKIES""   האמח תויגוע‬",2026,23,3
305027,"‭(12) םרג140 יסאלק ""BUTTER COOKIES""   האמח תויגוע‬",2026,24,1
305027,"‭(12) םרג140 יסאלק ""BUTTER COOKIES""   האמח תויגוע‬",2026,25,2
305027,"‭(12) םרג140 יסאלק ""BUTTER COOKIES""   האמח תויגוע‬",2026,26,4
305027,"‭(12) םרג140 יסאלק ""BUTTER COOKIES""   האמח תויגוע‬",2026,28,5
305027,"‭(12) םרג140 יסאלק ""BUTTER COOKIES""   האמח תויגוע‬",2026,29,6
305027,"‭(12) םרג140 יסאלק ""BUTTER COOKIES""   האמח תויגוע‬",2026,30,1
305027,"‭(12) םרג140 יסאלק ""BUTTER COOKIES""   האמח תויגוע‬",2026,32,3
305028,"‭(12) םרג140 ואקק םע ""BUTTER COOKIES""   האמח תויגוע‬",2026,17,8
305028,"‭(12) םרג140 ואקק םע ""BUTTER COOKIES""   האמח תויגוע‬",2026,18,2
305028,"‭(12) םרג140 ואקק םע ""BUTTER COOKIES""   האמח תויגוע‬",2026,19,1
305028,"‭(12) םרג140 ואקק םע ""BUTTER COOKIES""   האמח תויגוע‬",2026,20,4
305028,"‭(12) םרג140 ואקק םע ""BUTTER COOKIES""   האמח תויגוע‬",2026,22,1
305028,"‭(12) םרג140 ואקק םע ""BUTTER COOKIES""   האמח תויגוע‬",2026,23,4
305028,"‭(12) םרג140 ואקק םע ""BUTTER COOKIES""   האמח תויגוע‬",2026,25,1
305028,"‭(12) םרג140 ואקק םע ""BUTTER COOKIES""   האמח תויגוע‬",2026,26,4
305028,"‭(12) םרג140 ואקק םע ""BUTTER COOKIES""   האמח תויגוע‬",2026,28,4
305028,"‭(12) םרג140 ואקק םע ""BUTTER COOKIES""   האמח תויגוע‬",2026,29,1.83
305028,"‭(12) םרג140 ואקק םע ""BUTTER COOKIES""   האמח תויגוע‬",2026,30,2
305028,"‭(12) םרג140 ואקק םע ""BUTTER COOKIES""   האמח תויגוע‬",2026,32,2
305100,"‭(21)'ג135 ""LOVITA"" זופת תויגוע‬",2025,33,2
305100,"‭(21)'ג135 ""LOVITA"" זופת תויגוע‬",2025,34,7
305100,"‭(21)'ג135 ""LOVITA"" זופת תויגוע‬",2025,35,1
305100,"‭(21)'ג135 ""LOVITA"" זופת תויגוע‬",2025,36,2
305100,"‭(21)'ג135 ""LOVITA"" זופת תויגוע‬",2025,37,1
305100,"‭(21)'ג135 ""LOVITA"" זופת תויגוע‬",2025,38,3
305100,"‭(21)'ג135 ""LOVITA"" זופת תויגוע‬",2025,39,1
305100,"‭(21)'ג135 ""LOVITA"" זופת תויגוע‬",2025,40,2
305100,"‭(21)'ג135 ""LOVITA"" זופת תויגוע‬",2025,41,5
305100,"‭(21)'ג135 ""LOVITA"" זופת תויגוע‬",2025,42,2
305100,"‭(21)'ג135 ""LOVITA"" זופת תויגוע‬",2025,43,3
305100,"‭(21)'ג135 ""LOVITA"" זופת תויגוע‬",2025,44,3
305100,"‭(21)'ג135 ""LOVITA"" זופת תויגוע‬",2025,46,3
305100,"‭(21)'ג135 ""LOVITA"" זופת תויגוע‬",2025,47,5
305100,"‭(21)'ג135 ""LOVITA"" זופת תויגוע‬",2025,48,0.9
305100,"‭(21)'ג135 ""LOVITA"" זופת תויגוע‬",2025,49,5.9
305100,"‭(21)'ג135 ""LOVITA"" זופת תויגוע‬",2025,50,4
305100,"‭(21)'ג135 ""LOVITA"" זופת תויגוע‬",2025,51,1
305100,"‭(21)'ג135 ""LOVITA"" זופת תויגוע‬",2025,52,3
305100,"‭(21)'ג135 ""LOVITA"" זופת תויגוע‬",2025,53,3
305100,"‭(21)'ג135 ""LOVITA"" זופת תויגוע‬",2026,2,3
305100,"‭(21)'ג135 ""LOVITA"" זופת תויגוע‬",2026,3,4
305100,"‭(21)'ג135 ""LOVITA"" זופת תויגוע‬",2026,4,1
305100,"‭(21)'ג135 ""LOVITA"" זופת תויגוע‬",2026,5,3
305100,"‭(21)'ג135 ""LOVITA"" זופת תויגוע‬",2026,6,2
305100,"‭(21)'ג135 ""LOVITA"" זופת תויגוע‬",2026,8,2
305100,"‭(21)'ג135 ""LOVITA"" זופת תויגוע‬",2026,9,2
305100,"‭(21)'ג135 ""LOVITA"" זופת תויגוע‬",2026,10,3
305100,"‭(21)'ג135 ""LOVITA"" זופת תויגוע‬",2026,12,2
305100,"‭(21)'ג135 ""LOVITA"" זופת תויגוע‬",2026,13,1
305100,"‭(21)'ג135 ""LOVITA"" זופת תויגוע‬",2026,14,2
305100,"‭(21)'ג135 ""LOVITA"" זופת תויגוע‬",2026,15,2
305100,"‭(21)'ג135 ""LOVITA"" זופת תויגוע‬",2026,16,13
305100,"‭(21)'ג135 ""LOVITA"" זופת תויגוע‬",2026,17,2
305100,"‭(21)'ג135 ""LOVITA"" זופת תויגוע‬",2026,18,4
305100,"‭(21)'ג135 ""LOVITA"" זופת תויגוע‬",2026,19,3
305100,"‭(21)'ג135 ""LOVITA"" זופת תויגוע‬",2026,20,3
305100,"‭(21)'ג135 ""LOVITA"" זופת תויגוע‬",2026,21,1
305100,"‭(21)'ג135 ""LOVITA"" זופת תויגוע‬",2026,22,2
305100,"‭(21)'ג135 ""LOVITA"" זופת תויגוע‬",2026,23,1
305100,"‭(21)'ג135 ""LOVITA"" זופת תויגוע‬",2026,24,1
305100,"‭(21)'ג135 ""LOVITA"" זופת תויגוע‬",2026,25,5
305100,"‭(21)'ג135 ""LOVITA"" זופת תויגוע‬",2026,26,6
305100,"‭(21)'ג135 ""LOVITA"" זופת תויגוע‬",2026,27,4
305100,"‭(21)'ג135 ""LOVITA"" זופת תויגוע‬",2026,28,5
305100,"‭(21)'ג135 ""LOVITA"" זופת תויגוע‬",2026,29,1
305100,"‭(21)'ג135 ""LOVITA"" זופת תויגוע‬",2026,30,6
305100,"‭(21)'ג135 ""LOVITA"" זופת תויגוע‬",2026,31,1
305100,"‭(21)'ג135 ""LOVITA"" זופת תויגוע‬",2026,32,2
305101,"‭(21)'ג135 ""LOVITA"" הדש תות תויגוע‬",2025,33,3
305101,"‭(21)'ג135 ""LOVITA"" הדש תות תויגוע‬",2025,34,5
305101,"‭(21)'ג135 ""LOVITA"" הדש תות תויגוע‬",2025,35,1
305101,"‭(21)'ג135 ""LOVITA"" הדש תות תויגוע‬",2025,36,2
305101,"‭(21)'ג135 ""LOVITA"" הדש תות תויגוע‬",2025,37,7
305101,"‭(21)'ג135 ""LOVITA"" הדש תות תויגוע‬",2025,38,7
305101,"‭(21)'ג135 ""LOVITA"" הדש תות תויגוע‬",2025,39,1
305101,"‭(21)'ג135 ""LOVITA"" הדש תות תויגוע‬",2025,40,3
305101,"‭(21)'ג135 ""LOVITA"" הדש תות תויגוע‬",2025,41,3
305101,"‭(21)'ג135 ""LOVITA"" הדש תות תויגוע‬",2025,42,3
305101,"‭(21)'ג135 ""LOVITA"" הדש תות תויגוע‬",2025,43,2
305101,"‭(21)'ג135 ""LOVITA"" הדש תות תויגוע‬",2025,44,8
305101,"‭(21)'ג135 ""LOVITA"" הדש תות תויגוע‬",2025,45,1
305101,"‭(21)'ג135 ""LOVITA"" הדש תות תויגוע‬",2025,46,2
305101,"‭(21)'ג135 ""LOVITA"" הדש תות תויגוע‬",2025,47,1
305101,"‭(21)'ג135 ""LOVITA"" הדש תות תויגוע‬",2025,48,2
305101,"‭(21)'ג135 ""LOVITA"" הדש תות תויגוע‬",2025,49,8
305101,"‭(21)'ג135 ""LOVITA"" הדש תות תויגוע‬",2025,50,5
305101,"‭(21)'ג135 ""LOVITA"" הדש תות תויגוע‬",2025,51,1
305101,"‭(21)'ג135 ""LOVITA"" הדש תות תויגוע‬",2025,52,1
305101,"‭(21)'ג135 ""LOVITA"" הדש תות תויגוע‬",2025,53,5
305101,"‭(21)'ג135 ""LOVITA"" הדש תות תויגוע‬",2026,2,5
305101,"‭(21)'ג135 ""LOVITA"" הדש תות תויגוע‬",2026,3,2
305101,"‭(21)'ג135 ""LOVITA"" הדש תות תויגוע‬",2026,4,4
305101,"‭(21)'ג135 ""LOVITA"" הדש תות תויגוע‬",2026,5,5
305101,"‭(21)'ג135 ""LOVITA"" הדש תות תויגוע‬",2026,6,1
305101,"‭(21)'ג135 ""LOVITA"" הדש תות תויגוע‬",2026,7,2
305101,"‭(21)'ג135 ""LOVITA"" הדש תות תויגוע‬",2026,8,2
305101,"‭(21)'ג135 ""LOVITA"" הדש תות תויגוע‬",2026,9,2
305101,"‭(21)'ג135 ""LOVITA"" הדש תות תויגוע‬",2026,10,2
305101,"‭(21)'ג135 ""LOVITA"" הדש תות תויגוע‬",2026,11,3
305101,"‭(21)'ג135 ""LOVITA"" הדש תות תויגוע‬",2026,12,4
305101,"‭(21)'ג135 ""LOVITA"" הדש תות תויגוע‬",2026,13,2
305101,"‭(21)'ג135 ""LOVITA"" הדש תות תויגוע‬",2026,15,1
305101,"‭(21)'ג135 ""LOVITA"" הדש תות תויגוע‬",2026,16,12
305101,"‭(21)'ג135 ""LOVITA"" הדש תות תויגוע‬",2026,17,2
305101,"‭(21)'ג135 ""LOVITA"" הדש תות תויגוע‬",2026,18,4
305101,"‭(21)'ג135 ""LOVITA"" הדש תות תויגוע‬",2026,19,2
305101,"‭(21)'ג135 ""LOVITA"" הדש תות תויגוע‬",2026,20,4
305101,"‭(21)'ג135 ""LOVITA"" הדש תות תויגוע‬",2026,21,1
305101,"‭(21)'ג135 ""LOVITA"" הדש תות תויגוע‬",2026,22,1
305101,"‭(21)'ג135 ""LOVITA"" הדש תות תויגוע‬",2026,23,2
305101,"‭(21)'ג135 ""LOVITA"" הדש תות תויגוע‬",2026,24,3.95
305101,"‭(21)'ג135 ""LOVITA"" הדש תות תויגוע‬",2026,25,5
305101,"‭(21)'ג135 ""LOVITA"" הדש תות תויגוע‬",2026,26,4
305101,"‭(21)'ג135 ""LOVITA"" הדש תות תויגוע‬",2026,27,4.05
305101,"‭(21)'ג135 ""LOVITA"" הדש תות תויגוע‬",2026,28,7
305101,"‭(21)'ג135 ""LOVITA"" הדש תות תויגוע‬",2026,29,2
305101,"‭(21)'ג135 ""LOVITA"" הדש תות תויגוע‬",2026,30,2
305101,"‭(21)'ג135 ""LOVITA"" הדש תות תויגוע‬",2026,31,2
305101,"‭(21)'ג135 ""LOVITA"" הדש תות תויגוע‬",2026,32,2
305102,"‭(21)'ג135 ""LOVITA"" ןבדבוד ואקק תויגוע‬",2025,33,2
305102,"‭(21)'ג135 ""LOVITA"" ןבדבוד ואקק תויגוע‬",2025,34,3
305102,"‭(21)'ג135 ""LOVITA"" ןבדבוד ואקק תויגוע‬",2025,35,4
305102,"‭(21)'ג135 ""LOVITA"" ןבדבוד ואקק תויגוע‬",2025,36,1
305102,"‭(21)'ג135 ""LOVITA"" ןבדבוד ואקק תויגוע‬",2025,37,4
305102,"‭(21)'ג135 ""LOVITA"" ןבדבוד ואקק תויגוע‬",2025,38,1
305102,"‭(21)'ג135 ""LOVITA"" ןבדבוד ואקק תויגוע‬",2025,39,1
305102,"‭(21)'ג135 ""LOVITA"" ןבדבוד ואקק תויגוע‬",2025,40,2
305102,"‭(21)'ג135 ""LOVITA"" ןבדבוד ואקק תויגוע‬",2025,41,3
305102,"‭(21)'ג135 ""LOVITA"" ןבדבוד ואקק תויגוע‬",2025,42,2
305102,"‭(21)'ג135 ""LOVITA"" ןבדבוד ואקק תויגוע‬",2025,43,1
305102,"‭(21)'ג135 ""LOVITA"" ןבדבוד ואקק תויגוע‬",2025,44,3
305102,"‭(21)'ג135 ""LOVITA"" ןבדבוד ואקק תויגוע‬",2025,46,1
305102,"‭(21)'ג135 ""LOVITA"" ןבדבוד ואקק תויגוע‬",2025,47,1
305102,"‭(21)'ג135 ""LOVITA"" ןבדבוד ואקק תויגוע‬",2025,48,2
305102,"‭(21)'ג135 ""LOVITA"" ןבדבוד ואקק תויגוע‬",2025,49,3.9
305102,"‭(21)'ג135 ""LOVITA"" ןבדבוד ואקק תויגוע‬",2025,50,6
305102,"‭(21)'ג135 ""LOVITA"" ןבדבוד ואקק תויגוע‬",2025,51,2
305102,"‭(21)'ג135 ""LOVITA"" ןבדבוד ואקק תויגוע‬",2025,52,1
305102,"‭(21)'ג135 ""LOVITA"" ןבדבוד ואקק תויגוע‬",2025,53,2
305102,"‭(21)'ג135 ""LOVITA"" ןבדבוד ואקק תויגוע‬",2026,2,2
305102,"‭(21)'ג135 ""LOVITA"" ןבדבוד ואקק תויגוע‬",2026,3,2
305102,"‭(21)'ג135 ""LOVITA"" ןבדבוד ואקק תויגוע‬",2026,4,1
305102,"‭(21)'ג135 ""LOVITA"" ןבדבוד ואקק תויגוע‬",2026,5,2
305102,"‭(21)'ג135 ""LOVITA"" ןבדבוד ואקק תויגוע‬",2026,6,2
305102,"‭(21)'ג135 ""LOVITA"" ןבדבוד ואקק תויגוע‬",2026,7,3
305102,"‭(21)'ג135 ""LOVITA"" ןבדבוד ואקק תויגוע‬",2026,8,1
305102,"‭(21)'ג135 ""LOVITA"" ןבדבוד ואקק תויגוע‬",2026,9,3
305102,"‭(21)'ג135 ""LOVITA"" ןבדבוד ואקק תויגוע‬",2026,12,3
305102,"‭(21)'ג135 ""LOVITA"" ןבדבוד ואקק תויגוע‬",2026,13,4
305102,"‭(21)'ג135 ""LOVITA"" ןבדבוד ואקק תויגוע‬",2026,15,1
305102,"‭(21)'ג135 ""LOVITA"" ןבדבוד ואקק תויגוע‬",2026,16,14
305102,"‭(21)'ג135 ""LOVITA"" ןבדבוד ואקק תויגוע‬",2026,18,3
305102,"‭(21)'ג135 ""LOVITA"" ןבדבוד ואקק תויגוע‬",2026,19,1
305102,"‭(21)'ג135 ""LOVITA"" ןבדבוד ואקק תויגוע‬",2026,20,4
305102,"‭(21)'ג135 ""LOVITA"" ןבדבוד ואקק תויגוע‬",2026,22,1
305102,"‭(21)'ג135 ""LOVITA"" ןבדבוד ואקק תויגוע‬",2026,23,4
305102,"‭(21)'ג135 ""LOVITA"" ןבדבוד ואקק תויגוע‬",2026,24,2
305102,"‭(21)'ג135 ""LOVITA"" ןבדבוד ואקק תויגוע‬",2026,25,2
305102,"‭(21)'ג135 ""LOVITA"" ןבדבוד ואקק תויגוע‬",2026,26,3
305102,"‭(21)'ג135 ""LOVITA"" ןבדבוד ואקק תויגוע‬",2026,27,3
305102,"‭(21)'ג135 ""LOVITA"" ןבדבוד ואקק תויגוע‬",2026,28,3
305102,"‭(21)'ג135 ""LOVITA"" ןבדבוד ואקק תויגוע‬",2026,29,2
305102,"‭(21)'ג135 ""LOVITA"" ןבדבוד ואקק תויגוע‬",2026,30,1
305102,"‭(21)'ג135 ""LOVITA"" ןבדבוד ואקק תויגוע‬",2026,32,1
305103,"‭(21)'ג135 ""LOVITA"" לטפ תויגוע‬",2025,33,1
305103,"‭(21)'ג135 ""LOVITA"" לטפ תויגוע‬",2025,34,3
305103,"‭(21)'ג135 ""LOVITA"" לטפ תויגוע‬",2025,36,5
305103,"‭(21)'ג135 ""LOVITA"" לטפ תויגוע‬",2025,37,4
305103,"‭(21)'ג135 ""LOVITA"" לטפ תויגוע‬",2025,38,3
305103,"‭(21)'ג135 ""LOVITA"" לטפ תויגוע‬",2025,39,1
305103,"‭(21)'ג135 ""LOVITA"" לטפ תויגוע‬",2025,40,3
305103,"‭(21)'ג135 ""LOVITA"" לטפ תויגוע‬",2025,41,4
305103,"‭(21)'ג135 ""LOVITA"" לטפ תויגוע‬",2025,42,4
305103,"‭(21)'ג135 ""LOVITA"" לטפ תויגוע‬",2025,43,3
305103,"‭(21)'ג135 ""LOVITA"" לטפ תויגוע‬",2025,44,1
305103,"‭(21)'ג135 ""LOVITA"" לטפ תויגוע‬",2025,45,1
305103,"‭(21)'ג135 ""LOVITA"" לטפ תויגוע‬",2025,46,4
305103,"‭(21)'ג135 ""LOVITA"" לטפ תויגוע‬",2025,47,3
305103,"‭(21)'ג135 ""LOVITA"" לטפ תויגוע‬",2025,48,1
305103,"‭(21)'ג135 ""LOVITA"" לטפ תויגוע‬",2025,49,6
305103,"‭(21)'ג135 ""LOVITA"" לטפ תויגוע‬",2025,50,4
305103,"‭(21)'ג135 ""LOVITA"" לטפ תויגוע‬",2025,51,4
305103,"‭(21)'ג135 ""LOVITA"" לטפ תויגוע‬",2025,52,2
305103,"‭(21)'ג135 ""LOVITA"" לטפ תויגוע‬",2025,53,3
305103,"‭(21)'ג135 ""LOVITA"" לטפ תויגוע‬",2026,2,4
305103,"‭(21)'ג135 ""LOVITA"" לטפ תויגוע‬",2026,3,3
305103,"‭(21)'ג135 ""LOVITA"" לטפ תויגוע‬",2026,4,1
305103,"‭(21)'ג135 ""LOVITA"" לטפ תויגוע‬",2026,5,1
305103,"‭(21)'ג135 ""LOVITA"" לטפ תויגוע‬",2026,6,2
305103,"‭(21)'ג135 ""LOVITA"" לטפ תויגוע‬",2026,7,1
305103,"‭(21)'ג135 ""LOVITA"" לטפ תויגוע‬",2026,8,2
305103,"‭(21)'ג135 ""LOVITA"" לטפ תויגוע‬",2026,9,1
305103,"‭(21)'ג135 ""LOVITA"" לטפ תויגוע‬",2026,10,2
305103,"‭(21)'ג135 ""LOVITA"" לטפ תויגוע‬",2026,11,2
305103,"‭(21)'ג135 ""LOVITA"" לטפ תויגוע‬",2026,12,4
305103,"‭(21)'ג135 ""LOVITA"" לטפ תויגוע‬",2026,13,1
305103,"‭(21)'ג135 ""LOVITA"" לטפ תויגוע‬",2026,14,1
305103,"‭(21)'ג135 ""LOVITA"" לטפ תויגוע‬",2026,15,1
305103,"‭(21)'ג135 ""LOVITA"" לטפ תויגוע‬",2026,16,11
305103,"‭(21)'ג135 ""LOVITA"" לטפ תויגוע‬",2026,17,1
305103,"‭(21)'ג135 ""LOVITA"" לטפ תויגוע‬",2026,18,4
305103,"‭(21)'ג135 ""LOVITA"" לטפ תויגוע‬",2026,19,2
305103,"‭(21)'ג135 ""LOVITA"" לטפ תויגוע‬",2026,20,4
305103,"‭(21)'ג135 ""LOVITA"" לטפ תויגוע‬",2026,21,1
305103,"‭(21)'ג135 ""LOVITA"" לטפ תויגוע‬",2026,22,4
305103,"‭(21)'ג135 ""LOVITA"" לטפ תויגוע‬",2026,23,5
305103,"‭(21)'ג135 ""LOVITA"" לטפ תויגוע‬",2026,24,1
305103,"‭(21)'ג135 ""LOVITA"" לטפ תויגוע‬",2026,25,3
305103,"‭(21)'ג135 ""LOVITA"" לטפ תויגוע‬",2026,26,2
305103,"‭(21)'ג135 ""LOVITA"" לטפ תויגוע‬",2026,27,1
305103,"‭(21)'ג135 ""LOVITA"" לטפ תויגוע‬",2026,28,6
305103,"‭(21)'ג135 ""LOVITA"" לטפ תויגוע‬",2026,29,3
305103,"‭(21)'ג135 ""LOVITA"" לטפ תויגוע‬",2026,30,6
305103,"‭(21)'ג135 ""LOVITA"" לטפ תויגוע‬",2026,31,2
305103,"‭(21)'ג135 ""LOVITA"" לטפ תויגוע‬",2026,32,2
305104,"‭(7)'ג420 ""LOVITA"" זופת תויגוע‬",2025,33,1.43
305104,"‭(7)'ג420 ""LOVITA"" זופת תויגוע‬",2025,34,1
305104,"‭(7)'ג420 ""LOVITA"" זופת תויגוע‬",2025,36,1
305104,"‭(7)'ג420 ""LOVITA"" זופת תויגוע‬",2025,38,2
305104,"‭(7)'ג420 ""LOVITA"" זופת תויגוע‬",2025,42,1
305104,"‭(7)'ג420 ""LOVITA"" זופת תויגוע‬",2025,44,3
305104,"‭(7)'ג420 ""LOVITA"" זופת תויגוע‬",2025,45,1
305104,"‭(7)'ג420 ""LOVITA"" זופת תויגוע‬",2025,46,2
305104,"‭(7)'ג420 ""LOVITA"" זופת תויגוע‬",2025,50,1
305104,"‭(7)'ג420 ""LOVITA"" זופת תויגוע‬",2025,51,1
305104,"‭(7)'ג420 ""LOVITA"" זופת תויגוע‬",2025,53,1
305104,"‭(7)'ג420 ""LOVITA"" זופת תויגוע‬",2026,2,1
305104,"‭(7)'ג420 ""LOVITA"" זופת תויגוע‬",2026,3,3
305104,"‭(7)'ג420 ""LOVITA"" זופת תויגוע‬",2026,4,2
305104,"‭(7)'ג420 ""LOVITA"" זופת תויגוע‬",2026,6,1
305104,"‭(7)'ג420 ""LOVITA"" זופת תויגוע‬",2026,7,2
305104,"‭(7)'ג420 ""LOVITA"" זופת תויגוע‬",2026,8,1
305104,"‭(7)'ג420 ""LOVITA"" זופת תויגוע‬",2026,9,1
305104,"‭(7)'ג420 ""LOVITA"" זופת תויגוע‬",2026,10,1
305104,"‭(7)'ג420 ""LOVITA"" זופת תויגוע‬",2026,11,1
305104,"‭(7)'ג420 ""LOVITA"" זופת תויגוע‬",2026,12,1
305104,"‭(7)'ג420 ""LOVITA"" זופת תויגוע‬",2026,14,2
305104,"‭(7)'ג420 ""LOVITA"" זופת תויגוע‬",2026,15,1
305104,"‭(7)'ג420 ""LOVITA"" זופת תויגוע‬",2026,16,3
305104,"‭(7)'ג420 ""LOVITA"" זופת תויגוע‬",2026,17,2
305104,"‭(7)'ג420 ""LOVITA"" זופת תויגוע‬",2026,18,2
305104,"‭(7)'ג420 ""LOVITA"" זופת תויגוע‬",2026,19,2
305104,"‭(7)'ג420 ""LOVITA"" זופת תויגוע‬",2026,20,2
305104,"‭(7)'ג420 ""LOVITA"" זופת תויגוע‬",2026,21,1
305104,"‭(7)'ג420 ""LOVITA"" זופת תויגוע‬",2026,22,2
305104,"‭(7)'ג420 ""LOVITA"" זופת תויגוע‬",2026,23,1
305104,"‭(7)'ג420 ""LOVITA"" זופת תויגוע‬",2026,24,1
305104,"‭(7)'ג420 ""LOVITA"" זופת תויגוע‬",2026,25,1
305104,"‭(7)'ג420 ""LOVITA"" זופת תויגוע‬",2026,26,2
305104,"‭(7)'ג420 ""LOVITA"" זופת תויגוע‬",2026,27,4
305104,"‭(7)'ג420 ""LOVITA"" זופת תויגוע‬",2026,28,3
305104,"‭(7)'ג420 ""LOVITA"" זופת תויגוע‬",2026,29,2
305104,"‭(7)'ג420 ""LOVITA"" זופת תויגוע‬",2026,30,2
305104,"‭(7)'ג420 ""LOVITA"" זופת תויגוע‬",2026,31,1
305104,"‭(7)'ג420 ""LOVITA"" זופת תויגוע‬",2026,32,5
305105,"‭(7)'ג420 ""LOVITA"" הדש תות תויגוע‬",2025,34,3
305105,"‭(7)'ג420 ""LOVITA"" הדש תות תויגוע‬",2025,35,4
305105,"‭(7)'ג420 ""LOVITA"" הדש תות תויגוע‬",2025,36,1
305105,"‭(7)'ג420 ""LOVITA"" הדש תות תויגוע‬",2025,37,1
305105,"‭(7)'ג420 ""LOVITA"" הדש תות תויגוע‬",2025,38,2
305105,"‭(7)'ג420 ""LOVITA"" הדש תות תויגוע‬",2025,39,1
305105,"‭(7)'ג420 ""LOVITA"" הדש תות תויגוע‬",2025,40,1
305105,"‭(7)'ג420 ""LOVITA"" הדש תות תויגוע‬",2025,41,1
305105,"‭(7)'ג420 ""LOVITA"" הדש תות תויגוע‬",2025,42,1
305105,"‭(7)'ג420 ""LOVITA"" הדש תות תויגוע‬",2025,44,4
305105,"‭(7)'ג420 ""LOVITA"" הדש תות תויגוע‬",2025,45,1
305105,"‭(7)'ג420 ""LOVITA"" הדש תות תויגוע‬",2025,46,3
305105,"‭(7)'ג420 ""LOVITA"" הדש תות תויגוע‬",2025,49,1
305105,"‭(7)'ג420 ""LOVITA"" הדש תות תויגוע‬",2025,50,3
305105,"‭(7)'ג420 ""LOVITA"" הדש תות תויגוע‬",2025,51,2
305105,"‭(7)'ג420 ""LOVITA"" הדש תות תויגוע‬",2026,2,1
305105,"‭(7)'ג420 ""LOVITA"" הדש תות תויגוע‬",2026,3,4
305105,"‭(7)'ג420 ""LOVITA"" הדש תות תויגוע‬",2026,4,3
305105,"‭(7)'ג420 ""LOVITA"" הדש תות תויגוע‬",2026,5,1
305105,"‭(7)'ג420 ""LOVITA"" הדש תות תויגוע‬",2026,6,2
305105,"‭(7)'ג420 ""LOVITA"" הדש תות תויגוע‬",2026,7,3
305105,"‭(7)'ג420 ""LOVITA"" הדש תות תויגוע‬",2026,8,2
305105,"‭(7)'ג420 ""LOVITA"" הדש תות תויגוע‬",2026,10,1
305105,"‭(7)'ג420 ""LOVITA"" הדש תות תויגוע‬",2026,11,3
305105,"‭(7)'ג420 ""LOVITA"" הדש תות תויגוע‬",2026,12,1
305105,"‭(7)'ג420 ""LOVITA"" הדש תות תויגוע‬",2026,14,3
305105,"‭(7)'ג420 ""LOVITA"" הדש תות תויגוע‬",2026,15,1
305105,"‭(7)'ג420 ""LOVITA"" הדש תות תויגוע‬",2026,16,3
305105,"‭(7)'ג420 ""LOVITA"" הדש תות תויגוע‬",2026,17,1
305105,"‭(7)'ג420 ""LOVITA"" הדש תות תויגוע‬",2026,18,3
305105,"‭(7)'ג420 ""LOVITA"" הדש תות תויגוע‬",2026,19,2
305105,"‭(7)'ג420 ""LOVITA"" הדש תות תויגוע‬",2026,20,6
305105,"‭(7)'ג420 ""LOVITA"" הדש תות תויגוע‬",2026,22,3
305105,"‭(7)'ג420 ""LOVITA"" הדש תות תויגוע‬",2026,23,1
305105,"‭(7)'ג420 ""LOVITA"" הדש תות תויגוע‬",2026,24,2
305105,"‭(7)'ג420 ""LOVITA"" הדש תות תויגוע‬",2026,25,1
305105,"‭(7)'ג420 ""LOVITA"" הדש תות תויגוע‬",2026,26,2
305105,"‭(7)'ג420 ""LOVITA"" הדש תות תויגוע‬",2026,27,3
305105,"‭(7)'ג420 ""LOVITA"" הדש תות תויגוע‬",2026,28,3
305105,"‭(7)'ג420 ""LOVITA"" הדש תות תויגוע‬",2026,29,1
305105,"‭(7)'ג420 ""LOVITA"" הדש תות תויגוע‬",2026,30,2
305105,"‭(7)'ג420 ""LOVITA"" הדש תות תויגוע‬",2026,31,2
305105,"‭(7)'ג420 ""LOVITA"" הדש תות תויגוע‬",2026,32,5
305106,"‭(7)'ג420 ""LOVITA"" ןבדבוד ואקק תויגוע‬",2025,33,1
305106,"‭(7)'ג420 ""LOVITA"" ןבדבוד ואקק תויגוע‬",2025,34,1
305106,"‭(7)'ג420 ""LOVITA"" ןבדבוד ואקק תויגוע‬",2025,35,3
305106,"‭(7)'ג420 ""LOVITA"" ןבדבוד ואקק תויגוע‬",2025,36,1
305106,"‭(7)'ג420 ""LOVITA"" ןבדבוד ואקק תויגוע‬",2025,38,1
305106,"‭(7)'ג420 ""LOVITA"" ןבדבוד ואקק תויגוע‬",2025,39,1
305106,"‭(7)'ג420 ""LOVITA"" ןבדבוד ואקק תויגוע‬",2025,40,1
305106,"‭(7)'ג420 ""LOVITA"" ןבדבוד ואקק תויגוע‬",2025,41,1
305106,"‭(7)'ג420 ""LOVITA"" ןבדבוד ואקק תויגוע‬",2025,44,3
305106,"‭(7)'ג420 ""LOVITA"" ןבדבוד ואקק תויגוע‬",2025,45,1
305106,"‭(7)'ג420 ""LOVITA"" ןבדבוד ואקק תויגוע‬",2025,46,1
305106,"‭(7)'ג420 ""LOVITA"" ןבדבוד ואקק תויגוע‬",2025,49,1
305106,"‭(7)'ג420 ""LOVITA"" ןבדבוד ואקק תויגוע‬",2025,50,1
305106,"‭(7)'ג420 ""LOVITA"" ןבדבוד ואקק תויגוע‬",2025,51,3
305106,"‭(7)'ג420 ""LOVITA"" ןבדבוד ואקק תויגוע‬",2026,3,3
305106,"‭(7)'ג420 ""LOVITA"" ןבדבוד ואקק תויגוע‬",2026,4,2
305106,"‭(7)'ג420 ""LOVITA"" ןבדבוד ואקק תויגוע‬",2026,5,1
305106,"‭(7)'ג420 ""LOVITA"" ןבדבוד ואקק תויגוע‬",2026,6,2
305106,"‭(7)'ג420 ""LOVITA"" ןבדבוד ואקק תויגוע‬",2026,7,3
305106,"‭(7)'ג420 ""LOVITA"" ןבדבוד ואקק תויגוע‬",2026,8,1
305106,"‭(7)'ג420 ""LOVITA"" ןבדבוד ואקק תויגוע‬",2026,9,1
305106,"‭(7)'ג420 ""LOVITA"" ןבדבוד ואקק תויגוע‬",2026,11,3
305106,"‭(7)'ג420 ""LOVITA"" ןבדבוד ואקק תויגוע‬",2026,12,1
305106,"‭(7)'ג420 ""LOVITA"" ןבדבוד ואקק תויגוע‬",2026,13,1
305106,"‭(7)'ג420 ""LOVITA"" ןבדבוד ואקק תויגוע‬",2026,14,1
305106,"‭(7)'ג420 ""LOVITA"" ןבדבוד ואקק תויגוע‬",2026,15,1
305106,"‭(7)'ג420 ""LOVITA"" ןבדבוד ואקק תויגוע‬",2026,16,2
305106,"‭(7)'ג420 ""LOVITA"" ןבדבוד ואקק תויגוע‬",2026,17,1
305106,"‭(7)'ג420 ""LOVITA"" ןבדבוד ואקק תויגוע‬",2026,18,1
305106,"‭(7)'ג420 ""LOVITA"" ןבדבוד ואקק תויגוע‬",2026,19,1
305106,"‭(7)'ג420 ""LOVITA"" ןבדבוד ואקק תויגוע‬",2026,20,2
305106,"‭(7)'ג420 ""LOVITA"" ןבדבוד ואקק תויגוע‬",2026,21,1
305106,"‭(7)'ג420 ""LOVITA"" ןבדבוד ואקק תויגוע‬",2026,22,1
305106,"‭(7)'ג420 ""LOVITA"" ןבדבוד ואקק תויגוע‬",2026,23,1
305106,"‭(7)'ג420 ""LOVITA"" ןבדבוד ואקק תויגוע‬",2026,24,3
305106,"‭(7)'ג420 ""LOVITA"" ןבדבוד ואקק תויגוע‬",2026,25,1
305106,"‭(7)'ג420 ""LOVITA"" ןבדבוד ואקק תויגוע‬",2026,26,4
305106,"‭(7)'ג420 ""LOVITA"" ןבדבוד ואקק תויגוע‬",2026,27,3
305106,"‭(7)'ג420 ""LOVITA"" ןבדבוד ואקק תויגוע‬",2026,28,4
305106,"‭(7)'ג420 ""LOVITA"" ןבדבוד ואקק תויגוע‬",2026,29,2
305106,"‭(7)'ג420 ""LOVITA"" ןבדבוד ואקק תויגוע‬",2026,30,1
305106,"‭(7)'ג420 ""LOVITA"" ןבדבוד ואקק תויגוע‬",2026,31,1
305106,"‭(7)'ג420 ""LOVITA"" ןבדבוד ואקק תויגוע‬",2026,32,4
305107,"‭(7)'ג420 ""LOVITA"" לטפ תויגוע‬",2025,37,2
305107,"‭(7)'ג420 ""LOVITA"" לטפ תויגוע‬",2025,38,1
305107,"‭(7)'ג420 ""LOVITA"" לטפ תויגוע‬",2025,39,1
305107,"‭(7)'ג420 ""LOVITA"" לטפ תויגוע‬",2025,41,2
305107,"‭(7)'ג420 ""LOVITA"" לטפ תויגוע‬",2025,42,1
305107,"‭(7)'ג420 ""LOVITA"" לטפ תויגוע‬",2025,44,2
305107,"‭(7)'ג420 ""LOVITA"" לטפ תויגוע‬",2025,45,1
305107,"‭(7)'ג420 ""LOVITA"" לטפ תויגוע‬",2025,46,1.14
305107,"‭(7)'ג420 ""LOVITA"" לטפ תויגוע‬",2025,48,0.14
305107,"‭(7)'ג420 ""LOVITA"" לטפ תויגוע‬",2025,49,1
305107,"‭(7)'ג420 ""LOVITA"" לטפ תויגוע‬",2025,51,3.71
305107,"‭(7)'ג420 ""LOVITA"" לטפ תויגוע‬",2026,2,2
305107,"‭(7)'ג420 ""LOVITA"" לטפ תויגוע‬",2026,3,4
305107,"‭(7)'ג420 ""LOVITA"" לטפ תויגוע‬",2026,4,2
305107,"‭(7)'ג420 ""LOVITA"" לטפ תויגוע‬",2026,5,1
305107,"‭(7)'ג420 ""LOVITA"" לטפ תויגוע‬",2026,6,2
305107,"‭(7)'ג420 ""LOVITA"" לטפ תויגוע‬",2026,7,2
305107,"‭(7)'ג420 ""LOVITA"" לטפ תויגוע‬",2026,8,1
305107,"‭(7)'ג420 ""LOVITA"" לטפ תויגוע‬",2026,11,4
305107,"‭(7)'ג420 ""LOVITA"" לטפ תויגוע‬",2026,13,2
305107,"‭(7)'ג420 ""LOVITA"" לטפ תויגוע‬",2026,14,1
305107,"‭(7)'ג420 ""LOVITA"" לטפ תויגוע‬",2026,15,1
305107,"‭(7)'ג420 ""LOVITA"" לטפ תויגוע‬",2026,16,3
305107,"‭(7)'ג420 ""LOVITA"" לטפ תויגוע‬",2026,17,2
305107,"‭(7)'ג420 ""LOVITA"" לטפ תויגוע‬",2026,18,2
305107,"‭(7)'ג420 ""LOVITA"" לטפ תויגוע‬",2026,19,2
305107,"‭(7)'ג420 ""LOVITA"" לטפ תויגוע‬",2026,20,5
305107,"‭(7)'ג420 ""LOVITA"" לטפ תויגוע‬",2026,22,2
305107,"‭(7)'ג420 ""LOVITA"" לטפ תויגוע‬",2026,23,2
305107,"‭(7)'ג420 ""LOVITA"" לטפ תויגוע‬",2026,24,3
305107,"‭(7)'ג420 ""LOVITA"" לטפ תויגוע‬",2026,25,3
305107,"‭(7)'ג420 ""LOVITA"" לטפ תויגוע‬",2026,26,4
305107,"‭(7)'ג420 ""LOVITA"" לטפ תויגוע‬",2026,27,4
305107,"‭(7)'ג420 ""LOVITA"" לטפ תויגוע‬",2026,28,3
305107,"‭(7)'ג420 ""LOVITA"" לטפ תויגוע‬",2026,29,3
305107,"‭(7)'ג420 ""LOVITA"" לטפ תויגוע‬",2026,30,1
305107,"‭(7)'ג420 ""LOVITA"" לטפ תויגוע‬",2026,32,3
305200,"‭(12)'ג270 בלח ""TOO COOL"" תוישיא תוגוע‬",2026,25,1
305200,"‭(12)'ג270 בלח ""TOO COOL"" תוישיא תוגוע‬",2026,26,1
305200,"‭(12)'ג270 בלח ""TOO COOL"" תוישיא תוגוע‬",2026,29,1
305201,"‭(12)'ג270 דלוקוש ""TOO COOL"" תוישיא תוגוע‬",2026,25,1
305202,"‭(12)'ג270 הדש תות ""TOO COOL"" תוישיא תוגוע‬",2026,25,1
305202,"‭(12)'ג270 הדש תות ""TOO COOL"" תוישיא תוגוע‬",2026,29,1
305202,"‭(12)'ג270 הדש תות ""TOO COOL"" תוישיא תוגוע‬",2026,32,1
306000,"‭(28)'ג168 ""HI DAY""   םי חלמ םע רקרק‬",2026,26,1
306000,"‭(28)'ג168 ""HI DAY""   םי חלמ םע רקרק‬",2026,29,4
306000,"‭(28)'ג168 ""HI DAY""   םי חלמ םע רקרק‬",2026,30,6
306000,"‭(28)'ג168 ""HI DAY""   םי חלמ םע רקרק‬",2026,31,1
306001,"‭(28)'ג168 ""HI DAY""   יסאלק רקרק‬",2026,26,1
306001,"‭(28)'ג168 ""HI DAY""   יסאלק רקרק‬",2026,28,1
306001,"‭(28)'ג168 ""HI DAY""   יסאלק רקרק‬",2026,29,2
306001,"‭(28)'ג168 ""HI DAY""   יסאלק רקרק‬",2026,30,4
306001,"‭(28)'ג168 ""HI DAY""   יסאלק רקרק‬",2026,31,1
306002,"‭(16) םרג 240 חלמ םע יסאלק YARYCH רקרק‬",2025,34,2
306002,"‭(16) םרג 240 חלמ םע יסאלק YARYCH רקרק‬",2025,35,1.63
306002,"‭(16) םרג 240 חלמ םע יסאלק YARYCH רקרק‬",2025,38,0.81
306002,"‭(16) םרג 240 חלמ םע יסאלק YARYCH רקרק‬",2025,39,1
306002,"‭(16) םרג 240 חלמ םע יסאלק YARYCH רקרק‬",2025,40,1
306002,"‭(16) םרג 240 חלמ םע יסאלק YARYCH רקרק‬",2025,41,0.06
306002,"‭(16) םרג 240 חלמ םע יסאלק YARYCH רקרק‬",2025,43,1.94
306002,"‭(16) םרג 240 חלמ םע יסאלק YARYCH רקרק‬",2025,44,1
306002,"‭(16) םרג 240 חלמ םע יסאלק YARYCH רקרק‬",2025,45,1
306002,"‭(16) םרג 240 חלמ םע יסאלק YARYCH רקרק‬",2025,49,1
306002,"‭(16) םרג 240 חלמ םע יסאלק YARYCH רקרק‬",2025,50,2
306002,"‭(16) םרג 240 חלמ םע יסאלק YARYCH רקרק‬",2025,52,3
306002,"‭(16) םרג 240 חלמ םע יסאלק YARYCH רקרק‬",2026,4,1
306002,"‭(16) םרג 240 חלמ םע יסאלק YARYCH רקרק‬",2026,6,0.13
306002,"‭(16) םרג 240 חלמ םע יסאלק YARYCH רקרק‬",2026,7,2
306002,"‭(16) םרג 240 חלמ םע יסאלק YARYCH רקרק‬",2026,8,1
306002,"‭(16) םרג 240 חלמ םע יסאלק YARYCH רקרק‬",2026,9,2
306002,"‭(16) םרג 240 חלמ םע יסאלק YARYCH רקרק‬",2026,12,3
306002,"‭(16) םרג 240 חלמ םע יסאלק YARYCH רקרק‬",2026,16,2
306002,"‭(16) םרג 240 חלמ םע יסאלק YARYCH רקרק‬",2026,18,0.88
306003,"‭(16) םרג 240 גרפ םע יסאלק YARYCH רקרק‬",2025,35,1.63
306003,"‭(16) םרג 240 גרפ םע יסאלק YARYCH רקרק‬",2025,36,1
306003,"‭(16) םרג 240 גרפ םע יסאלק YARYCH רקרק‬",2025,46,0.13
306003,"‭(16) םרג 240 גרפ םע יסאלק YARYCH רקרק‬",2025,50,2
306003,"‭(16) םרג 240 גרפ םע יסאלק YARYCH רקרק‬",2025,52,2
306003,"‭(16) םרג 240 גרפ םע יסאלק YARYCH רקרק‬",2026,3,1
306003,"‭(16) םרג 240 גרפ םע יסאלק YARYCH רקרק‬",2026,7,2
306003,"‭(16) םרג 240 גרפ םע יסאלק YARYCH רקרק‬",2026,9,1
306004,"‭(21) םרג 170 רימשו היליזורטפ ,לצב םע יסאלק YARYCH רקרק‬",2025,34,1
306004,"‭(21) םרג 170 רימשו היליזורטפ ,לצב םע יסאלק YARYCH רקרק‬",2025,35,1
306004,"‭(21) םרג 170 רימשו היליזורטפ ,לצב םע יסאלק YARYCH רקרק‬",2025,36,0.24
306004,"‭(21) םרג 170 רימשו היליזורטפ ,לצב םע יסאלק YARYCH רקרק‬",2025,38,2.33
306004,"‭(21) םרג 170 רימשו היליזורטפ ,לצב םע יסאלק YARYCH רקרק‬",2025,41,1
306004,"‭(21) םרג 170 רימשו היליזורטפ ,לצב םע יסאלק YARYCH רקרק‬",2025,42,1
306004,"‭(21) םרג 170 רימשו היליזורטפ ,לצב םע יסאלק YARYCH רקרק‬",2025,44,1
306004,"‭(21) םרג 170 רימשו היליזורטפ ,לצב םע יסאלק YARYCH רקרק‬",2025,50,2
306004,"‭(21) םרג 170 רימשו היליזורטפ ,לצב םע יסאלק YARYCH רקרק‬",2025,51,1
306004,"‭(21) םרג 170 רימשו היליזורטפ ,לצב םע יסאלק YARYCH רקרק‬",2026,2,1.05
306004,"‭(21) םרג 170 רימשו היליזורטפ ,לצב םע יסאלק YARYCH רקרק‬",2026,3,1
306004,"‭(21) םרג 170 רימשו היליזורטפ ,לצב םע יסאלק YARYCH רקרק‬",2026,4,1
306004,"‭(21) םרג 170 רימשו היליזורטפ ,לצב םע יסאלק YARYCH רקרק‬",2026,9,1
306004,"‭(21) םרג 170 רימשו היליזורטפ ,לצב םע יסאלק YARYCH רקרק‬",2026,12,3.95
306005,"‭(21) םרג 180 ןדועמ   YARYCH רקרק‬",2025,33,1
306005,"‭(21) םרג 180 ןדועמ   YARYCH רקרק‬",2025,34,1
306005,"‭(21) םרג 180 ןדועמ   YARYCH רקרק‬",2025,38,0.52
306005,"‭(21) םרג 180 ןדועמ   YARYCH רקרק‬",2025,39,1
306005,"‭(21) םרג 180 ןדועמ   YARYCH רקרק‬",2025,41,1
306005,"‭(21) םרג 180 ןדועמ   YARYCH רקרק‬",2025,50,1
306005,"‭(21) םרג 180 ןדועמ   YARYCH רקרק‬",2025,51,1
306005,"‭(21) םרג 180 ןדועמ   YARYCH רקרק‬",2026,2,1.05
306005,"‭(21) םרג 180 ןדועמ   YARYCH רקרק‬",2026,3,1
306005,"‭(21) םרג 180 ןדועמ   YARYCH רקרק‬",2026,4,1
306005,"‭(21) םרג 180 ןדועמ   YARYCH רקרק‬",2026,5,1
306005,"‭(21) םרג 180 ןדועמ   YARYCH רקרק‬",2026,7,2
306005,"‭(21) םרג 180 ןדועמ   YARYCH רקרק‬",2026,9,2
306005,"‭(21) םרג 180 ןדועמ   YARYCH רקרק‬",2026,12,1
306100,"‭(14)'ג235 ""2 CRACK""   לינו בלח רקרק 'ץיוודנס‬",2026,25,3
306100,"‭(14)'ג235 ""2 CRACK""   לינו בלח רקרק 'ץיוודנס‬",2026,26,3
306100,"‭(14)'ג235 ""2 CRACK""   לינו בלח רקרק 'ץיוודנס‬",2026,30,5
306100,"‭(14)'ג235 ""2 CRACK""   לינו בלח רקרק 'ץיוודנס‬",2026,32,1
306101,"‭(14)'ג235 ""2 CRACK""   זוגא-ואקק רקרק 'ץיוודנס‬",2026,25,1
306101,"‭(14)'ג235 ""2 CRACK""   זוגא-ואקק רקרק 'ץיוודנס‬",2026,26,4
306101,"‭(14)'ג235 ""2 CRACK""   זוגא-ואקק רקרק 'ץיוודנס‬",2026,30,5
306101,"‭(14)'ג235 ""2 CRACK""   זוגא-ואקק רקרק 'ץיוודנס‬",2026,32,1
306102,"‭(14)'ג235 ""2 CRACK""   דלוקוש רקרק 'ץיוודנס‬",2026,25,1
306102,"‭(14)'ג235 ""2 CRACK""   דלוקוש רקרק 'ץיוודנס‬",2026,26,4
306102,"‭(14)'ג235 ""2 CRACK""   דלוקוש רקרק 'ץיוודנס‬",2026,29,1
306200,"‭(28)ג185 לינו האמח     הפקל טיווקסב‬",2025,33,2.25
306200,"‭(28)ג185 לינו האמח     הפקל טיווקסב‬",2025,34,9.25
306200,"‭(28)ג185 לינו האמח     הפקל טיווקסב‬",2025,35,10.75
306200,"‭(28)ג185 לינו האמח     הפקל טיווקסב‬",2025,36,3
306200,"‭(28)ג185 לינו האמח     הפקל טיווקסב‬",2025,37,4
306200,"‭(28)ג185 לינו האמח     הפקל טיווקסב‬",2025,38,13
306200,"‭(28)ג185 לינו האמח     הפקל טיווקסב‬",2025,39,3
306200,"‭(28)ג185 לינו האמח     הפקל טיווקסב‬",2025,40,7
306200,"‭(28)ג185 לינו האמח     הפקל טיווקסב‬",2025,41,5
306200,"‭(28)ג185 לינו האמח     הפקל טיווקסב‬",2025,42,9
306200,"‭(28)ג185 לינו האמח     הפקל טיווקסב‬",2025,43,8
306200,"‭(28)ג185 לינו האמח     הפקל טיווקסב‬",2025,44,12
306200,"‭(28)ג185 לינו האמח     הפקל טיווקסב‬",2025,45,5
306200,"‭(28)ג185 לינו האמח     הפקל טיווקסב‬",2025,46,14
306200,"‭(28)ג185 לינו האמח     הפקל טיווקסב‬",2025,47,7
306200,"‭(28)ג185 לינו האמח     הפקל טיווקסב‬",2025,48,2
306200,"‭(28)ג185 לינו האמח     הפקל טיווקסב‬",2025,49,27
306200,"‭(28)ג185 לינו האמח     הפקל טיווקסב‬",2025,50,10
306200,"‭(28)ג185 לינו האמח     הפקל טיווקסב‬",2025,51,8
306200,"‭(28)ג185 לינו האמח     הפקל טיווקסב‬",2025,52,6
306200,"‭(28)ג185 לינו האמח     הפקל טיווקסב‬",2025,53,5
306200,"‭(28)ג185 לינו האמח     הפקל טיווקסב‬",2026,2,19
306200,"‭(28)ג185 לינו האמח     הפקל טיווקסב‬",2026,5,13
306200,"‭(28)ג185 לינו האמח     הפקל טיווקסב‬",2026,6,4
306200,"‭(28)ג185 לינו האמח     הפקל טיווקסב‬",2026,7,9
306200,"‭(28)ג185 לינו האמח     הפקל טיווקסב‬",2026,8,8
306200,"‭(28)ג185 לינו האמח     הפקל טיווקסב‬",2026,9,9
306200,"‭(28)ג185 לינו האמח     הפקל טיווקסב‬",2026,10,9
306200,"‭(28)ג185 לינו האמח     הפקל טיווקסב‬",2026,11,9
306200,"‭(28)ג185 לינו האמח     הפקל טיווקסב‬",2026,12,5
306200,"‭(28)ג185 לינו האמח     הפקל טיווקסב‬",2026,13,4
306200,"‭(28)ג185 לינו האמח     הפקל טיווקסב‬",2026,14,4
306200,"‭(28)ג185 לינו האמח     הפקל טיווקסב‬",2026,15,17
306200,"‭(28)ג185 לינו האמח     הפקל טיווקסב‬",2026,16,31
306200,"‭(28)ג185 לינו האמח     הפקל טיווקסב‬",2026,17,12
306200,"‭(28)ג185 לינו האמח     הפקל טיווקסב‬",2026,18,7
306200,"‭(28)ג185 לינו האמח     הפקל טיווקסב‬",2026,19,4
306200,"‭(28)ג185 לינו האמח     הפקל טיווקסב‬",2026,20,6
306200,"‭(28)ג185 לינו האמח     הפקל טיווקסב‬",2026,21,6
306200,"‭(28)ג185 לינו האמח     הפקל טיווקסב‬",2026,22,13
306200,"‭(28)ג185 לינו האמח     הפקל טיווקסב‬",2026,23,13
306200,"‭(28)ג185 לינו האמח     הפקל טיווקסב‬",2026,24,2
306200,"‭(28)ג185 לינו האמח     הפקל טיווקסב‬",2026,25,11
306200,"‭(28)ג185 לינו האמח     הפקל טיווקסב‬",2026,26,5
306200,"‭(28)ג185 לינו האמח     הפקל טיווקסב‬",2026,27,8
306200,"‭(28)ג185 לינו האמח     הפקל טיווקסב‬",2026,28,5
306200,"‭(28)ג185 לינו האמח     הפקל טיווקסב‬",2026,29,9
306200,"‭(28)ג185 לינו האמח     הפקל טיווקסב‬",2026,30,8
306200,"‭(28)ג185 לינו האמח     הפקל טיווקסב‬",2026,31,8
306200,"‭(28)ג185 לינו האמח     הפקל טיווקסב‬",2026,32,12
306201,"‭(28)'ג185 בלח     הפקל טיווקסב‬",2025,33,6.21
306201,"‭(28)'ג185 בלח     הפקל טיווקסב‬",2025,34,5.43
306201,"‭(28)'ג185 בלח     הפקל טיווקסב‬",2025,35,5.57
306201,"‭(28)'ג185 בלח     הפקל טיווקסב‬",2025,36,6
306201,"‭(28)'ג185 בלח     הפקל טיווקסב‬",2025,37,8
306201,"‭(28)'ג185 בלח     הפקל טיווקסב‬",2025,38,13
306201,"‭(28)'ג185 בלח     הפקל טיווקסב‬",2025,39,2
306201,"‭(28)'ג185 בלח     הפקל טיווקסב‬",2025,40,8.18
306201,"‭(28)'ג185 בלח     הפקל טיווקסב‬",2025,41,8
306201,"‭(28)'ג185 בלח     הפקל טיווקסב‬",2025,42,8
306201,"‭(28)'ג185 בלח     הפקל טיווקסב‬",2025,43,9
306201,"‭(28)'ג185 בלח     הפקל טיווקסב‬",2025,44,12
306201,"‭(28)'ג185 בלח     הפקל טיווקסב‬",2025,45,6
306201,"‭(28)'ג185 בלח     הפקל טיווקסב‬",2025,46,12
306201,"‭(28)'ג185 בלח     הפקל טיווקסב‬",2025,47,10
306201,"‭(28)'ג185 בלח     הפקל טיווקסב‬",2025,48,4
306201,"‭(28)'ג185 בלח     הפקל טיווקסב‬",2025,49,26
306201,"‭(28)'ג185 בלח     הפקל טיווקסב‬",2025,50,10
306201,"‭(28)'ג185 בלח     הפקל טיווקסב‬",2025,51,9
306201,"‭(28)'ג185 בלח     הפקל טיווקסב‬",2025,52,10
306201,"‭(28)'ג185 בלח     הפקל טיווקסב‬",2025,53,4
306201,"‭(28)'ג185 בלח     הפקל טיווקסב‬",2026,2,18
306201,"‭(28)'ג185 בלח     הפקל טיווקסב‬",2026,3,15
306201,"‭(28)'ג185 בלח     הפקל טיווקסב‬",2026,4,12
306201,"‭(28)'ג185 בלח     הפקל טיווקסב‬",2026,5,8
306201,"‭(28)'ג185 בלח     הפקל טיווקסב‬",2026,6,11
306201,"‭(28)'ג185 בלח     הפקל טיווקסב‬",2026,7,10
306201,"‭(28)'ג185 בלח     הפקל טיווקסב‬",2026,8,7
306201,"‭(28)'ג185 בלח     הפקל טיווקסב‬",2026,9,11
306201,"‭(28)'ג185 בלח     הפקל טיווקסב‬",2026,10,11
306201,"‭(28)'ג185 בלח     הפקל טיווקסב‬",2026,11,8
306201,"‭(28)'ג185 בלח     הפקל טיווקסב‬",2026,12,7
306201,"‭(28)'ג185 בלח     הפקל טיווקסב‬",2026,13,7
306201,"‭(28)'ג185 בלח     הפקל טיווקסב‬",2026,14,6
306201,"‭(28)'ג185 בלח     הפקל טיווקסב‬",2026,15,17
306201,"‭(28)'ג185 בלח     הפקל טיווקסב‬",2026,16,29
306201,"‭(28)'ג185 בלח     הפקל טיווקסב‬",2026,17,13
306201,"‭(28)'ג185 בלח     הפקל טיווקסב‬",2026,18,9
306201,"‭(28)'ג185 בלח     הפקל טיווקסב‬",2026,19,4
306201,"‭(28)'ג185 בלח     הפקל טיווקסב‬",2026,20,6
306201,"‭(28)'ג185 בלח     הפקל טיווקסב‬",2026,21,8
306201,"‭(28)'ג185 בלח     הפקל טיווקסב‬",2026,22,9
306201,"‭(28)'ג185 בלח     הפקל טיווקסב‬",2026,23,11
306201,"‭(28)'ג185 בלח     הפקל טיווקסב‬",2026,24,5
306201,"‭(28)'ג185 בלח     הפקל טיווקסב‬",2026,25,9.71
306201,"‭(28)'ג185 בלח     הפקל טיווקסב‬",2026,26,6.71
306201,"‭(28)'ג185 בלח     הפקל טיווקסב‬",2026,27,11.71
306201,"‭(28)'ג185 בלח     הפקל טיווקסב‬",2026,28,10.71
306201,"‭(28)'ג185 בלח     הפקל טיווקסב‬",2026,29,11
306201,"‭(28)'ג185 בלח     הפקל טיווקסב‬",2026,30,9
306201,"‭(28)'ג185 בלח     הפקל טיווקסב‬",2026,31,10
306201,"‭(28)'ג185 בלח     הפקל טיווקסב‬",2026,32,11
306202,"‭(24) םרג 250 יסאלק רביתפ YARYCH טיווקסיב‬",2025,35,1
306202,"‭(24) םרג 250 יסאלק רביתפ YARYCH טיווקסיב‬",2025,37,1
306202,"‭(24) םרג 250 יסאלק רביתפ YARYCH טיווקסיב‬",2025,42,2
306202,"‭(24) םרג 250 יסאלק רביתפ YARYCH טיווקסיב‬",2025,48,1
306202,"‭(24) םרג 250 יסאלק רביתפ YARYCH טיווקסיב‬",2025,49,1
306202,"‭(24) םרג 250 יסאלק רביתפ YARYCH טיווקסיב‬",2025,50,2
306202,"‭(24) םרג 250 יסאלק רביתפ YARYCH טיווקסיב‬",2025,51,1
306202,"‭(24) םרג 250 יסאלק רביתפ YARYCH טיווקסיב‬",2025,53,1
306202,"‭(24) םרג 250 יסאלק רביתפ YARYCH טיווקסיב‬",2026,2,4
306202,"‭(24) םרג 250 יסאלק רביתפ YARYCH טיווקסיב‬",2026,3,2
306202,"‭(24) םרג 250 יסאלק רביתפ YARYCH טיווקסיב‬",2026,4,1
306202,"‭(24) םרג 250 יסאלק רביתפ YARYCH טיווקסיב‬",2026,5,1
306202,"‭(24) םרג 250 יסאלק רביתפ YARYCH טיווקסיב‬",2026,6,1
306202,"‭(24) םרג 250 יסאלק רביתפ YARYCH טיווקסיב‬",2026,8,2
306202,"‭(24) םרג 250 יסאלק רביתפ YARYCH טיווקסיב‬",2026,10,1
306202,"‭(24) םרג 250 יסאלק רביתפ YARYCH טיווקסיב‬",2026,12,2
306202,"‭(24) םרג 250 יסאלק רביתפ YARYCH טיווקסיב‬",2026,19,2
306202,"‭(24) םרג 250 יסאלק רביתפ YARYCH טיווקסיב‬",2026,21,2
306202,"‭(24) םרג 250 יסאלק רביתפ YARYCH טיווקסיב‬",2026,28,1
306202,"‭(24) םרג 250 יסאלק רביתפ YARYCH טיווקסיב‬",2026,29,1
306203,"‭(24) םרג 250 ואקק רביתפ YARYCH טיווקסיב‬",2025,42,1
306203,"‭(24) םרג 250 ואקק רביתפ YARYCH טיווקסיב‬",2025,48,1
306203,"‭(24) םרג 250 ואקק רביתפ YARYCH טיווקסיב‬",2025,51,1
306203,"‭(24) םרג 250 ואקק רביתפ YARYCH טיווקסיב‬",2025,53,1
306203,"‭(24) םרג 250 ואקק רביתפ YARYCH טיווקסיב‬",2026,2,4
306203,"‭(24) םרג 250 ואקק רביתפ YARYCH טיווקסיב‬",2026,4,1
306203,"‭(24) םרג 250 ואקק רביתפ YARYCH טיווקסיב‬",2026,5,1
306203,"‭(24) םרג 250 ואקק רביתפ YARYCH טיווקסיב‬",2026,6,1
306203,"‭(24) םרג 250 ואקק רביתפ YARYCH טיווקסיב‬",2026,8,2
306203,"‭(24) םרג 250 ואקק רביתפ YARYCH טיווקסיב‬",2026,10,1
306203,"‭(24) םרג 250 ואקק רביתפ YARYCH טיווקסיב‬",2026,11,1
306203,"‭(24) םרג 250 ואקק רביתפ YARYCH טיווקסיב‬",2026,12,2
306203,"‭(24) םרג 250 ואקק רביתפ YARYCH טיווקסיב‬",2026,22,1
306203,"‭(24) םרג 250 ואקק רביתפ YARYCH טיווקסיב‬",2026,28,1
306204,"‭(10) םרג 500 יסאלק רביתפ YARYCH טיווקסיב‬",2025,34,3
306204,"‭(10) םרג 500 יסאלק רביתפ YARYCH טיווקסיב‬",2025,35,4
306204,"‭(10) םרג 500 יסאלק רביתפ YARYCH טיווקסיב‬",2025,36,1
306204,"‭(10) םרג 500 יסאלק רביתפ YARYCH טיווקסיב‬",2025,37,4
306204,"‭(10) םרג 500 יסאלק רביתפ YARYCH טיווקסיב‬",2025,38,2
306204,"‭(10) םרג 500 יסאלק רביתפ YARYCH טיווקסיב‬",2025,40,2
306204,"‭(10) םרג 500 יסאלק רביתפ YARYCH טיווקסיב‬",2025,41,2
306204,"‭(10) םרג 500 יסאלק רביתפ YARYCH טיווקסיב‬",2025,42,2
306204,"‭(10) םרג 500 יסאלק רביתפ YARYCH טיווקסיב‬",2025,43,1
306204,"‭(10) םרג 500 יסאלק רביתפ YARYCH טיווקסיב‬",2025,44,3
306204,"‭(10) םרג 500 יסאלק רביתפ YARYCH טיווקסיב‬",2025,46,5
306204,"‭(10) םרג 500 יסאלק רביתפ YARYCH טיווקסיב‬",2025,47,1
306204,"‭(10) םרג 500 יסאלק רביתפ YARYCH טיווקסיב‬",2025,49,2
306204,"‭(10) םרג 500 יסאלק רביתפ YARYCH טיווקסיב‬",2025,52,3
306204,"‭(10) םרג 500 יסאלק רביתפ YARYCH טיווקסיב‬",2026,3,1
306204,"‭(10) םרג 500 יסאלק רביתפ YARYCH טיווקסיב‬",2026,4,2
306204,"‭(10) םרג 500 יסאלק רביתפ YARYCH טיווקסיב‬",2026,5,2
306204,"‭(10) םרג 500 יסאלק רביתפ YARYCH טיווקסיב‬",2026,6,1
306204,"‭(10) םרג 500 יסאלק רביתפ YARYCH טיווקסיב‬",2026,7,2
306204,"‭(10) םרג 500 יסאלק רביתפ YARYCH טיווקסיב‬",2026,8,2
306204,"‭(10) םרג 500 יסאלק רביתפ YARYCH טיווקסיב‬",2026,9,1
306204,"‭(10) םרג 500 יסאלק רביתפ YARYCH טיווקסיב‬",2026,10,1
306204,"‭(10) םרג 500 יסאלק רביתפ YARYCH טיווקסיב‬",2026,12,2
306204,"‭(10) םרג 500 יסאלק רביתפ YARYCH טיווקסיב‬",2026,13,1
306204,"‭(10) םרג 500 יסאלק רביתפ YARYCH טיווקסיב‬",2026,14,2
306204,"‭(10) םרג 500 יסאלק רביתפ YARYCH טיווקסיב‬",2026,15,1
306204,"‭(10) םרג 500 יסאלק רביתפ YARYCH טיווקסיב‬",2026,16,6
306204,"‭(10) םרג 500 יסאלק רביתפ YARYCH טיווקסיב‬",2026,19,2
306204,"‭(10) םרג 500 יסאלק רביתפ YARYCH טיווקסיב‬",2026,20,4
306204,"‭(10) םרג 500 יסאלק רביתפ YARYCH טיווקסיב‬",2026,23,1
306204,"‭(10) םרג 500 יסאלק רביתפ YARYCH טיווקסיב‬",2026,27,1
306204,"‭(10) םרג 500 יסאלק רביתפ YARYCH טיווקסיב‬",2026,29,1
306205,"‭(10) םרג 500 ואקק רביתפ YARYCH טיווקסיב‬",2025,34,2
306205,"‭(10) םרג 500 ואקק רביתפ YARYCH טיווקסיב‬",2025,35,1
306205,"‭(10) םרג 500 ואקק רביתפ YARYCH טיווקסיב‬",2025,36,1
306205,"‭(10) םרג 500 ואקק רביתפ YARYCH טיווקסיב‬",2025,38,1
306205,"‭(10) םרג 500 ואקק רביתפ YARYCH טיווקסיב‬",2025,40,1
306205,"‭(10) םרג 500 ואקק רביתפ YARYCH טיווקסיב‬",2025,41,1
306205,"‭(10) םרג 500 ואקק רביתפ YARYCH טיווקסיב‬",2025,42,1
306205,"‭(10) םרג 500 ואקק רביתפ YARYCH טיווקסיב‬",2025,43,1
306205,"‭(10) םרג 500 ואקק רביתפ YARYCH טיווקסיב‬",2025,44,3
306205,"‭(10) םרג 500 ואקק רביתפ YARYCH טיווקסיב‬",2025,46,2
306205,"‭(10) םרג 500 ואקק רביתפ YARYCH טיווקסיב‬",2025,47,2
306205,"‭(10) םרג 500 ואקק רביתפ YARYCH טיווקסיב‬",2025,48,1
306205,"‭(10) םרג 500 ואקק רביתפ YARYCH טיווקסיב‬",2025,52,3
306205,"‭(10) םרג 500 ואקק רביתפ YARYCH טיווקסיב‬",2026,3,1
306205,"‭(10) םרג 500 ואקק רביתפ YARYCH טיווקסיב‬",2026,4,1
306205,"‭(10) םרג 500 ואקק רביתפ YARYCH טיווקסיב‬",2026,5,1
306205,"‭(10) םרג 500 ואקק רביתפ YARYCH טיווקסיב‬",2026,8,2
306205,"‭(10) םרג 500 ואקק רביתפ YARYCH טיווקסיב‬",2026,9,1
306205,"‭(10) םרג 500 ואקק רביתפ YARYCH טיווקסיב‬",2026,11,1
306205,"‭(10) םרג 500 ואקק רביתפ YARYCH טיווקסיב‬",2026,12,1
306205,"‭(10) םרג 500 ואקק רביתפ YARYCH טיווקסיב‬",2026,13,1
306205,"‭(10) םרג 500 ואקק רביתפ YARYCH טיווקסיב‬",2026,14,1
306205,"‭(10) םרג 500 ואקק רביתפ YARYCH טיווקסיב‬",2026,15,1
306205,"‭(10) םרג 500 ואקק רביתפ YARYCH טיווקסיב‬",2026,16,5
306205,"‭(10) םרג 500 ואקק רביתפ YARYCH טיווקסיב‬",2026,18,2
306205,"‭(10) םרג 500 ואקק רביתפ YARYCH טיווקסיב‬",2026,20,1
306205,"‭(10) םרג 500 ואקק רביתפ YARYCH טיווקסיב‬",2026,22,1
306205,"‭(10) םרג 500 ואקק רביתפ YARYCH טיווקסיב‬",2026,24,1
306205,"‭(10) םרג 500 ואקק רביתפ YARYCH טיווקסיב‬",2026,29,1
306206,"‭(35) םרג 155 לניגירוא YARYCH הירמ טיווקסיב‬",2025,53,2
306206,"‭(35) םרג 155 לניגירוא YARYCH הירמ טיווקסיב‬",2026,3,3
306206,"‭(35) םרג 155 לניגירוא YARYCH הירמ טיווקסיב‬",2026,4,1.94
306206,"‭(35) םרג 155 לניגירוא YARYCH הירמ טיווקסיב‬",2026,5,1
306206,"‭(35) םרג 155 לניגירוא YARYCH הירמ טיווקסיב‬",2026,9,1
306206,"‭(35) םרג 155 לניגירוא YARYCH הירמ טיווקסיב‬",2026,11,1
306206,"‭(35) םרג 155 לניגירוא YARYCH הירמ טיווקסיב‬",2026,12,1
306207,"‭(35) םרג 155 םיאלמ םינגד YARYCH הירמ טיווקסיב‬",2025,53,2
306207,"‭(35) םרג 155 םיאלמ םינגד YARYCH הירמ טיווקסיב‬",2026,3,3
306207,"‭(35) םרג 155 םיאלמ םינגד YARYCH הירמ טיווקסיב‬",2026,4,0.94
306207,"‭(35) םרג 155 םיאלמ םינגד YARYCH הירמ טיווקסיב‬",2026,6,1
306207,"‭(35) םרג 155 םיאלמ םינגד YARYCH הירמ טיווקסיב‬",2026,9,1
306207,"‭(35) םרג 155 םיאלמ םינגד YARYCH הירמ טיווקסיב‬",2026,12,1
306208,"‭(35) םרג 150 סוקוק םע YARYCH הירמ טיווקסיב‬",2025,53,3
306208,"‭(35) םרג 150 סוקוק םע YARYCH הירמ טיווקסיב‬",2026,3,3
306208,"‭(35) םרג 150 סוקוק םע YARYCH הירמ טיווקסיב‬",2026,4,5
306208,"‭(35) םרג 150 סוקוק םע YARYCH הירמ טיווקסיב‬",2026,7,2
306208,"‭(35) םרג 150 סוקוק םע YARYCH הירמ טיווקסיב‬",2026,9,3.94
306208,"‭(35) םרג 150 סוקוק םע YARYCH הירמ טיווקסיב‬",2026,11,1
306208,"‭(35) םרג 150 סוקוק םע YARYCH הירמ טיווקסיב‬",2026,12,1
307010,"‭(10)םרג 274 -  1 'סמ הנתמ‬",2025,46,10
307010,"‭(10)םרג 274 -  1 'סמ הנתמ‬",2025,47,5
307010,"‭(10)םרג 274 -  1 'סמ הנתמ‬",2025,49,2
307011,"‭(8)םרג 330 - 2 'סמ הנתמ‬",2025,46,8
307011,"‭(8)םרג 330 - 2 'סמ הנתמ‬",2025,47,3
307012,"‭(9)םרג 330 - 3 'סמ הנתמ‬",2025,46,7
307012,"‭(9)םרג 330 - 3 'סמ הנתמ‬",2025,47,3
307013,"‭(9)םרג 388 - 4 'סמ הנתמ‬",2025,46,5
307013,"‭(9)םרג 388 - 4 'סמ הנתמ‬",2025,47,2.67
307014,"‭(12)םרג 426 - 5 'סמ הנתמ‬",2025,46,5
307014,"‭(12)םרג 426 - 5 'סמ הנתמ‬",2025,47,2
307014,"‭(12)םרג 426 - 5 'סמ הנתמ‬",2025,48,1
307014,"‭(12)םרג 426 - 5 'סמ הנתמ‬",2025,49,1
307014,"‭(12)םרג 426 - 5 'סמ הנתמ‬",2025,53,2
307015,"‭(4)םרג 458 - 6 'סמ הנתמ‬",2025,46,3
307015,"‭(4)םרג 458 - 6 'סמ הנתמ‬",2025,47,1
307015,"‭(4)םרג 458 - 6 'סמ הנתמ‬",2025,48,1
307015,"‭(4)םרג 458 - 6 'סמ הנתמ‬",2025,49,1
307015,"‭(4)םרג 458 - 6 'סמ הנתמ‬",2025,51,2
307016,"‭(4)םרג 561 - 8 'סמ הנתמ‬",2025,46,3
307016,"‭(4)םרג 561 - 8 'סמ הנתמ‬",2025,47,1
307016,"‭(4)םרג 561 - 8 'סמ הנתמ‬",2025,49,2
307016,"‭(4)םרג 561 - 8 'סמ הנתמ‬",2025,51,2
307017,"‭(4)םרג 665 - 10 'סמ הנתמ‬",2025,46,2
307017,"‭(4)םרג 665 - 10 'סמ הנתמ‬",2025,47,1
307017,"‭(4)םרג 665 - 10 'סמ הנתמ‬",2025,49,2
307017,"‭(4)םרג 665 - 10 'סמ הנתמ‬",2025,51,2
307018,"‭(2)םרג 918 - 12 'סמ הנתמ‬",2025,46,3
307018,"‭(2)םרג 918 - 12 'סמ הנתמ‬",2025,49,2
307018,"‭(2)םרג 918 - 12 'סמ הנתמ‬",2025,51,2
391000,"‭(12) 'קש 25 ןולייצ ''Royal Ceylon'' רוחש הת‬",2025,35,0.5
391000,"‭(12) 'קש 25 ןולייצ ''Royal Ceylon'' רוחש הת‬",2025,37,1
391000,"‭(12) 'קש 25 ןולייצ ''Royal Ceylon'' רוחש הת‬",2025,38,0.5
391000,"‭(12) 'קש 25 ןולייצ ''Royal Ceylon'' רוחש הת‬",2025,45,1
391000,"‭(12) 'קש 25 ןולייצ ''Royal Ceylon'' רוחש הת‬",2025,46,0.5
391000,"‭(12) 'קש 25 ןולייצ ''Royal Ceylon'' רוחש הת‬",2025,47,0.5
391000,"‭(12) 'קש 25 ןולייצ ''Royal Ceylon'' רוחש הת‬",2025,50,1
391000,"‭(12) 'קש 25 ןולייצ ''Royal Ceylon'' רוחש הת‬",2026,15,1
391000,"‭(12) 'קש 25 ןולייצ ''Royal Ceylon'' רוחש הת‬",2026,16,1
391001,"‭(12) 'קש 25 טומגרב   ''Rich Bergamot'' רוחש הת‬",2025,35,0.08
391001,"‭(12) 'קש 25 טומגרב   ''Rich Bergamot'' רוחש הת‬",2026,6,1.25
391001,"‭(12) 'קש 25 טומגרב   ''Rich Bergamot'' רוחש הת‬",2026,15,1
391001,"‭(12) 'קש 25 טומגרב   ''Rich Bergamot'' רוחש הת‬",2026,18,0.5
391002,"‭(12) 'קש 25 הינגדו חופת ,רב דרו םע ''Take A Break'' רוחש הת‬",2025,37,1
391002,"‭(12) 'קש 25 הינגדו חופת ,רב דרו םע ''Take A Break'' רוחש הת‬",2025,49,0.5
391002,"‭(12) 'קש 25 הינגדו חופת ,רב דרו םע ''Take A Break'' רוחש הת‬",2026,18,0.5
391003,"‭(12) 'קש 25 ןימיטו הטנמ םע ''Mountain Breeze'' רוחש הת‬",2025,47,0.67
391003,"‭(12) 'קש 25 ןימיטו הטנמ םע ''Mountain Breeze'' רוחש הת‬",2026,15,1
391003,"‭(12) 'קש 25 ןימיטו הטנמ םע ''Mountain Breeze'' רוחש הת‬",2026,28,1
391004,"‭(12) 'קש 24 םיגוס 4 םימעטב ''Assorti'' רוחש הת‬",2025,37,1
391004,"‭(12) 'קש 24 םיגוס 4 םימעטב ''Assorti'' רוחש הת‬",2025,38,0.5
391004,"‭(12) 'קש 24 םיגוס 4 םימעטב ''Assorti'' רוחש הת‬",2025,50,1
391004,"‭(12) 'קש 24 םיגוס 4 םימעטב ''Assorti'' רוחש הת‬",2026,2,1
391004,"‭(12) 'קש 24 םיגוס 4 םימעטב ''Assorti'' רוחש הת‬",2026,15,1
391100,"‭(12) 'קש25 יסאלק ''Green'' קורי הת‬",2025,37,1
391100,"‭(12) 'קש25 יסאלק ''Green'' קורי הת‬",2025,46,1
391100,"‭(12) 'קש25 יסאלק ''Green'' קורי הת‬",2025,47,1.17
391100,"‭(12) 'קש25 יסאלק ''Green'' קורי הת‬",2025,49,0.5
391100,"‭(12) 'קש25 יסאלק ''Green'' קורי הת‬",2025,50,1
391100,"‭(12) 'קש25 יסאלק ''Green'' קורי הת‬",2026,2,1
391100,"‭(12) 'קש25 יסאלק ''Green'' קורי הת‬",2026,5,0.08
391100,"‭(12) 'קש25 יסאלק ''Green'' קורי הת‬",2026,6,1.17
391100,"‭(12) 'קש25 יסאלק ''Green'' קורי הת‬",2026,7,1
391100,"‭(12) 'קש25 יסאלק ''Green'' קורי הת‬",2026,15,1
391100,"‭(12) 'קש25 יסאלק ''Green'' קורי הת‬",2026,16,1
391100,"‭(12) 'קש25 יסאלק ''Green'' קורי הת‬",2026,19,1
391100,"‭(12) 'קש25 יסאלק ''Green'' קורי הת‬",2026,28,1
391101,"‭(12) 'קש25 זופת   ענענ םע ''Orange Mint'' קורי הת‬",2025,37,1
391101,"‭(12) 'קש25 זופת   ענענ םע ''Orange Mint'' קורי הת‬",2025,46,1
391101,"‭(12) 'קש25 זופת   ענענ םע ''Orange Mint'' קורי הת‬",2025,47,2.75
391101,"‭(12) 'קש25 זופת   ענענ םע ''Orange Mint'' קורי הת‬",2026,15,1
391101,"‭(12) 'קש25 זופת   ענענ םע ''Orange Mint'' קורי הת‬",2026,19,1
391103,"‭(12) 'קש 25 הדש תות םע ''Starwberry Fresh''  קורי הת‬",2025,37,1
391103,"‭(12) 'קש 25 הדש תות םע ''Starwberry Fresh''  קורי הת‬",2025,43,0.08
391103,"‭(12) 'קש 25 הדש תות םע ''Starwberry Fresh''  קורי הת‬",2025,46,0.5
391103,"‭(12) 'קש 25 הדש תות םע ''Starwberry Fresh''  קורי הת‬",2026,15,1
391400,"‭(12) 'קש 25 לטפו רב דרו ,סוקסיביה ''Summer Time'' תטילח‬",2025,37,1
391400,"‭(12) 'קש 25 לטפו רב דרו ,סוקסיביה ''Summer Time'' תטילח‬",2025,38,0.5
391400,"‭(12) 'קש 25 לטפו רב דרו ,סוקסיביה ''Summer Time'' תטילח‬",2025,49,1.5
391400,"‭(12) 'קש 25 לטפו רב דרו ,סוקסיביה ''Summer Time'' תטילח‬",2025,50,0.33
391400,"‭(12) 'קש 25 לטפו רב דרו ,סוקסיביה ''Summer Time'' תטילח‬",2026,5,0.08
391400,"‭(12) 'קש 25 לטפו רב דרו ,סוקסיביה ''Summer Time'' תטילח‬",2026,7,1.25
391400,"‭(12) 'קש 25 לטפו רב דרו ,סוקסיביה ''Summer Time'' תטילח‬",2026,15,1
391400,"‭(12) 'קש 25 לטפו רב דרו ,סוקסיביה ''Summer Time'' תטילח‬",2026,16,0.5
391400,"‭(12) 'קש 25 לטפו רב דרו ,סוקסיביה ''Summer Time'' תטילח‬",2026,22,0.5
391400,"‭(12) 'קש 25 לטפו רב דרו ,סוקסיביה ''Summer Time'' תטילח‬",2026,28,1
391401,"‭(12) 'קש25 םינבדבודו םידקש   ''Cherry Delight'' תטילח‬",2025,37,1
391401,"‭(12) 'קש25 םינבדבודו םידקש   ''Cherry Delight'' תטילח‬",2025,46,1.92
391402,"‭(24)'קש25*ג1.2 ""ORANGE BERRY"" םיחמצו תוריפ תטילח‬",2025,37,1
391402,"‭(24)'קש25*ג1.2 ""ORANGE BERRY"" םיחמצו תוריפ תטילח‬",2026,4,1
391402,"‭(24)'קש25*ג1.2 ""ORANGE BERRY"" םיחמצו תוריפ תטילח‬",2026,21,1
391402,"‭(24)'קש25*ג1.2 ""ORANGE BERRY"" םיחמצו תוריפ תטילח‬",2026,25,20
391402,"‭(24)'קש25*ג1.2 ""ORANGE BERRY"" םיחמצו תוריפ תטילח‬",2026,26,0.5
391402,"‭(24)'קש25*ג1.2 ""ORANGE BERRY"" םיחמצו תוריפ תטילח‬",2026,27,2
391403,"‭(24)'קש25*ג1.2 ""SWEET GINGER"" םיחמצו תוריפ תטילח‬",2025,37,0.5
391403,"‭(24)'קש25*ג1.2 ""SWEET GINGER"" םיחמצו תוריפ תטילח‬",2025,38,0.25
391403,"‭(24)'קש25*ג1.2 ""SWEET GINGER"" םיחמצו תוריפ תטילח‬",2025,41,1
391403,"‭(24)'קש25*ג1.2 ""SWEET GINGER"" םיחמצו תוריפ תטילח‬",2025,46,0.25
391403,"‭(24)'קש25*ג1.2 ""SWEET GINGER"" םיחמצו תוריפ תטילח‬",2025,47,0.58
391403,"‭(24)'קש25*ג1.2 ""SWEET GINGER"" םיחמצו תוריפ תטילח‬",2025,50,1
391403,"‭(24)'קש25*ג1.2 ""SWEET GINGER"" םיחמצו תוריפ תטילח‬",2025,52,1
391403,"‭(24)'קש25*ג1.2 ""SWEET GINGER"" םיחמצו תוריפ תטילח‬",2026,5,0.04
391403,"‭(24)'קש25*ג1.2 ""SWEET GINGER"" םיחמצו תוריפ תטילח‬",2026,25,20
391403,"‭(24)'קש25*ג1.2 ""SWEET GINGER"" םיחמצו תוריפ תטילח‬",2026,26,0.5
391404,"‭(24)'קש25*ג1.5 ""GOOD NIGTH"" םיחמצו תוריפ תטילח‬",2025,37,0.5
391404,"‭(24)'קש25*ג1.5 ""GOOD NIGTH"" םיחמצו תוריפ תטילח‬",2025,38,0.25
391404,"‭(24)'קש25*ג1.5 ""GOOD NIGTH"" םיחמצו תוריפ תטילח‬",2025,46,0.25
391404,"‭(24)'קש25*ג1.5 ""GOOD NIGTH"" םיחמצו תוריפ תטילח‬",2025,47,0.33
391404,"‭(24)'קש25*ג1.5 ""GOOD NIGTH"" םיחמצו תוריפ תטילח‬",2025,48,0.5
391404,"‭(24)'קש25*ג1.5 ""GOOD NIGTH"" םיחמצו תוריפ תטילח‬",2025,52,1
391404,"‭(24)'קש25*ג1.5 ""GOOD NIGTH"" םיחמצו תוריפ תטילח‬",2026,3,1
391404,"‭(24)'קש25*ג1.5 ""GOOD NIGTH"" םיחמצו תוריפ תטילח‬",2026,6,1
391404,"‭(24)'קש25*ג1.5 ""GOOD NIGTH"" םיחמצו תוריפ תטילח‬",2026,7,1
391404,"‭(24)'קש25*ג1.5 ""GOOD NIGTH"" םיחמצו תוריפ תטילח‬",2026,21,1
391404,"‭(24)'קש25*ג1.5 ""GOOD NIGTH"" םיחמצו תוריפ תטילח‬",2026,25,20
391404,"‭(24)'קש25*ג1.5 ""GOOD NIGTH"" םיחמצו תוריפ תטילח‬",2026,27,2.38
391406,"‭(11) 'קש60 ""TEA BAG COLECTION""  םיגוס 7 הת‬",2025,40,1
391406,"‭(11) 'קש60 ""TEA BAG COLECTION""  םיגוס 7 הת‬",2025,52,1
391406,"‭(11) 'קש60 ""TEA BAG COLECTION""  םיגוס 7 הת‬",2026,7,0.18
391406,"‭(11) 'קש60 ""TEA BAG COLECTION""  םיגוס 7 הת‬",2026,8,3.09
391406,"‭(11) 'קש60 ""TEA BAG COLECTION""  םיגוס 7 הת‬",2026,11,0.09
391406,"‭(11) 'קש60 ""TEA BAG COLECTION""  םיגוס 7 הת‬",2026,25,2
391406,"‭(11) 'קש60 ""TEA BAG COLECTION""  םיגוס 7 הת‬",2026,28,1
391407,"‭(24)'קש20*ג1 ""5 HERBS"" םיחמצ תטילח‬",2025,43,0.5
391407,"‭(24)'קש20*ג1 ""5 HERBS"" םיחמצ תטילח‬",2025,44,1
391407,"‭(24)'קש20*ג1 ""5 HERBS"" םיחמצ תטילח‬",2025,49,1
391407,"‭(24)'קש20*ג1 ""5 HERBS"" םיחמצ תטילח‬",2025,50,0.58
391407,"‭(24)'קש20*ג1 ""5 HERBS"" םיחמצ תטילח‬",2025,51,2
391407,"‭(24)'קש20*ג1 ""5 HERBS"" םיחמצ תטילח‬",2026,3,1
391407,"‭(24)'קש20*ג1 ""5 HERBS"" םיחמצ תטילח‬",2026,5,1
391407,"‭(24)'קש20*ג1 ""5 HERBS"" םיחמצ תטילח‬",2026,11,0.25
391407,"‭(24)'קש20*ג1 ""5 HERBS"" םיחמצ תטילח‬",2026,12,0.75
391407,"‭(24)'קש20*ג1 ""5 HERBS"" םיחמצ תטילח‬",2026,14,1
391407,"‭(24)'קש20*ג1 ""5 HERBS"" םיחמצ תטילח‬",2026,17,1.25
391407,"‭(24)'קש20*ג1 ""5 HERBS"" םיחמצ תטילח‬",2026,18,0.25
391407,"‭(24)'קש20*ג1 ""5 HERBS"" םיחמצ תטילח‬",2026,25,0.5
391407,"‭(24)'קש20*ג1 ""5 HERBS"" םיחמצ תטילח‬",2026,26,1
391407,"‭(24)'קש20*ג1 ""5 HERBS"" םיחמצ תטילח‬",2026,27,1
391407,"‭(24)'קש20*ג1 ""5 HERBS"" םיחמצ תטילח‬",2026,28,1
391408,"‭(24)'קש20*ג1 ""CHAMOMILE&MELISSA"" םיחמצ תטילח‬",2025,35,1
391408,"‭(24)'קש20*ג1 ""CHAMOMILE&MELISSA"" םיחמצ תטילח‬",2025,44,1
391408,"‭(24)'קש20*ג1 ""CHAMOMILE&MELISSA"" םיחמצ תטילח‬",2025,49,0.25
391408,"‭(24)'קש20*ג1 ""CHAMOMILE&MELISSA"" םיחמצ תטילח‬",2026,5,1
391408,"‭(24)'קש20*ג1 ""CHAMOMILE&MELISSA"" םיחמצ תטילח‬",2026,12,1
391408,"‭(24)'קש20*ג1 ""CHAMOMILE&MELISSA"" םיחמצ תטילח‬",2026,17,1
391408,"‭(24)'קש20*ג1 ""CHAMOMILE&MELISSA"" םיחמצ תטילח‬",2026,32,1
391409,"‭(24)'קש20*ג1 ""CHAMOMILE&PEPPERMINT"" םיחמצ תטילח‬",2025,35,1
391409,"‭(24)'קש20*ג1 ""CHAMOMILE&PEPPERMINT"" םיחמצ תטילח‬",2025,43,0.5
391409,"‭(24)'קש20*ג1 ""CHAMOMILE&PEPPERMINT"" םיחמצ תטילח‬",2025,44,1
391409,"‭(24)'קש20*ג1 ""CHAMOMILE&PEPPERMINT"" םיחמצ תטילח‬",2025,48,0.5
391409,"‭(24)'קש20*ג1 ""CHAMOMILE&PEPPERMINT"" םיחמצ תטילח‬",2025,49,0.25
391409,"‭(24)'קש20*ג1 ""CHAMOMILE&PEPPERMINT"" םיחמצ תטילח‬",2026,5,1
391409,"‭(24)'קש20*ג1 ""CHAMOMILE&PEPPERMINT"" םיחמצ תטילח‬",2026,17,1
391409,"‭(24)'קש20*ג1 ""CHAMOMILE&PEPPERMINT"" םיחמצ תטילח‬",2026,18,0.5
391410,"‭(24)'קש20*ג1 ""CHAMOMILE&SAGE"" םיחמצ תטילח‬",2025,35,0.5
391410,"‭(24)'קש20*ג1 ""CHAMOMILE&SAGE"" םיחמצ תטילח‬",2025,44,1
391410,"‭(24)'קש20*ג1 ""CHAMOMILE&SAGE"" םיחמצ תטילח‬",2025,45,0.5
391410,"‭(24)'קש20*ג1 ""CHAMOMILE&SAGE"" םיחמצ תטילח‬",2025,47,0.25
391410,"‭(24)'קש20*ג1 ""CHAMOMILE&SAGE"" םיחמצ תטילח‬",2025,48,0.5
391410,"‭(24)'קש20*ג1 ""CHAMOMILE&SAGE"" םיחמצ תטילח‬",2025,49,0.25
391410,"‭(24)'קש20*ג1 ""CHAMOMILE&SAGE"" םיחמצ תטילח‬",2025,50,0.5
391410,"‭(24)'קש20*ג1 ""CHAMOMILE&SAGE"" םיחמצ תטילח‬",2025,52,1
391410,"‭(24)'קש20*ג1 ""CHAMOMILE&SAGE"" םיחמצ תטילח‬",2026,11,1
391410,"‭(24)'קש20*ג1 ""CHAMOMILE&SAGE"" םיחמצ תטילח‬",2026,12,1.25
391410,"‭(24)'קש20*ג1 ""CHAMOMILE&SAGE"" םיחמצ תטילח‬",2026,16,0.5
391410,"‭(24)'קש20*ג1 ""CHAMOMILE&SAGE"" םיחמצ תטילח‬",2026,18,0.25
391410,"‭(24)'קש20*ג1 ""CHAMOMILE&SAGE"" םיחמצ תטילח‬",2026,20,0.5
391410,"‭(24)'קש20*ג1 ""CHAMOMILE&SAGE"" םיחמצ תטילח‬",2026,32,0.58
391411,"‭(24)'קש20*ג1 ""CHAMOMILE"" םיחמצ תטילח‬",2025,35,1.5
391411,"‭(24)'קש20*ג1 ""CHAMOMILE"" םיחמצ תטילח‬",2025,43,0.5
391411,"‭(24)'קש20*ג1 ""CHAMOMILE"" םיחמצ תטילח‬",2025,44,1.5
391411,"‭(24)'קש20*ג1 ""CHAMOMILE"" םיחמצ תטילח‬",2025,46,0.5
391411,"‭(24)'קש20*ג1 ""CHAMOMILE"" םיחמצ תטילח‬",2025,47,0.25
391411,"‭(24)'קש20*ג1 ""CHAMOMILE"" םיחמצ תטילח‬",2025,49,0.25
391411,"‭(24)'קש20*ג1 ""CHAMOMILE"" םיחמצ תטילח‬",2025,50,1.42
391411,"‭(24)'קש20*ג1 ""CHAMOMILE"" םיחמצ תטילח‬",2025,51,2
391411,"‭(24)'קש20*ג1 ""CHAMOMILE"" םיחמצ תטילח‬",2025,52,1
391411,"‭(24)'קש20*ג1 ""CHAMOMILE"" םיחמצ תטילח‬",2026,5,1
391411,"‭(24)'קש20*ג1 ""CHAMOMILE"" םיחמצ תטילח‬",2026,11,0.25
391411,"‭(24)'קש20*ג1 ""CHAMOMILE"" םיחמצ תטילח‬",2026,14,0.75
391411,"‭(24)'קש20*ג1 ""CHAMOMILE"" םיחמצ תטילח‬",2026,17,1.25
391411,"‭(24)'קש20*ג1 ""CHAMOMILE"" םיחמצ תטילח‬",2026,18,1.75
391411,"‭(24)'קש20*ג1 ""CHAMOMILE"" םיחמצ תטילח‬",2026,23,1
391411,"‭(24)'קש20*ג1 ""CHAMOMILE"" םיחמצ תטילח‬",2026,24,1
391411,"‭(24)'קש20*ג1 ""CHAMOMILE"" םיחמצ תטילח‬",2026,25,0.5
391411,"‭(24)'קש20*ג1 ""CHAMOMILE"" םיחמצ תטילח‬",2026,26,0.5
391411,"‭(24)'קש20*ג1 ""CHAMOMILE"" םיחמצ תטילח‬",2026,28,1
391411,"‭(24)'קש20*ג1 ""CHAMOMILE"" םיחמצ תטילח‬",2026,32,0.58
391412,"‭(24)'קש20*ג1 ""PEPPERMINT"" םיחמצ תטילח‬",2025,35,0.5
391412,"‭(24)'קש20*ג1 ""PEPPERMINT"" םיחמצ תטילח‬",2025,44,1.5
391412,"‭(24)'קש20*ג1 ""PEPPERMINT"" םיחמצ תטילח‬",2025,47,0.25
391412,"‭(24)'קש20*ג1 ""PEPPERMINT"" םיחמצ תטילח‬",2025,50,0.5
391412,"‭(24)'קש20*ג1 ""PEPPERMINT"" םיחמצ תטילח‬",2025,51,0.5
391412,"‭(24)'קש20*ג1 ""PEPPERMINT"" םיחמצ תטילח‬",2026,3,1
391412,"‭(24)'קש20*ג1 ""PEPPERMINT"" םיחמצ תטילח‬",2026,11,1.25
391412,"‭(24)'קש20*ג1 ""PEPPERMINT"" םיחמצ תטילח‬",2026,16,0.5
391412,"‭(24)'קש20*ג1 ""PEPPERMINT"" םיחמצ תטילח‬",2026,17,0.25
391412,"‭(24)'קש20*ג1 ""PEPPERMINT"" םיחמצ תטילח‬",2026,18,0.5
391413,"‭(24)'קש20*ג1 ""THYME"" םיחמצ תטילח‬",2025,35,1
391413,"‭(24)'קש20*ג1 ""THYME"" םיחמצ תטילח‬",2025,43,0.5
391413,"‭(24)'קש20*ג1 ""THYME"" םיחמצ תטילח‬",2025,44,1
391413,"‭(24)'קש20*ג1 ""THYME"" םיחמצ תטילח‬",2025,45,0.25
391413,"‭(24)'קש20*ג1 ""THYME"" םיחמצ תטילח‬",2025,50,1
391413,"‭(24)'קש20*ג1 ""THYME"" םיחמצ תטילח‬",2025,51,1
391413,"‭(24)'קש20*ג1 ""THYME"" םיחמצ תטילח‬",2025,52,1
391413,"‭(24)'קש20*ג1 ""THYME"" םיחמצ תטילח‬",2026,5,1
391413,"‭(24)'קש20*ג1 ""THYME"" םיחמצ תטילח‬",2026,11,1
391413,"‭(24)'קש20*ג1 ""THYME"" םיחמצ תטילח‬",2026,17,1
391413,"‭(24)'קש20*ג1 ""THYME"" םיחמצ תטילח‬",2026,18,0.5
391413,"‭(24)'קש20*ג1 ""THYME"" םיחמצ תטילח‬",2026,24,1
391413,"‭(24)'קש20*ג1 ""THYME"" םיחמצ תטילח‬",2026,26,0.5
392000,"‭(20)ל""מ850 ""GARNA"" ךכוזמ תוינמח ןמש‬",2025,33,1
392000,"‭(20)ל""מ850 ""GARNA"" ךכוזמ תוינמח ןמש‬",2025,34,1
392000,"‭(20)ל""מ850 ""GARNA"" ךכוזמ תוינמח ןמש‬",2025,35,3
392000,"‭(20)ל""מ850 ""GARNA"" ךכוזמ תוינמח ןמש‬",2025,37,2
392000,"‭(20)ל""מ850 ""GARNA"" ךכוזמ תוינמח ןמש‬",2025,38,4
392000,"‭(20)ל""מ850 ""GARNA"" ךכוזמ תוינמח ןמש‬",2025,39,1
392000,"‭(20)ל""מ850 ""GARNA"" ךכוזמ תוינמח ןמש‬",2025,41,2
392000,"‭(20)ל""מ850 ""GARNA"" ךכוזמ תוינמח ןמש‬",2025,42,3
392000,"‭(20)ל""מ850 ""GARNA"" ךכוזמ תוינמח ןמש‬",2025,43,1
392000,"‭(20)ל""מ850 ""GARNA"" ךכוזמ תוינמח ןמש‬",2025,44,2
392000,"‭(20)ל""מ850 ""GARNA"" ךכוזמ תוינמח ןמש‬",2025,45,1
392000,"‭(20)ל""מ850 ""GARNA"" ךכוזמ תוינמח ןמש‬",2025,46,4
392000,"‭(20)ל""מ850 ""GARNA"" ךכוזמ תוינמח ןמש‬",2025,47,1
392000,"‭(20)ל""מ850 ""GARNA"" ךכוזמ תוינמח ןמש‬",2025,49,3
392000,"‭(20)ל""מ850 ""GARNA"" ךכוזמ תוינמח ןמש‬",2025,50,1
392000,"‭(20)ל""מ850 ""GARNA"" ךכוזמ תוינמח ןמש‬",2025,51,2
392000,"‭(20)ל""מ850 ""GARNA"" ךכוזמ תוינמח ןמש‬",2025,52,1
392000,"‭(20)ל""מ850 ""GARNA"" ךכוזמ תוינמח ןמש‬",2026,2,5
392000,"‭(20)ל""מ850 ""GARNA"" ךכוזמ תוינמח ןמש‬",2026,3,1
392000,"‭(20)ל""מ850 ""GARNA"" ךכוזמ תוינמח ןמש‬",2026,4,2
392000,"‭(20)ל""מ850 ""GARNA"" ךכוזמ תוינמח ןמש‬",2026,5,1
392000,"‭(20)ל""מ850 ""GARNA"" ךכוזמ תוינמח ןמש‬",2026,8,3
392000,"‭(20)ל""מ850 ""GARNA"" ךכוזמ תוינמח ןמש‬",2026,9,2
392000,"‭(20)ל""מ850 ""GARNA"" ךכוזמ תוינמח ןמש‬",2026,10,2
392000,"‭(20)ל""מ850 ""GARNA"" ךכוזמ תוינמח ןמש‬",2026,11,1
392000,"‭(20)ל""מ850 ""GARNA"" ךכוזמ תוינמח ןמש‬",2026,20,10
392000,"‭(20)ל""מ850 ""GARNA"" ךכוזמ תוינמח ןמש‬",2026,21,5
392000,"‭(20)ל""מ850 ""GARNA"" ךכוזמ תוינמח ןמש‬",2026,23,4
392000,"‭(20)ל""מ850 ""GARNA"" ךכוזמ תוינמח ןמש‬",2026,24,2
392000,"‭(20)ל""מ850 ""GARNA"" ךכוזמ תוינמח ןמש‬",2026,25,5
392000,"‭(20)ל""מ850 ""GARNA"" ךכוזמ תוינמח ןמש‬",2026,26,3
392000,"‭(20)ל""מ850 ""GARNA"" ךכוזמ תוינמח ןמש‬",2026,27,3
392000,"‭(20)ל""מ850 ""GARNA"" ךכוזמ תוינמח ןמש‬",2026,28,1
392000,"‭(20)ל""מ850 ""GARNA"" ךכוזמ תוינמח ןמש‬",2026,29,3
392000,"‭(20)ל""מ850 ""GARNA"" ךכוזמ תוינמח ןמש‬",2026,30,2
392000,"‭(20)ל""מ850 ""GARNA"" ךכוזמ תוינמח ןמש‬",2026,32,4
392001,"‭(20)ל""מ850 ""GARNA"" ךכוזמ אל תוינמח ןמש‬",2025,34,1
392001,"‭(20)ל""מ850 ""GARNA"" ךכוזמ אל תוינמח ןמש‬",2025,35,2
392001,"‭(20)ל""מ850 ""GARNA"" ךכוזמ אל תוינמח ןמש‬",2025,37,3
392001,"‭(20)ל""מ850 ""GARNA"" ךכוזמ אל תוינמח ןמש‬",2025,38,4
392001,"‭(20)ל""מ850 ""GARNA"" ךכוזמ אל תוינמח ןמש‬",2025,39,1
392001,"‭(20)ל""מ850 ""GARNA"" ךכוזמ אל תוינמח ןמש‬",2025,41,2
392001,"‭(20)ל""מ850 ""GARNA"" ךכוזמ אל תוינמח ןמש‬",2025,44,2
392001,"‭(20)ל""מ850 ""GARNA"" ךכוזמ אל תוינמח ןמש‬",2025,46,2
392001,"‭(20)ל""מ850 ""GARNA"" ךכוזמ אל תוינמח ןמש‬",2025,51,4
392001,"‭(20)ל""מ850 ""GARNA"" ךכוזמ אל תוינמח ןמש‬",2025,52,3
392001,"‭(20)ל""מ850 ""GARNA"" ךכוזמ אל תוינמח ןמש‬",2026,2,2
392001,"‭(20)ל""מ850 ""GARNA"" ךכוזמ אל תוינמח ןמש‬",2026,3,1.85
392001,"‭(20)ל""מ850 ""GARNA"" ךכוזמ אל תוינמח ןמש‬",2026,4,4
392001,"‭(20)ל""מ850 ""GARNA"" ךכוזמ אל תוינמח ןמש‬",2026,6,2
392001,"‭(20)ל""מ850 ""GARNA"" ךכוזמ אל תוינמח ןמש‬",2026,7,1
392001,"‭(20)ל""מ850 ""GARNA"" ךכוזמ אל תוינמח ןמש‬",2026,8,2
392001,"‭(20)ל""מ850 ""GARNA"" ךכוזמ אל תוינמח ןמש‬",2026,20,20
392001,"‭(20)ל""מ850 ""GARNA"" ךכוזמ אל תוינמח ןמש‬",2026,21,7
392001,"‭(20)ל""מ850 ""GARNA"" ךכוזמ אל תוינמח ןמש‬",2026,23,2
392001,"‭(20)ל""מ850 ""GARNA"" ךכוזמ אל תוינמח ןמש‬",2026,24,2
392001,"‭(20)ל""מ850 ""GARNA"" ךכוזמ אל תוינמח ןמש‬",2026,25,4
392001,"‭(20)ל""מ850 ""GARNA"" ךכוזמ אל תוינמח ןמש‬",2026,26,5
392001,"‭(20)ל""מ850 ""GARNA"" ךכוזמ אל תוינמח ןמש‬",2026,27,1
392001,"‭(20)ל""מ850 ""GARNA"" ךכוזמ אל תוינמח ןמש‬",2026,29,2
392001,"‭(20)ל""מ850 ""GARNA"" ךכוזמ אל תוינמח ןמש‬",2026,30,3
392001,"‭(20)ל""מ850 ""GARNA"" ךכוזמ אל תוינמח ןמש‬",2026,32,4
400001,"‭6)NP)ג500  ""לאיצניבורפ"" ןנוצמ םיתיזו לצב םע גנירה הליפ יחתנ‬",2025,52,15
400001,"‭6)NP)ג500  ""לאיצניבורפ"" ןנוצמ םיתיזו לצב םע גנירה הליפ יחתנ‬",2025,53,2
400001,"‭6)NP)ג500  ""לאיצניבורפ"" ןנוצמ םיתיזו לצב םע גנירה הליפ יחתנ‬",2026,2,9
400001,"‭6)NP)ג500  ""לאיצניבורפ"" ןנוצמ םיתיזו לצב םע גנירה הליפ יחתנ‬",2026,3,6
400001,"‭6)NP)ג500  ""לאיצניבורפ"" ןנוצמ םיתיזו לצב םע גנירה הליפ יחתנ‬",2026,4,9
400001,"‭6)NP)ג500  ""לאיצניבורפ"" ןנוצמ םיתיזו לצב םע גנירה הליפ יחתנ‬",2026,5,4
400001,"‭6)NP)ג500  ""לאיצניבורפ"" ןנוצמ םיתיזו לצב םע גנירה הליפ יחתנ‬",2026,6,5
400001,"‭6)NP)ג500  ""לאיצניבורפ"" ןנוצמ םיתיזו לצב םע גנירה הליפ יחתנ‬",2026,7,6
400001,"‭6)NP)ג500  ""לאיצניבורפ"" ןנוצמ םיתיזו לצב םע גנירה הליפ יחתנ‬",2026,8,8.67
400001,"‭6)NP)ג500  ""לאיצניבורפ"" ןנוצמ םיתיזו לצב םע גנירה הליפ יחתנ‬",2026,9,4
400001,"‭6)NP)ג500  ""לאיצניבורפ"" ןנוצמ םיתיזו לצב םע גנירה הליפ יחתנ‬",2026,10,4
400001,"‭6)NP)ג500  ""לאיצניבורפ"" ןנוצמ םיתיזו לצב םע גנירה הליפ יחתנ‬",2026,11,11
400001,"‭6)NP)ג500  ""לאיצניבורפ"" ןנוצמ םיתיזו לצב םע גנירה הליפ יחתנ‬",2026,12,8
400001,"‭6)NP)ג500  ""לאיצניבורפ"" ןנוצמ םיתיזו לצב םע גנירה הליפ יחתנ‬",2026,13,12
400001,"‭6)NP)ג500  ""לאיצניבורפ"" ןנוצמ םיתיזו לצב םע גנירה הליפ יחתנ‬",2026,14,1
400001,"‭6)NP)ג500  ""לאיצניבורפ"" ןנוצמ םיתיזו לצב םע גנירה הליפ יחתנ‬",2026,17,4
400001,"‭6)NP)ג500  ""לאיצניבורפ"" ןנוצמ םיתיזו לצב םע גנירה הליפ יחתנ‬",2026,18,10
400001,"‭6)NP)ג500  ""לאיצניבורפ"" ןנוצמ םיתיזו לצב םע גנירה הליפ יחתנ‬",2026,19,6
400001,"‭6)NP)ג500  ""לאיצניבורפ"" ןנוצמ םיתיזו לצב םע גנירה הליפ יחתנ‬",2026,20,7
400001,"‭6)NP)ג500  ""לאיצניבורפ"" ןנוצמ םיתיזו לצב םע גנירה הליפ יחתנ‬",2026,21,10
400001,"‭6)NP)ג500  ""לאיצניבורפ"" ןנוצמ םיתיזו לצב םע גנירה הליפ יחתנ‬",2026,22,4
400001,"‭6)NP)ג500  ""לאיצניבורפ"" ןנוצמ םיתיזו לצב םע גנירה הליפ יחתנ‬",2026,23,2
400001,"‭6)NP)ג500  ""לאיצניבורפ"" ןנוצמ םיתיזו לצב םע גנירה הליפ יחתנ‬",2026,24,5
400001,"‭6)NP)ג500  ""לאיצניבורפ"" ןנוצמ םיתיזו לצב םע גנירה הליפ יחתנ‬",2026,25,4
400001,"‭6)NP)ג500  ""לאיצניבורפ"" ןנוצמ םיתיזו לצב םע גנירה הליפ יחתנ‬",2026,26,5
400001,"‭6)NP)ג500  ""לאיצניבורפ"" ןנוצמ םיתיזו לצב םע גנירה הליפ יחתנ‬",2026,27,6
400001,"‭6)NP)ג500  ""לאיצניבורפ"" ןנוצמ םיתיזו לצב םע גנירה הליפ יחתנ‬",2026,28,4
400001,"‭6)NP)ג500  ""לאיצניבורפ"" ןנוצמ םיתיזו לצב םע גנירה הליפ יחתנ‬",2026,29,6
400001,"‭6)NP)ג500  ""לאיצניבורפ"" ןנוצמ םיתיזו לצב םע גנירה הליפ יחתנ‬",2026,30,4.67
400001,"‭6)NP)ג500  ""לאיצניבורפ"" ןנוצמ םיתיזו לצב םע גנירה הליפ יחתנ‬",2026,31,6
400001,"‭6)NP)ג500  ""לאיצניבורפ"" ןנוצמ םיתיזו לצב םע גנירה הליפ יחתנ‬",2026,32,7
400002,"‭6)NP)ג520  ןנוצמ לצב םע שובכ גנירה הליפ יחתנ‬",2025,52,12
400002,"‭6)NP)ג520  ןנוצמ לצב םע שובכ גנירה הליפ יחתנ‬",2025,53,2
400002,"‭6)NP)ג520  ןנוצמ לצב םע שובכ גנירה הליפ יחתנ‬",2026,2,2
400002,"‭6)NP)ג520  ןנוצמ לצב םע שובכ גנירה הליפ יחתנ‬",2026,3,1
400002,"‭6)NP)ג520  ןנוצמ לצב םע שובכ גנירה הליפ יחתנ‬",2026,4,4
400002,"‭6)NP)ג520  ןנוצמ לצב םע שובכ גנירה הליפ יחתנ‬",2026,5,3
400002,"‭6)NP)ג520  ןנוצמ לצב םע שובכ גנירה הליפ יחתנ‬",2026,6,5
400002,"‭6)NP)ג520  ןנוצמ לצב םע שובכ גנירה הליפ יחתנ‬",2026,8,3
400002,"‭6)NP)ג520  ןנוצמ לצב םע שובכ גנירה הליפ יחתנ‬",2026,9,2
400002,"‭6)NP)ג520  ןנוצמ לצב םע שובכ גנירה הליפ יחתנ‬",2026,10,2
400002,"‭6)NP)ג520  ןנוצמ לצב םע שובכ גנירה הליפ יחתנ‬",2026,11,3.83
400002,"‭6)NP)ג520  ןנוצמ לצב םע שובכ גנירה הליפ יחתנ‬",2026,12,4
400002,"‭6)NP)ג520  ןנוצמ לצב םע שובכ גנירה הליפ יחתנ‬",2026,13,5
400002,"‭6)NP)ג520  ןנוצמ לצב םע שובכ גנירה הליפ יחתנ‬",2026,14,2
400002,"‭6)NP)ג520  ןנוצמ לצב םע שובכ גנירה הליפ יחתנ‬",2026,15,1.17
400002,"‭6)NP)ג520  ןנוצמ לצב םע שובכ גנירה הליפ יחתנ‬",2026,16,5
400002,"‭6)NP)ג520  ןנוצמ לצב םע שובכ גנירה הליפ יחתנ‬",2026,17,0.83
400002,"‭6)NP)ג520  ןנוצמ לצב םע שובכ גנירה הליפ יחתנ‬",2026,18,2
400002,"‭6)NP)ג520  ןנוצמ לצב םע שובכ גנירה הליפ יחתנ‬",2026,19,2
400002,"‭6)NP)ג520  ןנוצמ לצב םע שובכ גנירה הליפ יחתנ‬",2026,21,2
400002,"‭6)NP)ג520  ןנוצמ לצב םע שובכ גנירה הליפ יחתנ‬",2026,23,1
400002,"‭6)NP)ג520  ןנוצמ לצב םע שובכ גנירה הליפ יחתנ‬",2026,24,4
400002,"‭6)NP)ג520  ןנוצמ לצב םע שובכ גנירה הליפ יחתנ‬",2026,25,3
400002,"‭6)NP)ג520  ןנוצמ לצב םע שובכ גנירה הליפ יחתנ‬",2026,26,3
400002,"‭6)NP)ג520  ןנוצמ לצב םע שובכ גנירה הליפ יחתנ‬",2026,28,1
400002,"‭6)NP)ג520  ןנוצמ לצב םע שובכ גנירה הליפ יחתנ‬",2026,29,1
400002,"‭6)NP)ג520  ןנוצמ לצב םע שובכ גנירה הליפ יחתנ‬",2026,31,1
400002,"‭6)NP)ג520  ןנוצמ לצב םע שובכ גנירה הליפ יחתנ‬",2026,32,3
400003,"‭6)NP)ג500 ןנוצמ ןמשב רימש םע חלמומ גנירה הליפ יחתנ‬",2025,52,11
400003,"‭6)NP)ג500 ןנוצמ ןמשב רימש םע חלמומ גנירה הליפ יחתנ‬",2025,53,1
400003,"‭6)NP)ג500 ןנוצמ ןמשב רימש םע חלמומ גנירה הליפ יחתנ‬",2026,2,2
400003,"‭6)NP)ג500 ןנוצמ ןמשב רימש םע חלמומ גנירה הליפ יחתנ‬",2026,3,1
400003,"‭6)NP)ג500 ןנוצמ ןמשב רימש םע חלמומ גנירה הליפ יחתנ‬",2026,4,4
400003,"‭6)NP)ג500 ןנוצמ ןמשב רימש םע חלמומ גנירה הליפ יחתנ‬",2026,5,7
400003,"‭6)NP)ג500 ןנוצמ ןמשב רימש םע חלמומ גנירה הליפ יחתנ‬",2026,6,2
400003,"‭6)NP)ג500 ןנוצמ ןמשב רימש םע חלמומ גנירה הליפ יחתנ‬",2026,7,1
400003,"‭6)NP)ג500 ןנוצמ ןמשב רימש םע חלמומ גנירה הליפ יחתנ‬",2026,8,8
400003,"‭6)NP)ג500 ןנוצמ ןמשב רימש םע חלמומ גנירה הליפ יחתנ‬",2026,9,2
400003,"‭6)NP)ג500 ןנוצמ ןמשב רימש םע חלמומ גנירה הליפ יחתנ‬",2026,10,1
400003,"‭6)NP)ג500 ןנוצמ ןמשב רימש םע חלמומ גנירה הליפ יחתנ‬",2026,11,5
400003,"‭6)NP)ג500 ןנוצמ ןמשב רימש םע חלמומ גנירה הליפ יחתנ‬",2026,12,6
400003,"‭6)NP)ג500 ןנוצמ ןמשב רימש םע חלמומ גנירה הליפ יחתנ‬",2026,13,5
400003,"‭6)NP)ג500 ןנוצמ ןמשב רימש םע חלמומ גנירה הליפ יחתנ‬",2026,14,4
400003,"‭6)NP)ג500 ןנוצמ ןמשב רימש םע חלמומ גנירה הליפ יחתנ‬",2026,15,2
400003,"‭6)NP)ג500 ןנוצמ ןמשב רימש םע חלמומ גנירה הליפ יחתנ‬",2026,16,4
400003,"‭6)NP)ג500 ןנוצמ ןמשב רימש םע חלמומ גנירה הליפ יחתנ‬",2026,17,2
400003,"‭6)NP)ג500 ןנוצמ ןמשב רימש םע חלמומ גנירה הליפ יחתנ‬",2026,18,5
400003,"‭6)NP)ג500 ןנוצמ ןמשב רימש םע חלמומ גנירה הליפ יחתנ‬",2026,19,3
400003,"‭6)NP)ג500 ןנוצמ ןמשב רימש םע חלמומ גנירה הליפ יחתנ‬",2026,20,3
400003,"‭6)NP)ג500 ןנוצמ ןמשב רימש םע חלמומ גנירה הליפ יחתנ‬",2026,21,6
400003,"‭6)NP)ג500 ןנוצמ ןמשב רימש םע חלמומ גנירה הליפ יחתנ‬",2026,22,1
400003,"‭6)NP)ג500 ןנוצמ ןמשב רימש םע חלמומ גנירה הליפ יחתנ‬",2026,25,2
400003,"‭6)NP)ג500 ןנוצמ ןמשב רימש םע חלמומ גנירה הליפ יחתנ‬",2026,26,4
400003,"‭6)NP)ג500 ןנוצמ ןמשב רימש םע חלמומ גנירה הליפ יחתנ‬",2026,27,1
400003,"‭6)NP)ג500 ןנוצמ ןמשב רימש םע חלמומ גנירה הליפ יחתנ‬",2026,28,3
400003,"‭6)NP)ג500 ןנוצמ ןמשב רימש םע חלמומ גנירה הליפ יחתנ‬",2026,29,5
400003,"‭6)NP)ג500 ןנוצמ ןמשב רימש םע חלמומ גנירה הליפ יחתנ‬",2026,30,2
400003,"‭6)NP)ג500 ןנוצמ ןמשב רימש םע חלמומ גנירה הליפ יחתנ‬",2026,31,3
400003,"‭6)NP)ג500 ןנוצמ ןמשב רימש םע חלמומ גנירה הליפ יחתנ‬",2026,32,5
403001,"‭NP(10) םרג100 ןנוצמ סורפ ןשועמ ןומלס הליפ‬",2025,33,29
403001,"‭NP(10) םרג100 ןנוצמ סורפ ןשועמ ןומלס הליפ‬",2025,34,21
403001,"‭NP(10) םרג100 ןנוצמ סורפ ןשועמ ןומלס הליפ‬",2025,35,31
403001,"‭NP(10) םרג100 ןנוצמ סורפ ןשועמ ןומלס הליפ‬",2025,36,17
403001,"‭NP(10) םרג100 ןנוצמ סורפ ןשועמ ןומלס הליפ‬",2025,37,48
403001,"‭NP(10) םרג100 ןנוצמ סורפ ןשועמ ןומלס הליפ‬",2025,38,40
403001,"‭NP(10) םרג100 ןנוצמ סורפ ןשועמ ןומלס הליפ‬",2025,39,13
403001,"‭NP(10) םרג100 ןנוצמ סורפ ןשועמ ןומלס הליפ‬",2025,40,21
403001,"‭NP(10) םרג100 ןנוצמ סורפ ןשועמ ןומלס הליפ‬",2025,41,43
403001,"‭NP(10) םרג100 ןנוצמ סורפ ןשועמ ןומלס הליפ‬",2025,42,15
403001,"‭NP(10) םרג100 ןנוצמ סורפ ןשועמ ןומלס הליפ‬",2025,43,36
403001,"‭NP(10) םרג100 ןנוצמ סורפ ןשועמ ןומלס הליפ‬",2025,44,22
403001,"‭NP(10) םרג100 ןנוצמ סורפ ןשועמ ןומלס הליפ‬",2025,45,34
403001,"‭NP(10) םרג100 ןנוצמ סורפ ןשועמ ןומלס הליפ‬",2025,46,7
403001,"‭NP(10) םרג100 ןנוצמ סורפ ןשועמ ןומלס הליפ‬",2025,47,50
403001,"‭NP(10) םרג100 ןנוצמ סורפ ןשועמ ןומלס הליפ‬",2025,48,26
403001,"‭NP(10) םרג100 ןנוצמ סורפ ןשועמ ןומלס הליפ‬",2025,49,27
403001,"‭NP(10) םרג100 ןנוצמ סורפ ןשועמ ןומלס הליפ‬",2025,50,33
403001,"‭NP(10) םרג100 ןנוצמ סורפ ןשועמ ןומלס הליפ‬",2025,51,24
403001,"‭NP(10) םרג100 ןנוצמ סורפ ןשועמ ןומלס הליפ‬",2025,52,31
403001,"‭NP(10) םרג100 ןנוצמ סורפ ןשועמ ןומלס הליפ‬",2025,53,33
403001,"‭NP(10) םרג100 ןנוצמ סורפ ןשועמ ןומלס הליפ‬",2026,2,46.3
403001,"‭NP(10) םרג100 ןנוצמ סורפ ןשועמ ןומלס הליפ‬",2026,3,22.7
403001,"‭NP(10) םרג100 ןנוצמ סורפ ןשועמ ןומלס הליפ‬",2026,4,12
403001,"‭NP(10) םרג100 ןנוצמ סורפ ןשועמ ןומלס הליפ‬",2026,5,9
403001,"‭NP(10) םרג100 ןנוצמ סורפ ןשועמ ןומלס הליפ‬",2026,6,20
403001,"‭NP(10) םרג100 ןנוצמ סורפ ןשועמ ןומלס הליפ‬",2026,7,16
403001,"‭NP(10) םרג100 ןנוצמ סורפ ןשועמ ןומלס הליפ‬",2026,8,48
403001,"‭NP(10) םרג100 ןנוצמ סורפ ןשועמ ןומלס הליפ‬",2026,9,36
403001,"‭NP(10) םרג100 ןנוצמ סורפ ןשועמ ןומלס הליפ‬",2026,10,34
403001,"‭NP(10) םרג100 ןנוצמ סורפ ןשועמ ןומלס הליפ‬",2026,11,48
403001,"‭NP(10) םרג100 ןנוצמ סורפ ןשועמ ןומלס הליפ‬",2026,12,30
403001,"‭NP(10) םרג100 ןנוצמ סורפ ןשועמ ןומלס הליפ‬",2026,13,70
403001,"‭NP(10) םרג100 ןנוצמ סורפ ןשועמ ןומלס הליפ‬",2026,14,54
403001,"‭NP(10) םרג100 ןנוצמ סורפ ןשועמ ןומלס הליפ‬",2026,15,39
403001,"‭NP(10) םרג100 ןנוצמ סורפ ןשועמ ןומלס הליפ‬",2026,16,31
403001,"‭NP(10) םרג100 ןנוצמ סורפ ןשועמ ןומלס הליפ‬",2026,17,57
403001,"‭NP(10) םרג100 ןנוצמ סורפ ןשועמ ןומלס הליפ‬",2026,18,59
403001,"‭NP(10) םרג100 ןנוצמ סורפ ןשועמ ןומלס הליפ‬",2026,19,4
403001,"‭NP(10) םרג100 ןנוצמ סורפ ןשועמ ןומלס הליפ‬",2026,20,40
403001,"‭NP(10) םרג100 ןנוצמ סורפ ןשועמ ןומלס הליפ‬",2026,21,65
403001,"‭NP(10) םרג100 ןנוצמ סורפ ןשועמ ןומלס הליפ‬",2026,22,44
403001,"‭NP(10) םרג100 ןנוצמ סורפ ןשועמ ןומלס הליפ‬",2026,23,31
403001,"‭NP(10) םרג100 ןנוצמ סורפ ןשועמ ןומלס הליפ‬",2026,24,47
403001,"‭NP(10) םרג100 ןנוצמ סורפ ןשועמ ןומלס הליפ‬",2026,25,53
403001,"‭NP(10) םרג100 ןנוצמ סורפ ןשועמ ןומלס הליפ‬",2026,26,58
403001,"‭NP(10) םרג100 ןנוצמ סורפ ןשועמ ןומלס הליפ‬",2026,27,40
403001,"‭NP(10) םרג100 ןנוצמ סורפ ןשועמ ןומלס הליפ‬",2026,28,59
403001,"‭NP(10) םרג100 ןנוצמ סורפ ןשועמ ןומלס הליפ‬",2026,29,28
403001,"‭NP(10) םרג100 ןנוצמ סורפ ןשועמ ןומלס הליפ‬",2026,30,65
403001,"‭NP(10) םרג100 ןנוצמ סורפ ןשועמ ןומלס הליפ‬",2026,31,64
403001,"‭NP(10) םרג100 ןנוצמ סורפ ןשועמ ןומלס הליפ‬",2026,32,66
403002,"‭NP(10) םרג100 ןנוצמ סורפ ןשועמ לרופ הליפ‬",2025,33,19
403002,"‭NP(10) םרג100 ןנוצמ סורפ ןשועמ לרופ הליפ‬",2025,34,15
403002,"‭NP(10) םרג100 ןנוצמ סורפ ןשועמ לרופ הליפ‬",2025,35,15
403002,"‭NP(10) םרג100 ןנוצמ סורפ ןשועמ לרופ הליפ‬",2025,36,10
403002,"‭NP(10) םרג100 ןנוצמ סורפ ןשועמ לרופ הליפ‬",2025,37,30
403002,"‭NP(10) םרג100 ןנוצמ סורפ ןשועמ לרופ הליפ‬",2025,38,22
403002,"‭NP(10) םרג100 ןנוצמ סורפ ןשועמ לרופ הליפ‬",2025,39,8
403002,"‭NP(10) םרג100 ןנוצמ סורפ ןשועמ לרופ הליפ‬",2025,40,13
403002,"‭NP(10) םרג100 ןנוצמ סורפ ןשועמ לרופ הליפ‬",2025,41,29
403002,"‭NP(10) םרג100 ןנוצמ סורפ ןשועמ לרופ הליפ‬",2025,42,19
403002,"‭NP(10) םרג100 ןנוצמ סורפ ןשועמ לרופ הליפ‬",2025,43,9
403002,"‭NP(10) םרג100 ןנוצמ סורפ ןשועמ לרופ הליפ‬",2025,44,23
403002,"‭NP(10) םרג100 ןנוצמ סורפ ןשועמ לרופ הליפ‬",2025,45,20
403002,"‭NP(10) םרג100 ןנוצמ סורפ ןשועמ לרופ הליפ‬",2025,46,17
403002,"‭NP(10) םרג100 ןנוצמ סורפ ןשועמ לרופ הליפ‬",2025,47,31
403002,"‭NP(10) םרג100 ןנוצמ סורפ ןשועמ לרופ הליפ‬",2025,48,19
403002,"‭NP(10) םרג100 ןנוצמ סורפ ןשועמ לרופ הליפ‬",2025,49,20
403002,"‭NP(10) םרג100 ןנוצמ סורפ ןשועמ לרופ הליפ‬",2025,50,25
403002,"‭NP(10) םרג100 ןנוצמ סורפ ןשועמ לרופ הליפ‬",2025,51,13
403002,"‭NP(10) םרג100 ןנוצמ סורפ ןשועמ לרופ הליפ‬",2025,52,22
403002,"‭NP(10) םרג100 ןנוצמ סורפ ןשועמ לרופ הליפ‬",2026,2,23
403002,"‭NP(10) םרג100 ןנוצמ סורפ ןשועמ לרופ הליפ‬",2026,3,16
403002,"‭NP(10) םרג100 ןנוצמ סורפ ןשועמ לרופ הליפ‬",2026,4,10
403002,"‭NP(10) םרג100 ןנוצמ סורפ ןשועמ לרופ הליפ‬",2026,5,5
403002,"‭NP(10) םרג100 ןנוצמ סורפ ןשועמ לרופ הליפ‬",2026,6,10
403002,"‭NP(10) םרג100 ןנוצמ סורפ ןשועמ לרופ הליפ‬",2026,7,8
403002,"‭NP(10) םרג100 ןנוצמ סורפ ןשועמ לרופ הליפ‬",2026,8,32
403002,"‭NP(10) םרג100 ןנוצמ סורפ ןשועמ לרופ הליפ‬",2026,9,17
403002,"‭NP(10) םרג100 ןנוצמ סורפ ןשועמ לרופ הליפ‬",2026,10,28
403002,"‭NP(10) םרג100 ןנוצמ סורפ ןשועמ לרופ הליפ‬",2026,11,32
403002,"‭NP(10) םרג100 ןנוצמ סורפ ןשועמ לרופ הליפ‬",2026,12,19
403002,"‭NP(10) םרג100 ןנוצמ סורפ ןשועמ לרופ הליפ‬",2026,13,39
403002,"‭NP(10) םרג100 ןנוצמ סורפ ןשועמ לרופ הליפ‬",2026,14,15
403002,"‭NP(10) םרג100 ןנוצמ סורפ ןשועמ לרופ הליפ‬",2026,15,23
403002,"‭NP(10) םרג100 ןנוצמ סורפ ןשועמ לרופ הליפ‬",2026,16,27
403002,"‭NP(10) םרג100 ןנוצמ סורפ ןשועמ לרופ הליפ‬",2026,17,39
403002,"‭NP(10) םרג100 ןנוצמ סורפ ןשועמ לרופ הליפ‬",2026,18,26
403002,"‭NP(10) םרג100 ןנוצמ סורפ ןשועמ לרופ הליפ‬",2026,19,15
403002,"‭NP(10) םרג100 ןנוצמ סורפ ןשועמ לרופ הליפ‬",2026,20,16
403002,"‭NP(10) םרג100 ןנוצמ סורפ ןשועמ לרופ הליפ‬",2026,21,27
403002,"‭NP(10) םרג100 ןנוצמ סורפ ןשועמ לרופ הליפ‬",2026,22,18
403002,"‭NP(10) םרג100 ןנוצמ סורפ ןשועמ לרופ הליפ‬",2026,23,23
403002,"‭NP(10) םרג100 ןנוצמ סורפ ןשועמ לרופ הליפ‬",2026,24,27
403002,"‭NP(10) םרג100 ןנוצמ סורפ ןשועמ לרופ הליפ‬",2026,25,21
403002,"‭NP(10) םרג100 ןנוצמ סורפ ןשועמ לרופ הליפ‬",2026,26,24
403002,"‭NP(10) םרג100 ןנוצמ סורפ ןשועמ לרופ הליפ‬",2026,27,17
403002,"‭NP(10) םרג100 ןנוצמ סורפ ןשועמ לרופ הליפ‬",2026,28,25
403002,"‭NP(10) םרג100 ןנוצמ סורפ ןשועמ לרופ הליפ‬",2026,29,22
403002,"‭NP(10) םרג100 ןנוצמ סורפ ןשועמ לרופ הליפ‬",2026,30,25
403002,"‭NP(10) םרג100 ןנוצמ סורפ ןשועמ לרופ הליפ‬",2026,31,19
403002,"‭NP(10) םרג100 ןנוצמ סורפ ןשועמ לרופ הליפ‬",2026,32,18
403003,"‭NP(9) םרג250 ןנוצמ סורפ ןשועמ ןומלס הליפ‬",2025,33,6
403003,"‭NP(9) םרג250 ןנוצמ סורפ ןשועמ ןומלס הליפ‬",2025,34,10.89
403003,"‭NP(9) םרג250 ןנוצמ סורפ ןשועמ ןומלס הליפ‬",2025,35,4.11
403003,"‭NP(9) םרג250 ןנוצמ סורפ ןשועמ ןומלס הליפ‬",2025,36,2.22
403003,"‭NP(9) םרג250 ןנוצמ סורפ ןשועמ ןומלס הליפ‬",2025,37,8.22
403003,"‭NP(9) םרג250 ןנוצמ סורפ ןשועמ ןומלס הליפ‬",2025,38,8.11
403003,"‭NP(9) םרג250 ןנוצמ סורפ ןשועמ ןומלס הליפ‬",2025,40,1
403003,"‭NP(9) םרג250 ןנוצמ סורפ ןשועמ ןומלס הליפ‬",2025,41,6
403003,"‭NP(9) םרג250 ןנוצמ סורפ ןשועמ ןומלס הליפ‬",2025,42,3.44
403003,"‭NP(9) םרג250 ןנוצמ סורפ ןשועמ ןומלס הליפ‬",2025,43,4
403003,"‭NP(9) םרג250 ןנוצמ סורפ ןשועמ ןומלס הליפ‬",2025,44,6
403003,"‭NP(9) םרג250 ןנוצמ סורפ ןשועמ ןומלס הליפ‬",2025,45,6.11
403003,"‭NP(9) םרג250 ןנוצמ סורפ ןשועמ ןומלס הליפ‬",2025,46,3.89
403003,"‭NP(9) םרג250 ןנוצמ סורפ ןשועמ ןומלס הליפ‬",2025,47,7
403003,"‭NP(9) םרג250 ןנוצמ סורפ ןשועמ ןומלס הליפ‬",2025,48,2
403003,"‭NP(9) םרג250 ןנוצמ סורפ ןשועמ ןומלס הליפ‬",2025,49,9
403003,"‭NP(9) םרג250 ןנוצמ סורפ ןשועמ ןומלס הליפ‬",2025,50,6
403003,"‭NP(9) םרג250 ןנוצמ סורפ ןשועמ ןומלס הליפ‬",2025,51,6
403003,"‭NP(9) םרג250 ןנוצמ סורפ ןשועמ ןומלס הליפ‬",2025,52,10
403003,"‭NP(9) םרג250 ןנוצמ סורפ ןשועמ ןומלס הליפ‬",2026,2,5
403003,"‭NP(9) םרג250 ןנוצמ סורפ ןשועמ ןומלס הליפ‬",2026,3,6
403003,"‭NP(9) םרג250 ןנוצמ סורפ ןשועמ ןומלס הליפ‬",2026,4,13
403003,"‭NP(9) םרג250 ןנוצמ סורפ ןשועמ ןומלס הליפ‬",2026,5,6
403003,"‭NP(9) םרג250 ןנוצמ סורפ ןשועמ ןומלס הליפ‬",2026,6,7
403003,"‭NP(9) םרג250 ןנוצמ סורפ ןשועמ ןומלס הליפ‬",2026,7,2
403003,"‭NP(9) םרג250 ןנוצמ סורפ ןשועמ ןומלס הליפ‬",2026,8,13
403003,"‭NP(9) םרג250 ןנוצמ סורפ ןשועמ ןומלס הליפ‬",2026,9,10
403003,"‭NP(9) םרג250 ןנוצמ סורפ ןשועמ ןומלס הליפ‬",2026,10,6
403003,"‭NP(9) םרג250 ןנוצמ סורפ ןשועמ ןומלס הליפ‬",2026,11,11
403003,"‭NP(9) םרג250 ןנוצמ סורפ ןשועמ ןומלס הליפ‬",2026,12,8
403003,"‭NP(9) םרג250 ןנוצמ סורפ ןשועמ ןומלס הליפ‬",2026,13,9
403003,"‭NP(9) םרג250 ןנוצמ סורפ ןשועמ ןומלס הליפ‬",2026,14,9
403003,"‭NP(9) םרג250 ןנוצמ סורפ ןשועמ ןומלס הליפ‬",2026,15,4
403003,"‭NP(9) םרג250 ןנוצמ סורפ ןשועמ ןומלס הליפ‬",2026,16,13
403003,"‭NP(9) םרג250 ןנוצמ סורפ ןשועמ ןומלס הליפ‬",2026,17,5
403003,"‭NP(9) םרג250 ןנוצמ סורפ ןשועמ ןומלס הליפ‬",2026,18,10
403003,"‭NP(9) םרג250 ןנוצמ סורפ ןשועמ ןומלס הליפ‬",2026,20,1
403003,"‭NP(9) םרג250 ןנוצמ סורפ ןשועמ ןומלס הליפ‬",2026,21,14
403003,"‭NP(9) םרג250 ןנוצמ סורפ ןשועמ ןומלס הליפ‬",2026,22,5
403003,"‭NP(9) םרג250 ןנוצמ סורפ ןשועמ ןומלס הליפ‬",2026,23,5
403003,"‭NP(9) םרג250 ןנוצמ סורפ ןשועמ ןומלס הליפ‬",2026,24,13
403003,"‭NP(9) םרג250 ןנוצמ סורפ ןשועמ ןומלס הליפ‬",2026,25,7
403003,"‭NP(9) םרג250 ןנוצמ סורפ ןשועמ ןומלס הליפ‬",2026,26,5
403003,"‭NP(9) םרג250 ןנוצמ סורפ ןשועמ ןומלס הליפ‬",2026,27,6
403003,"‭NP(9) םרג250 ןנוצמ סורפ ןשועמ ןומלס הליפ‬",2026,28,8
403003,"‭NP(9) םרג250 ןנוצמ סורפ ןשועמ ןומלס הליפ‬",2026,29,10
403003,"‭NP(9) םרג250 ןנוצמ סורפ ןשועמ ןומלס הליפ‬",2026,30,9
403003,"‭NP(9) םרג250 ןנוצמ סורפ ןשועמ ןומלס הליפ‬",2026,31,7
403003,"‭NP(9) םרג250 ןנוצמ סורפ ןשועמ ןומלס הליפ‬",2026,32,9
403004,"‭NP(9) םרג250 ןנוצמ סורפ ןשועמ לרופ הליפ‬",2025,33,5
403004,"‭NP(9) םרג250 ןנוצמ סורפ ןשועמ לרופ הליפ‬",2025,34,3
403004,"‭NP(9) םרג250 ןנוצמ סורפ ןשועמ לרופ הליפ‬",2025,35,3.22
403004,"‭NP(9) םרג250 ןנוצמ סורפ ןשועמ לרופ הליפ‬",2025,36,1
403004,"‭NP(9) םרג250 ןנוצמ סורפ ןשועמ לרופ הליפ‬",2025,37,6
403004,"‭NP(9) םרג250 ןנוצמ סורפ ןשועמ לרופ הליפ‬",2025,38,8
403004,"‭NP(9) םרג250 ןנוצמ סורפ ןשועמ לרופ הליפ‬",2025,40,1.22
403004,"‭NP(9) םרג250 ןנוצמ סורפ ןשועמ לרופ הליפ‬",2025,41,4.11
403004,"‭NP(9) םרג250 ןנוצמ סורפ ןשועמ לרופ הליפ‬",2025,42,4.11
403004,"‭NP(9) םרג250 ןנוצמ סורפ ןשועמ לרופ הליפ‬",2025,43,3.67
403004,"‭NP(9) םרג250 ןנוצמ סורפ ןשועמ לרופ הליפ‬",2025,44,4
403004,"‭NP(9) םרג250 ןנוצמ סורפ ןשועמ לרופ הליפ‬",2025,45,3.11
403004,"‭NP(9) םרג250 ןנוצמ סורפ ןשועמ לרופ הליפ‬",2025,46,0.56
403004,"‭NP(9) םרג250 ןנוצמ סורפ ןשועמ לרופ הליפ‬",2025,47,3
403004,"‭NP(9) םרג250 ןנוצמ סורפ ןשועמ לרופ הליפ‬",2025,48,2
403004,"‭NP(9) םרג250 ןנוצמ סורפ ןשועמ לרופ הליפ‬",2025,49,8
403004,"‭NP(9) םרג250 ןנוצמ סורפ ןשועמ לרופ הליפ‬",2025,50,4
403004,"‭NP(9) םרג250 ןנוצמ סורפ ןשועמ לרופ הליפ‬",2025,51,2
403004,"‭NP(9) םרג250 ןנוצמ סורפ ןשועמ לרופ הליפ‬",2025,52,6
403004,"‭NP(9) םרג250 ןנוצמ סורפ ןשועמ לרופ הליפ‬",2026,2,3
403004,"‭NP(9) םרג250 ןנוצמ סורפ ןשועמ לרופ הליפ‬",2026,3,4
403004,"‭NP(9) םרג250 ןנוצמ סורפ ןשועמ לרופ הליפ‬",2026,4,6.11
403004,"‭NP(9) םרג250 ןנוצמ סורפ ןשועמ לרופ הליפ‬",2026,5,1.89
403004,"‭NP(9) םרג250 ןנוצמ סורפ ןשועמ לרופ הליפ‬",2026,6,7
403004,"‭NP(9) םרג250 ןנוצמ סורפ ןשועמ לרופ הליפ‬",2026,8,6
403004,"‭NP(9) םרג250 ןנוצמ סורפ ןשועמ לרופ הליפ‬",2026,9,9
403004,"‭NP(9) םרג250 ןנוצמ סורפ ןשועמ לרופ הליפ‬",2026,10,4
403004,"‭NP(9) םרג250 ןנוצמ סורפ ןשועמ לרופ הליפ‬",2026,11,6
403004,"‭NP(9) םרג250 ןנוצמ סורפ ןשועמ לרופ הליפ‬",2026,12,5
403004,"‭NP(9) םרג250 ןנוצמ סורפ ןשועמ לרופ הליפ‬",2026,13,12.11
403004,"‭NP(9) םרג250 ןנוצמ סורפ ןשועמ לרופ הליפ‬",2026,14,2
403004,"‭NP(9) םרג250 ןנוצמ סורפ ןשועמ לרופ הליפ‬",2026,15,1
403004,"‭NP(9) םרג250 ןנוצמ סורפ ןשועמ לרופ הליפ‬",2026,16,8
403004,"‭NP(9) םרג250 ןנוצמ סורפ ןשועמ לרופ הליפ‬",2026,17,15
403004,"‭NP(9) םרג250 ןנוצמ סורפ ןשועמ לרופ הליפ‬",2026,18,5
403004,"‭NP(9) םרג250 ןנוצמ סורפ ןשועמ לרופ הליפ‬",2026,19,2.89
403004,"‭NP(9) םרג250 ןנוצמ סורפ ןשועמ לרופ הליפ‬",2026,21,3
403004,"‭NP(9) םרג250 ןנוצמ סורפ ןשועמ לרופ הליפ‬",2026,22,4
403004,"‭NP(9) םרג250 ןנוצמ סורפ ןשועמ לרופ הליפ‬",2026,23,4
403004,"‭NP(9) םרג250 ןנוצמ סורפ ןשועמ לרופ הליפ‬",2026,24,2
403004,"‭NP(9) םרג250 ןנוצמ סורפ ןשועמ לרופ הליפ‬",2026,25,6
403004,"‭NP(9) םרג250 ןנוצמ סורפ ןשועמ לרופ הליפ‬",2026,26,4
403004,"‭NP(9) םרג250 ןנוצמ סורפ ןשועמ לרופ הליפ‬",2026,27,3
403004,"‭NP(9) םרג250 ןנוצמ סורפ ןשועמ לרופ הליפ‬",2026,28,1
403004,"‭NP(9) םרג250 ןנוצמ סורפ ןשועמ לרופ הליפ‬",2026,29,3
403004,"‭NP(9) םרג250 ןנוצמ סורפ ןשועמ לרופ הליפ‬",2026,30,6
403004,"‭NP(9) םרג250 ןנוצמ סורפ ןשועמ לרופ הליפ‬",2026,31,2
403004,"‭NP(9) םרג250 ןנוצמ סורפ ןשועמ לרופ הליפ‬",2026,32,2
403005,"‭NP(5) םרג200 ןנוצמ ןשועמ ןומלס הליפ‬",2025,33,3
403005,"‭NP(5) םרג200 ןנוצמ ןשועמ ןומלס הליפ‬",2025,34,6
403005,"‭NP(5) םרג200 ןנוצמ ןשועמ ןומלס הליפ‬",2025,35,5
403005,"‭NP(5) םרג200 ןנוצמ ןשועמ ןומלס הליפ‬",2025,36,2
403005,"‭NP(5) םרג200 ןנוצמ ןשועמ ןומלס הליפ‬",2025,37,7
403005,"‭NP(5) םרג200 ןנוצמ ןשועמ ןומלס הליפ‬",2025,38,5
403005,"‭NP(5) םרג200 ןנוצמ ןשועמ ןומלס הליפ‬",2025,39,1
403005,"‭NP(5) םרג200 ןנוצמ ןשועמ ןומלס הליפ‬",2025,41,5
403005,"‭NP(5) םרג200 ןנוצמ ןשועמ ןומלס הליפ‬",2025,42,5
403005,"‭NP(5) םרג200 ןנוצמ ןשועמ ןומלס הליפ‬",2025,43,7
403005,"‭NP(5) םרג200 ןנוצמ ןשועמ ןומלס הליפ‬",2025,44,5
403005,"‭NP(5) םרג200 ןנוצמ ןשועמ ןומלס הליפ‬",2025,45,3
403005,"‭NP(5) םרג200 ןנוצמ ןשועמ ןומלס הליפ‬",2025,46,3
403005,"‭NP(5) םרג200 ןנוצמ ןשועמ ןומלס הליפ‬",2025,47,7
403005,"‭NP(5) םרג200 ןנוצמ ןשועמ ןומלס הליפ‬",2025,48,4
403005,"‭NP(5) םרג200 ןנוצמ ןשועמ ןומלס הליפ‬",2025,49,6
403005,"‭NP(5) םרג200 ןנוצמ ןשועמ ןומלס הליפ‬",2025,50,2
403005,"‭NP(5) םרג200 ןנוצמ ןשועמ ןומלס הליפ‬",2025,51,3
403005,"‭NP(5) םרג200 ןנוצמ ןשועמ ןומלס הליפ‬",2025,52,7
403005,"‭NP(5) םרג200 ןנוצמ ןשועמ ןומלס הליפ‬",2026,2,6
403005,"‭NP(5) םרג200 ןנוצמ ןשועמ ןומלס הליפ‬",2026,3,4
403005,"‭NP(5) םרג200 ןנוצמ ןשועמ ןומלס הליפ‬",2026,4,10
403005,"‭NP(5) םרג200 ןנוצמ ןשועמ ןומלס הליפ‬",2026,10,5
403005,"‭NP(5) םרג200 ןנוצמ ןשועמ ןומלס הליפ‬",2026,11,5
403005,"‭NP(5) םרג200 ןנוצמ ןשועמ ןומלס הליפ‬",2026,12,5
403005,"‭NP(5) םרג200 ןנוצמ ןשועמ ןומלס הליפ‬",2026,13,7
403005,"‭NP(5) םרג200 ןנוצמ ןשועמ ןומלס הליפ‬",2026,14,3
403005,"‭NP(5) םרג200 ןנוצמ ןשועמ ןומלס הליפ‬",2026,15,7
403005,"‭NP(5) םרג200 ןנוצמ ןשועמ ןומלס הליפ‬",2026,16,8
403005,"‭NP(5) םרג200 ןנוצמ ןשועמ ןומלס הליפ‬",2026,17,3
403005,"‭NP(5) םרג200 ןנוצמ ןשועמ ןומלס הליפ‬",2026,18,7
403005,"‭NP(5) םרג200 ןנוצמ ןשועמ ןומלס הליפ‬",2026,21,9
403005,"‭NP(5) םרג200 ןנוצמ ןשועמ ןומלס הליפ‬",2026,22,3
403005,"‭NP(5) םרג200 ןנוצמ ןשועמ ןומלס הליפ‬",2026,23,4
403005,"‭NP(5) םרג200 ןנוצמ ןשועמ ןומלס הליפ‬",2026,24,5
403005,"‭NP(5) םרג200 ןנוצמ ןשועמ ןומלס הליפ‬",2026,25,5
403005,"‭NP(5) םרג200 ןנוצמ ןשועמ ןומלס הליפ‬",2026,26,1
403005,"‭NP(5) םרג200 ןנוצמ ןשועמ ןומלס הליפ‬",2026,27,7
403005,"‭NP(5) םרג200 ןנוצמ ןשועמ ןומלס הליפ‬",2026,28,2
403005,"‭NP(5) םרג200 ןנוצמ ןשועמ ןומלס הליפ‬",2026,29,4
403005,"‭NP(5) םרג200 ןנוצמ ןשועמ ןומלס הליפ‬",2026,30,2
403005,"‭NP(5) םרג200 ןנוצמ ןשועמ ןומלס הליפ‬",2026,31,7
403005,"‭NP(5) םרג200 ןנוצמ ןשועמ ןומלס הליפ‬",2026,32,5
403006,"‭NP(5) םרג200 ןנוצמ ןשועמ לרופ הליפ‬",2025,33,3
403006,"‭NP(5) םרג200 ןנוצמ ןשועמ לרופ הליפ‬",2025,34,3
403006,"‭NP(5) םרג200 ןנוצמ ןשועמ לרופ הליפ‬",2025,35,5
403006,"‭NP(5) םרג200 ןנוצמ ןשועמ לרופ הליפ‬",2025,36,1
403006,"‭NP(5) םרג200 ןנוצמ ןשועמ לרופ הליפ‬",2025,37,6
403006,"‭NP(5) םרג200 ןנוצמ ןשועמ לרופ הליפ‬",2025,38,4
403006,"‭NP(5) םרג200 ןנוצמ ןשועמ לרופ הליפ‬",2025,41,3
403006,"‭NP(5) םרג200 ןנוצמ ןשועמ לרופ הליפ‬",2025,42,3
403006,"‭NP(5) םרג200 ןנוצמ ןשועמ לרופ הליפ‬",2025,43,6
403006,"‭NP(5) םרג200 ןנוצמ ןשועמ לרופ הליפ‬",2025,44,3
403006,"‭NP(5) םרג200 ןנוצמ ןשועמ לרופ הליפ‬",2025,45,2
403006,"‭NP(5) םרג200 ןנוצמ ןשועמ לרופ הליפ‬",2025,46,1
403006,"‭NP(5) םרג200 ןנוצמ ןשועמ לרופ הליפ‬",2025,49,1
403006,"‭NP(5) םרג200 ןנוצמ ןשועמ לרופ הליפ‬",2025,50,3
403006,"‭NP(5) םרג200 ןנוצמ ןשועמ לרופ הליפ‬",2025,51,3
403006,"‭NP(5) םרג200 ןנוצמ ןשועמ לרופ הליפ‬",2025,52,5
403006,"‭NP(5) םרג200 ןנוצמ ןשועמ לרופ הליפ‬",2025,53,3
403006,"‭NP(5) םרג200 ןנוצמ ןשועמ לרופ הליפ‬",2026,2,2
403006,"‭NP(5) םרג200 ןנוצמ ןשועמ לרופ הליפ‬",2026,3,3
403006,"‭NP(5) םרג200 ןנוצמ ןשועמ לרופ הליפ‬",2026,4,15
403006,"‭NP(5) םרג200 ןנוצמ ןשועמ לרופ הליפ‬",2026,10,4
403006,"‭NP(5) םרג200 ןנוצמ ןשועמ לרופ הליפ‬",2026,11,5
403006,"‭NP(5) םרג200 ןנוצמ ןשועמ לרופ הליפ‬",2026,12,4
403006,"‭NP(5) םרג200 ןנוצמ ןשועמ לרופ הליפ‬",2026,13,5
403006,"‭NP(5) םרג200 ןנוצמ ןשועמ לרופ הליפ‬",2026,14,4
403006,"‭NP(5) םרג200 ןנוצמ ןשועמ לרופ הליפ‬",2026,15,8
403006,"‭NP(5) םרג200 ןנוצמ ןשועמ לרופ הליפ‬",2026,16,5
403006,"‭NP(5) םרג200 ןנוצמ ןשועמ לרופ הליפ‬",2026,17,2
403006,"‭NP(5) םרג200 ןנוצמ ןשועמ לרופ הליפ‬",2026,18,6
403006,"‭NP(5) םרג200 ןנוצמ ןשועמ לרופ הליפ‬",2026,19,3
403006,"‭NP(5) םרג200 ןנוצמ ןשועמ לרופ הליפ‬",2026,20,2
403006,"‭NP(5) םרג200 ןנוצמ ןשועמ לרופ הליפ‬",2026,21,4
403006,"‭NP(5) םרג200 ןנוצמ ןשועמ לרופ הליפ‬",2026,23,3
403006,"‭NP(5) םרג200 ןנוצמ ןשועמ לרופ הליפ‬",2026,24,4
403006,"‭NP(5) םרג200 ןנוצמ ןשועמ לרופ הליפ‬",2026,25,6
403006,"‭NP(5) םרג200 ןנוצמ ןשועמ לרופ הליפ‬",2026,26,2
403006,"‭NP(5) םרג200 ןנוצמ ןשועמ לרופ הליפ‬",2026,27,5
403006,"‭NP(5) םרג200 ןנוצמ ןשועמ לרופ הליפ‬",2026,28,3
403006,"‭NP(5) םרג200 ןנוצמ ןשועמ לרופ הליפ‬",2026,29,1
403006,"‭NP(5) םרג200 ןנוצמ ןשועמ לרופ הליפ‬",2026,30,4
403006,"‭NP(5) םרג200 ןנוצמ ןשועמ לרופ הליפ‬",2026,31,3
403006,"‭NP(5) םרג200 ןנוצמ ןשועמ לרופ הליפ‬",2026,32,6
403007,"‭8) NP) םרג150 ןנוצמ םח ןושיעב חלמומ לרקמ הליפ‬",2025,33,4
403007,"‭8) NP) םרג150 ןנוצמ םח ןושיעב חלמומ לרקמ הליפ‬",2025,34,22
403007,"‭8) NP) םרג150 ןנוצמ םח ןושיעב חלמומ לרקמ הליפ‬",2025,35,4
403007,"‭8) NP) םרג150 ןנוצמ םח ןושיעב חלמומ לרקמ הליפ‬",2025,37,20
403007,"‭8) NP) םרג150 ןנוצמ םח ןושיעב חלמומ לרקמ הליפ‬",2025,38,20
403007,"‭8) NP) םרג150 ןנוצמ םח ןושיעב חלמומ לרקמ הליפ‬",2025,41,15
403007,"‭8) NP) םרג150 ןנוצמ םח ןושיעב חלמומ לרקמ הליפ‬",2025,43,10
403007,"‭8) NP) םרג150 ןנוצמ םח ןושיעב חלמומ לרקמ הליפ‬",2025,44,18
403007,"‭8) NP) םרג150 ןנוצמ םח ןושיעב חלמומ לרקמ הליפ‬",2025,45,7
403007,"‭8) NP) םרג150 ןנוצמ םח ןושיעב חלמומ לרקמ הליפ‬",2025,47,20
403007,"‭8) NP) םרג150 ןנוצמ םח ןושיעב חלמומ לרקמ הליפ‬",2025,48,5
403007,"‭8) NP) םרג150 ןנוצמ םח ןושיעב חלמומ לרקמ הליפ‬",2025,49,3
403007,"‭8) NP) םרג150 ןנוצמ םח ןושיעב חלמומ לרקמ הליפ‬",2025,50,9
403007,"‭8) NP) םרג150 ןנוצמ םח ןושיעב חלמומ לרקמ הליפ‬",2025,51,12
403007,"‭8) NP) םרג150 ןנוצמ םח ןושיעב חלמומ לרקמ הליפ‬",2025,52,1
403007,"‭8) NP) םרג150 ןנוצמ םח ןושיעב חלמומ לרקמ הליפ‬",2026,2,3
403007,"‭8) NP) םרג150 ןנוצמ םח ןושיעב חלמומ לרקמ הליפ‬",2026,3,13
403007,"‭8) NP) םרג150 ןנוצמ םח ןושיעב חלמומ לרקמ הליפ‬",2026,7,3
403007,"‭8) NP) םרג150 ןנוצמ םח ןושיעב חלמומ לרקמ הליפ‬",2026,8,12
403007,"‭8) NP) םרג150 ןנוצמ םח ןושיעב חלמומ לרקמ הליפ‬",2026,9,7
403007,"‭8) NP) םרג150 ןנוצמ םח ןושיעב חלמומ לרקמ הליפ‬",2026,10,11
403007,"‭8) NP) םרג150 ןנוצמ םח ןושיעב חלמומ לרקמ הליפ‬",2026,11,6
403007,"‭8) NP) םרג150 ןנוצמ םח ןושיעב חלמומ לרקמ הליפ‬",2026,13,10
403007,"‭8) NP) םרג150 ןנוצמ םח ןושיעב חלמומ לרקמ הליפ‬",2026,14,10
403007,"‭8) NP) םרג150 ןנוצמ םח ןושיעב חלמומ לרקמ הליפ‬",2026,15,5
403007,"‭8) NP) םרג150 ןנוצמ םח ןושיעב חלמומ לרקמ הליפ‬",2026,17,9
403007,"‭8) NP) םרג150 ןנוצמ םח ןושיעב חלמומ לרקמ הליפ‬",2026,18,1
403007,"‭8) NP) םרג150 ןנוצמ םח ןושיעב חלמומ לרקמ הליפ‬",2026,21,7
403007,"‭8) NP) םרג150 ןנוצמ םח ןושיעב חלמומ לרקמ הליפ‬",2026,23,11
403007,"‭8) NP) םרג150 ןנוצמ םח ןושיעב חלמומ לרקמ הליפ‬",2026,24,5
403007,"‭8) NP) םרג150 ןנוצמ םח ןושיעב חלמומ לרקמ הליפ‬",2026,25,9
403007,"‭8) NP) םרג150 ןנוצמ םח ןושיעב חלמומ לרקמ הליפ‬",2026,26,4
403007,"‭8) NP) םרג150 ןנוצמ םח ןושיעב חלמומ לרקמ הליפ‬",2026,27,5
403007,"‭8) NP) םרג150 ןנוצמ םח ןושיעב חלמומ לרקמ הליפ‬",2026,28,4
403007,"‭8) NP) םרג150 ןנוצמ םח ןושיעב חלמומ לרקמ הליפ‬",2026,29,3
403007,"‭8) NP) םרג150 ןנוצמ םח ןושיעב חלמומ לרקמ הליפ‬",2026,30,6
403007,"‭8) NP) םרג150 ןנוצמ םח ןושיעב חלמומ לרקמ הליפ‬",2026,32,10
403008,"‭8) NP) םרג150 סורג רוחש לפלפ םע םח ןושיעב חלמומ לרקמ הליפ‬",2025,33,4
403008,"‭8) NP) םרג150 סורג רוחש לפלפ םע םח ןושיעב חלמומ לרקמ הליפ‬",2025,34,18
403008,"‭8) NP) םרג150 סורג רוחש לפלפ םע םח ןושיעב חלמומ לרקמ הליפ‬",2025,35,8
403008,"‭8) NP) םרג150 סורג רוחש לפלפ םע םח ןושיעב חלמומ לרקמ הליפ‬",2025,37,19
403008,"‭8) NP) םרג150 סורג רוחש לפלפ םע םח ןושיעב חלמומ לרקמ הליפ‬",2025,38,21
403008,"‭8) NP) םרג150 סורג רוחש לפלפ םע םח ןושיעב חלמומ לרקמ הליפ‬",2025,41,15
403008,"‭8) NP) םרג150 סורג רוחש לפלפ םע םח ןושיעב חלמומ לרקמ הליפ‬",2025,43,10
403008,"‭8) NP) םרג150 סורג רוחש לפלפ םע םח ןושיעב חלמומ לרקמ הליפ‬",2025,44,21
403008,"‭8) NP) םרג150 סורג רוחש לפלפ םע םח ןושיעב חלמומ לרקמ הליפ‬",2025,45,4
403008,"‭8) NP) םרג150 סורג רוחש לפלפ םע םח ןושיעב חלמומ לרקמ הליפ‬",2025,47,20
403008,"‭8) NP) םרג150 סורג רוחש לפלפ םע םח ןושיעב חלמומ לרקמ הליפ‬",2025,48,5
403008,"‭8) NP) םרג150 סורג רוחש לפלפ םע םח ןושיעב חלמומ לרקמ הליפ‬",2025,49,3
403008,"‭8) NP) םרג150 סורג רוחש לפלפ םע םח ןושיעב חלמומ לרקמ הליפ‬",2025,50,8
403008,"‭8) NP) םרג150 סורג רוחש לפלפ םע םח ןושיעב חלמומ לרקמ הליפ‬",2025,51,9
403008,"‭8) NP) םרג150 סורג רוחש לפלפ םע םח ןושיעב חלמומ לרקמ הליפ‬",2026,2,1
403008,"‭8) NP) םרג150 סורג רוחש לפלפ םע םח ןושיעב חלמומ לרקמ הליפ‬",2026,3,11
403008,"‭8) NP) םרג150 סורג רוחש לפלפ םע םח ןושיעב חלמומ לרקמ הליפ‬",2026,7,2
403008,"‭8) NP) םרג150 סורג רוחש לפלפ םע םח ןושיעב חלמומ לרקמ הליפ‬",2026,8,13
403008,"‭8) NP) םרג150 סורג רוחש לפלפ םע םח ןושיעב חלמומ לרקמ הליפ‬",2026,9,7
403008,"‭8) NP) םרג150 סורג רוחש לפלפ םע םח ןושיעב חלמומ לרקמ הליפ‬",2026,10,9
403008,"‭8) NP) םרג150 סורג רוחש לפלפ םע םח ןושיעב חלמומ לרקמ הליפ‬",2026,11,6
403008,"‭8) NP) םרג150 סורג רוחש לפלפ םע םח ןושיעב חלמומ לרקמ הליפ‬",2026,13,6
403008,"‭8) NP) םרג150 סורג רוחש לפלפ םע םח ןושיעב חלמומ לרקמ הליפ‬",2026,14,4
403008,"‭8) NP) םרג150 סורג רוחש לפלפ םע םח ןושיעב חלמומ לרקמ הליפ‬",2026,15,5
403008,"‭8) NP) םרג150 סורג רוחש לפלפ םע םח ןושיעב חלמומ לרקמ הליפ‬",2026,17,5
403008,"‭8) NP) םרג150 סורג רוחש לפלפ םע םח ןושיעב חלמומ לרקמ הליפ‬",2026,18,5
403008,"‭8) NP) םרג150 סורג רוחש לפלפ םע םח ןושיעב חלמומ לרקמ הליפ‬",2026,21,7
403008,"‭8) NP) םרג150 סורג רוחש לפלפ םע םח ןושיעב חלמומ לרקמ הליפ‬",2026,23,9
403008,"‭8) NP) םרג150 סורג רוחש לפלפ םע םח ןושיעב חלמומ לרקמ הליפ‬",2026,24,3
403008,"‭8) NP) םרג150 סורג רוחש לפלפ םע םח ןושיעב חלמומ לרקמ הליפ‬",2026,25,9
403008,"‭8) NP) םרג150 סורג רוחש לפלפ םע םח ןושיעב חלמומ לרקמ הליפ‬",2026,26,1
403008,"‭8) NP) םרג150 סורג רוחש לפלפ םע םח ןושיעב חלמומ לרקמ הליפ‬",2026,27,5
403008,"‭8) NP) םרג150 סורג רוחש לפלפ םע םח ןושיעב חלמומ לרקמ הליפ‬",2026,29,1
403008,"‭8) NP) םרג150 סורג רוחש לפלפ םע םח ןושיעב חלמומ לרקמ הליפ‬",2026,30,5
403008,"‭8) NP) םרג150 סורג רוחש לפלפ םע םח ןושיעב חלמומ לרקמ הליפ‬",2026,32,10
410000,"‭8) PRESIDENT)םרג180 ןמוש 15% תיעבט הצומח תנמש‬",2026,20,7
410000,"‭8) PRESIDENT)םרג180 ןמוש 15% תיעבט הצומח תנמש‬",2026,21,13
410000,"‭8) PRESIDENT)םרג180 ןמוש 15% תיעבט הצומח תנמש‬",2026,23,1
410000,"‭8) PRESIDENT)םרג180 ןמוש 15% תיעבט הצומח תנמש‬",2026,24,13
410000,"‭8) PRESIDENT)םרג180 ןמוש 15% תיעבט הצומח תנמש‬",2026,25,11
410000,"‭8) PRESIDENT)םרג180 ןמוש 15% תיעבט הצומח תנמש‬",2026,26,6
410000,"‭8) PRESIDENT)םרג180 ןמוש 15% תיעבט הצומח תנמש‬",2026,27,6
410000,"‭8) PRESIDENT)םרג180 ןמוש 15% תיעבט הצומח תנמש‬",2026,28,7
410000,"‭8) PRESIDENT)םרג180 ןמוש 15% תיעבט הצומח תנמש‬",2026,29,7
410000,"‭8) PRESIDENT)םרג180 ןמוש 15% תיעבט הצומח תנמש‬",2026,30,1
410000,"‭8) PRESIDENT)םרג180 ןמוש 15% תיעבט הצומח תנמש‬",2026,31,7
410000,"‭8) PRESIDENT)םרג180 ןמוש 15% תיעבט הצומח תנמש‬",2026,32,3
410001,"‭8) PRESIDENT)םרג180 ןמוש 20% תיעבט הצומח תנמש‬",2026,20,8
410001,"‭8) PRESIDENT)םרג180 ןמוש 20% תיעבט הצומח תנמש‬",2026,21,12
410001,"‭8) PRESIDENT)םרג180 ןמוש 20% תיעבט הצומח תנמש‬",2026,23,1
410001,"‭8) PRESIDENT)םרג180 ןמוש 20% תיעבט הצומח תנמש‬",2026,24,14
410001,"‭8) PRESIDENT)םרג180 ןמוש 20% תיעבט הצומח תנמש‬",2026,25,9.88
410001,"‭8) PRESIDENT)םרג180 ןמוש 20% תיעבט הצומח תנמש‬",2026,26,8.13
410001,"‭8) PRESIDENT)םרג180 ןמוש 20% תיעבט הצומח תנמש‬",2026,27,7
410001,"‭8) PRESIDENT)םרג180 ןמוש 20% תיעבט הצומח תנמש‬",2026,28,7
410001,"‭8) PRESIDENT)םרג180 ןמוש 20% תיעבט הצומח תנמש‬",2026,29,6
410001,"‭8) PRESIDENT)םרג180 ןמוש 20% תיעבט הצומח תנמש‬",2026,30,3
410001,"‭8) PRESIDENT)םרג180 ןמוש 20% תיעבט הצומח תנמש‬",2026,31,12
410001,"‭8) PRESIDENT)םרג180 ןמוש 20% תיעבט הצומח תנמש‬",2026,32,5
410002,"‭8) PRESIDENT)םרג300 ןמוש 15% תיעבט הצומח תנמש‬",2026,20,8
410002,"‭8) PRESIDENT)םרג300 ןמוש 15% תיעבט הצומח תנמש‬",2026,21,12
410002,"‭8) PRESIDENT)םרג300 ןמוש 15% תיעבט הצומח תנמש‬",2026,23,2
410002,"‭8) PRESIDENT)םרג300 ןמוש 15% תיעבט הצומח תנמש‬",2026,24,13
410002,"‭8) PRESIDENT)םרג300 ןמוש 15% תיעבט הצומח תנמש‬",2026,25,10
410002,"‭8) PRESIDENT)םרג300 ןמוש 15% תיעבט הצומח תנמש‬",2026,26,9
410002,"‭8) PRESIDENT)םרג300 ןמוש 15% תיעבט הצומח תנמש‬",2026,27,8
410002,"‭8) PRESIDENT)םרג300 ןמוש 15% תיעבט הצומח תנמש‬",2026,28,10
410002,"‭8) PRESIDENT)םרג300 ןמוש 15% תיעבט הצומח תנמש‬",2026,29,10
410002,"‭8) PRESIDENT)םרג300 ןמוש 15% תיעבט הצומח תנמש‬",2026,30,4
410002,"‭8) PRESIDENT)םרג300 ןמוש 15% תיעבט הצומח תנמש‬",2026,31,8
410002,"‭8) PRESIDENT)םרג300 ןמוש 15% תיעבט הצומח תנמש‬",2026,32,2
410003,"‭8) PRESIDENT)םרג300 ןמוש 20% תיעבט הצומח תנמש‬",2026,20,11
410003,"‭8) PRESIDENT)םרג300 ןמוש 20% תיעבט הצומח תנמש‬",2026,21,9
410003,"‭8) PRESIDENT)םרג300 ןמוש 20% תיעבט הצומח תנמש‬",2026,23,1
410003,"‭8) PRESIDENT)םרג300 ןמוש 20% תיעבט הצומח תנמש‬",2026,24,19
410003,"‭8) PRESIDENT)םרג300 ןמוש 20% תיעבט הצומח תנמש‬",2026,25,10
410003,"‭8) PRESIDENT)םרג300 ןמוש 20% תיעבט הצומח תנמש‬",2026,26,13
410003,"‭8) PRESIDENT)םרג300 ןמוש 20% תיעבט הצומח תנמש‬",2026,27,7
410003,"‭8) PRESIDENT)םרג300 ןמוש 20% תיעבט הצומח תנמש‬",2026,28,11
410003,"‭8) PRESIDENT)םרג300 ןמוש 20% תיעבט הצומח תנמש‬",2026,29,11
410003,"‭8) PRESIDENT)םרג300 ןמוש 20% תיעבט הצומח תנמש‬",2026,30,3
410003,"‭8) PRESIDENT)םרג300 ןמוש 20% תיעבט הצומח תנמש‬",2026,31,10
410003,"‭8) PRESIDENT)םרג300 ןמוש 20% תיעבט הצומח תנמש‬",2026,32,5
410004,"‭8) PRESIDENT)םרג300 ןמוש 30% תיעבט הצומח תנמש‬",2026,20,15.13
410004,"‭8) PRESIDENT)םרג300 ןמוש 30% תיעבט הצומח תנמש‬",2026,21,4.88
410004,"‭8) PRESIDENT)םרג300 ןמוש 30% תיעבט הצומח תנמש‬",2026,23,3
410004,"‭8) PRESIDENT)םרג300 ןמוש 30% תיעבט הצומח תנמש‬",2026,24,20.5
410004,"‭8) PRESIDENT)םרג300 ןמוש 30% תיעבט הצומח תנמש‬",2026,25,11.38
410004,"‭8) PRESIDENT)םרג300 ןמוש 30% תיעבט הצומח תנמש‬",2026,26,13.13
410004,"‭8) PRESIDENT)םרג300 ןמוש 30% תיעבט הצומח תנמש‬",2026,27,7
410004,"‭8) PRESIDENT)םרג300 ןמוש 30% תיעבט הצומח תנמש‬",2026,28,13
410004,"‭8) PRESIDENT)םרג300 ןמוש 30% תיעבט הצומח תנמש‬",2026,29,13.25
410004,"‭8) PRESIDENT)םרג300 ןמוש 30% תיעבט הצומח תנמש‬",2026,30,3.75
410004,"‭8) PRESIDENT)םרג300 ןמוש 30% תיעבט הצומח תנמש‬",2026,31,11
410004,"‭8) PRESIDENT)םרג300 ןמוש 30% תיעבט הצומח תנמש‬",2026,32,9
411000,"‭12) PRESIDENT)םרג220 ןמוש 5% גורובט‬",2026,20,6
411000,"‭12) PRESIDENT)םרג220 ןמוש 5% גורובט‬",2026,21,11.5
411000,"‭12) PRESIDENT)םרג220 ןמוש 5% גורובט‬",2026,22,12
411000,"‭12) PRESIDENT)םרג220 ןמוש 5% גורובט‬",2026,23,1.42
411000,"‭12) PRESIDENT)םרג220 ןמוש 5% גורובט‬",2026,24,10.17
411000,"‭12) PRESIDENT)םרג220 ןמוש 5% גורובט‬",2026,25,8.83
411000,"‭12) PRESIDENT)םרג220 ןמוש 5% גורובט‬",2026,26,8
411000,"‭12) PRESIDENT)םרג220 ןמוש 5% גורובט‬",2026,27,4
411000,"‭12) PRESIDENT)םרג220 ןמוש 5% גורובט‬",2026,28,8
411000,"‭12) PRESIDENT)םרג220 ןמוש 5% גורובט‬",2026,29,9
411000,"‭12) PRESIDENT)םרג220 ןמוש 5% גורובט‬",2026,30,6
411000,"‭12) PRESIDENT)םרג220 ןמוש 5% גורובט‬",2026,31,11
411000,"‭12) PRESIDENT)םרג220 ןמוש 5% גורובט‬",2026,32,4
411001,"‭9) PRESIDENT)םרג300 ןמוש 5% גורובט‬",2026,20,15.11
411001,"‭9) PRESIDENT)םרג300 ןמוש 5% גורובט‬",2026,21,14.78
411001,"‭9) PRESIDENT)םרג300 ןמוש 5% גורובט‬",2026,23,2
411001,"‭9) PRESIDENT)םרג300 ןמוש 5% גורובט‬",2026,24,19
411001,"‭9) PRESIDENT)םרג300 ןמוש 5% גורובט‬",2026,25,9
411001,"‭9) PRESIDENT)םרג300 ןמוש 5% גורובט‬",2026,26,14
411001,"‭9) PRESIDENT)םרג300 ןמוש 5% גורובט‬",2026,27,10
411001,"‭9) PRESIDENT)םרג300 ןמוש 5% גורובט‬",2026,28,18
411001,"‭9) PRESIDENT)םרג300 ןמוש 5% גורובט‬",2026,29,14
411001,"‭9) PRESIDENT)םרג300 ןמוש 5% גורובט‬",2026,30,2
411001,"‭9) PRESIDENT)םרג300 ןמוש 5% גורובט‬",2026,31,17
411001,"‭9) PRESIDENT)םרג300 ןמוש 5% גורובט‬",2026,32,3
411500,"‭6)PRESIDENT)םרג180 ןמוש 24.5% תיסאלק תנמש תניבג‬",2026,20,16
411500,"‭6)PRESIDENT)םרג180 ןמוש 24.5% תיסאלק תנמש תניבג‬",2026,21,17
411500,"‭6)PRESIDENT)םרג180 ןמוש 24.5% תיסאלק תנמש תניבג‬",2026,22,6
411500,"‭6)PRESIDENT)םרג180 ןמוש 24.5% תיסאלק תנמש תניבג‬",2026,23,7
411500,"‭6)PRESIDENT)םרג180 ןמוש 24.5% תיסאלק תנמש תניבג‬",2026,24,14
411500,"‭6)PRESIDENT)םרג180 ןמוש 24.5% תיסאלק תנמש תניבג‬",2026,25,9
411500,"‭6)PRESIDENT)םרג180 ןמוש 24.5% תיסאלק תנמש תניבג‬",2026,26,10
411500,"‭6)PRESIDENT)םרג180 ןמוש 24.5% תיסאלק תנמש תניבג‬",2026,27,10
411500,"‭6)PRESIDENT)םרג180 ןמוש 24.5% תיסאלק תנמש תניבג‬",2026,28,11.33
411500,"‭6)PRESIDENT)םרג180 ןמוש 24.5% תיסאלק תנמש תניבג‬",2026,29,7
411500,"‭6)PRESIDENT)םרג180 ןמוש 24.5% תיסאלק תנמש תניבג‬",2026,30,6
411500,"‭6)PRESIDENT)םרג180 ןמוש 24.5% תיסאלק תנמש תניבג‬",2026,31,5
411500,"‭6)PRESIDENT)םרג180 ןמוש 24.5% תיסאלק תנמש תניבג‬",2026,32,5.67
412200,"‭24) PRESIDENT) םרג70 14.1% ןמוש CREAMY תכתומ הניבג‬",2026,20,6
412200,"‭24) PRESIDENT) םרג70 14.1% ןמוש CREAMY תכתומ הניבג‬",2026,21,8
412200,"‭24) PRESIDENT) םרג70 14.1% ןמוש CREAMY תכתומ הניבג‬",2026,22,7
412200,"‭24) PRESIDENT) םרג70 14.1% ןמוש CREAMY תכתומ הניבג‬",2026,23,4
412200,"‭24) PRESIDENT) םרג70 14.1% ןמוש CREAMY תכתומ הניבג‬",2026,24,10
412200,"‭24) PRESIDENT) םרג70 14.1% ןמוש CREAMY תכתומ הניבג‬",2026,25,5
412200,"‭24) PRESIDENT) םרג70 14.1% ןמוש CREAMY תכתומ הניבג‬",2026,26,8
412200,"‭24) PRESIDENT) םרג70 14.1% ןמוש CREAMY תכתומ הניבג‬",2026,27,8
412200,"‭24) PRESIDENT) םרג70 14.1% ןמוש CREAMY תכתומ הניבג‬",2026,28,10
412200,"‭24) PRESIDENT) םרג70 14.1% ןמוש CREAMY תכתומ הניבג‬",2026,29,8
412200,"‭24) PRESIDENT) םרג70 14.1% ןמוש CREAMY תכתומ הניבג‬",2026,30,1
412200,"‭24) PRESIDENT) םרג70 14.1% ןמוש CREAMY תכתומ הניבג‬",2026,31,10
412200,"‭24) PRESIDENT) םרג70 14.1% ןמוש CREAMY תכתומ הניבג‬",2026,32,6
412201,"‭24) PRESIDENT) םרג70 14% ןמוש HOLLAND תכתומ הניבג‬",2026,20,8
412201,"‭24) PRESIDENT) םרג70 14% ןמוש HOLLAND תכתומ הניבג‬",2026,21,9
412201,"‭24) PRESIDENT) םרג70 14% ןמוש HOLLAND תכתומ הניבג‬",2026,22,8
412201,"‭24) PRESIDENT) םרג70 14% ןמוש HOLLAND תכתומ הניבג‬",2026,23,4
412201,"‭24) PRESIDENT) םרג70 14% ןמוש HOLLAND תכתומ הניבג‬",2026,24,14
412201,"‭24) PRESIDENT) םרג70 14% ןמוש HOLLAND תכתומ הניבג‬",2026,25,6
412201,"‭24) PRESIDENT) םרג70 14% ןמוש HOLLAND תכתומ הניבג‬",2026,26,7
412201,"‭24) PRESIDENT) םרג70 14% ןמוש HOLLAND תכתומ הניבג‬",2026,27,11
412201,"‭24) PRESIDENT) םרג70 14% ןמוש HOLLAND תכתומ הניבג‬",2026,28,10.13
412201,"‭24) PRESIDENT) םרג70 14% ןמוש HOLLAND תכתומ הניבג‬",2026,29,6
412201,"‭24) PRESIDENT) םרג70 14% ןמוש HOLLAND תכתומ הניבג‬",2026,30,7
412201,"‭24) PRESIDENT) םרג70 14% ןמוש HOLLAND תכתומ הניבג‬",2026,31,4
412201,"‭24) PRESIDENT) םרג70 14% ןמוש HOLLAND תכתומ הניבג‬",2026,32,7
412202,"‭24) PRESIDENT) םרג70 14% ןמוש GOUDA תכתומ הניבג‬",2026,20,7.25
412202,"‭24) PRESIDENT) םרג70 14% ןמוש GOUDA תכתומ הניבג‬",2026,21,15
412202,"‭24) PRESIDENT) םרג70 14% ןמוש GOUDA תכתומ הניבג‬",2026,22,8
412202,"‭24) PRESIDENT) םרג70 14% ןמוש GOUDA תכתומ הניבג‬",2026,23,5.17
412202,"‭24) PRESIDENT) םרג70 14% ןמוש GOUDA תכתומ הניבג‬",2026,24,15
412202,"‭24) PRESIDENT) םרג70 14% ןמוש GOUDA תכתומ הניבג‬",2026,25,3.58
412202,"‭24) PRESIDENT) םרג70 14% ןמוש GOUDA תכתומ הניבג‬",2026,26,8
412202,"‭24) PRESIDENT) םרג70 14% ןמוש GOUDA תכתומ הניבג‬",2026,27,11
412202,"‭24) PRESIDENT) םרג70 14% ןמוש GOUDA תכתומ הניבג‬",2026,28,11
412202,"‭24) PRESIDENT) םרג70 14% ןמוש GOUDA תכתומ הניבג‬",2026,29,10
412202,"‭24) PRESIDENT) םרג70 14% ןמוש GOUDA תכתומ הניבג‬",2026,30,5
412202,"‭24) PRESIDENT) םרג70 14% ןמוש GOUDA תכתומ הניבג‬",2026,31,8
412202,"‭24) PRESIDENT) םרג70 14% ןמוש GOUDA תכתומ הניבג‬",2026,32,8
412500,"‭12) PRESIDENT)םרג150 18.3% ןמוש  CREAMY תכתומ הניבג‬",2026,20,9.08
412500,"‭12) PRESIDENT)םרג150 18.3% ןמוש  CREAMY תכתומ הניבג‬",2026,21,6
412500,"‭12) PRESIDENT)םרג150 18.3% ןמוש  CREAMY תכתומ הניבג‬",2026,22,3.08
412500,"‭12) PRESIDENT)םרג150 18.3% ןמוש  CREAMY תכתומ הניבג‬",2026,23,3.08
412500,"‭12) PRESIDENT)םרג150 18.3% ןמוש  CREAMY תכתומ הניבג‬",2026,25,13
412500,"‭12) PRESIDENT)םרג150 18.3% ןמוש  CREAMY תכתומ הניבג‬",2026,26,5.08
412500,"‭12) PRESIDENT)םרג150 18.3% ןמוש  CREAMY תכתומ הניבג‬",2026,27,5
412500,"‭12) PRESIDENT)םרג150 18.3% ןמוש  CREAMY תכתומ הניבג‬",2026,28,8.67
412500,"‭12) PRESIDENT)םרג150 18.3% ןמוש  CREAMY תכתומ הניבג‬",2026,29,7
412500,"‭12) PRESIDENT)םרג150 18.3% ןמוש  CREAMY תכתומ הניבג‬",2026,30,1
412500,"‭12) PRESIDENT)םרג150 18.3% ןמוש  CREAMY תכתומ הניבג‬",2026,31,3
412500,"‭12) PRESIDENT)םרג150 18.3% ןמוש  CREAMY תכתומ הניבג‬",2026,32,3
412501,"‭12) PRESIDENT)םרג150 17% ןמוש  GOUDA תכתומ הניבג‬",2026,20,10.25
412501,"‭12) PRESIDENT)םרג150 17% ןמוש  GOUDA תכתומ הניבג‬",2026,21,9
412501,"‭12) PRESIDENT)םרג150 17% ןמוש  GOUDA תכתומ הניבג‬",2026,22,3.25
412501,"‭12) PRESIDENT)םרג150 17% ןמוש  GOUDA תכתומ הניבג‬",2026,23,5.17
412501,"‭12) PRESIDENT)םרג150 17% ןמוש  GOUDA תכתומ הניבג‬",2026,24,2
412501,"‭12) PRESIDENT)םרג150 17% ןמוש  GOUDA תכתומ הניבג‬",2026,25,10
412501,"‭12) PRESIDENT)םרג150 17% ןמוש  GOUDA תכתומ הניבג‬",2026,26,3.25
412501,"‭12) PRESIDENT)םרג150 17% ןמוש  GOUDA תכתומ הניבג‬",2026,27,7
412501,"‭12) PRESIDENT)םרג150 17% ןמוש  GOUDA תכתומ הניבג‬",2026,28,10.08
412501,"‭12) PRESIDENT)םרג150 17% ןמוש  GOUDA תכתומ הניבג‬",2026,29,5
412501,"‭12) PRESIDENT)םרג150 17% ןמוש  GOUDA תכתומ הניבג‬",2026,30,4
412501,"‭12) PRESIDENT)םרג150 17% ןמוש  GOUDA תכתומ הניבג‬",2026,31,5
412501,"‭12) PRESIDENT)םרג150 17% ןמוש  GOUDA תכתומ הניבג‬",2026,32,4
412502,"‭12) PRESIDENT)םרג150 17% ןמוש  MAASDAM תכתומ הניבג‬",2026,20,7.08
412502,"‭12) PRESIDENT)םרג150 17% ןמוש  MAASDAM תכתומ הניבג‬",2026,21,4
412502,"‭12) PRESIDENT)םרג150 17% ןמוש  MAASDAM תכתומ הניבג‬",2026,22,3.08
412502,"‭12) PRESIDENT)םרג150 17% ןמוש  MAASDAM תכתומ הניבג‬",2026,23,4.17
412502,"‭12) PRESIDENT)םרג150 17% ןמוש  MAASDAM תכתומ הניבג‬",2026,24,2
412502,"‭12) PRESIDENT)םרג150 17% ןמוש  MAASDAM תכתומ הניבג‬",2026,25,10
412502,"‭12) PRESIDENT)םרג150 17% ןמוש  MAASDAM תכתומ הניבג‬",2026,26,2.08
412502,"‭12) PRESIDENT)םרג150 17% ןמוש  MAASDAM תכתומ הניבג‬",2026,27,7.58
412502,"‭12) PRESIDENT)םרג150 17% ןמוש  MAASDAM תכתומ הניבג‬",2026,28,7
412502,"‭12) PRESIDENT)םרג150 17% ןמוש  MAASDAM תכתומ הניבג‬",2026,29,6
412502,"‭12) PRESIDENT)םרג150 17% ןמוש  MAASDAM תכתומ הניבג‬",2026,30,6
412502,"‭12) PRESIDENT)םרג150 17% ןמוש  MAASDAM תכתומ הניבג‬",2026,31,3
412502,"‭12) PRESIDENT)םרג150 17% ןמוש  MAASDAM תכתומ הניבג‬",2026,32,5
413000,"‭24.5% (8) PRESIDENT ןמוש  HOLLAND הצחמל השק הניבג‬",2026,20,0.5
413000,"‭24.5% (8) PRESIDENT ןמוש  HOLLAND הצחמל השק הניבג‬",2026,26,0.22
413000,"‭24.5% (8) PRESIDENT ןמוש  HOLLAND הצחמל השק הניבג‬",2026,29,0.24
413001,"‭28.5% (8) PRESIDENT ןמוש  GOUDA הצחמל השק הניבג‬",2026,20,0.48
413001,"‭28.5% (8) PRESIDENT ןמוש  GOUDA הצחמל השק הניבג‬",2026,26,0.23
413001,"‭28.5% (8) PRESIDENT ןמוש  GOUDA הצחמל השק הניבג‬",2026,29,0.25
413002,"‭28.5% (8) PRESIDENT ןמוש  TILZITER הצחמל השק הניבג‬",2026,20,0.21
413002,"‭28.5% (8) PRESIDENT ןמוש  TILZITER הצחמל השק הניבג‬",2026,23,0.18
413002,"‭28.5% (8) PRESIDENT ןמוש  TILZITER הצחמל השק הניבג‬",2026,26,0.2
413002,"‭28.5% (8) PRESIDENT ןמוש  TILZITER הצחמל השק הניבג‬",2026,29,0.23
413200,"‭14) PRESIDENT) םרג160 24.5%  ןמוש HOLLAND הצחמל השק הניבג‬",2026,20,10
413200,"‭14) PRESIDENT) םרג160 24.5%  ןמוש HOLLAND הצחמל השק הניבג‬",2026,21,6
413200,"‭14) PRESIDENT) םרג160 24.5%  ןמוש HOLLAND הצחמל השק הניבג‬",2026,22,1
413200,"‭14) PRESIDENT) םרג160 24.5%  ןמוש HOLLAND הצחמל השק הניבג‬",2026,24,2
413200,"‭14) PRESIDENT) םרג160 24.5%  ןמוש HOLLAND הצחמל השק הניבג‬",2026,25,1
413200,"‭14) PRESIDENT) םרג160 24.5%  ןמוש HOLLAND הצחמל השק הניבג‬",2026,26,4
413200,"‭14) PRESIDENT) םרג160 24.5%  ןמוש HOLLAND הצחמל השק הניבג‬",2026,27,0.57
413200,"‭14) PRESIDENT) םרג160 24.5%  ןמוש HOLLAND הצחמל השק הניבג‬",2026,28,0.07
413200,"‭14) PRESIDENT) םרג160 24.5%  ןמוש HOLLAND הצחמל השק הניבג‬",2026,31,1
413201,"‭14) PRESIDENT) םרג160 28.5%  ןמוש GOUDA הצחמל השק הניבג‬",2026,20,9
413201,"‭14) PRESIDENT) םרג160 28.5%  ןמוש GOUDA הצחמל השק הניבג‬",2026,21,9
413201,"‭14) PRESIDENT) םרג160 28.5%  ןמוש GOUDA הצחמל השק הניבג‬",2026,22,1.07
413201,"‭14) PRESIDENT) םרג160 28.5%  ןמוש GOUDA הצחמל השק הניבג‬",2026,24,1
413201,"‭14) PRESIDENT) םרג160 28.5%  ןמוש GOUDA הצחמל השק הניבג‬",2026,25,1
413201,"‭14) PRESIDENT) םרג160 28.5%  ןמוש GOUDA הצחמל השק הניבג‬",2026,26,4
413201,"‭14) PRESIDENT) םרג160 28.5%  ןמוש GOUDA הצחמל השק הניבג‬",2026,27,1.93
413201,"‭14) PRESIDENT) םרג160 28.5%  ןמוש GOUDA הצחמל השק הניבג‬",2026,28,1
413201,"‭14) PRESIDENT) םרג160 28.5%  ןמוש GOUDA הצחמל השק הניבג‬",2026,29,2
413201,"‭14) PRESIDENT) םרג160 28.5%  ןמוש GOUDA הצחמל השק הניבג‬",2026,30,2
413201,"‭14) PRESIDENT) םרג160 28.5%  ןמוש GOUDA הצחמל השק הניבג‬",2026,31,1
413201,"‭14) PRESIDENT) םרג160 28.5%  ןמוש GOUDA הצחמל השק הניבג‬",2026,32,2
413202,"‭14) PRESIDENT) םרג160 28.5%  ןמוש TILZITER הצחמל השק הניבג‬",2026,20,7
413202,"‭14) PRESIDENT) םרג160 28.5%  ןמוש TILZITER הצחמל השק הניבג‬",2026,21,4
413202,"‭14) PRESIDENT) םרג160 28.5%  ןמוש TILZITER הצחמל השק הניבג‬",2026,22,1.07
413202,"‭14) PRESIDENT) םרג160 28.5%  ןמוש TILZITER הצחמל השק הניבג‬",2026,23,0.14
413202,"‭14) PRESIDENT) םרג160 28.5%  ןמוש TILZITER הצחמל השק הניבג‬",2026,24,4.07
413202,"‭14) PRESIDENT) םרג160 28.5%  ןמוש TILZITER הצחמל השק הניבג‬",2026,25,2
413202,"‭14) PRESIDENT) םרג160 28.5%  ןמוש TILZITER הצחמל השק הניבג‬",2026,26,5
413202,"‭14) PRESIDENT) םרג160 28.5%  ןמוש TILZITER הצחמל השק הניבג‬",2026,27,0.57
413202,"‭14) PRESIDENT) םרג160 28.5%  ןמוש TILZITER הצחמל השק הניבג‬",2026,28,1.07
413202,"‭14) PRESIDENT) םרג160 28.5%  ןמוש TILZITER הצחמל השק הניבג‬",2026,31,1.07
413500,"‭14)PRESIDENT)ג135 24.5% ןמוש HOLLAND הצחמל השק הניבג תוסורפ‬",2026,20,10
413500,"‭14)PRESIDENT)ג135 24.5% ןמוש HOLLAND הצחמל השק הניבג תוסורפ‬",2026,21,11
413500,"‭14)PRESIDENT)ג135 24.5% ןמוש HOLLAND הצחמל השק הניבג תוסורפ‬",2026,22,2
413500,"‭14)PRESIDENT)ג135 24.5% ןמוש HOLLAND הצחמל השק הניבג תוסורפ‬",2026,24,3
413500,"‭14)PRESIDENT)ג135 24.5% ןמוש HOLLAND הצחמל השק הניבג תוסורפ‬",2026,25,2
413500,"‭14)PRESIDENT)ג135 24.5% ןמוש HOLLAND הצחמל השק הניבג תוסורפ‬",2026,26,2
413500,"‭14)PRESIDENT)ג135 24.5% ןמוש HOLLAND הצחמל השק הניבג תוסורפ‬",2026,28,2
413500,"‭14)PRESIDENT)ג135 24.5% ןמוש HOLLAND הצחמל השק הניבג תוסורפ‬",2026,29,1
413500,"‭14)PRESIDENT)ג135 24.5% ןמוש HOLLAND הצחמל השק הניבג תוסורפ‬",2026,30,2
413500,"‭14)PRESIDENT)ג135 24.5% ןמוש HOLLAND הצחמל השק הניבג תוסורפ‬",2026,31,3
413500,"‭14)PRESIDENT)ג135 24.5% ןמוש HOLLAND הצחמל השק הניבג תוסורפ‬",2026,32,1
413501,"‭14)PRESIDENT)ג135 28.5% ןמוש GOUDA הצחמל השק הניבג תוסורפ‬",2026,20,9.21
413501,"‭14)PRESIDENT)ג135 28.5% ןמוש GOUDA הצחמל השק הניבג תוסורפ‬",2026,21,11
413501,"‭14)PRESIDENT)ג135 28.5% ןמוש GOUDA הצחמל השק הניבג תוסורפ‬",2026,22,2
413501,"‭14)PRESIDENT)ג135 28.5% ןמוש GOUDA הצחמל השק הניבג תוסורפ‬",2026,23,2.07
413501,"‭14)PRESIDENT)ג135 28.5% ןמוש GOUDA הצחמל השק הניבג תוסורפ‬",2026,24,6
413501,"‭14)PRESIDENT)ג135 28.5% ןמוש GOUDA הצחמל השק הניבג תוסורפ‬",2026,25,2
413501,"‭14)PRESIDENT)ג135 28.5% ןמוש GOUDA הצחמל השק הניבג תוסורפ‬",2026,26,2
413501,"‭14)PRESIDENT)ג135 28.5% ןמוש GOUDA הצחמל השק הניבג תוסורפ‬",2026,27,1
413501,"‭14)PRESIDENT)ג135 28.5% ןמוש GOUDA הצחמל השק הניבג תוסורפ‬",2026,28,5.07
413501,"‭14)PRESIDENT)ג135 28.5% ןמוש GOUDA הצחמל השק הניבג תוסורפ‬",2026,29,1
413501,"‭14)PRESIDENT)ג135 28.5% ןמוש GOUDA הצחמל השק הניבג תוסורפ‬",2026,30,2
413501,"‭14)PRESIDENT)ג135 28.5% ןמוש GOUDA הצחמל השק הניבג תוסורפ‬",2026,31,1
413501,"‭14)PRESIDENT)ג135 28.5% ןמוש GOUDA הצחמל השק הניבג תוסורפ‬",2026,32,1
413502,"‭14)PRESIDENT)ג135 28.5% ןמוש TLZITER הצחמל השק הניבג תוסורפ‬",2026,20,6.14
413502,"‭14)PRESIDENT)ג135 28.5% ןמוש TLZITER הצחמל השק הניבג תוסורפ‬",2026,21,8.07
413502,"‭14)PRESIDENT)ג135 28.5% ןמוש TLZITER הצחמל השק הניבג תוסורפ‬",2026,22,1
413502,"‭14)PRESIDENT)ג135 28.5% ןמוש TLZITER הצחמל השק הניבג תוסורפ‬",2026,23,1.07
413502,"‭14)PRESIDENT)ג135 28.5% ןמוש TLZITER הצחמל השק הניבג תוסורפ‬",2026,24,5
413502,"‭14)PRESIDENT)ג135 28.5% ןמוש TLZITER הצחמל השק הניבג תוסורפ‬",2026,25,2
413502,"‭14)PRESIDENT)ג135 28.5% ןמוש TLZITER הצחמל השק הניבג תוסורפ‬",2026,26,3
413502,"‭14)PRESIDENT)ג135 28.5% ןמוש TLZITER הצחמל השק הניבג תוסורפ‬",2026,27,1
413502,"‭14)PRESIDENT)ג135 28.5% ןמוש TLZITER הצחמל השק הניבג תוסורפ‬",2026,28,3
413502,"‭14)PRESIDENT)ג135 28.5% ןמוש TLZITER הצחמל השק הניבג תוסורפ‬",2026,30,1
413502,"‭14)PRESIDENT)ג135 28.5% ןמוש TLZITER הצחמל השק הניבג תוסורפ‬",2026,31,1
413502,"‭14)PRESIDENT)ג135 28.5% ןמוש TLZITER הצחמל השק הניבג תוסורפ‬",2026,32,1
420001,"‭(4)ג""ק1 לינו םרקו םילע קצב תובכש NAPOLEON תגוע‬",2025,33,1
420001,"‭(4)ג""ק1 לינו םרקו םילע קצב תובכש NAPOLEON תגוע‬",2025,34,7.25
420001,"‭(4)ג""ק1 לינו םרקו םילע קצב תובכש NAPOLEON תגוע‬",2025,35,14
420001,"‭(4)ג""ק1 לינו םרקו םילע קצב תובכש NAPOLEON תגוע‬",2025,36,5
420001,"‭(4)ג""ק1 לינו םרקו םילע קצב תובכש NAPOLEON תגוע‬",2025,37,9
420001,"‭(4)ג""ק1 לינו םרקו םילע קצב תובכש NAPOLEON תגוע‬",2025,38,9
420001,"‭(4)ג""ק1 לינו םרקו םילע קצב תובכש NAPOLEON תגוע‬",2025,39,1.5
420001,"‭(4)ג""ק1 לינו םרקו םילע קצב תובכש NAPOLEON תגוע‬",2025,41,14
420001,"‭(4)ג""ק1 לינו םרקו םילע קצב תובכש NAPOLEON תגוע‬",2025,42,10
420001,"‭(4)ג""ק1 לינו םרקו םילע קצב תובכש NAPOLEON תגוע‬",2025,43,8
420001,"‭(4)ג""ק1 לינו םרקו םילע קצב תובכש NAPOLEON תגוע‬",2025,44,10
420001,"‭(4)ג""ק1 לינו םרקו םילע קצב תובכש NAPOLEON תגוע‬",2025,45,5.75
420001,"‭(4)ג""ק1 לינו םרקו םילע קצב תובכש NAPOLEON תגוע‬",2025,46,7.25
420001,"‭(4)ג""ק1 לינו םרקו םילע קצב תובכש NAPOLEON תגוע‬",2025,47,3
420001,"‭(4)ג""ק1 לינו םרקו םילע קצב תובכש NAPOLEON תגוע‬",2025,48,10
420001,"‭(4)ג""ק1 לינו םרקו םילע קצב תובכש NAPOLEON תגוע‬",2025,49,4
420001,"‭(4)ג""ק1 לינו םרקו םילע קצב תובכש NAPOLEON תגוע‬",2025,50,6.75
420001,"‭(4)ג""ק1 לינו םרקו םילע קצב תובכש NAPOLEON תגוע‬",2025,51,4.5
420001,"‭(4)ג""ק1 לינו םרקו םילע קצב תובכש NAPOLEON תגוע‬",2025,52,4
420001,"‭(4)ג""ק1 לינו םרקו םילע קצב תובכש NAPOLEON תגוע‬",2025,53,3
420001,"‭(4)ג""ק1 לינו םרקו םילע קצב תובכש NAPOLEON תגוע‬",2026,2,6
420001,"‭(4)ג""ק1 לינו םרקו םילע קצב תובכש NAPOLEON תגוע‬",2026,3,4
420001,"‭(4)ג""ק1 לינו םרקו םילע קצב תובכש NAPOLEON תגוע‬",2026,5,1
420001,"‭(4)ג""ק1 לינו םרקו םילע קצב תובכש NAPOLEON תגוע‬",2026,6,9
420001,"‭(4)ג""ק1 לינו םרקו םילע קצב תובכש NAPOLEON תגוע‬",2026,7,3
420001,"‭(4)ג""ק1 לינו םרקו םילע קצב תובכש NAPOLEON תגוע‬",2026,8,3
420001,"‭(4)ג""ק1 לינו םרקו םילע קצב תובכש NAPOLEON תגוע‬",2026,9,7
420001,"‭(4)ג""ק1 לינו םרקו םילע קצב תובכש NAPOLEON תגוע‬",2026,10,2
420001,"‭(4)ג""ק1 לינו םרקו םילע קצב תובכש NAPOLEON תגוע‬",2026,11,2
420001,"‭(4)ג""ק1 לינו םרקו םילע קצב תובכש NAPOLEON תגוע‬",2026,12,6
420001,"‭(4)ג""ק1 לינו םרקו םילע קצב תובכש NAPOLEON תגוע‬",2026,13,2
420001,"‭(4)ג""ק1 לינו םרקו םילע קצב תובכש NAPOLEON תגוע‬",2026,14,2
420001,"‭(4)ג""ק1 לינו םרקו םילע קצב תובכש NAPOLEON תגוע‬",2026,15,3
420001,"‭(4)ג""ק1 לינו םרקו םילע קצב תובכש NAPOLEON תגוע‬",2026,16,12
420001,"‭(4)ג""ק1 לינו םרקו םילע קצב תובכש NAPOLEON תגוע‬",2026,17,4
420001,"‭(4)ג""ק1 לינו םרקו םילע קצב תובכש NAPOLEON תגוע‬",2026,18,6
420001,"‭(4)ג""ק1 לינו םרקו םילע קצב תובכש NAPOLEON תגוע‬",2026,19,2
420001,"‭(4)ג""ק1 לינו םרקו םילע קצב תובכש NAPOLEON תגוע‬",2026,20,9
420001,"‭(4)ג""ק1 לינו םרקו םילע קצב תובכש NAPOLEON תגוע‬",2026,21,4
420001,"‭(4)ג""ק1 לינו םרקו םילע קצב תובכש NAPOLEON תגוע‬",2026,24,6
420001,"‭(4)ג""ק1 לינו םרקו םילע קצב תובכש NAPOLEON תגוע‬",2026,25,8
420001,"‭(4)ג""ק1 לינו םרקו םילע קצב תובכש NAPOLEON תגוע‬",2026,26,2
420001,"‭(4)ג""ק1 לינו םרקו םילע קצב תובכש NAPOLEON תגוע‬",2026,27,11
420001,"‭(4)ג""ק1 לינו םרקו םילע קצב תובכש NAPOLEON תגוע‬",2026,28,9
420001,"‭(4)ג""ק1 לינו םרקו םילע קצב תובכש NAPOLEON תגוע‬",2026,29,5
420001,"‭(4)ג""ק1 לינו םרקו םילע קצב תובכש NAPOLEON תגוע‬",2026,30,4
420001,"‭(4)ג""ק1 לינו םרקו םילע קצב תובכש NAPOLEON תגוע‬",2026,31,3
420001,"‭(4)ג""ק1 לינו םרקו םילע קצב תובכש NAPOLEON תגוע‬",2026,32,7
420002,"‭(4)ג""ק1 לינו םרקו שבד קצב תובכש MEDOVIK תגוע‬",2025,33,1
420002,"‭(4)ג""ק1 לינו םרקו שבד קצב תובכש MEDOVIK תגוע‬",2025,34,5.25
420002,"‭(4)ג""ק1 לינו םרקו שבד קצב תובכש MEDOVIK תגוע‬",2025,35,12
420002,"‭(4)ג""ק1 לינו םרקו שבד קצב תובכש MEDOVIK תגוע‬",2025,36,3
420002,"‭(4)ג""ק1 לינו םרקו שבד קצב תובכש MEDOVIK תגוע‬",2025,37,20.5
420002,"‭(4)ג""ק1 לינו םרקו שבד קצב תובכש MEDOVIK תגוע‬",2025,38,10
420002,"‭(4)ג""ק1 לינו םרקו שבד קצב תובכש MEDOVIK תגוע‬",2025,41,15
420002,"‭(4)ג""ק1 לינו םרקו שבד קצב תובכש MEDOVIK תגוע‬",2025,42,6
420002,"‭(4)ג""ק1 לינו םרקו שבד קצב תובכש MEDOVIK תגוע‬",2025,43,6
420002,"‭(4)ג""ק1 לינו םרקו שבד קצב תובכש MEDOVIK תגוע‬",2025,44,8
420002,"‭(4)ג""ק1 לינו םרקו שבד קצב תובכש MEDOVIK תגוע‬",2025,45,3
420002,"‭(4)ג""ק1 לינו םרקו שבד קצב תובכש MEDOVIK תגוע‬",2025,46,5
420002,"‭(4)ג""ק1 לינו םרקו שבד קצב תובכש MEDOVIK תגוע‬",2025,47,4
420002,"‭(4)ג""ק1 לינו םרקו שבד קצב תובכש MEDOVIK תגוע‬",2025,48,7
420002,"‭(4)ג""ק1 לינו םרקו שבד קצב תובכש MEDOVIK תגוע‬",2025,49,5
420002,"‭(4)ג""ק1 לינו םרקו שבד קצב תובכש MEDOVIK תגוע‬",2025,50,4.5
420002,"‭(4)ג""ק1 לינו םרקו שבד קצב תובכש MEDOVIK תגוע‬",2025,51,3.5
420002,"‭(4)ג""ק1 לינו םרקו שבד קצב תובכש MEDOVIK תגוע‬",2025,52,3.25
420002,"‭(4)ג""ק1 לינו םרקו שבד קצב תובכש MEDOVIK תגוע‬",2025,53,2
420002,"‭(4)ג""ק1 לינו םרקו שבד קצב תובכש MEDOVIK תגוע‬",2026,2,5
420002,"‭(4)ג""ק1 לינו םרקו שבד קצב תובכש MEDOVIK תגוע‬",2026,3,5.25
420002,"‭(4)ג""ק1 לינו םרקו שבד קצב תובכש MEDOVIK תגוע‬",2026,4,3
420002,"‭(4)ג""ק1 לינו םרקו שבד קצב תובכש MEDOVIK תגוע‬",2026,5,2
420002,"‭(4)ג""ק1 לינו םרקו שבד קצב תובכש MEDOVIK תגוע‬",2026,6,9
420002,"‭(4)ג""ק1 לינו םרקו שבד קצב תובכש MEDOVIK תגוע‬",2026,7,3
420002,"‭(4)ג""ק1 לינו םרקו שבד קצב תובכש MEDOVIK תגוע‬",2026,8,4
420002,"‭(4)ג""ק1 לינו םרקו שבד קצב תובכש MEDOVIK תגוע‬",2026,9,9
420002,"‭(4)ג""ק1 לינו םרקו שבד קצב תובכש MEDOVIK תגוע‬",2026,10,5
420002,"‭(4)ג""ק1 לינו םרקו שבד קצב תובכש MEDOVIK תגוע‬",2026,11,1
420002,"‭(4)ג""ק1 לינו םרקו שבד קצב תובכש MEDOVIK תגוע‬",2026,12,7
420002,"‭(4)ג""ק1 לינו םרקו שבד קצב תובכש MEDOVIK תגוע‬",2026,13,1
420002,"‭(4)ג""ק1 לינו םרקו שבד קצב תובכש MEDOVIK תגוע‬",2026,14,3
420002,"‭(4)ג""ק1 לינו םרקו שבד קצב תובכש MEDOVIK תגוע‬",2026,15,3
420002,"‭(4)ג""ק1 לינו םרקו שבד קצב תובכש MEDOVIK תגוע‬",2026,16,10
420002,"‭(4)ג""ק1 לינו םרקו שבד קצב תובכש MEDOVIK תגוע‬",2026,17,5
420002,"‭(4)ג""ק1 לינו םרקו שבד קצב תובכש MEDOVIK תגוע‬",2026,18,6
420002,"‭(4)ג""ק1 לינו םרקו שבד קצב תובכש MEDOVIK תגוע‬",2026,19,1
420002,"‭(4)ג""ק1 לינו םרקו שבד קצב תובכש MEDOVIK תגוע‬",2026,20,9
420002,"‭(4)ג""ק1 לינו םרקו שבד קצב תובכש MEDOVIK תגוע‬",2026,21,4
420002,"‭(4)ג""ק1 לינו םרקו שבד קצב תובכש MEDOVIK תגוע‬",2026,22,7
420002,"‭(4)ג""ק1 לינו םרקו שבד קצב תובכש MEDOVIK תגוע‬",2026,23,1
420002,"‭(4)ג""ק1 לינו םרקו שבד קצב תובכש MEDOVIK תגוע‬",2026,24,4
420002,"‭(4)ג""ק1 לינו םרקו שבד קצב תובכש MEDOVIK תגוע‬",2026,25,6
420002,"‭(4)ג""ק1 לינו םרקו שבד קצב תובכש MEDOVIK תגוע‬",2026,27,6
420002,"‭(4)ג""ק1 לינו םרקו שבד קצב תובכש MEDOVIK תגוע‬",2026,28,2
420002,"‭(4)ג""ק1 לינו םרקו שבד קצב תובכש MEDOVIK תגוע‬",2026,29,5
420002,"‭(4)ג""ק1 לינו םרקו שבד קצב תובכש MEDOVIK תגוע‬",2026,30,5
420002,"‭(4)ג""ק1 לינו םרקו שבד קצב תובכש MEDOVIK תגוע‬",2026,31,2
420002,"‭(4)ג""ק1 לינו םרקו שבד קצב תובכש MEDOVIK תגוע‬",2026,32,4
420003,"‭(6) ג""ק0.85 ( ) גארפ תגוע‬",2025,47,2
420003,"‭(6) ג""ק0.85 ( ) גארפ תגוע‬",2025,48,2
420003,"‭(6) ג""ק0.85 ( ) גארפ תגוע‬",2025,49,1
420003,"‭(6) ג""ק0.85 ( ) גארפ תגוע‬",2025,50,1
420003,"‭(6) ג""ק0.85 ( ) גארפ תגוע‬",2025,51,0.83
420003,"‭(6) ג""ק0.85 ( ) גארפ תגוע‬",2025,52,2
420003,"‭(6) ג""ק0.85 ( ) גארפ תגוע‬",2026,3,1
420003,"‭(6) ג""ק0.85 ( ) גארפ תגוע‬",2026,4,2
420003,"‭(6) ג""ק0.85 ( ) גארפ תגוע‬",2026,7,1
420003,"‭(6) ג""ק0.85 ( ) גארפ תגוע‬",2026,9,1
420003,"‭(6) ג""ק0.85 ( ) גארפ תגוע‬",2026,10,1
420003,"‭(6) ג""ק0.85 ( ) גארפ תגוע‬",2026,11,1
420003,"‭(6) ג""ק0.85 ( ) גארפ תגוע‬",2026,12,1
420003,"‭(6) ג""ק0.85 ( ) גארפ תגוע‬",2026,13,1
420003,"‭(6) ג""ק0.85 ( ) גארפ תגוע‬",2026,14,1
420003,"‭(6) ג""ק0.85 ( ) גארפ תגוע‬",2026,15,2
420003,"‭(6) ג""ק0.85 ( ) גארפ תגוע‬",2026,20,1
420003,"‭(6) ג""ק0.85 ( ) גארפ תגוע‬",2026,21,1
420003,"‭(6) ג""ק0.85 ( ) גארפ תגוע‬",2026,23,0.5
420003,"‭(6) ג""ק0.85 ( ) גארפ תגוע‬",2026,27,1
420003,"‭(6) ג""ק0.85 ( ) גארפ תגוע‬",2026,29,2
420003,"‭(6) ג""ק0.85 ( ) גארפ תגוע‬",2026,32,0.67
420004,"‭(6) ג""ק0.85 ( ) יקסבייק תגוע‬",2025,47,9
420004,"‭(6) ג""ק0.85 ( ) יקסבייק תגוע‬",2025,48,2
420004,"‭(6) ג""ק0.85 ( ) יקסבייק תגוע‬",2025,49,3
420004,"‭(6) ג""ק0.85 ( ) יקסבייק תגוע‬",2025,50,5
420004,"‭(6) ג""ק0.85 ( ) יקסבייק תגוע‬",2025,51,0.17
420004,"‭(6) ג""ק0.85 ( ) יקסבייק תגוע‬",2025,52,2.17
420004,"‭(6) ג""ק0.85 ( ) יקסבייק תגוע‬",2025,53,2.5
420004,"‭(6) ג""ק0.85 ( ) יקסבייק תגוע‬",2026,2,2
420004,"‭(6) ג""ק0.85 ( ) יקסבייק תגוע‬",2026,4,1
420004,"‭(6) ג""ק0.85 ( ) יקסבייק תגוע‬",2026,5,2
420004,"‭(6) ג""ק0.85 ( ) יקסבייק תגוע‬",2026,7,3
420004,"‭(6) ג""ק0.85 ( ) יקסבייק תגוע‬",2026,8,1
420004,"‭(6) ג""ק0.85 ( ) יקסבייק תגוע‬",2026,9,2
420004,"‭(6) ג""ק0.85 ( ) יקסבייק תגוע‬",2026,10,2
420004,"‭(6) ג""ק0.85 ( ) יקסבייק תגוע‬",2026,11,1
420004,"‭(6) ג""ק0.85 ( ) יקסבייק תגוע‬",2026,12,1
420004,"‭(6) ג""ק0.85 ( ) יקסבייק תגוע‬",2026,13,2.5
420004,"‭(6) ג""ק0.85 ( ) יקסבייק תגוע‬",2026,14,1
420004,"‭(6) ג""ק0.85 ( ) יקסבייק תגוע‬",2026,15,2
420004,"‭(6) ג""ק0.85 ( ) יקסבייק תגוע‬",2026,16,1
420004,"‭(6) ג""ק0.85 ( ) יקסבייק תגוע‬",2026,17,2.67
420004,"‭(6) ג""ק0.85 ( ) יקסבייק תגוע‬",2026,18,1
420004,"‭(6) ג""ק0.85 ( ) יקסבייק תגוע‬",2026,20,2
420004,"‭(6) ג""ק0.85 ( ) יקסבייק תגוע‬",2026,21,1
420004,"‭(6) ג""ק0.85 ( ) יקסבייק תגוע‬",2026,22,1
420004,"‭(6) ג""ק0.85 ( ) יקסבייק תגוע‬",2026,23,1
420004,"‭(6) ג""ק0.85 ( ) יקסבייק תגוע‬",2026,24,1
420004,"‭(6) ג""ק0.85 ( ) יקסבייק תגוע‬",2026,25,1
420004,"‭(6) ג""ק0.85 ( ) יקסבייק תגוע‬",2026,26,1
420004,"‭(6) ג""ק0.85 ( ) יקסבייק תגוע‬",2026,27,1
420004,"‭(6) ג""ק0.85 ( ) יקסבייק תגוע‬",2026,28,1
420004,"‭(6) ג""ק0.85 ( ) יקסבייק תגוע‬",2026,29,1
420004,"‭(6) ג""ק0.85 ( ) יקסבייק תגוע‬",2026,30,1
420005,"‭(6) ג""ק0.45 ( ) יקסבייק תגוע‬",2025,47,9.5
420005,"‭(6) ג""ק0.45 ( ) יקסבייק תגוע‬",2025,48,3.17
420005,"‭(6) ג""ק0.45 ( ) יקסבייק תגוע‬",2025,49,3
420005,"‭(6) ג""ק0.45 ( ) יקסבייק תגוע‬",2025,50,4.83
420005,"‭(6) ג""ק0.45 ( ) יקסבייק תגוע‬",2025,51,4.33
420005,"‭(6) ג""ק0.45 ( ) יקסבייק תגוע‬",2025,52,2
420005,"‭(6) ג""ק0.45 ( ) יקסבייק תגוע‬",2025,53,4
420005,"‭(6) ג""ק0.45 ( ) יקסבייק תגוע‬",2026,2,2
420005,"‭(6) ג""ק0.45 ( ) יקסבייק תגוע‬",2026,3,2
420005,"‭(6) ג""ק0.45 ( ) יקסבייק תגוע‬",2026,4,2
420005,"‭(6) ג""ק0.45 ( ) יקסבייק תגוע‬",2026,5,1
420005,"‭(6) ג""ק0.45 ( ) יקסבייק תגוע‬",2026,6,2
420005,"‭(6) ג""ק0.45 ( ) יקסבייק תגוע‬",2026,7,4
420005,"‭(6) ג""ק0.45 ( ) יקסבייק תגוע‬",2026,8,3
420005,"‭(6) ג""ק0.45 ( ) יקסבייק תגוע‬",2026,9,2
420005,"‭(6) ג""ק0.45 ( ) יקסבייק תגוע‬",2026,10,2
420005,"‭(6) ג""ק0.45 ( ) יקסבייק תגוע‬",2026,11,1
420005,"‭(6) ג""ק0.45 ( ) יקסבייק תגוע‬",2026,12,6
420005,"‭(6) ג""ק0.45 ( ) יקסבייק תגוע‬",2026,13,0.5
420005,"‭(6) ג""ק0.45 ( ) יקסבייק תגוע‬",2026,14,2
420005,"‭(6) ג""ק0.45 ( ) יקסבייק תגוע‬",2026,15,3
420005,"‭(6) ג""ק0.45 ( ) יקסבייק תגוע‬",2026,16,4
420005,"‭(6) ג""ק0.45 ( ) יקסבייק תגוע‬",2026,17,4
420005,"‭(6) ג""ק0.45 ( ) יקסבייק תגוע‬",2026,18,3
420005,"‭(6) ג""ק0.45 ( ) יקסבייק תגוע‬",2026,19,1.5
420005,"‭(6) ג""ק0.45 ( ) יקסבייק תגוע‬",2026,20,3
420005,"‭(6) ג""ק0.45 ( ) יקסבייק תגוע‬",2026,21,2
420005,"‭(6) ג""ק0.45 ( ) יקסבייק תגוע‬",2026,23,1
420005,"‭(6) ג""ק0.45 ( ) יקסבייק תגוע‬",2026,24,2
420005,"‭(6) ג""ק0.45 ( ) יקסבייק תגוע‬",2026,25,2
420005,"‭(6) ג""ק0.45 ( ) יקסבייק תגוע‬",2026,26,3
420005,"‭(6) ג""ק0.45 ( ) יקסבייק תגוע‬",2026,27,0.5
420005,"‭(6) ג""ק0.45 ( ) יקסבייק תגוע‬",2026,28,2
420005,"‭(6) ג""ק0.45 ( ) יקסבייק תגוע‬",2026,29,3
420005,"‭(6) ג""ק0.45 ( ) יקסבייק תגוע‬",2026,30,1
420005,"‭(6) ג""ק0.45 ( ) יקסבייק תגוע‬",2026,31,1
420005,"‭(6) ג""ק0.45 ( ) יקסבייק תגוע‬",2026,32,4
420006,"‭(6) ג""ק0.45 ( ) 'זאילירג תגוע‬",2025,47,4.5
420006,"‭(6) ג""ק0.45 ( ) 'זאילירג תגוע‬",2025,48,2
420006,"‭(6) ג""ק0.45 ( ) 'זאילירג תגוע‬",2025,49,1
420006,"‭(6) ג""ק0.45 ( ) 'זאילירג תגוע‬",2025,51,0.33
420006,"‭(6) ג""ק0.45 ( ) 'זאילירג תגוע‬",2025,52,2
420006,"‭(6) ג""ק0.45 ( ) 'זאילירג תגוע‬",2025,53,1.5
420006,"‭(6) ג""ק0.45 ( ) 'זאילירג תגוע‬",2026,2,2
420006,"‭(6) ג""ק0.45 ( ) 'זאילירג תגוע‬",2026,7,3
420006,"‭(6) ג""ק0.45 ( ) 'זאילירג תגוע‬",2026,10,1
420006,"‭(6) ג""ק0.45 ( ) 'זאילירג תגוע‬",2026,11,1
420006,"‭(6) ג""ק0.45 ( ) 'זאילירג תגוע‬",2026,12,1
420006,"‭(6) ג""ק0.45 ( ) 'זאילירג תגוע‬",2026,15,1
420006,"‭(6) ג""ק0.45 ( ) 'זאילירג תגוע‬",2026,17,2
420006,"‭(6) ג""ק0.45 ( ) 'זאילירג תגוע‬",2026,18,1
420006,"‭(6) ג""ק0.45 ( ) 'זאילירג תגוע‬",2026,24,1
420006,"‭(6) ג""ק0.45 ( ) 'זאילירג תגוע‬",2026,25,0.33
420006,"‭(6) ג""ק0.45 ( ) 'זאילירג תגוע‬",2026,26,2
420006,"‭(6) ג""ק0.45 ( ) 'זאילירג תגוע‬",2026,29,1
420006,"‭(6) ג""ק0.45 ( ) 'זאילירג תגוע‬",2026,32,1
420007,"‭(6) ג""ק0.5 ( ) קי'צולק יוטולוז תגוע‬",2025,47,3.5
420007,"‭(6) ג""ק0.5 ( ) קי'צולק יוטולוז תגוע‬",2025,48,3.17
420007,"‭(6) ג""ק0.5 ( ) קי'צולק יוטולוז תגוע‬",2025,49,2
420007,"‭(6) ג""ק0.5 ( ) קי'צולק יוטולוז תגוע‬",2025,51,1.33
420007,"‭(6) ג""ק0.5 ( ) קי'צולק יוטולוז תגוע‬",2025,52,2
420007,"‭(6) ג""ק0.5 ( ) קי'צולק יוטולוז תגוע‬",2025,53,1
420007,"‭(6) ג""ק0.5 ( ) קי'צולק יוטולוז תגוע‬",2026,3,2
420007,"‭(6) ג""ק0.5 ( ) קי'צולק יוטולוז תגוע‬",2026,7,1
420007,"‭(6) ג""ק0.5 ( ) קי'צולק יוטולוז תגוע‬",2026,9,1
420007,"‭(6) ג""ק0.5 ( ) קי'צולק יוטולוז תגוע‬",2026,14,1
420007,"‭(6) ג""ק0.5 ( ) קי'צולק יוטולוז תגוע‬",2026,15,1
420007,"‭(6) ג""ק0.5 ( ) קי'צולק יוטולוז תגוע‬",2026,19,1
420007,"‭(6) ג""ק0.5 ( ) קי'צולק יוטולוז תגוע‬",2026,23,0.5
420007,"‭(6) ג""ק0.5 ( ) קי'צולק יוטולוז תגוע‬",2026,25,1.33
420007,"‭(6) ג""ק0.5 ( ) קי'צולק יוטולוז תגוע‬",2026,26,2
420007,"‭(6) ג""ק0.5 ( ) קי'צולק יוטולוז תגוע‬",2026,29,2
420007,"‭(6) ג""ק0.5 ( ) קי'צולק יוטולוז תגוע‬",2026,32,1
420008,"‭(6) ג""ק0.52 ( ) לפורט תגוע‬",2025,47,5.5
420008,"‭(6) ג""ק0.52 ( ) לפורט תגוע‬",2025,48,2
420008,"‭(6) ג""ק0.52 ( ) לפורט תגוע‬",2025,49,1
420008,"‭(6) ג""ק0.52 ( ) לפורט תגוע‬",2025,51,0.33
420008,"‭(6) ג""ק0.52 ( ) לפורט תגוע‬",2025,52,2.17
420008,"‭(6) ג""ק0.52 ( ) לפורט תגוע‬",2025,53,1
420008,"‭(6) ג""ק0.52 ( ) לפורט תגוע‬",2026,2,0.17
420008,"‭(6) ג""ק0.52 ( ) לפורט תגוע‬",2026,3,2
420008,"‭(6) ג""ק0.52 ( ) לפורט תגוע‬",2026,6,2
420008,"‭(6) ג""ק0.52 ( ) לפורט תגוע‬",2026,7,1
420008,"‭(6) ג""ק0.52 ( ) לפורט תגוע‬",2026,9,1.17
420008,"‭(6) ג""ק0.52 ( ) לפורט תגוע‬",2026,11,1
420008,"‭(6) ג""ק0.52 ( ) לפורט תגוע‬",2026,17,1
420008,"‭(6) ג""ק0.52 ( ) לפורט תגוע‬",2026,19,1
420008,"‭(6) ג""ק0.52 ( ) לפורט תגוע‬",2026,24,1
420008,"‭(6) ג""ק0.52 ( ) לפורט תגוע‬",2026,26,1
420008,"‭(6) ג""ק0.52 ( ) לפורט תגוע‬",2026,27,1
420008,"‭(6) ג""ק0.52 ( ) לפורט תגוע‬",2026,29,1
501002,"‭RUD(48) רג80 לפוו עיבגב לינו   ""סומיקסא""  ‬",2026,25,2
501002,"‭RUD(48) רג80 לפוו עיבגב לינו   ""סומיקסא""  ‬",2026,27,1
501002,"‭RUD(48) רג80 לפוו עיבגב לינו   ""סומיקסא""  ‬",2026,28,2
501002,"‭RUD(48) רג80 לפוו עיבגב לינו   ""סומיקסא""  ‬",2026,32,2
501003,"‭RUD(48)ג70 לפוו עיבגב לינו PLOMBIR №1    ‬",2025,33,3
501003,"‭RUD(48)ג70 לפוו עיבגב לינו PLOMBIR №1    ‬",2025,34,8
501003,"‭RUD(48)ג70 לפוו עיבגב לינו PLOMBIR №1    ‬",2025,35,4
501003,"‭RUD(48)ג70 לפוו עיבגב לינו PLOMBIR №1    ‬",2025,36,4
501003,"‭RUD(48)ג70 לפוו עיבגב לינו PLOMBIR №1    ‬",2025,37,2
501003,"‭RUD(48)ג70 לפוו עיבגב לינו PLOMBIR №1    ‬",2025,38,5
501003,"‭RUD(48)ג70 לפוו עיבגב לינו PLOMBIR №1    ‬",2025,39,3
501003,"‭RUD(48)ג70 לפוו עיבגב לינו PLOMBIR №1    ‬",2025,40,3
501003,"‭RUD(48)ג70 לפוו עיבגב לינו PLOMBIR №1    ‬",2025,41,4
501003,"‭RUD(48)ג70 לפוו עיבגב לינו PLOMBIR №1    ‬",2025,42,6
501003,"‭RUD(48)ג70 לפוו עיבגב לינו PLOMBIR №1    ‬",2025,43,7
501003,"‭RUD(48)ג70 לפוו עיבגב לינו PLOMBIR №1    ‬",2025,45,4
501003,"‭RUD(48)ג70 לפוו עיבגב לינו PLOMBIR №1    ‬",2025,46,3
501003,"‭RUD(48)ג70 לפוו עיבגב לינו PLOMBIR №1    ‬",2025,47,4
501003,"‭RUD(48)ג70 לפוו עיבגב לינו PLOMBIR №1    ‬",2025,48,2
501003,"‭RUD(48)ג70 לפוו עיבגב לינו PLOMBIR №1    ‬",2025,49,2
501003,"‭RUD(48)ג70 לפוו עיבגב לינו PLOMBIR №1    ‬",2025,50,1
501003,"‭RUD(48)ג70 לפוו עיבגב לינו PLOMBIR №1    ‬",2025,51,3
501003,"‭RUD(48)ג70 לפוו עיבגב לינו PLOMBIR №1    ‬",2025,52,2
501003,"‭RUD(48)ג70 לפוו עיבגב לינו PLOMBIR №1    ‬",2026,2,8
501003,"‭RUD(48)ג70 לפוו עיבגב לינו PLOMBIR №1    ‬",2026,3,1
501003,"‭RUD(48)ג70 לפוו עיבגב לינו PLOMBIR №1    ‬",2026,4,1
501003,"‭RUD(48)ג70 לפוו עיבגב לינו PLOMBIR №1    ‬",2026,5,1
501003,"‭RUD(48)ג70 לפוו עיבגב לינו PLOMBIR №1    ‬",2026,6,2
501003,"‭RUD(48)ג70 לפוו עיבגב לינו PLOMBIR №1    ‬",2026,7,2
501003,"‭RUD(48)ג70 לפוו עיבגב לינו PLOMBIR №1    ‬",2026,8,1
501003,"‭RUD(48)ג70 לפוו עיבגב לינו PLOMBIR №1    ‬",2026,9,1
501003,"‭RUD(48)ג70 לפוו עיבגב לינו PLOMBIR №1    ‬",2026,10,1
501003,"‭RUD(48)ג70 לפוו עיבגב לינו PLOMBIR №1    ‬",2026,11,2
501003,"‭RUD(48)ג70 לפוו עיבגב לינו PLOMBIR №1    ‬",2026,12,3
501003,"‭RUD(48)ג70 לפוו עיבגב לינו PLOMBIR №1    ‬",2026,13,1
501003,"‭RUD(48)ג70 לפוו עיבגב לינו PLOMBIR №1    ‬",2026,14,2
501003,"‭RUD(48)ג70 לפוו עיבגב לינו PLOMBIR №1    ‬",2026,15,1
501003,"‭RUD(48)ג70 לפוו עיבגב לינו PLOMBIR №1    ‬",2026,16,1
501003,"‭RUD(48)ג70 לפוו עיבגב לינו PLOMBIR №1    ‬",2026,17,5
501003,"‭RUD(48)ג70 לפוו עיבגב לינו PLOMBIR №1    ‬",2026,18,4
501003,"‭RUD(48)ג70 לפוו עיבגב לינו PLOMBIR №1    ‬",2026,19,3
501003,"‭RUD(48)ג70 לפוו עיבגב לינו PLOMBIR №1    ‬",2026,20,1
501003,"‭RUD(48)ג70 לפוו עיבגב לינו PLOMBIR №1    ‬",2026,21,2
501003,"‭RUD(48)ג70 לפוו עיבגב לינו PLOMBIR №1    ‬",2026,22,1
501003,"‭RUD(48)ג70 לפוו עיבגב לינו PLOMBIR №1    ‬",2026,23,7
501003,"‭RUD(48)ג70 לפוו עיבגב לינו PLOMBIR №1    ‬",2026,24,3
501003,"‭RUD(48)ג70 לפוו עיבגב לינו PLOMBIR №1    ‬",2026,25,8
501003,"‭RUD(48)ג70 לפוו עיבגב לינו PLOMBIR №1    ‬",2026,26,2
501003,"‭RUD(48)ג70 לפוו עיבגב לינו PLOMBIR №1    ‬",2026,27,3
501003,"‭RUD(48)ג70 לפוו עיבגב לינו PLOMBIR №1    ‬",2026,28,3
501003,"‭RUD(48)ג70 לפוו עיבגב לינו PLOMBIR №1    ‬",2026,29,2.13
501003,"‭RUD(48)ג70 לפוו עיבגב לינו PLOMBIR №1    ‬",2026,30,0.88
501003,"‭RUD(48)ג70 לפוו עיבגב לינו PLOMBIR №1    ‬",2026,31,3
501003,"‭RUD(48)ג70 לפוו עיבגב לינו PLOMBIR №1    ‬",2026,32,1
501004,"‭(42) םרג70 לפוו עיבגב לינו   SVALYA    ‬",2025,36,2
501004,"‭(42) םרג70 לפוו עיבגב לינו   SVALYA    ‬",2025,41,1
501004,"‭(42) םרג70 לפוו עיבגב לינו   SVALYA    ‬",2025,47,1
501004,"‭(42) םרג70 לפוו עיבגב לינו   SVALYA    ‬",2025,48,1
501004,"‭(42) םרג70 לפוו עיבגב לינו   SVALYA    ‬",2025,50,1
501004,"‭(42) םרג70 לפוו עיבגב לינו   SVALYA    ‬",2026,6,1
501004,"‭(42) םרג70 לפוו עיבגב לינו   SVALYA    ‬",2026,18,1
501004,"‭(42) םרג70 לפוו עיבגב לינו   SVALYA    ‬",2026,23,1
501004,"‭(42) םרג70 לפוו עיבגב לינו   SVALYA    ‬",2026,27,1
501004,"‭(42) םרג70 לפוו עיבגב לינו   SVALYA    ‬",2026,28,2
501004,"‭(42) םרג70 לפוו עיבגב לינו   SVALYA    ‬",2026,29,2
501004,"‭(42) םרג70 לפוו עיבגב לינו   SVALYA    ‬",2026,32,1
501005,"‭(42) םרג70 לפוו עיבגב דלוקוש   SVALYA    ‬",2025,36,1
501005,"‭(42) םרג70 לפוו עיבגב דלוקוש   SVALYA    ‬",2025,47,1
501005,"‭(42) םרג70 לפוו עיבגב דלוקוש   SVALYA    ‬",2026,6,1
501005,"‭(42) םרג70 לפוו עיבגב דלוקוש   SVALYA    ‬",2026,18,1
501005,"‭(42) םרג70 לפוו עיבגב דלוקוש   SVALYA    ‬",2026,19,1
501005,"‭(42) םרג70 לפוו עיבגב דלוקוש   SVALYA    ‬",2026,23,1
501005,"‭(42) םרג70 לפוו עיבגב דלוקוש   SVALYA    ‬",2026,27,1
501005,"‭(42) םרג70 לפוו עיבגב דלוקוש   SVALYA    ‬",2026,29,2
501006,"‭(42) םרג70 לפוו עיבגב למרק   SVALYA    ‬",2025,36,2
501006,"‭(42) םרג70 לפוו עיבגב למרק   SVALYA    ‬",2025,41,1
501006,"‭(42) םרג70 לפוו עיבגב למרק   SVALYA    ‬",2025,48,1
501006,"‭(42) םרג70 לפוו עיבגב למרק   SVALYA    ‬",2025,50,1
501006,"‭(42) םרג70 לפוו עיבגב למרק   SVALYA    ‬",2026,27,1
501006,"‭(42) םרג70 לפוו עיבגב למרק   SVALYA    ‬",2026,28,1
501006,"‭(42) םרג70 לפוו עיבגב למרק   SVALYA    ‬",2026,32,1
501007,"‭(42) םרג82 לפוו עיבגב תורוחש תוינמכוא SVALYA  טברש תדילג‬",2025,33,1
501007,"‭(42) םרג82 לפוו עיבגב תורוחש תוינמכוא SVALYA  טברש תדילג‬",2025,34,4
501007,"‭(42) םרג82 לפוו עיבגב תורוחש תוינמכוא SVALYA  טברש תדילג‬",2025,35,1
501007,"‭(42) םרג82 לפוו עיבגב תורוחש תוינמכוא SVALYA  טברש תדילג‬",2025,36,1
501007,"‭(42) םרג82 לפוו עיבגב תורוחש תוינמכוא SVALYA  טברש תדילג‬",2025,37,3
501007,"‭(42) םרג82 לפוו עיבגב תורוחש תוינמכוא SVALYA  טברש תדילג‬",2025,38,5
501007,"‭(42) םרג82 לפוו עיבגב תורוחש תוינמכוא SVALYA  טברש תדילג‬",2025,39,1
501007,"‭(42) םרג82 לפוו עיבגב תורוחש תוינמכוא SVALYA  טברש תדילג‬",2025,40,2
501007,"‭(42) םרג82 לפוו עיבגב תורוחש תוינמכוא SVALYA  טברש תדילג‬",2025,41,2
501007,"‭(42) םרג82 לפוו עיבגב תורוחש תוינמכוא SVALYA  טברש תדילג‬",2025,42,3
501007,"‭(42) םרג82 לפוו עיבגב תורוחש תוינמכוא SVALYA  טברש תדילג‬",2025,43,1
501007,"‭(42) םרג82 לפוו עיבגב תורוחש תוינמכוא SVALYA  טברש תדילג‬",2025,44,2
501007,"‭(42) םרג82 לפוו עיבגב תורוחש תוינמכוא SVALYA  טברש תדילג‬",2025,45,5
501007,"‭(42) םרג82 לפוו עיבגב תורוחש תוינמכוא SVALYA  טברש תדילג‬",2025,46,2
501007,"‭(42) םרג82 לפוו עיבגב תורוחש תוינמכוא SVALYA  טברש תדילג‬",2025,48,2
501007,"‭(42) םרג82 לפוו עיבגב תורוחש תוינמכוא SVALYA  טברש תדילג‬",2025,49,1
501007,"‭(42) םרג82 לפוו עיבגב תורוחש תוינמכוא SVALYA  טברש תדילג‬",2025,50,1
501007,"‭(42) םרג82 לפוו עיבגב תורוחש תוינמכוא SVALYA  טברש תדילג‬",2025,52,1
501007,"‭(42) םרג82 לפוו עיבגב תורוחש תוינמכוא SVALYA  טברש תדילג‬",2026,2,1
501007,"‭(42) םרג82 לפוו עיבגב תורוחש תוינמכוא SVALYA  טברש תדילג‬",2026,4,1
501007,"‭(42) םרג82 לפוו עיבגב תורוחש תוינמכוא SVALYA  טברש תדילג‬",2026,7,2
501007,"‭(42) םרג82 לפוו עיבגב תורוחש תוינמכוא SVALYA  טברש תדילג‬",2026,8,2
501007,"‭(42) םרג82 לפוו עיבגב תורוחש תוינמכוא SVALYA  טברש תדילג‬",2026,9,1
501007,"‭(42) םרג82 לפוו עיבגב תורוחש תוינמכוא SVALYA  טברש תדילג‬",2026,10,2
501007,"‭(42) םרג82 לפוו עיבגב תורוחש תוינמכוא SVALYA  טברש תדילג‬",2026,11,2
501007,"‭(42) םרג82 לפוו עיבגב תורוחש תוינמכוא SVALYA  טברש תדילג‬",2026,12,2
501007,"‭(42) םרג82 לפוו עיבגב תורוחש תוינמכוא SVALYA  טברש תדילג‬",2026,14,2
501007,"‭(42) םרג82 לפוו עיבגב תורוחש תוינמכוא SVALYA  טברש תדילג‬",2026,15,1
501007,"‭(42) םרג82 לפוו עיבגב תורוחש תוינמכוא SVALYA  טברש תדילג‬",2026,16,3
501007,"‭(42) םרג82 לפוו עיבגב תורוחש תוינמכוא SVALYA  טברש תדילג‬",2026,17,4
501007,"‭(42) םרג82 לפוו עיבגב תורוחש תוינמכוא SVALYA  טברש תדילג‬",2026,18,1
501007,"‭(42) םרג82 לפוו עיבגב תורוחש תוינמכוא SVALYA  טברש תדילג‬",2026,19,1
501007,"‭(42) םרג82 לפוו עיבגב תורוחש תוינמכוא SVALYA  טברש תדילג‬",2026,20,3
501007,"‭(42) םרג82 לפוו עיבגב תורוחש תוינמכוא SVALYA  טברש תדילג‬",2026,21,1
501007,"‭(42) םרג82 לפוו עיבגב תורוחש תוינמכוא SVALYA  טברש תדילג‬",2026,22,1
501007,"‭(42) םרג82 לפוו עיבגב תורוחש תוינמכוא SVALYA  טברש תדילג‬",2026,23,2
501007,"‭(42) םרג82 לפוו עיבגב תורוחש תוינמכוא SVALYA  טברש תדילג‬",2026,24,3
501007,"‭(42) םרג82 לפוו עיבגב תורוחש תוינמכוא SVALYA  טברש תדילג‬",2026,25,6
501007,"‭(42) םרג82 לפוו עיבגב תורוחש תוינמכוא SVALYA  טברש תדילג‬",2026,26,3
501007,"‭(42) םרג82 לפוו עיבגב תורוחש תוינמכוא SVALYA  טברש תדילג‬",2026,27,4
501007,"‭(42) םרג82 לפוו עיבגב תורוחש תוינמכוא SVALYA  טברש תדילג‬",2026,28,3
501007,"‭(42) םרג82 לפוו עיבגב תורוחש תוינמכוא SVALYA  טברש תדילג‬",2026,29,2.93
501007,"‭(42) םרג82 לפוו עיבגב תורוחש תוינמכוא SVALYA  טברש תדילג‬",2026,30,1
501007,"‭(42) םרג82 לפוו עיבגב תורוחש תוינמכוא SVALYA  טברש תדילג‬",2026,31,3
501007,"‭(42) םרג82 לפוו עיבגב תורוחש תוינמכוא SVALYA  טברש תדילג‬",2026,32,3
501008,"‭(42)םרג 85 לפוו עיבגב קסרפא םע וגנמ SVALYA  טברש תדילג‬",2025,34,2
501008,"‭(42)םרג 85 לפוו עיבגב קסרפא םע וגנמ SVALYA  טברש תדילג‬",2025,36,1
501008,"‭(42)םרג 85 לפוו עיבגב קסרפא םע וגנמ SVALYA  טברש תדילג‬",2025,37,2
501008,"‭(42)םרג 85 לפוו עיבגב קסרפא םע וגנמ SVALYA  טברש תדילג‬",2025,38,1
501008,"‭(42)םרג 85 לפוו עיבגב קסרפא םע וגנמ SVALYA  טברש תדילג‬",2025,39,1
501008,"‭(42)םרג 85 לפוו עיבגב קסרפא םע וגנמ SVALYA  טברש תדילג‬",2025,40,1
501008,"‭(42)םרג 85 לפוו עיבגב קסרפא םע וגנמ SVALYA  טברש תדילג‬",2025,41,4
501008,"‭(42)םרג 85 לפוו עיבגב קסרפא םע וגנמ SVALYA  טברש תדילג‬",2025,42,2
501008,"‭(42)םרג 85 לפוו עיבגב קסרפא םע וגנמ SVALYA  טברש תדילג‬",2025,44,1
501008,"‭(42)םרג 85 לפוו עיבגב קסרפא םע וגנמ SVALYA  טברש תדילג‬",2025,45,2
501008,"‭(42)םרג 85 לפוו עיבגב קסרפא םע וגנמ SVALYA  טברש תדילג‬",2025,46,1
501008,"‭(42)םרג 85 לפוו עיבגב קסרפא םע וגנמ SVALYA  טברש תדילג‬",2025,49,1
501008,"‭(42)םרג 85 לפוו עיבגב קסרפא םע וגנמ SVALYA  טברש תדילג‬",2026,4,1
501008,"‭(42)םרג 85 לפוו עיבגב קסרפא םע וגנמ SVALYA  טברש תדילג‬",2026,5,1
501008,"‭(42)םרג 85 לפוו עיבגב קסרפא םע וגנמ SVALYA  טברש תדילג‬",2026,6,1
501008,"‭(42)םרג 85 לפוו עיבגב קסרפא םע וגנמ SVALYA  טברש תדילג‬",2026,8,1
501008,"‭(42)םרג 85 לפוו עיבגב קסרפא םע וגנמ SVALYA  טברש תדילג‬",2026,10,1
501008,"‭(42)םרג 85 לפוו עיבגב קסרפא םע וגנמ SVALYA  טברש תדילג‬",2026,11,1
501008,"‭(42)םרג 85 לפוו עיבגב קסרפא םע וגנמ SVALYA  טברש תדילג‬",2026,13,1
501008,"‭(42)םרג 85 לפוו עיבגב קסרפא םע וגנמ SVALYA  טברש תדילג‬",2026,15,1
501008,"‭(42)םרג 85 לפוו עיבגב קסרפא םע וגנמ SVALYA  טברש תדילג‬",2026,16,1
501008,"‭(42)םרג 85 לפוו עיבגב קסרפא םע וגנמ SVALYA  טברש תדילג‬",2026,17,3
501008,"‭(42)םרג 85 לפוו עיבגב קסרפא םע וגנמ SVALYA  טברש תדילג‬",2026,18,4
501008,"‭(42)םרג 85 לפוו עיבגב קסרפא םע וגנמ SVALYA  טברש תדילג‬",2026,19,1.71
501008,"‭(42)םרג 85 לפוו עיבגב קסרפא םע וגנמ SVALYA  טברש תדילג‬",2026,20,1
501008,"‭(42)םרג 85 לפוו עיבגב קסרפא םע וגנמ SVALYA  טברש תדילג‬",2026,21,2
501008,"‭(42)םרג 85 לפוו עיבגב קסרפא םע וגנמ SVALYA  טברש תדילג‬",2026,24,3
501008,"‭(42)םרג 85 לפוו עיבגב קסרפא םע וגנמ SVALYA  טברש תדילג‬",2026,25,3
501008,"‭(42)םרג 85 לפוו עיבגב קסרפא םע וגנמ SVALYA  טברש תדילג‬",2026,26,1
501008,"‭(42)םרג 85 לפוו עיבגב קסרפא םע וגנמ SVALYA  טברש תדילג‬",2026,27,8
501008,"‭(42)םרג 85 לפוו עיבגב קסרפא םע וגנמ SVALYA  טברש תדילג‬",2026,28,4
501008,"‭(42)םרג 85 לפוו עיבגב קסרפא םע וגנמ SVALYA  טברש תדילג‬",2026,30,2.6
501008,"‭(42)םרג 85 לפוו עיבגב קסרפא םע וגנמ SVALYA  טברש תדילג‬",2026,31,1
501008,"‭(42)םרג 85 לפוו עיבגב קסרפא םע וגנמ SVALYA  טברש תדילג‬",2026,32,1
501009,"‭(52) םרג75 לפוו עיבגב לינו   YUKKI    ‬",2025,33,26
501009,"‭(52) םרג75 לפוו עיבגב לינו   YUKKI    ‬",2025,34,35.29
501009,"‭(52) םרג75 לפוו עיבגב לינו   YUKKI    ‬",2025,35,17
501009,"‭(52) םרג75 לפוו עיבגב לינו   YUKKI    ‬",2025,36,22
501009,"‭(52) םרג75 לפוו עיבגב לינו   YUKKI    ‬",2025,37,17
501009,"‭(52) םרג75 לפוו עיבגב לינו   YUKKI    ‬",2025,38,25
501009,"‭(52) םרג75 לפוו עיבגב לינו   YUKKI    ‬",2025,39,18
501009,"‭(52) םרג75 לפוו עיבגב לינו   YUKKI    ‬",2025,40,20
501009,"‭(52) םרג75 לפוו עיבגב לינו   YUKKI    ‬",2025,41,21
501009,"‭(52) םרג75 לפוו עיבגב לינו   YUKKI    ‬",2025,42,28
501009,"‭(52) םרג75 לפוו עיבגב לינו   YUKKI    ‬",2025,43,21
501009,"‭(52) םרג75 לפוו עיבגב לינו   YUKKI    ‬",2025,44,18
501009,"‭(52) םרג75 לפוו עיבגב לינו   YUKKI    ‬",2025,45,20
501009,"‭(52) םרג75 לפוו עיבגב לינו   YUKKI    ‬",2025,46,22
501009,"‭(52) םרג75 לפוו עיבגב לינו   YUKKI    ‬",2025,47,20
501009,"‭(52) םרג75 לפוו עיבגב לינו   YUKKI    ‬",2025,48,11
501009,"‭(52) םרג75 לפוו עיבגב לינו   YUKKI    ‬",2025,49,20
501009,"‭(52) םרג75 לפוו עיבגב לינו   YUKKI    ‬",2025,50,14
501009,"‭(52) םרג75 לפוו עיבגב לינו   YUKKI    ‬",2025,51,10
501009,"‭(52) םרג75 לפוו עיבגב לינו   YUKKI    ‬",2025,52,13
501009,"‭(52) םרג75 לפוו עיבגב לינו   YUKKI    ‬",2025,53,2
501009,"‭(52) םרג75 לפוו עיבגב לינו   YUKKI    ‬",2026,2,13
501009,"‭(52) םרג75 לפוו עיבגב לינו   YUKKI    ‬",2026,3,8
501009,"‭(52) םרג75 לפוו עיבגב לינו   YUKKI    ‬",2026,4,10
501009,"‭(52) םרג75 לפוו עיבגב לינו   YUKKI    ‬",2026,5,8
501009,"‭(52) םרג75 לפוו עיבגב לינו   YUKKI    ‬",2026,6,18
501009,"‭(52) םרג75 לפוו עיבגב לינו   YUKKI    ‬",2026,7,13
501009,"‭(52) םרג75 לפוו עיבגב לינו   YUKKI    ‬",2026,8,20
501009,"‭(52) םרג75 לפוו עיבגב לינו   YUKKI    ‬",2026,9,16
501009,"‭(52) םרג75 לפוו עיבגב לינו   YUKKI    ‬",2026,10,15
501009,"‭(52) םרג75 לפוו עיבגב לינו   YUKKI    ‬",2026,11,19
501009,"‭(52) םרג75 לפוו עיבגב לינו   YUKKI    ‬",2026,12,16
501009,"‭(52) םרג75 לפוו עיבגב לינו   YUKKI    ‬",2026,13,10.9
501009,"‭(52) םרג75 לפוו עיבגב לינו   YUKKI    ‬",2026,14,9
501009,"‭(52) םרג75 לפוו עיבגב לינו   YUKKI    ‬",2026,15,9
501009,"‭(52) םרג75 לפוו עיבגב לינו   YUKKI    ‬",2026,16,35
501009,"‭(52) םרג75 לפוו עיבגב לינו   YUKKI    ‬",2026,17,26
501009,"‭(52) םרג75 לפוו עיבגב לינו   YUKKI    ‬",2026,18,27
501009,"‭(52) םרג75 לפוו עיבגב לינו   YUKKI    ‬",2026,19,20
501009,"‭(52) םרג75 לפוו עיבגב לינו   YUKKI    ‬",2026,20,29
501009,"‭(52) םרג75 לפוו עיבגב לינו   YUKKI    ‬",2026,21,26.9
501009,"‭(52) םרג75 לפוו עיבגב לינו   YUKKI    ‬",2026,22,26
501009,"‭(52) םרג75 לפוו עיבגב לינו   YUKKI    ‬",2026,23,31
501009,"‭(52) םרג75 לפוו עיבגב לינו   YUKKI    ‬",2026,24,23
501009,"‭(52) םרג75 לפוו עיבגב לינו   YUKKI    ‬",2026,25,29
501009,"‭(52) םרג75 לפוו עיבגב לינו   YUKKI    ‬",2026,26,23
501009,"‭(52) םרג75 לפוו עיבגב לינו   YUKKI    ‬",2026,27,25
501009,"‭(52) םרג75 לפוו עיבגב לינו   YUKKI    ‬",2026,28,23
501009,"‭(52) םרג75 לפוו עיבגב לינו   YUKKI    ‬",2026,29,28.77
501009,"‭(52) םרג75 לפוו עיבגב לינו   YUKKI    ‬",2026,30,26.23
501009,"‭(52) םרג75 לפוו עיבגב לינו   YUKKI    ‬",2026,31,12
501009,"‭(52) םרג75 לפוו עיבגב לינו   YUKKI    ‬",2026,32,25
501010,"‭(52) םרג75 לפוו עיבגב דלוקוש   YUKKI    ‬",2025,33,11
501010,"‭(52) םרג75 לפוו עיבגב דלוקוש   YUKKI    ‬",2025,34,20
501010,"‭(52) םרג75 לפוו עיבגב דלוקוש   YUKKI    ‬",2025,35,8
501010,"‭(52) םרג75 לפוו עיבגב דלוקוש   YUKKI    ‬",2025,36,5
501010,"‭(52) םרג75 לפוו עיבגב דלוקוש   YUKKI    ‬",2025,37,10
501010,"‭(52) םרג75 לפוו עיבגב דלוקוש   YUKKI    ‬",2025,38,12
501010,"‭(52) םרג75 לפוו עיבגב דלוקוש   YUKKI    ‬",2025,39,8
501010,"‭(52) םרג75 לפוו עיבגב דלוקוש   YUKKI    ‬",2025,40,11
501010,"‭(52) םרג75 לפוו עיבגב דלוקוש   YUKKI    ‬",2025,41,11
501010,"‭(52) םרג75 לפוו עיבגב דלוקוש   YUKKI    ‬",2025,42,19
501010,"‭(52) םרג75 לפוו עיבגב דלוקוש   YUKKI    ‬",2025,43,13
501010,"‭(52) םרג75 לפוו עיבגב דלוקוש   YUKKI    ‬",2025,44,11
501010,"‭(52) םרג75 לפוו עיבגב דלוקוש   YUKKI    ‬",2025,45,8
501010,"‭(52) םרג75 לפוו עיבגב דלוקוש   YUKKI    ‬",2025,46,7
501010,"‭(52) םרג75 לפוו עיבגב דלוקוש   YUKKI    ‬",2025,47,9
501010,"‭(52) םרג75 לפוו עיבגב דלוקוש   YUKKI    ‬",2025,48,8
501010,"‭(52) םרג75 לפוו עיבגב דלוקוש   YUKKI    ‬",2025,49,7
501010,"‭(52) םרג75 לפוו עיבגב דלוקוש   YUKKI    ‬",2025,50,7
501010,"‭(52) םרג75 לפוו עיבגב דלוקוש   YUKKI    ‬",2025,51,7
501010,"‭(52) םרג75 לפוו עיבגב דלוקוש   YUKKI    ‬",2025,52,7
501010,"‭(52) םרג75 לפוו עיבגב דלוקוש   YUKKI    ‬",2025,53,1
501010,"‭(52) םרג75 לפוו עיבגב דלוקוש   YUKKI    ‬",2026,2,7
501010,"‭(52) םרג75 לפוו עיבגב דלוקוש   YUKKI    ‬",2026,3,14
501010,"‭(52) םרג75 לפוו עיבגב דלוקוש   YUKKI    ‬",2026,4,4
501010,"‭(52) םרג75 לפוו עיבגב דלוקוש   YUKKI    ‬",2026,5,6
501010,"‭(52) םרג75 לפוו עיבגב דלוקוש   YUKKI    ‬",2026,6,7
501010,"‭(52) םרג75 לפוו עיבגב דלוקוש   YUKKI    ‬",2026,7,8
501010,"‭(52) םרג75 לפוו עיבגב דלוקוש   YUKKI    ‬",2026,8,8
501010,"‭(52) םרג75 לפוו עיבגב דלוקוש   YUKKI    ‬",2026,9,5
501010,"‭(52) םרג75 לפוו עיבגב דלוקוש   YUKKI    ‬",2026,10,10
501010,"‭(52) םרג75 לפוו עיבגב דלוקוש   YUKKI    ‬",2026,11,11
501010,"‭(52) םרג75 לפוו עיבגב דלוקוש   YUKKI    ‬",2026,12,3
501010,"‭(52) םרג75 לפוו עיבגב דלוקוש   YUKKI    ‬",2026,13,8
501010,"‭(52) םרג75 לפוו עיבגב דלוקוש   YUKKI    ‬",2026,14,6
501010,"‭(52) םרג75 לפוו עיבגב דלוקוש   YUKKI    ‬",2026,15,6
501010,"‭(52) םרג75 לפוו עיבגב דלוקוש   YUKKI    ‬",2026,16,24
501010,"‭(52) םרג75 לפוו עיבגב דלוקוש   YUKKI    ‬",2026,17,17
501010,"‭(52) םרג75 לפוו עיבגב דלוקוש   YUKKI    ‬",2026,18,16
501010,"‭(52) םרג75 לפוו עיבגב דלוקוש   YUKKI    ‬",2026,19,7
501010,"‭(52) םרג75 לפוו עיבגב דלוקוש   YUKKI    ‬",2026,20,16
501010,"‭(52) םרג75 לפוו עיבגב דלוקוש   YUKKI    ‬",2026,21,16
501010,"‭(52) םרג75 לפוו עיבגב דלוקוש   YUKKI    ‬",2026,22,15
501010,"‭(52) םרג75 לפוו עיבגב דלוקוש   YUKKI    ‬",2026,23,18
501010,"‭(52) םרג75 לפוו עיבגב דלוקוש   YUKKI    ‬",2026,24,13
501010,"‭(52) םרג75 לפוו עיבגב דלוקוש   YUKKI    ‬",2026,25,26
501010,"‭(52) םרג75 לפוו עיבגב דלוקוש   YUKKI    ‬",2026,26,17
501010,"‭(52) םרג75 לפוו עיבגב דלוקוש   YUKKI    ‬",2026,27,14
501010,"‭(52) םרג75 לפוו עיבגב דלוקוש   YUKKI    ‬",2026,28,12
501010,"‭(52) םרג75 לפוו עיבגב דלוקוש   YUKKI    ‬",2026,29,16.31
501010,"‭(52) םרג75 לפוו עיבגב דלוקוש   YUKKI    ‬",2026,30,12.5
501010,"‭(52) םרג75 לפוו עיבגב דלוקוש   YUKKI    ‬",2026,31,12
501010,"‭(52) םרג75 לפוו עיבגב דלוקוש   YUKKI    ‬",2026,32,12
501011,"‭(52)םרג70 לפוו עיבגב הלורב םרק   YUKKI    ‬",2025,33,16
501011,"‭(52)םרג70 לפוו עיבגב הלורב םרק   YUKKI    ‬",2025,34,18
501011,"‭(52)םרג70 לפוו עיבגב הלורב םרק   YUKKI    ‬",2025,35,22
501011,"‭(52)םרג70 לפוו עיבגב הלורב םרק   YUKKI    ‬",2025,36,18
501011,"‭(52)םרג70 לפוו עיבגב הלורב םרק   YUKKI    ‬",2025,37,15
501011,"‭(52)םרג70 לפוו עיבגב הלורב םרק   YUKKI    ‬",2025,38,18
501011,"‭(52)םרג70 לפוו עיבגב הלורב םרק   YUKKI    ‬",2025,39,11
501011,"‭(52)םרג70 לפוו עיבגב הלורב םרק   YUKKI    ‬",2025,40,20
501011,"‭(52)םרג70 לפוו עיבגב הלורב םרק   YUKKI    ‬",2025,41,18
501011,"‭(52)םרג70 לפוו עיבגב הלורב םרק   YUKKI    ‬",2025,42,22
501011,"‭(52)םרג70 לפוו עיבגב הלורב םרק   YUKKI    ‬",2025,43,16
501011,"‭(52)םרג70 לפוו עיבגב הלורב םרק   YUKKI    ‬",2025,44,12
501011,"‭(52)םרג70 לפוו עיבגב הלורב םרק   YUKKI    ‬",2025,45,15
501011,"‭(52)םרג70 לפוו עיבגב הלורב םרק   YUKKI    ‬",2025,46,13
501011,"‭(52)םרג70 לפוו עיבגב הלורב םרק   YUKKI    ‬",2025,47,11
501011,"‭(52)םרג70 לפוו עיבגב הלורב םרק   YUKKI    ‬",2025,48,7
501011,"‭(52)םרג70 לפוו עיבגב הלורב םרק   YUKKI    ‬",2025,49,12
501011,"‭(52)םרג70 לפוו עיבגב הלורב םרק   YUKKI    ‬",2025,50,10
501011,"‭(52)םרג70 לפוו עיבגב הלורב םרק   YUKKI    ‬",2025,51,11
501011,"‭(52)םרג70 לפוו עיבגב הלורב םרק   YUKKI    ‬",2025,52,12
501011,"‭(52)םרג70 לפוו עיבגב הלורב םרק   YUKKI    ‬",2025,53,2
501011,"‭(52)םרג70 לפוו עיבגב הלורב םרק   YUKKI    ‬",2026,2,12
501011,"‭(52)םרג70 לפוו עיבגב הלורב םרק   YUKKI    ‬",2026,3,10
501011,"‭(52)םרג70 לפוו עיבגב הלורב םרק   YUKKI    ‬",2026,4,3
501011,"‭(52)םרג70 לפוו עיבגב הלורב םרק   YUKKI    ‬",2026,5,7
501011,"‭(52)םרג70 לפוו עיבגב הלורב םרק   YUKKI    ‬",2026,6,14
501011,"‭(52)םרג70 לפוו עיבגב הלורב םרק   YUKKI    ‬",2026,7,16
501011,"‭(52)םרג70 לפוו עיבגב הלורב םרק   YUKKI    ‬",2026,8,12
501011,"‭(52)םרג70 לפוו עיבגב הלורב םרק   YUKKI    ‬",2026,9,5
501011,"‭(52)םרג70 לפוו עיבגב הלורב םרק   YUKKI    ‬",2026,10,12
501011,"‭(52)םרג70 לפוו עיבגב הלורב םרק   YUKKI    ‬",2026,11,13
501011,"‭(52)םרג70 לפוו עיבגב הלורב םרק   YUKKI    ‬",2026,12,16
501011,"‭(52)םרג70 לפוו עיבגב הלורב םרק   YUKKI    ‬",2026,13,11
501011,"‭(52)םרג70 לפוו עיבגב הלורב םרק   YUKKI    ‬",2026,14,5
501011,"‭(52)םרג70 לפוו עיבגב הלורב םרק   YUKKI    ‬",2026,15,6
501011,"‭(52)םרג70 לפוו עיבגב הלורב םרק   YUKKI    ‬",2026,16,23
501011,"‭(52)םרג70 לפוו עיבגב הלורב םרק   YUKKI    ‬",2026,17,18
501011,"‭(52)םרג70 לפוו עיבגב הלורב םרק   YUKKI    ‬",2026,18,24
501011,"‭(52)םרג70 לפוו עיבגב הלורב םרק   YUKKI    ‬",2026,19,12
501011,"‭(52)םרג70 לפוו עיבגב הלורב םרק   YUKKI    ‬",2026,20,19
501011,"‭(52)םרג70 לפוו עיבגב הלורב םרק   YUKKI    ‬",2026,21,16.9
501011,"‭(52)םרג70 לפוו עיבגב הלורב םרק   YUKKI    ‬",2026,22,16
501011,"‭(52)םרג70 לפוו עיבגב הלורב םרק   YUKKI    ‬",2026,23,16
501011,"‭(52)םרג70 לפוו עיבגב הלורב םרק   YUKKI    ‬",2026,24,16
501011,"‭(52)םרג70 לפוו עיבגב הלורב םרק   YUKKI    ‬",2026,25,21
501011,"‭(52)םרג70 לפוו עיבגב הלורב םרק   YUKKI    ‬",2026,26,18
501011,"‭(52)םרג70 לפוו עיבגב הלורב םרק   YUKKI    ‬",2026,27,17
501011,"‭(52)םרג70 לפוו עיבגב הלורב םרק   YUKKI    ‬",2026,28,18
501011,"‭(52)םרג70 לפוו עיבגב הלורב םרק   YUKKI    ‬",2026,29,22.69
501011,"‭(52)םרג70 לפוו עיבגב הלורב םרק   YUKKI    ‬",2026,30,22.12
501011,"‭(52)םרג70 לפוו עיבגב הלורב םרק   YUKKI    ‬",2026,31,9
501011,"‭(52)םרג70 לפוו עיבגב הלורב םרק   YUKKI    ‬",2026,32,20
501012,"‭(42)םרג 76 לפוו עיבגב לטפ   SVALYA  טברש תדילג‬",2025,33,1
501012,"‭(42)םרג 76 לפוו עיבגב לטפ   SVALYA  טברש תדילג‬",2025,35,4
501012,"‭(42)םרג 76 לפוו עיבגב לטפ   SVALYA  טברש תדילג‬",2025,36,4
501012,"‭(42)םרג 76 לפוו עיבגב לטפ   SVALYA  טברש תדילג‬",2025,37,2
501012,"‭(42)םרג 76 לפוו עיבגב לטפ   SVALYA  טברש תדילג‬",2025,38,2
501012,"‭(42)םרג 76 לפוו עיבגב לטפ   SVALYA  טברש תדילג‬",2025,40,2
501012,"‭(42)םרג 76 לפוו עיבגב לטפ   SVALYA  טברש תדילג‬",2025,42,2
501012,"‭(42)םרג 76 לפוו עיבגב לטפ   SVALYA  טברש תדילג‬",2025,44,1
501012,"‭(42)םרג 76 לפוו עיבגב לטפ   SVALYA  טברש תדילג‬",2025,45,2
501012,"‭(42)םרג 76 לפוו עיבגב לטפ   SVALYA  טברש תדילג‬",2025,46,3
501012,"‭(42)םרג 76 לפוו עיבגב לטפ   SVALYA  טברש תדילג‬",2025,47,1
501012,"‭(42)םרג 76 לפוו עיבגב לטפ   SVALYA  טברש תדילג‬",2025,49,2
501012,"‭(42)םרג 76 לפוו עיבגב לטפ   SVALYA  טברש תדילג‬",2025,52,1
501012,"‭(42)םרג 76 לפוו עיבגב לטפ   SVALYA  טברש תדילג‬",2026,6,1
501012,"‭(42)םרג 76 לפוו עיבגב לטפ   SVALYA  טברש תדילג‬",2026,7,3
501012,"‭(42)םרג 76 לפוו עיבגב לטפ   SVALYA  טברש תדילג‬",2026,8,1
501012,"‭(42)םרג 76 לפוו עיבגב לטפ   SVALYA  טברש תדילג‬",2026,11,1
501012,"‭(42)םרג 76 לפוו עיבגב לטפ   SVALYA  טברש תדילג‬",2026,12,1
501012,"‭(42)םרג 76 לפוו עיבגב לטפ   SVALYA  טברש תדילג‬",2026,14,1
501012,"‭(42)םרג 76 לפוו עיבגב לטפ   SVALYA  טברש תדילג‬",2026,15,1
501012,"‭(42)םרג 76 לפוו עיבגב לטפ   SVALYA  טברש תדילג‬",2026,16,1
501012,"‭(42)םרג 76 לפוו עיבגב לטפ   SVALYA  טברש תדילג‬",2026,17,2
501012,"‭(42)םרג 76 לפוו עיבגב לטפ   SVALYA  טברש תדילג‬",2026,18,2
501012,"‭(42)םרג 76 לפוו עיבגב לטפ   SVALYA  טברש תדילג‬",2026,19,1
501012,"‭(42)םרג 76 לפוו עיבגב לטפ   SVALYA  טברש תדילג‬",2026,20,1
501012,"‭(42)םרג 76 לפוו עיבגב לטפ   SVALYA  טברש תדילג‬",2026,22,1
501012,"‭(42)םרג 76 לפוו עיבגב לטפ   SVALYA  טברש תדילג‬",2026,23,2
501012,"‭(42)םרג 76 לפוו עיבגב לטפ   SVALYA  טברש תדילג‬",2026,24,3
501012,"‭(42)םרג 76 לפוו עיבגב לטפ   SVALYA  טברש תדילג‬",2026,25,3
501012,"‭(42)םרג 76 לפוו עיבגב לטפ   SVALYA  טברש תדילג‬",2026,27,6
501012,"‭(42)םרג 76 לפוו עיבגב לטפ   SVALYA  טברש תדילג‬",2026,28,1
501012,"‭(42)םרג 76 לפוו עיבגב לטפ   SVALYA  טברש תדילג‬",2026,29,4.93
501012,"‭(42)םרג 76 לפוו עיבגב לטפ   SVALYA  טברש תדילג‬",2026,31,2
501012,"‭(42)םרג 76 לפוו עיבגב לטפ   SVALYA  טברש תדילג‬",2026,32,1
501207,"‭RUD(24) רג100 ""הזרפמא"" ןוליט הרולפיספ וגנמ  ‬",2026,28,1
501207,"‭RUD(24) רג100 ""הזרפמא"" ןוליט הרולפיספ וגנמ  ‬",2026,29,1
501207,"‭RUD(24) רג100 ""הזרפמא"" ןוליט הרולפיספ וגנמ  ‬",2026,30,1
501207,"‭RUD(24) רג100 ""הזרפמא"" ןוליט הרולפיספ וגנמ  ‬",2026,31,1
501207,"‭RUD(24) רג100 ""הזרפמא"" ןוליט הרולפיספ וגנמ  ‬",2026,32,1
501208,"‭RUD (24) םרג100 לינו וקוש ןוליט IMPRUDA    ‬",2025,33,6
501208,"‭RUD (24) םרג100 לינו וקוש ןוליט IMPRUDA    ‬",2025,34,10
501208,"‭RUD (24) םרג100 לינו וקוש ןוליט IMPRUDA    ‬",2025,35,12
501208,"‭RUD (24) םרג100 לינו וקוש ןוליט IMPRUDA    ‬",2025,36,7
501208,"‭RUD (24) םרג100 לינו וקוש ןוליט IMPRUDA    ‬",2025,37,4
501208,"‭RUD (24) םרג100 לינו וקוש ןוליט IMPRUDA    ‬",2025,38,13
501208,"‭RUD (24) םרג100 לינו וקוש ןוליט IMPRUDA    ‬",2025,39,3
501208,"‭RUD (24) םרג100 לינו וקוש ןוליט IMPRUDA    ‬",2025,40,8
501208,"‭RUD (24) םרג100 לינו וקוש ןוליט IMPRUDA    ‬",2025,41,10
501208,"‭RUD (24) םרג100 לינו וקוש ןוליט IMPRUDA    ‬",2025,42,11
501208,"‭RUD (24) םרג100 לינו וקוש ןוליט IMPRUDA    ‬",2025,43,5
501208,"‭RUD (24) םרג100 לינו וקוש ןוליט IMPRUDA    ‬",2025,44,12
501208,"‭RUD (24) םרג100 לינו וקוש ןוליט IMPRUDA    ‬",2025,45,5
501208,"‭RUD (24) םרג100 לינו וקוש ןוליט IMPRUDA    ‬",2025,46,6.75
501208,"‭RUD (24) םרג100 לינו וקוש ןוליט IMPRUDA    ‬",2025,47,4
501208,"‭RUD (24) םרג100 לינו וקוש ןוליט IMPRUDA    ‬",2025,48,4
501208,"‭RUD (24) םרג100 לינו וקוש ןוליט IMPRUDA    ‬",2025,49,4
501208,"‭RUD (24) םרג100 לינו וקוש ןוליט IMPRUDA    ‬",2025,50,2
501208,"‭RUD (24) םרג100 לינו וקוש ןוליט IMPRUDA    ‬",2025,51,7
501208,"‭RUD (24) םרג100 לינו וקוש ןוליט IMPRUDA    ‬",2025,52,5
501208,"‭RUD (24) םרג100 לינו וקוש ןוליט IMPRUDA    ‬",2026,2,8
501208,"‭RUD (24) םרג100 לינו וקוש ןוליט IMPRUDA    ‬",2026,3,3
501208,"‭RUD (24) םרג100 לינו וקוש ןוליט IMPRUDA    ‬",2026,4,5
501208,"‭RUD (24) םרג100 לינו וקוש ןוליט IMPRUDA    ‬",2026,5,3
501208,"‭RUD (24) םרג100 לינו וקוש ןוליט IMPRUDA    ‬",2026,6,5
501208,"‭RUD (24) םרג100 לינו וקוש ןוליט IMPRUDA    ‬",2026,7,3
501208,"‭RUD (24) םרג100 לינו וקוש ןוליט IMPRUDA    ‬",2026,8,9
501208,"‭RUD (24) םרג100 לינו וקוש ןוליט IMPRUDA    ‬",2026,9,6
501208,"‭RUD (24) םרג100 לינו וקוש ןוליט IMPRUDA    ‬",2026,10,1
501208,"‭RUD (24) םרג100 לינו וקוש ןוליט IMPRUDA    ‬",2026,11,4
501208,"‭RUD (24) םרג100 לינו וקוש ןוליט IMPRUDA    ‬",2026,12,6
501208,"‭RUD (24) םרג100 לינו וקוש ןוליט IMPRUDA    ‬",2026,13,4
501208,"‭RUD (24) םרג100 לינו וקוש ןוליט IMPRUDA    ‬",2026,15,2
501208,"‭RUD (24) םרג100 לינו וקוש ןוליט IMPRUDA    ‬",2026,16,18
501208,"‭RUD (24) םרג100 לינו וקוש ןוליט IMPRUDA    ‬",2026,17,7
501208,"‭RUD (24) םרג100 לינו וקוש ןוליט IMPRUDA    ‬",2026,18,11
501208,"‭RUD (24) םרג100 לינו וקוש ןוליט IMPRUDA    ‬",2026,19,4
501208,"‭RUD (24) םרג100 לינו וקוש ןוליט IMPRUDA    ‬",2026,20,7
501208,"‭RUD (24) םרג100 לינו וקוש ןוליט IMPRUDA    ‬",2026,21,8
501208,"‭RUD (24) םרג100 לינו וקוש ןוליט IMPRUDA    ‬",2026,22,8
501208,"‭RUD (24) םרג100 לינו וקוש ןוליט IMPRUDA    ‬",2026,23,10
501208,"‭RUD (24) םרג100 לינו וקוש ןוליט IMPRUDA    ‬",2026,24,4
501208,"‭RUD (24) םרג100 לינו וקוש ןוליט IMPRUDA    ‬",2026,25,12
501208,"‭RUD (24) םרג100 לינו וקוש ןוליט IMPRUDA    ‬",2026,26,11
501208,"‭RUD (24) םרג100 לינו וקוש ןוליט IMPRUDA    ‬",2026,27,7
501208,"‭RUD (24) םרג100 לינו וקוש ןוליט IMPRUDA    ‬",2026,28,11
501208,"‭RUD (24) םרג100 לינו וקוש ןוליט IMPRUDA    ‬",2026,29,8
501208,"‭RUD (24) םרג100 לינו וקוש ןוליט IMPRUDA    ‬",2026,30,4
501208,"‭RUD (24) םרג100 לינו וקוש ןוליט IMPRUDA    ‬",2026,31,2
501208,"‭RUD (24) םרג100 לינו וקוש ןוליט IMPRUDA    ‬",2026,32,15
501209,"‭RUD (24)ג100  הדש תות לינו ןוליט IMPRUDA    ‬",2025,33,6
501209,"‭RUD (24)ג100  הדש תות לינו ןוליט IMPRUDA    ‬",2025,34,10
501209,"‭RUD (24)ג100  הדש תות לינו ןוליט IMPRUDA    ‬",2025,35,5
501209,"‭RUD (24)ג100  הדש תות לינו ןוליט IMPRUDA    ‬",2025,36,5
501209,"‭RUD (24)ג100  הדש תות לינו ןוליט IMPRUDA    ‬",2025,37,4
501209,"‭RUD (24)ג100  הדש תות לינו ןוליט IMPRUDA    ‬",2025,38,7
501209,"‭RUD (24)ג100  הדש תות לינו ןוליט IMPRUDA    ‬",2025,39,4
501209,"‭RUD (24)ג100  הדש תות לינו ןוליט IMPRUDA    ‬",2025,40,7
501209,"‭RUD (24)ג100  הדש תות לינו ןוליט IMPRUDA    ‬",2025,41,4
501209,"‭RUD (24)ג100  הדש תות לינו ןוליט IMPRUDA    ‬",2025,42,13
501209,"‭RUD (24)ג100  הדש תות לינו ןוליט IMPRUDA    ‬",2025,43,2
501209,"‭RUD (24)ג100  הדש תות לינו ןוליט IMPRUDA    ‬",2025,44,9
501209,"‭RUD (24)ג100  הדש תות לינו ןוליט IMPRUDA    ‬",2025,45,4
501209,"‭RUD (24)ג100  הדש תות לינו ןוליט IMPRUDA    ‬",2025,46,5.75
501209,"‭RUD (24)ג100  הדש תות לינו ןוליט IMPRUDA    ‬",2025,47,3
501209,"‭RUD (24)ג100  הדש תות לינו ןוליט IMPRUDA    ‬",2025,48,5
501209,"‭RUD (24)ג100  הדש תות לינו ןוליט IMPRUDA    ‬",2025,49,4
501209,"‭RUD (24)ג100  הדש תות לינו ןוליט IMPRUDA    ‬",2025,50,4
501209,"‭RUD (24)ג100  הדש תות לינו ןוליט IMPRUDA    ‬",2025,51,6
501209,"‭RUD (24)ג100  הדש תות לינו ןוליט IMPRUDA    ‬",2025,52,4
501209,"‭RUD (24)ג100  הדש תות לינו ןוליט IMPRUDA    ‬",2026,2,7
501209,"‭RUD (24)ג100  הדש תות לינו ןוליט IMPRUDA    ‬",2026,3,1
501209,"‭RUD (24)ג100  הדש תות לינו ןוליט IMPRUDA    ‬",2026,4,5
501209,"‭RUD (24)ג100  הדש תות לינו ןוליט IMPRUDA    ‬",2026,5,2
501209,"‭RUD (24)ג100  הדש תות לינו ןוליט IMPRUDA    ‬",2026,6,2
501209,"‭RUD (24)ג100  הדש תות לינו ןוליט IMPRUDA    ‬",2026,7,2
501209,"‭RUD (24)ג100  הדש תות לינו ןוליט IMPRUDA    ‬",2026,8,12
501209,"‭RUD (24)ג100  הדש תות לינו ןוליט IMPRUDA    ‬",2026,9,4
501209,"‭RUD (24)ג100  הדש תות לינו ןוליט IMPRUDA    ‬",2026,10,1
501209,"‭RUD (24)ג100  הדש תות לינו ןוליט IMPRUDA    ‬",2026,11,5
501209,"‭RUD (24)ג100  הדש תות לינו ןוליט IMPRUDA    ‬",2026,12,3
501209,"‭RUD (24)ג100  הדש תות לינו ןוליט IMPRUDA    ‬",2026,13,1
501209,"‭RUD (24)ג100  הדש תות לינו ןוליט IMPRUDA    ‬",2026,14,2
501209,"‭RUD (24)ג100  הדש תות לינו ןוליט IMPRUDA    ‬",2026,15,4
501209,"‭RUD (24)ג100  הדש תות לינו ןוליט IMPRUDA    ‬",2026,16,14
501209,"‭RUD (24)ג100  הדש תות לינו ןוליט IMPRUDA    ‬",2026,17,6
501209,"‭RUD (24)ג100  הדש תות לינו ןוליט IMPRUDA    ‬",2026,18,12
501209,"‭RUD (24)ג100  הדש תות לינו ןוליט IMPRUDA    ‬",2026,19,2
501209,"‭RUD (24)ג100  הדש תות לינו ןוליט IMPRUDA    ‬",2026,20,5
501209,"‭RUD (24)ג100  הדש תות לינו ןוליט IMPRUDA    ‬",2026,21,4
501209,"‭RUD (24)ג100  הדש תות לינו ןוליט IMPRUDA    ‬",2026,22,8
501209,"‭RUD (24)ג100  הדש תות לינו ןוליט IMPRUDA    ‬",2026,23,12
501209,"‭RUD (24)ג100  הדש תות לינו ןוליט IMPRUDA    ‬",2026,24,3
501209,"‭RUD (24)ג100  הדש תות לינו ןוליט IMPRUDA    ‬",2026,25,12
501209,"‭RUD (24)ג100  הדש תות לינו ןוליט IMPRUDA    ‬",2026,26,6
501209,"‭RUD (24)ג100  הדש תות לינו ןוליט IMPRUDA    ‬",2026,27,6
501209,"‭RUD (24)ג100  הדש תות לינו ןוליט IMPRUDA    ‬",2026,28,7
501209,"‭RUD (24)ג100  הדש תות לינו ןוליט IMPRUDA    ‬",2026,29,9
501209,"‭RUD (24)ג100  הדש תות לינו ןוליט IMPRUDA    ‬",2026,30,4
501209,"‭RUD (24)ג100  הדש תות לינו ןוליט IMPRUDA    ‬",2026,31,5
501209,"‭RUD (24)ג100  הדש תות לינו ןוליט IMPRUDA    ‬",2026,32,10
501210,"‭RUD (24) םרג100  לינו למרק ןוליט IMPRUDA    ‬",2025,33,2
501210,"‭RUD (24) םרג100  לינו למרק ןוליט IMPRUDA    ‬",2025,34,9
501210,"‭RUD (24) םרג100  לינו למרק ןוליט IMPRUDA    ‬",2025,35,7
501210,"‭RUD (24) םרג100  לינו למרק ןוליט IMPRUDA    ‬",2025,36,7
501210,"‭RUD (24) םרג100  לינו למרק ןוליט IMPRUDA    ‬",2025,37,1
501210,"‭RUD (24) םרג100  לינו למרק ןוליט IMPRUDA    ‬",2025,38,11
501210,"‭RUD (24) םרג100  לינו למרק ןוליט IMPRUDA    ‬",2025,39,3
501210,"‭RUD (24) םרג100  לינו למרק ןוליט IMPRUDA    ‬",2025,40,1
501210,"‭RUD (24) םרג100  לינו למרק ןוליט IMPRUDA    ‬",2025,41,1
501210,"‭RUD (24) םרג100  לינו למרק ןוליט IMPRUDA    ‬",2025,42,11
501210,"‭RUD (24) םרג100  לינו למרק ןוליט IMPRUDA    ‬",2025,43,3
501210,"‭RUD (24) םרג100  לינו למרק ןוליט IMPRUDA    ‬",2025,44,6
501210,"‭RUD (24) םרג100  לינו למרק ןוליט IMPRUDA    ‬",2025,45,3
501210,"‭RUD (24) םרג100  לינו למרק ןוליט IMPRUDA    ‬",2025,46,3
501210,"‭RUD (24) םרג100  לינו למרק ןוליט IMPRUDA    ‬",2025,47,4
501210,"‭RUD (24) םרג100  לינו למרק ןוליט IMPRUDA    ‬",2025,48,3
501210,"‭RUD (24) םרג100  לינו למרק ןוליט IMPRUDA    ‬",2025,49,3
501210,"‭RUD (24) םרג100  לינו למרק ןוליט IMPRUDA    ‬",2025,51,7
501210,"‭RUD (24) םרג100  לינו למרק ןוליט IMPRUDA    ‬",2025,52,3
501210,"‭RUD (24) םרג100  לינו למרק ןוליט IMPRUDA    ‬",2026,2,5
501210,"‭RUD (24) םרג100  לינו למרק ןוליט IMPRUDA    ‬",2026,3,3
501210,"‭RUD (24) םרג100  לינו למרק ןוליט IMPRUDA    ‬",2026,4,3
501210,"‭RUD (24) םרג100  לינו למרק ןוליט IMPRUDA    ‬",2026,6,1
501210,"‭RUD (24) םרג100  לינו למרק ןוליט IMPRUDA    ‬",2026,7,3
501210,"‭RUD (24) םרג100  לינו למרק ןוליט IMPRUDA    ‬",2026,8,4
501210,"‭RUD (24) םרג100  לינו למרק ןוליט IMPRUDA    ‬",2026,10,3
501210,"‭RUD (24) םרג100  לינו למרק ןוליט IMPRUDA    ‬",2026,11,2
501210,"‭RUD (24) םרג100  לינו למרק ןוליט IMPRUDA    ‬",2026,12,3
501210,"‭RUD (24) םרג100  לינו למרק ןוליט IMPRUDA    ‬",2026,13,1
501210,"‭RUD (24) םרג100  לינו למרק ןוליט IMPRUDA    ‬",2026,15,4
501210,"‭RUD (24) םרג100  לינו למרק ןוליט IMPRUDA    ‬",2026,16,8
501210,"‭RUD (24) םרג100  לינו למרק ןוליט IMPRUDA    ‬",2026,17,4
501210,"‭RUD (24) םרג100  לינו למרק ןוליט IMPRUDA    ‬",2026,18,6
501210,"‭RUD (24) םרג100  לינו למרק ןוליט IMPRUDA    ‬",2026,20,5
501210,"‭RUD (24) םרג100  לינו למרק ןוליט IMPRUDA    ‬",2026,21,3
501210,"‭RUD (24) םרג100  לינו למרק ןוליט IMPRUDA    ‬",2026,22,4
501210,"‭RUD (24) םרג100  לינו למרק ןוליט IMPRUDA    ‬",2026,23,7
501210,"‭RUD (24) םרג100  לינו למרק ןוליט IMPRUDA    ‬",2026,24,6
501210,"‭RUD (24) םרג100  לינו למרק ןוליט IMPRUDA    ‬",2026,25,4
501210,"‭RUD (24) םרג100  לינו למרק ןוליט IMPRUDA    ‬",2026,26,5
501210,"‭RUD (24) םרג100  לינו למרק ןוליט IMPRUDA    ‬",2026,27,7
501210,"‭RUD (24) םרג100  לינו למרק ןוליט IMPRUDA    ‬",2026,28,4
501210,"‭RUD (24) םרג100  לינו למרק ןוליט IMPRUDA    ‬",2026,29,4
501210,"‭RUD (24) םרג100  לינו למרק ןוליט IMPRUDA    ‬",2026,30,1
501210,"‭RUD (24) םרג100  לינו למרק ןוליט IMPRUDA    ‬",2026,31,4
501210,"‭RUD (24) םרג100  לינו למרק ןוליט IMPRUDA    ‬",2026,32,9
501211,"‭SVALYA(36) רג85 ןוליט .צ יופיצב לינו    ‬",2026,27,2
501211,"‭SVALYA(36) רג85 ןוליט .צ יופיצב לינו    ‬",2026,28,1
501212,"‭SVALYA(36) רג85 ןוליט .צ יופיצב םידקש םע לינו  ‬",2026,27,1
501212,"‭SVALYA(36) רג85 ןוליט .צ יופיצב םידקש םע לינו  ‬",2026,28,1
501212,"‭SVALYA(36) רג85 ןוליט .צ יופיצב םידקש םע לינו  ‬",2026,29,1
501212,"‭SVALYA(36) רג85 ןוליט .צ יופיצב םידקש םע לינו  ‬",2026,30,1
501212,"‭SVALYA(36) רג85 ןוליט .צ יופיצב םידקש םע לינו  ‬",2026,32,1
501213,"‭(36) םרג85 הפוצמ לינו ןוליט SVALYA     ‬",2025,33,1
501213,"‭(36) םרג85 הפוצמ לינו ןוליט SVALYA     ‬",2025,47,2
501214,"‭(36) םרג85 םידקש הפוצמ לינו ןוליט SVALYA     ‬",2025,47,2
501215,"‭(30)ג60 לפוו לילגב דלוקוש CANNOLI CRUNCH    ‬",2025,43,2
501215,"‭(30)ג60 לפוו לילגב דלוקוש CANNOLI CRUNCH    ‬",2025,44,2
501215,"‭(30)ג60 לפוו לילגב דלוקוש CANNOLI CRUNCH    ‬",2025,45,1
501215,"‭(30)ג60 לפוו לילגב דלוקוש CANNOLI CRUNCH    ‬",2025,48,1
501215,"‭(30)ג60 לפוו לילגב דלוקוש CANNOLI CRUNCH    ‬",2025,50,1
501215,"‭(30)ג60 לפוו לילגב דלוקוש CANNOLI CRUNCH    ‬",2025,52,1.8
501215,"‭(30)ג60 לפוו לילגב דלוקוש CANNOLI CRUNCH    ‬",2026,2,6
501215,"‭(30)ג60 לפוו לילגב דלוקוש CANNOLI CRUNCH    ‬",2026,3,3
501215,"‭(30)ג60 לפוו לילגב דלוקוש CANNOLI CRUNCH    ‬",2026,4,2
501215,"‭(30)ג60 לפוו לילגב דלוקוש CANNOLI CRUNCH    ‬",2026,5,1
501215,"‭(30)ג60 לפוו לילגב דלוקוש CANNOLI CRUNCH    ‬",2026,7,1
501215,"‭(30)ג60 לפוו לילגב דלוקוש CANNOLI CRUNCH    ‬",2026,8,1
501215,"‭(30)ג60 לפוו לילגב דלוקוש CANNOLI CRUNCH    ‬",2026,9,2
501215,"‭(30)ג60 לפוו לילגב דלוקוש CANNOLI CRUNCH    ‬",2026,11,1
501215,"‭(30)ג60 לפוו לילגב דלוקוש CANNOLI CRUNCH    ‬",2026,12,2
501215,"‭(30)ג60 לפוו לילגב דלוקוש CANNOLI CRUNCH    ‬",2026,15,1
501215,"‭(30)ג60 לפוו לילגב דלוקוש CANNOLI CRUNCH    ‬",2026,16,3
501215,"‭(30)ג60 לפוו לילגב דלוקוש CANNOLI CRUNCH    ‬",2026,17,3
501215,"‭(30)ג60 לפוו לילגב דלוקוש CANNOLI CRUNCH    ‬",2026,18,2
501215,"‭(30)ג60 לפוו לילגב דלוקוש CANNOLI CRUNCH    ‬",2026,19,2
501215,"‭(30)ג60 לפוו לילגב דלוקוש CANNOLI CRUNCH    ‬",2026,20,4
501215,"‭(30)ג60 לפוו לילגב דלוקוש CANNOLI CRUNCH    ‬",2026,22,2
501215,"‭(30)ג60 לפוו לילגב דלוקוש CANNOLI CRUNCH    ‬",2026,23,2
501215,"‭(30)ג60 לפוו לילגב דלוקוש CANNOLI CRUNCH    ‬",2026,24,1
501215,"‭(30)ג60 לפוו לילגב דלוקוש CANNOLI CRUNCH    ‬",2026,25,5
501215,"‭(30)ג60 לפוו לילגב דלוקוש CANNOLI CRUNCH    ‬",2026,26,7
501215,"‭(30)ג60 לפוו לילגב דלוקוש CANNOLI CRUNCH    ‬",2026,27,3
501215,"‭(30)ג60 לפוו לילגב דלוקוש CANNOLI CRUNCH    ‬",2026,29,1
501215,"‭(30)ג60 לפוו לילגב דלוקוש CANNOLI CRUNCH    ‬",2026,31,1
501216,"‭(30)ג60 לפוו לילגב למרק CANNOLI CRUNCH    ‬",2025,43,2
501216,"‭(30)ג60 לפוו לילגב למרק CANNOLI CRUNCH    ‬",2025,44,3
501216,"‭(30)ג60 לפוו לילגב למרק CANNOLI CRUNCH    ‬",2025,45,1.03
501216,"‭(30)ג60 לפוו לילגב למרק CANNOLI CRUNCH    ‬",2025,46,1
501216,"‭(30)ג60 לפוו לילגב למרק CANNOLI CRUNCH    ‬",2025,47,1.77
501216,"‭(30)ג60 לפוו לילגב למרק CANNOLI CRUNCH    ‬",2025,48,2
501216,"‭(30)ג60 לפוו לילגב למרק CANNOLI CRUNCH    ‬",2025,49,1
501216,"‭(30)ג60 לפוו לילגב למרק CANNOLI CRUNCH    ‬",2025,50,1
501216,"‭(30)ג60 לפוו לילגב למרק CANNOLI CRUNCH    ‬",2025,52,3
501216,"‭(30)ג60 לפוו לילגב למרק CANNOLI CRUNCH    ‬",2026,2,6
501216,"‭(30)ג60 לפוו לילגב למרק CANNOLI CRUNCH    ‬",2026,3,3
501216,"‭(30)ג60 לפוו לילגב למרק CANNOLI CRUNCH    ‬",2026,4,2
501216,"‭(30)ג60 לפוו לילגב למרק CANNOLI CRUNCH    ‬",2026,5,1
501216,"‭(30)ג60 לפוו לילגב למרק CANNOLI CRUNCH    ‬",2026,6,3
501216,"‭(30)ג60 לפוו לילגב למרק CANNOLI CRUNCH    ‬",2026,7,2
501216,"‭(30)ג60 לפוו לילגב למרק CANNOLI CRUNCH    ‬",2026,8,2
501216,"‭(30)ג60 לפוו לילגב למרק CANNOLI CRUNCH    ‬",2026,9,2
501216,"‭(30)ג60 לפוו לילגב למרק CANNOLI CRUNCH    ‬",2026,10,1
501216,"‭(30)ג60 לפוו לילגב למרק CANNOLI CRUNCH    ‬",2026,11,1
501216,"‭(30)ג60 לפוו לילגב למרק CANNOLI CRUNCH    ‬",2026,12,1
501216,"‭(30)ג60 לפוו לילגב למרק CANNOLI CRUNCH    ‬",2026,13,1
501216,"‭(30)ג60 לפוו לילגב למרק CANNOLI CRUNCH    ‬",2026,14,1
501216,"‭(30)ג60 לפוו לילגב למרק CANNOLI CRUNCH    ‬",2026,15,1
501216,"‭(30)ג60 לפוו לילגב למרק CANNOLI CRUNCH    ‬",2026,16,4
501216,"‭(30)ג60 לפוו לילגב למרק CANNOLI CRUNCH    ‬",2026,17,3
501216,"‭(30)ג60 לפוו לילגב למרק CANNOLI CRUNCH    ‬",2026,18,2
501216,"‭(30)ג60 לפוו לילגב למרק CANNOLI CRUNCH    ‬",2026,19,2
501216,"‭(30)ג60 לפוו לילגב למרק CANNOLI CRUNCH    ‬",2026,20,3
501216,"‭(30)ג60 לפוו לילגב למרק CANNOLI CRUNCH    ‬",2026,21,3
501216,"‭(30)ג60 לפוו לילגב למרק CANNOLI CRUNCH    ‬",2026,23,3
501216,"‭(30)ג60 לפוו לילגב למרק CANNOLI CRUNCH    ‬",2026,24,1
501216,"‭(30)ג60 לפוו לילגב למרק CANNOLI CRUNCH    ‬",2026,25,4
501216,"‭(30)ג60 לפוו לילגב למרק CANNOLI CRUNCH    ‬",2026,26,6
501216,"‭(30)ג60 לפוו לילגב למרק CANNOLI CRUNCH    ‬",2026,27,1
501216,"‭(30)ג60 לפוו לילגב למרק CANNOLI CRUNCH    ‬",2026,28,2
501216,"‭(30)ג60 לפוו לילגב למרק CANNOLI CRUNCH    ‬",2026,29,2
501216,"‭(30)ג60 לפוו לילגב למרק CANNOLI CRUNCH    ‬",2026,30,2
501217,"‭(40)ג70 ימירק הרטסקא לינו ןוליט YUKKI    ‬",2026,31,12
501217,"‭(40)ג70 ימירק הרטסקא לינו ןוליט YUKKI    ‬",2026,32,14
501406,"‭(30) םרג63 םידקשב לינו SVALYA לוגע ןוגלש    ‬",2025,33,1
501406,"‭(30) םרג63 םידקשב לינו SVALYA לוגע ןוגלש    ‬",2025,34,6
501406,"‭(30) םרג63 םידקשב לינו SVALYA לוגע ןוגלש    ‬",2025,35,4
501406,"‭(30) םרג63 םידקשב לינו SVALYA לוגע ןוגלש    ‬",2025,36,3
501406,"‭(30) םרג63 םידקשב לינו SVALYA לוגע ןוגלש    ‬",2025,37,6
501406,"‭(30) םרג63 םידקשב לינו SVALYA לוגע ןוגלש    ‬",2025,38,5
501406,"‭(30) םרג63 םידקשב לינו SVALYA לוגע ןוגלש    ‬",2025,39,5
501406,"‭(30) םרג63 םידקשב לינו SVALYA לוגע ןוגלש    ‬",2025,40,3
501406,"‭(30) םרג63 םידקשב לינו SVALYA לוגע ןוגלש    ‬",2025,41,6
501406,"‭(30) םרג63 םידקשב לינו SVALYA לוגע ןוגלש    ‬",2025,42,9
501406,"‭(30) םרג63 םידקשב לינו SVALYA לוגע ןוגלש    ‬",2025,43,6
501406,"‭(30) םרג63 םידקשב לינו SVALYA לוגע ןוגלש    ‬",2025,44,3
501406,"‭(30) םרג63 םידקשב לינו SVALYA לוגע ןוגלש    ‬",2025,45,7
501406,"‭(30) םרג63 םידקשב לינו SVALYA לוגע ןוגלש    ‬",2025,46,2
501406,"‭(30) םרג63 םידקשב לינו SVALYA לוגע ןוגלש    ‬",2025,47,9
501406,"‭(30) םרג63 םידקשב לינו SVALYA לוגע ןוגלש    ‬",2025,48,5
501406,"‭(30) םרג63 םידקשב לינו SVALYA לוגע ןוגלש    ‬",2025,49,6
501406,"‭(30) םרג63 םידקשב לינו SVALYA לוגע ןוגלש    ‬",2025,50,5
501406,"‭(30) םרג63 םידקשב לינו SVALYA לוגע ןוגלש    ‬",2025,51,3
501406,"‭(30) םרג63 םידקשב לינו SVALYA לוגע ןוגלש    ‬",2025,52,4
501406,"‭(30) םרג63 םידקשב לינו SVALYA לוגע ןוגלש    ‬",2026,2,4
501406,"‭(30) םרג63 םידקשב לינו SVALYA לוגע ןוגלש    ‬",2026,3,1
501406,"‭(30) םרג63 םידקשב לינו SVALYA לוגע ןוגלש    ‬",2026,4,4
501406,"‭(30) םרג63 םידקשב לינו SVALYA לוגע ןוגלש    ‬",2026,5,4
501406,"‭(30) םרג63 םידקשב לינו SVALYA לוגע ןוגלש    ‬",2026,6,3
501406,"‭(30) םרג63 םידקשב לינו SVALYA לוגע ןוגלש    ‬",2026,17,6
501406,"‭(30) םרג63 םידקשב לינו SVALYA לוגע ןוגלש    ‬",2026,18,8
501406,"‭(30) םרג63 םידקשב לינו SVALYA לוגע ןוגלש    ‬",2026,19,3
501406,"‭(30) םרג63 םידקשב לינו SVALYA לוגע ןוגלש    ‬",2026,20,5
501406,"‭(30) םרג63 םידקשב לינו SVALYA לוגע ןוגלש    ‬",2026,21,5
501406,"‭(30) םרג63 םידקשב לינו SVALYA לוגע ןוגלש    ‬",2026,22,8
501406,"‭(30) םרג63 םידקשב לינו SVALYA לוגע ןוגלש    ‬",2026,23,13
501406,"‭(30) םרג63 םידקשב לינו SVALYA לוגע ןוגלש    ‬",2026,24,5
501406,"‭(30) םרג63 םידקשב לינו SVALYA לוגע ןוגלש    ‬",2026,25,6
501406,"‭(30) םרג63 םידקשב לינו SVALYA לוגע ןוגלש    ‬",2026,26,7
501406,"‭(30) םרג63 םידקשב לינו SVALYA לוגע ןוגלש    ‬",2026,27,4
501406,"‭(30) םרג63 םידקשב לינו SVALYA לוגע ןוגלש    ‬",2026,28,5
501406,"‭(30) םרג63 םידקשב לינו SVALYA לוגע ןוגלש    ‬",2026,29,8
501406,"‭(30) םרג63 םידקשב לינו SVALYA לוגע ןוגלש    ‬",2026,30,9
501406,"‭(30) םרג63 םידקשב לינו SVALYA לוגע ןוגלש    ‬",2026,31,4
501406,"‭(30) םרג63 םידקשב לינו SVALYA לוגע ןוגלש    ‬",2026,32,5
501408,"‭(30) םרג58 הפוצמ לינו SVALYA לוגע ןוגלש    ‬",2025,33,1
501408,"‭(30) םרג58 הפוצמ לינו SVALYA לוגע ןוגלש    ‬",2025,34,4
501408,"‭(30) םרג58 הפוצמ לינו SVALYA לוגע ןוגלש    ‬",2025,35,2
501408,"‭(30) םרג58 הפוצמ לינו SVALYA לוגע ןוגלש    ‬",2025,36,6
501408,"‭(30) םרג58 הפוצמ לינו SVALYA לוגע ןוגלש    ‬",2025,37,6
501408,"‭(30) םרג58 הפוצמ לינו SVALYA לוגע ןוגלש    ‬",2025,38,5
501408,"‭(30) םרג58 הפוצמ לינו SVALYA לוגע ןוגלש    ‬",2025,39,4
501408,"‭(30) םרג58 הפוצמ לינו SVALYA לוגע ןוגלש    ‬",2025,40,1
501408,"‭(30) םרג58 הפוצמ לינו SVALYA לוגע ןוגלש    ‬",2025,41,3
501408,"‭(30) םרג58 הפוצמ לינו SVALYA לוגע ןוגלש    ‬",2025,42,7
501408,"‭(30) םרג58 הפוצמ לינו SVALYA לוגע ןוגלש    ‬",2025,43,2
501408,"‭(30) םרג58 הפוצמ לינו SVALYA לוגע ןוגלש    ‬",2025,44,1
501408,"‭(30) םרג58 הפוצמ לינו SVALYA לוגע ןוגלש    ‬",2025,45,4
501408,"‭(30) םרג58 הפוצמ לינו SVALYA לוגע ןוגלש    ‬",2025,47,3
501408,"‭(30) םרג58 הפוצמ לינו SVALYA לוגע ןוגלש    ‬",2025,48,5
501408,"‭(30) םרג58 הפוצמ לינו SVALYA לוגע ןוגלש    ‬",2025,49,1
501408,"‭(30) םרג58 הפוצמ לינו SVALYA לוגע ןוגלש    ‬",2025,50,1
501408,"‭(30) םרג58 הפוצמ לינו SVALYA לוגע ןוגלש    ‬",2025,51,1
501408,"‭(30) םרג58 הפוצמ לינו SVALYA לוגע ןוגלש    ‬",2025,52,4
501408,"‭(30) םרג58 הפוצמ לינו SVALYA לוגע ןוגלש    ‬",2026,2,3
501408,"‭(30) םרג58 הפוצמ לינו SVALYA לוגע ןוגלש    ‬",2026,3,1
501408,"‭(30) םרג58 הפוצמ לינו SVALYA לוגע ןוגלש    ‬",2026,4,4
501408,"‭(30) םרג58 הפוצמ לינו SVALYA לוגע ןוגלש    ‬",2026,6,4
501408,"‭(30) םרג58 הפוצמ לינו SVALYA לוגע ןוגלש    ‬",2026,7,7
501408,"‭(30) םרג58 הפוצמ לינו SVALYA לוגע ןוגלש    ‬",2026,8,6
501408,"‭(30) םרג58 הפוצמ לינו SVALYA לוגע ןוגלש    ‬",2026,9,5
501408,"‭(30) םרג58 הפוצמ לינו SVALYA לוגע ןוגלש    ‬",2026,10,2
501408,"‭(30) םרג58 הפוצמ לינו SVALYA לוגע ןוגלש    ‬",2026,11,2
501408,"‭(30) םרג58 הפוצמ לינו SVALYA לוגע ןוגלש    ‬",2026,12,1
501408,"‭(30) םרג58 הפוצמ לינו SVALYA לוגע ןוגלש    ‬",2026,13,4
501408,"‭(30) םרג58 הפוצמ לינו SVALYA לוגע ןוגלש    ‬",2026,14,5
501408,"‭(30) םרג58 הפוצמ לינו SVALYA לוגע ןוגלש    ‬",2026,15,4
501408,"‭(30) םרג58 הפוצמ לינו SVALYA לוגע ןוגלש    ‬",2026,16,13
501408,"‭(30) םרג58 הפוצמ לינו SVALYA לוגע ןוגלש    ‬",2026,17,8
501408,"‭(30) םרג58 הפוצמ לינו SVALYA לוגע ןוגלש    ‬",2026,18,6
501408,"‭(30) םרג58 הפוצמ לינו SVALYA לוגע ןוגלש    ‬",2026,19,3
501408,"‭(30) םרג58 הפוצמ לינו SVALYA לוגע ןוגלש    ‬",2026,20,5
501408,"‭(30) םרג58 הפוצמ לינו SVALYA לוגע ןוגלש    ‬",2026,21,5
501408,"‭(30) םרג58 הפוצמ לינו SVALYA לוגע ןוגלש    ‬",2026,22,6
501408,"‭(30) םרג58 הפוצמ לינו SVALYA לוגע ןוגלש    ‬",2026,23,11
501408,"‭(30) םרג58 הפוצמ לינו SVALYA לוגע ןוגלש    ‬",2026,24,7
501408,"‭(30) םרג58 הפוצמ לינו SVALYA לוגע ןוגלש    ‬",2026,25,1
501408,"‭(30) םרג58 הפוצמ לינו SVALYA לוגע ןוגלש    ‬",2026,26,7
501408,"‭(30) םרג58 הפוצמ לינו SVALYA לוגע ןוגלש    ‬",2026,27,3
501408,"‭(30) םרג58 הפוצמ לינו SVALYA לוגע ןוגלש    ‬",2026,28,3
501408,"‭(30) םרג58 הפוצמ לינו SVALYA לוגע ןוגלש    ‬",2026,29,8.83
501408,"‭(30) םרג58 הפוצמ לינו SVALYA לוגע ןוגלש    ‬",2026,30,4
501408,"‭(30) םרג58 הפוצמ לינו SVALYA לוגע ןוגלש    ‬",2026,32,4
501409,"‭(30) םרג 58 קיטסמ לינו SVALYA לוגע ןוגלש    ‬",2026,25,2
501409,"‭(30) םרג 58 קיטסמ לינו SVALYA לוגע ןוגלש    ‬",2026,26,1
501409,"‭(30) םרג 58 קיטסמ לינו SVALYA לוגע ןוגלש    ‬",2026,27,1
501409,"‭(30) םרג 58 קיטסמ לינו SVALYA לוגע ןוגלש    ‬",2026,28,1
501411,"‭RUD(36) םרג70 לקמ לע למרק לפיר ESKIMOS    ‬",2025,36,1
501411,"‭RUD(36) םרג70 לקמ לע למרק לפיר ESKIMOS    ‬",2025,38,2
501411,"‭RUD(36) םרג70 לקמ לע למרק לפיר ESKIMOS    ‬",2025,47,1
501411,"‭RUD(36) םרג70 לקמ לע למרק לפיר ESKIMOS    ‬",2026,2,1
501411,"‭RUD(36) םרג70 לקמ לע למרק לפיר ESKIMOS    ‬",2026,28,1
501412,"‭RUD(36)רג70 לקמ לע דלוקוש-לינו ESKIMOS    ‬",2026,2,1
501412,"‭RUD(36)רג70 לקמ לע דלוקוש-לינו ESKIMOS    ‬",2026,3,1
501412,"‭RUD(36)רג70 לקמ לע דלוקוש-לינו ESKIMOS    ‬",2026,18,1
501412,"‭RUD(36)רג70 לקמ לע דלוקוש-לינו ESKIMOS    ‬",2026,19,2
501412,"‭RUD(36)רג70 לקמ לע דלוקוש-לינו ESKIMOS    ‬",2026,27,1
501413,"‭RUD(36) רג80 רירמ דלוקוש יופיצב דלוקוש ""סומיקסא""  ‬",2026,26,1
501414,"‭48)RUD)םרג70 לינו לוגע ןוגלש ESKIMOS    ‬",2025,33,9
501414,"‭48)RUD)םרג70 לינו לוגע ןוגלש ESKIMOS    ‬",2025,34,7
501414,"‭48)RUD)םרג70 לינו לוגע ןוגלש ESKIMOS    ‬",2025,35,6
501414,"‭48)RUD)םרג70 לינו לוגע ןוגלש ESKIMOS    ‬",2025,36,3
501414,"‭48)RUD)םרג70 לינו לוגע ןוגלש ESKIMOS    ‬",2025,37,2
501414,"‭48)RUD)םרג70 לינו לוגע ןוגלש ESKIMOS    ‬",2025,38,3
501414,"‭48)RUD)םרג70 לינו לוגע ןוגלש ESKIMOS    ‬",2025,39,7
501414,"‭48)RUD)םרג70 לינו לוגע ןוגלש ESKIMOS    ‬",2025,40,7
501414,"‭48)RUD)םרג70 לינו לוגע ןוגלש ESKIMOS    ‬",2025,41,6
501414,"‭48)RUD)םרג70 לינו לוגע ןוגלש ESKIMOS    ‬",2025,42,10
501414,"‭48)RUD)םרג70 לינו לוגע ןוגלש ESKIMOS    ‬",2025,43,2
501414,"‭48)RUD)םרג70 לינו לוגע ןוגלש ESKIMOS    ‬",2025,44,6
501414,"‭48)RUD)םרג70 לינו לוגע ןוגלש ESKIMOS    ‬",2025,45,8
501414,"‭48)RUD)םרג70 לינו לוגע ןוגלש ESKIMOS    ‬",2025,46,5
501414,"‭48)RUD)םרג70 לינו לוגע ןוגלש ESKIMOS    ‬",2025,47,5
501414,"‭48)RUD)םרג70 לינו לוגע ןוגלש ESKIMOS    ‬",2025,48,2
501414,"‭48)RUD)םרג70 לינו לוגע ןוגלש ESKIMOS    ‬",2025,49,3
501414,"‭48)RUD)םרג70 לינו לוגע ןוגלש ESKIMOS    ‬",2025,50,4
501414,"‭48)RUD)םרג70 לינו לוגע ןוגלש ESKIMOS    ‬",2025,51,2
501414,"‭48)RUD)םרג70 לינו לוגע ןוגלש ESKIMOS    ‬",2025,52,2
501414,"‭48)RUD)םרג70 לינו לוגע ןוגלש ESKIMOS    ‬",2025,53,1
501414,"‭48)RUD)םרג70 לינו לוגע ןוגלש ESKIMOS    ‬",2026,2,9
501414,"‭48)RUD)םרג70 לינו לוגע ןוגלש ESKIMOS    ‬",2026,3,5
501414,"‭48)RUD)םרג70 לינו לוגע ןוגלש ESKIMOS    ‬",2026,5,2
501414,"‭48)RUD)םרג70 לינו לוגע ןוגלש ESKIMOS    ‬",2026,6,7
501414,"‭48)RUD)םרג70 לינו לוגע ןוגלש ESKIMOS    ‬",2026,7,7
501414,"‭48)RUD)םרג70 לינו לוגע ןוגלש ESKIMOS    ‬",2026,8,6
501414,"‭48)RUD)םרג70 לינו לוגע ןוגלש ESKIMOS    ‬",2026,9,4
501414,"‭48)RUD)םרג70 לינו לוגע ןוגלש ESKIMOS    ‬",2026,10,4
501414,"‭48)RUD)םרג70 לינו לוגע ןוגלש ESKIMOS    ‬",2026,11,4
501414,"‭48)RUD)םרג70 לינו לוגע ןוגלש ESKIMOS    ‬",2026,12,4
501414,"‭48)RUD)םרג70 לינו לוגע ןוגלש ESKIMOS    ‬",2026,13,3
501414,"‭48)RUD)םרג70 לינו לוגע ןוגלש ESKIMOS    ‬",2026,14,3
501414,"‭48)RUD)םרג70 לינו לוגע ןוגלש ESKIMOS    ‬",2026,15,6
501414,"‭48)RUD)םרג70 לינו לוגע ןוגלש ESKIMOS    ‬",2026,16,13
501414,"‭48)RUD)םרג70 לינו לוגע ןוגלש ESKIMOS    ‬",2026,17,9
501414,"‭48)RUD)םרג70 לינו לוגע ןוגלש ESKIMOS    ‬",2026,18,12
501414,"‭48)RUD)םרג70 לינו לוגע ןוגלש ESKIMOS    ‬",2026,19,1
501414,"‭48)RUD)םרג70 לינו לוגע ןוגלש ESKIMOS    ‬",2026,20,13
501414,"‭48)RUD)םרג70 לינו לוגע ןוגלש ESKIMOS    ‬",2026,21,7
501414,"‭48)RUD)םרג70 לינו לוגע ןוגלש ESKIMOS    ‬",2026,22,9
501414,"‭48)RUD)םרג70 לינו לוגע ןוגלש ESKIMOS    ‬",2026,23,14.83
501414,"‭48)RUD)םרג70 לינו לוגע ןוגלש ESKIMOS    ‬",2026,24,4
501414,"‭48)RUD)םרג70 לינו לוגע ןוגלש ESKIMOS    ‬",2026,25,13.83
501414,"‭48)RUD)םרג70 לינו לוגע ןוגלש ESKIMOS    ‬",2026,26,7.67
501414,"‭48)RUD)םרג70 לינו לוגע ןוגלש ESKIMOS    ‬",2026,27,10
501414,"‭48)RUD)םרג70 לינו לוגע ןוגלש ESKIMOS    ‬",2026,28,8.5
501414,"‭48)RUD)םרג70 לינו לוגע ןוגלש ESKIMOS    ‬",2026,29,10.73
501414,"‭48)RUD)םרג70 לינו לוגע ןוגלש ESKIMOS    ‬",2026,30,7
501414,"‭48)RUD)םרג70 לינו לוגע ןוגלש ESKIMOS    ‬",2026,31,6
501414,"‭48)RUD)םרג70 לינו לוגע ןוגלש ESKIMOS    ‬",2026,32,7.83
501415,"‭RUD(48) םרג70 דלוקוש לוגע ןוגלש ESKIMOS    ‬",2025,33,2
501415,"‭RUD(48) םרג70 דלוקוש לוגע ןוגלש ESKIMOS    ‬",2025,34,3
501415,"‭RUD(48) םרג70 דלוקוש לוגע ןוגלש ESKIMOS    ‬",2025,35,3
501415,"‭RUD(48) םרג70 דלוקוש לוגע ןוגלש ESKIMOS    ‬",2025,36,2
501415,"‭RUD(48) םרג70 דלוקוש לוגע ןוגלש ESKIMOS    ‬",2025,38,3
501415,"‭RUD(48) םרג70 דלוקוש לוגע ןוגלש ESKIMOS    ‬",2025,39,4
501415,"‭RUD(48) םרג70 דלוקוש לוגע ןוגלש ESKIMOS    ‬",2025,40,6
501415,"‭RUD(48) םרג70 דלוקוש לוגע ןוגלש ESKIMOS    ‬",2025,41,2
501415,"‭RUD(48) םרג70 דלוקוש לוגע ןוגלש ESKIMOS    ‬",2025,42,4
501415,"‭RUD(48) םרג70 דלוקוש לוגע ןוגלש ESKIMOS    ‬",2025,43,4
501415,"‭RUD(48) םרג70 דלוקוש לוגע ןוגלש ESKIMOS    ‬",2025,45,4
501415,"‭RUD(48) םרג70 דלוקוש לוגע ןוגלש ESKIMOS    ‬",2025,46,2
501415,"‭RUD(48) םרג70 דלוקוש לוגע ןוגלש ESKIMOS    ‬",2025,47,4
501415,"‭RUD(48) םרג70 דלוקוש לוגע ןוגלש ESKIMOS    ‬",2025,48,2
501415,"‭RUD(48) םרג70 דלוקוש לוגע ןוגלש ESKIMOS    ‬",2025,49,2
501415,"‭RUD(48) םרג70 דלוקוש לוגע ןוגלש ESKIMOS    ‬",2025,50,2
501415,"‭RUD(48) םרג70 דלוקוש לוגע ןוגלש ESKIMOS    ‬",2025,51,3
501415,"‭RUD(48) םרג70 דלוקוש לוגע ןוגלש ESKIMOS    ‬",2025,52,1
501415,"‭RUD(48) םרג70 דלוקוש לוגע ןוגלש ESKIMOS    ‬",2026,2,5
501415,"‭RUD(48) םרג70 דלוקוש לוגע ןוגלש ESKIMOS    ‬",2026,3,5
501415,"‭RUD(48) םרג70 דלוקוש לוגע ןוגלש ESKIMOS    ‬",2026,5,2
501415,"‭RUD(48) םרג70 דלוקוש לוגע ןוגלש ESKIMOS    ‬",2026,6,3
501415,"‭RUD(48) םרג70 דלוקוש לוגע ןוגלש ESKIMOS    ‬",2026,7,4
501415,"‭RUD(48) םרג70 דלוקוש לוגע ןוגלש ESKIMOS    ‬",2026,8,7
501415,"‭RUD(48) םרג70 דלוקוש לוגע ןוגלש ESKIMOS    ‬",2026,9,2
501415,"‭RUD(48) םרג70 דלוקוש לוגע ןוגלש ESKIMOS    ‬",2026,10,3
501415,"‭RUD(48) םרג70 דלוקוש לוגע ןוגלש ESKIMOS    ‬",2026,11,4
501415,"‭RUD(48) םרג70 דלוקוש לוגע ןוגלש ESKIMOS    ‬",2026,12,2
501415,"‭RUD(48) םרג70 דלוקוש לוגע ןוגלש ESKIMOS    ‬",2026,13,1
501415,"‭RUD(48) םרג70 דלוקוש לוגע ןוגלש ESKIMOS    ‬",2026,14,2
501415,"‭RUD(48) םרג70 דלוקוש לוגע ןוגלש ESKIMOS    ‬",2026,15,1
501415,"‭RUD(48) םרג70 דלוקוש לוגע ןוגלש ESKIMOS    ‬",2026,18,1
501415,"‭RUD(48) םרג70 דלוקוש לוגע ןוגלש ESKIMOS    ‬",2026,25,2
501415,"‭RUD(48) םרג70 דלוקוש לוגע ןוגלש ESKIMOS    ‬",2026,27,0.83
501415,"‭RUD(48) םרג70 דלוקוש לוגע ןוגלש ESKIMOS    ‬",2026,29,0.83
501415,"‭RUD(48) םרג70 דלוקוש לוגע ןוגלש ESKIMOS    ‬",2026,30,0.83
501415,"‭RUD(48) םרג70 דלוקוש לוגע ןוגלש ESKIMOS    ‬",2026,32,0.83
501416,"‭(52) םרג65 לקמ לע הפוצמ לינו YUKKI    ‬",2025,33,1
501416,"‭(52) םרג65 לקמ לע הפוצמ לינו YUKKI    ‬",2025,34,13
501416,"‭(52) םרג65 לקמ לע הפוצמ לינו YUKKI    ‬",2025,35,8
501416,"‭(52) םרג65 לקמ לע הפוצמ לינו YUKKI    ‬",2025,36,8
501416,"‭(52) םרג65 לקמ לע הפוצמ לינו YUKKI    ‬",2025,37,5
501416,"‭(52) םרג65 לקמ לע הפוצמ לינו YUKKI    ‬",2025,38,7
501416,"‭(52) םרג65 לקמ לע הפוצמ לינו YUKKI    ‬",2025,39,6
501416,"‭(52) םרג65 לקמ לע הפוצמ לינו YUKKI    ‬",2025,40,5
501416,"‭(52) םרג65 לקמ לע הפוצמ לינו YUKKI    ‬",2025,41,6
501416,"‭(52) םרג65 לקמ לע הפוצמ לינו YUKKI    ‬",2025,42,12
501416,"‭(52) םרג65 לקמ לע הפוצמ לינו YUKKI    ‬",2025,43,3
501416,"‭(52) םרג65 לקמ לע הפוצמ לינו YUKKI    ‬",2025,44,6
501416,"‭(52) םרג65 לקמ לע הפוצמ לינו YUKKI    ‬",2025,45,5
501416,"‭(52) םרג65 לקמ לע הפוצמ לינו YUKKI    ‬",2025,46,2
501416,"‭(52) םרג65 לקמ לע הפוצמ לינו YUKKI    ‬",2025,47,6
501416,"‭(52) םרג65 לקמ לע הפוצמ לינו YUKKI    ‬",2025,48,1
501416,"‭(52) םרג65 לקמ לע הפוצמ לינו YUKKI    ‬",2025,49,4
501416,"‭(52) םרג65 לקמ לע הפוצמ לינו YUKKI    ‬",2025,50,3
501416,"‭(52) םרג65 לקמ לע הפוצמ לינו YUKKI    ‬",2025,51,4
501416,"‭(52) םרג65 לקמ לע הפוצמ לינו YUKKI    ‬",2025,52,5
501416,"‭(52) םרג65 לקמ לע הפוצמ לינו YUKKI    ‬",2025,53,2
501416,"‭(52) םרג65 לקמ לע הפוצמ לינו YUKKI    ‬",2026,2,7
501416,"‭(52) םרג65 לקמ לע הפוצמ לינו YUKKI    ‬",2026,3,4
501416,"‭(52) םרג65 לקמ לע הפוצמ לינו YUKKI    ‬",2026,4,2
501416,"‭(52) םרג65 לקמ לע הפוצמ לינו YUKKI    ‬",2026,5,3
501416,"‭(52) םרג65 לקמ לע הפוצמ לינו YUKKI    ‬",2026,6,4
501416,"‭(52) םרג65 לקמ לע הפוצמ לינו YUKKI    ‬",2026,7,1
501416,"‭(52) םרג65 לקמ לע הפוצמ לינו YUKKI    ‬",2026,8,2
501416,"‭(52) םרג65 לקמ לע הפוצמ לינו YUKKI    ‬",2026,9,3
501416,"‭(52) םרג65 לקמ לע הפוצמ לינו YUKKI    ‬",2026,10,3
501416,"‭(52) םרג65 לקמ לע הפוצמ לינו YUKKI    ‬",2026,11,1
501416,"‭(52) םרג65 לקמ לע הפוצמ לינו YUKKI    ‬",2026,12,5
501416,"‭(52) םרג65 לקמ לע הפוצמ לינו YUKKI    ‬",2026,13,2
501416,"‭(52) םרג65 לקמ לע הפוצמ לינו YUKKI    ‬",2026,14,2
501416,"‭(52) םרג65 לקמ לע הפוצמ לינו YUKKI    ‬",2026,15,3
501416,"‭(52) םרג65 לקמ לע הפוצמ לינו YUKKI    ‬",2026,16,14
501416,"‭(52) םרג65 לקמ לע הפוצמ לינו YUKKI    ‬",2026,17,7
501416,"‭(52) םרג65 לקמ לע הפוצמ לינו YUKKI    ‬",2026,18,5
501416,"‭(52) םרג65 לקמ לע הפוצמ לינו YUKKI    ‬",2026,19,6
501416,"‭(52) םרג65 לקמ לע הפוצמ לינו YUKKI    ‬",2026,20,8
501416,"‭(52) םרג65 לקמ לע הפוצמ לינו YUKKI    ‬",2026,21,6
501416,"‭(52) םרג65 לקמ לע הפוצמ לינו YUKKI    ‬",2026,22,5
501416,"‭(52) םרג65 לקמ לע הפוצמ לינו YUKKI    ‬",2026,23,9
501416,"‭(52) םרג65 לקמ לע הפוצמ לינו YUKKI    ‬",2026,24,5
501416,"‭(52) םרג65 לקמ לע הפוצמ לינו YUKKI    ‬",2026,25,7.81
501416,"‭(52) םרג65 לקמ לע הפוצמ לינו YUKKI    ‬",2026,26,8.81
501416,"‭(52) םרג65 לקמ לע הפוצמ לינו YUKKI    ‬",2026,27,9.62
501416,"‭(52) םרג65 לקמ לע הפוצמ לינו YUKKI    ‬",2026,28,3.81
501416,"‭(52) םרג65 לקמ לע הפוצמ לינו YUKKI    ‬",2026,29,7
501416,"‭(52) םרג65 לקמ לע הפוצמ לינו YUKKI    ‬",2026,30,7.81
501416,"‭(52) םרג65 לקמ לע הפוצמ לינו YUKKI    ‬",2026,31,3.81
501416,"‭(52) םרג65 לקמ לע הפוצמ לינו YUKKI    ‬",2026,32,3.81
501417,"‭(52)םרג65 לקמ לע םיזוגאב הפוצמ לינו YUKKI    ‬",2025,33,7
501417,"‭(52)םרג65 לקמ לע םיזוגאב הפוצמ לינו YUKKI    ‬",2025,34,12
501417,"‭(52)םרג65 לקמ לע םיזוגאב הפוצמ לינו YUKKI    ‬",2025,35,7
501417,"‭(52)םרג65 לקמ לע םיזוגאב הפוצמ לינו YUKKI    ‬",2025,36,9
501417,"‭(52)םרג65 לקמ לע םיזוגאב הפוצמ לינו YUKKI    ‬",2025,37,4
501417,"‭(52)םרג65 לקמ לע םיזוגאב הפוצמ לינו YUKKI    ‬",2025,38,10
501417,"‭(52)םרג65 לקמ לע םיזוגאב הפוצמ לינו YUKKI    ‬",2025,39,8
501417,"‭(52)םרג65 לקמ לע םיזוגאב הפוצמ לינו YUKKI    ‬",2025,40,4
501417,"‭(52)םרג65 לקמ לע םיזוגאב הפוצמ לינו YUKKI    ‬",2025,41,5
501417,"‭(52)םרג65 לקמ לע םיזוגאב הפוצמ לינו YUKKI    ‬",2025,42,15
501417,"‭(52)םרג65 לקמ לע םיזוגאב הפוצמ לינו YUKKI    ‬",2025,43,7
501417,"‭(52)םרג65 לקמ לע םיזוגאב הפוצמ לינו YUKKI    ‬",2025,44,5
501417,"‭(52)םרג65 לקמ לע םיזוגאב הפוצמ לינו YUKKI    ‬",2025,45,8
501417,"‭(52)םרג65 לקמ לע םיזוגאב הפוצמ לינו YUKKI    ‬",2025,46,4
501417,"‭(52)םרג65 לקמ לע םיזוגאב הפוצמ לינו YUKKI    ‬",2025,47,6
501417,"‭(52)םרג65 לקמ לע םיזוגאב הפוצמ לינו YUKKI    ‬",2025,48,4
501417,"‭(52)םרג65 לקמ לע םיזוגאב הפוצמ לינו YUKKI    ‬",2025,49,6
501417,"‭(52)םרג65 לקמ לע םיזוגאב הפוצמ לינו YUKKI    ‬",2025,50,5
501417,"‭(52)םרג65 לקמ לע םיזוגאב הפוצמ לינו YUKKI    ‬",2025,51,3
501417,"‭(52)םרג65 לקמ לע םיזוגאב הפוצמ לינו YUKKI    ‬",2025,52,5
501417,"‭(52)םרג65 לקמ לע םיזוגאב הפוצמ לינו YUKKI    ‬",2025,53,1
501417,"‭(52)םרג65 לקמ לע םיזוגאב הפוצמ לינו YUKKI    ‬",2026,2,10
501417,"‭(52)םרג65 לקמ לע םיזוגאב הפוצמ לינו YUKKI    ‬",2026,3,11
501417,"‭(52)םרג65 לקמ לע םיזוגאב הפוצמ לינו YUKKI    ‬",2026,4,3
501417,"‭(52)םרג65 לקמ לע םיזוגאב הפוצמ לינו YUKKI    ‬",2026,5,3
501417,"‭(52)םרג65 לקמ לע םיזוגאב הפוצמ לינו YUKKI    ‬",2026,6,6
501417,"‭(52)םרג65 לקמ לע םיזוגאב הפוצמ לינו YUKKI    ‬",2026,7,4
501417,"‭(52)םרג65 לקמ לע םיזוגאב הפוצמ לינו YUKKI    ‬",2026,8,6
501417,"‭(52)םרג65 לקמ לע םיזוגאב הפוצמ לינו YUKKI    ‬",2026,9,5
501417,"‭(52)םרג65 לקמ לע םיזוגאב הפוצמ לינו YUKKI    ‬",2026,10,3
501417,"‭(52)םרג65 לקמ לע םיזוגאב הפוצמ לינו YUKKI    ‬",2026,11,10
501417,"‭(52)םרג65 לקמ לע םיזוגאב הפוצמ לינו YUKKI    ‬",2026,12,2
501417,"‭(52)םרג65 לקמ לע םיזוגאב הפוצמ לינו YUKKI    ‬",2026,13,5
501417,"‭(52)םרג65 לקמ לע םיזוגאב הפוצמ לינו YUKKI    ‬",2026,14,4
501417,"‭(52)םרג65 לקמ לע םיזוגאב הפוצמ לינו YUKKI    ‬",2026,15,5
501417,"‭(52)םרג65 לקמ לע םיזוגאב הפוצמ לינו YUKKI    ‬",2026,16,18
501417,"‭(52)םרג65 לקמ לע םיזוגאב הפוצמ לינו YUKKI    ‬",2026,17,8
501417,"‭(52)םרג65 לקמ לע םיזוגאב הפוצמ לינו YUKKI    ‬",2026,18,8
501417,"‭(52)םרג65 לקמ לע םיזוגאב הפוצמ לינו YUKKI    ‬",2026,19,8
501417,"‭(52)םרג65 לקמ לע םיזוגאב הפוצמ לינו YUKKI    ‬",2026,20,10
501417,"‭(52)םרג65 לקמ לע םיזוגאב הפוצמ לינו YUKKI    ‬",2026,21,12
501417,"‭(52)םרג65 לקמ לע םיזוגאב הפוצמ לינו YUKKI    ‬",2026,22,9
501417,"‭(52)םרג65 לקמ לע םיזוגאב הפוצמ לינו YUKKI    ‬",2026,23,11
501417,"‭(52)םרג65 לקמ לע םיזוגאב הפוצמ לינו YUKKI    ‬",2026,24,6
501417,"‭(52)םרג65 לקמ לע םיזוגאב הפוצמ לינו YUKKI    ‬",2026,25,17
501417,"‭(52)םרג65 לקמ לע םיזוגאב הפוצמ לינו YUKKI    ‬",2026,26,11.81
501417,"‭(52)םרג65 לקמ לע םיזוגאב הפוצמ לינו YUKKI    ‬",2026,27,11.81
501417,"‭(52)םרג65 לקמ לע םיזוגאב הפוצמ לינו YUKKI    ‬",2026,28,6.42
501417,"‭(52)םרג65 לקמ לע םיזוגאב הפוצמ לינו YUKKI    ‬",2026,29,7.17
501417,"‭(52)םרג65 לקמ לע םיזוגאב הפוצמ לינו YUKKI    ‬",2026,30,11.06
501417,"‭(52)םרג65 לקמ לע םיזוגאב הפוצמ לינו YUKKI    ‬",2026,31,5.81
501417,"‭(52)םרג65 לקמ לע םיזוגאב הפוצמ לינו YUKKI    ‬",2026,32,8
501418,"‭(52)םרג65 לקמ לע הפוצמ לפורט YUKKI     ‬",2025,33,3
501418,"‭(52)םרג65 לקמ לע הפוצמ לפורט YUKKI     ‬",2025,34,8
501418,"‭(52)םרג65 לקמ לע הפוצמ לפורט YUKKI     ‬",2025,35,8
501418,"‭(52)םרג65 לקמ לע הפוצמ לפורט YUKKI     ‬",2025,36,4
501418,"‭(52)םרג65 לקמ לע הפוצמ לפורט YUKKI     ‬",2025,37,7
501418,"‭(52)םרג65 לקמ לע הפוצמ לפורט YUKKI     ‬",2025,38,5
501418,"‭(52)םרג65 לקמ לע הפוצמ לפורט YUKKI     ‬",2025,39,5
501418,"‭(52)םרג65 לקמ לע הפוצמ לפורט YUKKI     ‬",2025,40,4
501418,"‭(52)םרג65 לקמ לע הפוצמ לפורט YUKKI     ‬",2025,41,2
501418,"‭(52)םרג65 לקמ לע הפוצמ לפורט YUKKI     ‬",2025,42,19
501418,"‭(52)םרג65 לקמ לע הפוצמ לפורט YUKKI     ‬",2025,43,5
501418,"‭(52)םרג65 לקמ לע הפוצמ לפורט YUKKI     ‬",2025,44,1
501418,"‭(52)םרג65 לקמ לע הפוצמ לפורט YUKKI     ‬",2025,45,3
501418,"‭(52)םרג65 לקמ לע הפוצמ לפורט YUKKI     ‬",2025,46,2
501418,"‭(52)םרג65 לקמ לע הפוצמ לפורט YUKKI     ‬",2025,48,1
501418,"‭(52)םרג65 לקמ לע הפוצמ לפורט YUKKI     ‬",2025,50,3
501418,"‭(52)םרג65 לקמ לע הפוצמ לפורט YUKKI     ‬",2025,51,2
501418,"‭(52)םרג65 לקמ לע הפוצמ לפורט YUKKI     ‬",2025,52,3
501418,"‭(52)םרג65 לקמ לע הפוצמ לפורט YUKKI     ‬",2025,53,2
501418,"‭(52)םרג65 לקמ לע הפוצמ לפורט YUKKI     ‬",2026,2,13
501418,"‭(52)םרג65 לקמ לע הפוצמ לפורט YUKKI     ‬",2026,3,7
501418,"‭(52)םרג65 לקמ לע הפוצמ לפורט YUKKI     ‬",2026,6,1
501418,"‭(52)םרג65 לקמ לע הפוצמ לפורט YUKKI     ‬",2026,7,1
501418,"‭(52)םרג65 לקמ לע הפוצמ לפורט YUKKI     ‬",2026,8,1
501418,"‭(52)םרג65 לקמ לע הפוצמ לפורט YUKKI     ‬",2026,9,1
501418,"‭(52)םרג65 לקמ לע הפוצמ לפורט YUKKI     ‬",2026,10,2
501418,"‭(52)םרג65 לקמ לע הפוצמ לפורט YUKKI     ‬",2026,11,4
501418,"‭(52)םרג65 לקמ לע הפוצמ לפורט YUKKI     ‬",2026,12,2
501418,"‭(52)םרג65 לקמ לע הפוצמ לפורט YUKKI     ‬",2026,13,1
501418,"‭(52)םרג65 לקמ לע הפוצמ לפורט YUKKI     ‬",2026,14,1
501418,"‭(52)םרג65 לקמ לע הפוצמ לפורט YUKKI     ‬",2026,15,5
501418,"‭(52)םרג65 לקמ לע הפוצמ לפורט YUKKI     ‬",2026,16,5
501418,"‭(52)םרג65 לקמ לע הפוצמ לפורט YUKKI     ‬",2026,17,2
501418,"‭(52)םרג65 לקמ לע הפוצמ לפורט YUKKI     ‬",2026,18,4
501418,"‭(52)םרג65 לקמ לע הפוצמ לפורט YUKKI     ‬",2026,19,3
501418,"‭(52)םרג65 לקמ לע הפוצמ לפורט YUKKI     ‬",2026,20,2
501418,"‭(52)םרג65 לקמ לע הפוצמ לפורט YUKKI     ‬",2026,21,1
501418,"‭(52)םרג65 לקמ לע הפוצמ לפורט YUKKI     ‬",2026,22,2
501418,"‭(52)םרג65 לקמ לע הפוצמ לפורט YUKKI     ‬",2026,23,3
501418,"‭(52)םרג65 לקמ לע הפוצמ לפורט YUKKI     ‬",2026,24,3.98
501418,"‭(52)םרג65 לקמ לע הפוצמ לפורט YUKKI     ‬",2026,25,16
501418,"‭(52)םרג65 לקמ לע הפוצמ לפורט YUKKI     ‬",2026,26,4.81
501418,"‭(52)םרג65 לקמ לע הפוצמ לפורט YUKKI     ‬",2026,27,2
501418,"‭(52)םרג65 לקמ לע הפוצמ לפורט YUKKI     ‬",2026,28,3
501418,"‭(52)םרג65 לקמ לע הפוצמ לפורט YUKKI     ‬",2026,29,3.96
501418,"‭(52)םרג65 לקמ לע הפוצמ לפורט YUKKI     ‬",2026,30,1.65
501418,"‭(52)םרג65 לקמ לע הפוצמ לפורט YUKKI     ‬",2026,31,1
501418,"‭(52)םרג65 לקמ לע הפוצמ לפורט YUKKI     ‬",2026,32,1
501419,"‭YUKKI(24) רג75 ומיקסא SOLETTO זינוארב-ואקק  ‬",2026,27,1
501419,"‭YUKKI(24) רג75 ומיקסא SOLETTO זינוארב-ואקק  ‬",2026,32,2
501420,"‭YUKKI(24) רג75 ומיקסא SOLETTO םידקש-לינו  ‬",2026,27,1
501420,"‭YUKKI(24) רג75 ומיקסא SOLETTO םידקש-לינו  ‬",2026,28,1
501420,"‭YUKKI(24) רג75 ומיקסא SOLETTO םידקש-לינו  ‬",2026,32,1
501421,"‭(52)םרג65 לקמ לע הפוצמ הלפוס YUKKI     ‬",2025,33,4
501421,"‭(52)םרג65 לקמ לע הפוצמ הלפוס YUKKI     ‬",2025,34,11
501421,"‭(52)םרג65 לקמ לע הפוצמ הלפוס YUKKI     ‬",2025,35,5
501421,"‭(52)םרג65 לקמ לע הפוצמ הלפוס YUKKI     ‬",2025,36,4
501421,"‭(52)םרג65 לקמ לע הפוצמ הלפוס YUKKI     ‬",2025,37,5
501421,"‭(52)םרג65 לקמ לע הפוצמ הלפוס YUKKI     ‬",2025,38,8
501421,"‭(52)םרג65 לקמ לע הפוצמ הלפוס YUKKI     ‬",2025,39,6
501421,"‭(52)םרג65 לקמ לע הפוצמ הלפוס YUKKI     ‬",2025,40,11
501421,"‭(52)םרג65 לקמ לע הפוצמ הלפוס YUKKI     ‬",2025,41,8
501421,"‭(52)םרג65 לקמ לע הפוצמ הלפוס YUKKI     ‬",2025,42,11
501421,"‭(52)םרג65 לקמ לע הפוצמ הלפוס YUKKI     ‬",2025,43,3
501421,"‭(52)םרג65 לקמ לע הפוצמ הלפוס YUKKI     ‬",2025,44,9
501421,"‭(52)םרג65 לקמ לע הפוצמ הלפוס YUKKI     ‬",2025,45,4
501421,"‭(52)םרג65 לקמ לע הפוצמ הלפוס YUKKI     ‬",2025,46,3
501421,"‭(52)םרג65 לקמ לע הפוצמ הלפוס YUKKI     ‬",2025,47,3
501421,"‭(52)םרג65 לקמ לע הפוצמ הלפוס YUKKI     ‬",2025,48,5
501421,"‭(52)םרג65 לקמ לע הפוצמ הלפוס YUKKI     ‬",2025,49,7
501421,"‭(52)םרג65 לקמ לע הפוצמ הלפוס YUKKI     ‬",2025,50,4
501421,"‭(52)םרג65 לקמ לע הפוצמ הלפוס YUKKI     ‬",2025,51,2
501421,"‭(52)םרג65 לקמ לע הפוצמ הלפוס YUKKI     ‬",2025,52,3
501421,"‭(52)םרג65 לקמ לע הפוצמ הלפוס YUKKI     ‬",2025,53,2
501421,"‭(52)םרג65 לקמ לע הפוצמ הלפוס YUKKI     ‬",2026,2,8
501421,"‭(52)םרג65 לקמ לע הפוצמ הלפוס YUKKI     ‬",2026,3,5
501421,"‭(52)םרג65 לקמ לע הפוצמ הלפוס YUKKI     ‬",2026,5,2
501421,"‭(52)םרג65 לקמ לע הפוצמ הלפוס YUKKI     ‬",2026,6,6
501421,"‭(52)םרג65 לקמ לע הפוצמ הלפוס YUKKI     ‬",2026,7,6
501421,"‭(52)םרג65 לקמ לע הפוצמ הלפוס YUKKI     ‬",2026,8,6
501421,"‭(52)םרג65 לקמ לע הפוצמ הלפוס YUKKI     ‬",2026,9,2
501421,"‭(52)םרג65 לקמ לע הפוצמ הלפוס YUKKI     ‬",2026,10,3
501421,"‭(52)םרג65 לקמ לע הפוצמ הלפוס YUKKI     ‬",2026,11,2
501421,"‭(52)םרג65 לקמ לע הפוצמ הלפוס YUKKI     ‬",2026,12,6
501421,"‭(52)םרג65 לקמ לע הפוצמ הלפוס YUKKI     ‬",2026,13,5
501421,"‭(52)םרג65 לקמ לע הפוצמ הלפוס YUKKI     ‬",2026,14,1
501421,"‭(52)םרג65 לקמ לע הפוצמ הלפוס YUKKI     ‬",2026,15,8
501421,"‭(52)םרג65 לקמ לע הפוצמ הלפוס YUKKI     ‬",2026,16,14
501421,"‭(52)םרג65 לקמ לע הפוצמ הלפוס YUKKI     ‬",2026,17,2
501421,"‭(52)םרג65 לקמ לע הפוצמ הלפוס YUKKI     ‬",2026,18,8
501421,"‭(52)םרג65 לקמ לע הפוצמ הלפוס YUKKI     ‬",2026,19,8
501421,"‭(52)םרג65 לקמ לע הפוצמ הלפוס YUKKI     ‬",2026,20,9
501421,"‭(52)םרג65 לקמ לע הפוצמ הלפוס YUKKI     ‬",2026,21,5
501421,"‭(52)םרג65 לקמ לע הפוצמ הלפוס YUKKI     ‬",2026,22,5
501421,"‭(52)םרג65 לקמ לע הפוצמ הלפוס YUKKI     ‬",2026,23,14
501421,"‭(52)םרג65 לקמ לע הפוצמ הלפוס YUKKI     ‬",2026,24,4
501421,"‭(52)םרג65 לקמ לע הפוצמ הלפוס YUKKI     ‬",2026,25,8
501421,"‭(52)םרג65 לקמ לע הפוצמ הלפוס YUKKI     ‬",2026,26,6
501421,"‭(52)םרג65 לקמ לע הפוצמ הלפוס YUKKI     ‬",2026,27,7.81
501421,"‭(52)םרג65 לקמ לע הפוצמ הלפוס YUKKI     ‬",2026,28,6.81
501421,"‭(52)םרג65 לקמ לע הפוצמ הלפוס YUKKI     ‬",2026,29,8.1
501421,"‭(52)םרג65 לקמ לע הפוצמ הלפוס YUKKI     ‬",2026,30,6.52
501421,"‭(52)םרג65 לקמ לע הפוצמ הלפוס YUKKI     ‬",2026,32,8
501423,"‭RUD(36)רג75 ןבל דלוקוש קוטסיפ ESKIMOS    ‬",2025,38,2
501423,"‭RUD(36)רג75 ןבל דלוקוש קוטסיפ ESKIMOS    ‬",2026,25,1
501423,"‭RUD(36)רג75 ןבל דלוקוש קוטסיפ ESKIMOS    ‬",2026,28,2
501423,"‭RUD(36)רג75 ןבל דלוקוש קוטסיפ ESKIMOS    ‬",2026,29,1
501423,"‭RUD(36)רג75 ןבל דלוקוש קוטסיפ ESKIMOS    ‬",2026,32,1
501424,"‭(25) םרג65 לקמ לע הפוצמ לינו SVALYA    ‬",2025,33,2
501424,"‭(25) םרג65 לקמ לע הפוצמ לינו SVALYA    ‬",2025,34,1
501425,"‭(25) םרג65 לקמ לע הפוצמ דלוקוש SVALYA    ‬",2025,34,1
501427,"‭48)RUD)רג70 לינו לוגע ןוגלש PLOMBIR №1    ‬",2026,23,1
501427,"‭48)RUD)רג70 לינו לוגע ןוגלש PLOMBIR №1    ‬",2026,27,1
501427,"‭48)RUD)רג70 לינו לוגע ןוגלש PLOMBIR №1    ‬",2026,28,1
501428,"‭48)RUD)רג70 דלוקוש לוגע ןוגלש PLOMBIR №1    ‬",2026,15,2
501428,"‭48)RUD)רג70 דלוקוש לוגע ןוגלש PLOMBIR №1    ‬",2026,16,6
501428,"‭48)RUD)רג70 דלוקוש לוגע ןוגלש PLOMBIR №1    ‬",2026,17,9
501428,"‭48)RUD)רג70 דלוקוש לוגע ןוגלש PLOMBIR №1    ‬",2026,18,6
501428,"‭48)RUD)רג70 דלוקוש לוגע ןוגלש PLOMBIR №1    ‬",2026,19,2
501428,"‭48)RUD)רג70 דלוקוש לוגע ןוגלש PLOMBIR №1    ‬",2026,20,3
501428,"‭48)RUD)רג70 דלוקוש לוגע ןוגלש PLOMBIR №1    ‬",2026,21,3
501428,"‭48)RUD)רג70 דלוקוש לוגע ןוגלש PLOMBIR №1    ‬",2026,22,3
501428,"‭48)RUD)רג70 דלוקוש לוגע ןוגלש PLOMBIR №1    ‬",2026,23,6
501428,"‭48)RUD)רג70 דלוקוש לוגע ןוגלש PLOMBIR №1    ‬",2026,24,6
501428,"‭48)RUD)רג70 דלוקוש לוגע ןוגלש PLOMBIR №1    ‬",2026,25,3
501428,"‭48)RUD)רג70 דלוקוש לוגע ןוגלש PLOMBIR №1    ‬",2026,26,3
501428,"‭48)RUD)רג70 דלוקוש לוגע ןוגלש PLOMBIR №1    ‬",2026,27,7
501428,"‭48)RUD)רג70 דלוקוש לוגע ןוגלש PLOMBIR №1    ‬",2026,28,4
501428,"‭48)RUD)רג70 דלוקוש לוגע ןוגלש PLOMBIR №1    ‬",2026,29,5.92
501428,"‭48)RUD)רג70 דלוקוש לוגע ןוגלש PLOMBIR №1    ‬",2026,30,5
501428,"‭48)RUD)רג70 דלוקוש לוגע ןוגלש PLOMBIR №1    ‬",2026,31,1
501428,"‭48)RUD)רג70 דלוקוש לוגע ןוגלש PLOMBIR №1    ‬",2026,32,3
501429,"‭36)RUD)רג70 לינו ומיקסא PLOMBIR №1    ‬",2026,13,1
501429,"‭36)RUD)רג70 לינו ומיקסא PLOMBIR №1    ‬",2026,14,1
501429,"‭36)RUD)רג70 לינו ומיקסא PLOMBIR №1    ‬",2026,15,1
501429,"‭36)RUD)רג70 לינו ומיקסא PLOMBIR №1    ‬",2026,16,6
501429,"‭36)RUD)רג70 לינו ומיקסא PLOMBIR №1    ‬",2026,17,2
501429,"‭36)RUD)רג70 לינו ומיקסא PLOMBIR №1    ‬",2026,18,4
501429,"‭36)RUD)רג70 לינו ומיקסא PLOMBIR №1    ‬",2026,19,2
501429,"‭36)RUD)רג70 לינו ומיקסא PLOMBIR №1    ‬",2026,20,2
501429,"‭36)RUD)רג70 לינו ומיקסא PLOMBIR №1    ‬",2026,21,6
501429,"‭36)RUD)רג70 לינו ומיקסא PLOMBIR №1    ‬",2026,22,1
501429,"‭36)RUD)רג70 לינו ומיקסא PLOMBIR №1    ‬",2026,23,5
501429,"‭36)RUD)רג70 לינו ומיקסא PLOMBIR №1    ‬",2026,24,2
501429,"‭36)RUD)רג70 לינו ומיקסא PLOMBIR №1    ‬",2026,25,4
501429,"‭36)RUD)רג70 לינו ומיקסא PLOMBIR №1    ‬",2026,26,1
501429,"‭36)RUD)רג70 לינו ומיקסא PLOMBIR №1    ‬",2026,27,4
501429,"‭36)RUD)רג70 לינו ומיקסא PLOMBIR №1    ‬",2026,28,3
501429,"‭36)RUD)רג70 לינו ומיקסא PLOMBIR №1    ‬",2026,29,2
501601,"‭RUD(48) רג90 'ץיוודנס םיקומיצ םע לינו    ‬",2026,26,1
501601,"‭RUD(48) רג90 'ץיוודנס םיקומיצ םע לינו    ‬",2026,28,2
501601,"‭RUD(48) רג90 'ץיוודנס םיקומיצ םע לינו    ‬",2026,29,1
501601,"‭RUD(48) רג90 'ץיוודנס םיקומיצ םע לינו    ‬",2026,30,1
501603,"‭RUD(48) רג90 ""1 סמ ריבמולפ"" 'ץיוודנס לינו    ‬",2026,28,3
501604,"‭(44) םרג 80 'ץיוודנס לינו YUKKI    ‬",2025,33,31.36
501604,"‭(44) םרג 80 'ץיוודנס לינו YUKKI    ‬",2025,34,48.09
501604,"‭(44) םרג 80 'ץיוודנס לינו YUKKI    ‬",2025,35,32.41
501604,"‭(44) םרג 80 'ץיוודנס לינו YUKKI    ‬",2025,36,40.77
501604,"‭(44) םרג 80 'ץיוודנס לינו YUKKI    ‬",2025,37,25.09
501604,"‭(44) םרג 80 'ץיוודנס לינו YUKKI    ‬",2025,38,49.14
501604,"‭(44) םרג 80 'ץיוודנס לינו YUKKI    ‬",2025,39,26.14
501604,"‭(44) םרג 80 'ץיוודנס לינו YUKKI    ‬",2025,40,30.32
501604,"‭(44) םרג 80 'ץיוודנס לינו YUKKI    ‬",2025,41,27.18
501604,"‭(44) םרג 80 'ץיוודנס לינו YUKKI    ‬",2025,42,44.95
501604,"‭(44) םרג 80 'ץיוודנס לינו YUKKI    ‬",2025,43,34.5
501604,"‭(44) םרג 80 'ץיוודנס לינו YUKKI    ‬",2025,44,33.45
501604,"‭(44) םרג 80 'ץיוודנס לינו YUKKI    ‬",2025,45,39.73
501604,"‭(44) םרג 80 'ץיוודנס לינו YUKKI    ‬",2025,46,46
501604,"‭(44) םרג 80 'ץיוודנס לינו YUKKI    ‬",2025,47,26.14
501604,"‭(44) םרג 80 'ץיוודנס לינו YUKKI    ‬",2025,48,16.73
501604,"‭(44) םרג 80 'ץיוודנס לינו YUKKI    ‬",2025,49,23
501604,"‭(44) םרג 80 'ץיוודנס לינו YUKKI    ‬",2025,50,20.91
501604,"‭(44) םרג 80 'ץיוודנס לינו YUKKI    ‬",2025,51,26.14
501604,"‭(44) םרג 80 'ץיוודנס לינו YUKKI    ‬",2025,52,23
501604,"‭(44) םרג 80 'ץיוודנס לינו YUKKI    ‬",2025,53,4.18
501604,"‭(44) םרג 80 'ץיוודנס לינו YUKKI    ‬",2026,2,29.27
501604,"‭(44) םרג 80 'ץיוודנס לינו YUKKI    ‬",2026,3,21.95
501604,"‭(44) םרג 80 'ץיוודנס לינו YUKKI    ‬",2026,4,12.55
501604,"‭(44) םרג 80 'ץיוודנס לינו YUKKI    ‬",2026,5,14.64
501604,"‭(44) םרג 80 'ץיוודנס לינו YUKKI    ‬",2026,6,30.32
501604,"‭(44) םרג 80 'ץיוודנס לינו YUKKI    ‬",2026,7,20.91
501604,"‭(44) םרג 80 'ץיוודנס לינו YUKKI    ‬",2026,8,27.8
501604,"‭(44) םרג 80 'ץיוודנס לינו YUKKI    ‬",2026,9,24.55
501604,"‭(44) םרג 80 'ץיוודנס לינו YUKKI    ‬",2026,10,18.41
501604,"‭(44) םרג 80 'ץיוודנס לינו YUKKI    ‬",2026,11,29.66
501604,"‭(44) םרג 80 'ץיוודנס לינו YUKKI    ‬",2026,12,27.61
501604,"‭(44) םרג 80 'ץיוודנס לינו YUKKI    ‬",2026,13,15.34
501604,"‭(44) םרג 80 'ץיוודנס לינו YUKKI    ‬",2026,14,4.09
501604,"‭(44) םרג 80 'ץיוודנס לינו YUKKI    ‬",2026,15,16.36
501604,"‭(44) םרג 80 'ץיוודנס לינו YUKKI    ‬",2026,16,47.05
501604,"‭(44) םרג 80 'ץיוודנס לינו YUKKI    ‬",2026,17,32.73
501604,"‭(44) םרג 80 'ץיוודנס לינו YUKKI    ‬",2026,18,40.91
501604,"‭(44) םרג 80 'ץיוודנס לינו YUKKI    ‬",2026,19,26.07
501604,"‭(44) םרג 80 'ץיוודנס לינו YUKKI    ‬",2026,20,49
501604,"‭(44) םרג 80 'ץיוודנס לינו YUKKI    ‬",2026,21,40
501604,"‭(44) םרג 80 'ץיוודנס לינו YUKKI    ‬",2026,22,41
501604,"‭(44) םרג 80 'ץיוודנס לינו YUKKI    ‬",2026,23,50.18
501604,"‭(44) םרג 80 'ץיוודנס לינו YUKKI    ‬",2026,24,36
501604,"‭(44) םרג 80 'ץיוודנס לינו YUKKI    ‬",2026,25,41.18
501604,"‭(44) םרג 80 'ץיוודנס לינו YUKKI    ‬",2026,26,30.09
501604,"‭(44) םרג 80 'ץיוודנס לינו YUKKI    ‬",2026,27,49.27
501604,"‭(44) םרג 80 'ץיוודנס לינו YUKKI    ‬",2026,28,43.5
501604,"‭(44) םרג 80 'ץיוודנס לינו YUKKI    ‬",2026,29,43.43
501604,"‭(44) םרג 80 'ץיוודנס לינו YUKKI    ‬",2026,30,42.55
501604,"‭(44) םרג 80 'ץיוודנס לינו YUKKI    ‬",2026,31,25.09
501604,"‭(44) םרג 80 'ץיוודנס לינו YUKKI    ‬",2026,32,50.41
501605,"‭(45) םרג 80 'ץיוודנס דלוקוש YUKKI    ‬",2025,33,6.13
501605,"‭(45) םרג 80 'ץיוודנס דלוקוש YUKKI    ‬",2025,34,9.2
501605,"‭(45) םרג 80 'ץיוודנס דלוקוש YUKKI    ‬",2025,35,3.07
501605,"‭(45) םרג 80 'ץיוודנס דלוקוש YUKKI    ‬",2025,36,2.04
501605,"‭(45) םרג 80 'ץיוודנס דלוקוש YUKKI    ‬",2025,37,3.07
501605,"‭(45) םרג 80 'ץיוודנס דלוקוש YUKKI    ‬",2025,38,7.16
501605,"‭(45) םרג 80 'ץיוודנס דלוקוש YUKKI    ‬",2025,39,2.04
501605,"‭(45) םרג 80 'ץיוודנס דלוקוש YUKKI    ‬",2025,40,4.09
501605,"‭(45) םרג 80 'ץיוודנס דלוקוש YUKKI    ‬",2025,42,10.22
501605,"‭(45) םרג 80 'ץיוודנס דלוקוש YUKKI    ‬",2025,44,2.04
501605,"‭(45) םרג 80 'ץיוודנס דלוקוש YUKKI    ‬",2025,45,3.07
501605,"‭(45) םרג 80 'ץיוודנס דלוקוש YUKKI    ‬",2025,46,2.04
501605,"‭(45) םרג 80 'ץיוודנס דלוקוש YUKKI    ‬",2025,47,2.04
501605,"‭(45) םרג 80 'ץיוודנס דלוקוש YUKKI    ‬",2025,48,1.02
501605,"‭(45) םרג 80 'ץיוודנס דלוקוש YUKKI    ‬",2025,49,4.09
501605,"‭(45) םרג 80 'ץיוודנס דלוקוש YUKKI    ‬",2025,50,1.02
501605,"‭(45) םרג 80 'ץיוודנס דלוקוש YUKKI    ‬",2025,51,4.09
501605,"‭(45) םרג 80 'ץיוודנס דלוקוש YUKKI    ‬",2025,52,2.04
501605,"‭(45) םרג 80 'ץיוודנס דלוקוש YUKKI    ‬",2025,53,2.04
501605,"‭(45) םרג 80 'ץיוודנס דלוקוש YUKKI    ‬",2026,2,4.09
501605,"‭(45) םרג 80 'ץיוודנס דלוקוש YUKKI    ‬",2026,3,3.07
501605,"‭(45) םרג 80 'ץיוודנס דלוקוש YUKKI    ‬",2026,4,4.09
501605,"‭(45) םרג 80 'ץיוודנס דלוקוש YUKKI    ‬",2026,5,1.02
501605,"‭(45) םרג 80 'ץיוודנס דלוקוש YUKKI    ‬",2026,7,3.07
501605,"‭(45) םרג 80 'ץיוודנס דלוקוש YUKKI    ‬",2026,8,4.09
501605,"‭(45) םרג 80 'ץיוודנס דלוקוש YUKKI    ‬",2026,9,3.07
501605,"‭(45) םרג 80 'ץיוודנס דלוקוש YUKKI    ‬",2026,11,3.07
501605,"‭(45) םרג 80 'ץיוודנס דלוקוש YUKKI    ‬",2026,12,4.09
501605,"‭(45) םרג 80 'ץיוודנס דלוקוש YUKKI    ‬",2026,13,1.02
501605,"‭(45) םרג 80 'ץיוודנס דלוקוש YUKKI    ‬",2026,14,1.02
501605,"‭(45) םרג 80 'ץיוודנס דלוקוש YUKKI    ‬",2026,15,3.07
501605,"‭(45) םרג 80 'ץיוודנס דלוקוש YUKKI    ‬",2026,16,12.27
501605,"‭(45) םרג 80 'ץיוודנס דלוקוש YUKKI    ‬",2026,17,6.13
501605,"‭(45) םרג 80 'ץיוודנס דלוקוש YUKKI    ‬",2026,18,8.18
501605,"‭(45) םרג 80 'ץיוודנס דלוקוש YUKKI    ‬",2026,19,4.09
501605,"‭(45) םרג 80 'ץיוודנס דלוקוש YUKKI    ‬",2026,20,5.11
501605,"‭(45) םרג 80 'ץיוודנס דלוקוש YUKKI    ‬",2026,21,2.04
501605,"‭(45) םרג 80 'ץיוודנס דלוקוש YUKKI    ‬",2026,22,7.07
501605,"‭(45) םרג 80 'ץיוודנס דלוקוש YUKKI    ‬",2026,23,5
501605,"‭(45) םרג 80 'ץיוודנס דלוקוש YUKKI    ‬",2026,24,2
501605,"‭(45) םרג 80 'ץיוודנס דלוקוש YUKKI    ‬",2026,25,12
501605,"‭(45) םרג 80 'ץיוודנס דלוקוש YUKKI    ‬",2026,26,6
501605,"‭(45) םרג 80 'ץיוודנס דלוקוש YUKKI    ‬",2026,27,7
501605,"‭(45) םרג 80 'ץיוודנס דלוקוש YUKKI    ‬",2026,28,2
501605,"‭(45) םרג 80 'ץיוודנס דלוקוש YUKKI    ‬",2026,29,4.2
501605,"‭(45) םרג 80 'ץיוודנס דלוקוש YUKKI    ‬",2026,30,3.8
501605,"‭(45) םרג 80 'ץיוודנס דלוקוש YUKKI    ‬",2026,31,3
501605,"‭(45) םרג 80 'ץיוודנס דלוקוש YUKKI    ‬",2026,32,4
501606,"‭RUD(27) רג75 'ץיוודנס BISCWICH לינו    ‬",2025,33,3
501606,"‭RUD(27) רג75 'ץיוודנס BISCWICH לינו    ‬",2025,34,2
501606,"‭RUD(27) רג75 'ץיוודנס BISCWICH לינו    ‬",2025,35,2.56
501606,"‭RUD(27) רג75 'ץיוודנס BISCWICH לינו    ‬",2025,36,2
501606,"‭RUD(27) רג75 'ץיוודנס BISCWICH לינו    ‬",2025,37,1
501606,"‭RUD(27) רג75 'ץיוודנס BISCWICH לינו    ‬",2025,38,5
501606,"‭RUD(27) רג75 'ץיוודנס BISCWICH לינו    ‬",2025,40,2
501606,"‭RUD(27) רג75 'ץיוודנס BISCWICH לינו    ‬",2025,41,3
501606,"‭RUD(27) רג75 'ץיוודנס BISCWICH לינו    ‬",2025,44,7
501606,"‭RUD(27) רג75 'ץיוודנס BISCWICH לינו    ‬",2025,45,2
501606,"‭RUD(27) רג75 'ץיוודנס BISCWICH לינו    ‬",2025,46,1
501606,"‭RUD(27) רג75 'ץיוודנס BISCWICH לינו    ‬",2025,47,4
501606,"‭RUD(27) רג75 'ץיוודנס BISCWICH לינו    ‬",2025,48,1
501606,"‭RUD(27) רג75 'ץיוודנס BISCWICH לינו    ‬",2025,52,2
501606,"‭RUD(27) רג75 'ץיוודנס BISCWICH לינו    ‬",2026,4,4
501606,"‭RUD(27) רג75 'ץיוודנס BISCWICH לינו    ‬",2026,5,1
501606,"‭RUD(27) רג75 'ץיוודנס BISCWICH לינו    ‬",2026,6,1
501606,"‭RUD(27) רג75 'ץיוודנס BISCWICH לינו    ‬",2026,8,2
501606,"‭RUD(27) רג75 'ץיוודנס BISCWICH לינו    ‬",2026,9,3
501606,"‭RUD(27) רג75 'ץיוודנס BISCWICH לינו    ‬",2026,10,1
501606,"‭RUD(27) רג75 'ץיוודנס BISCWICH לינו    ‬",2026,11,2
501606,"‭RUD(27) רג75 'ץיוודנס BISCWICH לינו    ‬",2026,13,1
501606,"‭RUD(27) רג75 'ץיוודנס BISCWICH לינו    ‬",2026,15,1
501606,"‭RUD(27) רג75 'ץיוודנס BISCWICH לינו    ‬",2026,16,7
501606,"‭RUD(27) רג75 'ץיוודנס BISCWICH לינו    ‬",2026,17,1
501606,"‭RUD(27) רג75 'ץיוודנס BISCWICH לינו    ‬",2026,18,4
501606,"‭RUD(27) רג75 'ץיוודנס BISCWICH לינו    ‬",2026,20,3
501606,"‭RUD(27) רג75 'ץיוודנס BISCWICH לינו    ‬",2026,22,3
501606,"‭RUD(27) רג75 'ץיוודנס BISCWICH לינו    ‬",2026,23,5
501606,"‭RUD(27) רג75 'ץיוודנס BISCWICH לינו    ‬",2026,24,1
501606,"‭RUD(27) רג75 'ץיוודנס BISCWICH לינו    ‬",2026,25,1
501606,"‭RUD(27) רג75 'ץיוודנס BISCWICH לינו    ‬",2026,26,2
501606,"‭RUD(27) רג75 'ץיוודנס BISCWICH לינו    ‬",2026,27,2
501606,"‭RUD(27) רג75 'ץיוודנס BISCWICH לינו    ‬",2026,28,4
501606,"‭RUD(27) רג75 'ץיוודנס BISCWICH לינו    ‬",2026,29,4
501606,"‭RUD(27) רג75 'ץיוודנס BISCWICH לינו    ‬",2026,30,2
501606,"‭RUD(27) רג75 'ץיוודנס BISCWICH לינו    ‬",2026,31,1
501606,"‭RUD(27) רג75 'ץיוודנס BISCWICH לינו    ‬",2026,32,3
501607,"‭RUD(16) רג80 הפוצמ 'ץיוודנס COOLWICH לינו    ‬",2025,33,3
501607,"‭RUD(16) רג80 הפוצמ 'ץיוודנס COOLWICH לינו    ‬",2025,34,3
501607,"‭RUD(16) רג80 הפוצמ 'ץיוודנס COOLWICH לינו    ‬",2025,35,4.56
501607,"‭RUD(16) רג80 הפוצמ 'ץיוודנס COOLWICH לינו    ‬",2025,36,3
501607,"‭RUD(16) רג80 הפוצמ 'ץיוודנס COOLWICH לינו    ‬",2025,37,1
501607,"‭RUD(16) רג80 הפוצמ 'ץיוודנס COOLWICH לינו    ‬",2025,38,3
501607,"‭RUD(16) רג80 הפוצמ 'ץיוודנס COOLWICH לינו    ‬",2025,40,3
501607,"‭RUD(16) רג80 הפוצמ 'ץיוודנס COOLWICH לינו    ‬",2025,41,1
501607,"‭RUD(16) רג80 הפוצמ 'ץיוודנס COOLWICH לינו    ‬",2025,42,5
501607,"‭RUD(16) רג80 הפוצמ 'ץיוודנס COOLWICH לינו    ‬",2025,43,5
501607,"‭RUD(16) רג80 הפוצמ 'ץיוודנס COOLWICH לינו    ‬",2025,44,7
501607,"‭RUD(16) רג80 הפוצמ 'ץיוודנס COOLWICH לינו    ‬",2025,45,1
501607,"‭RUD(16) רג80 הפוצמ 'ץיוודנס COOLWICH לינו    ‬",2025,47,6
501607,"‭RUD(16) רג80 הפוצמ 'ץיוודנס COOLWICH לינו    ‬",2025,48,1
501607,"‭RUD(16) רג80 הפוצמ 'ץיוודנס COOLWICH לינו    ‬",2025,51,3
501607,"‭RUD(16) רג80 הפוצמ 'ץיוודנס COOLWICH לינו    ‬",2025,52,3
501607,"‭RUD(16) רג80 הפוצמ 'ץיוודנס COOLWICH לינו    ‬",2026,2,3
501607,"‭RUD(16) רג80 הפוצמ 'ץיוודנס COOLWICH לינו    ‬",2026,3,1
501607,"‭RUD(16) רג80 הפוצמ 'ץיוודנס COOLWICH לינו    ‬",2026,4,2
501607,"‭RUD(16) רג80 הפוצמ 'ץיוודנס COOLWICH לינו    ‬",2026,5,1
501607,"‭RUD(16) רג80 הפוצמ 'ץיוודנס COOLWICH לינו    ‬",2026,6,2
501607,"‭RUD(16) רג80 הפוצמ 'ץיוודנס COOLWICH לינו    ‬",2026,7,4
501607,"‭RUD(16) רג80 הפוצמ 'ץיוודנס COOLWICH לינו    ‬",2026,8,2
501607,"‭RUD(16) רג80 הפוצמ 'ץיוודנס COOLWICH לינו    ‬",2026,9,3
501607,"‭RUD(16) רג80 הפוצמ 'ץיוודנס COOLWICH לינו    ‬",2026,10,1
501607,"‭RUD(16) רג80 הפוצמ 'ץיוודנס COOLWICH לינו    ‬",2026,11,2
501607,"‭RUD(16) רג80 הפוצמ 'ץיוודנס COOLWICH לינו    ‬",2026,25,1
501607,"‭RUD(16) רג80 הפוצמ 'ץיוודנס COOLWICH לינו    ‬",2026,29,1
501608,"‭RUD(24) רג80 'ץיוודנס SHUGILIDA לינו    ‬",2025,33,1
501608,"‭RUD(24) רג80 'ץיוודנס SHUGILIDA לינו    ‬",2025,34,1
501608,"‭RUD(24) רג80 'ץיוודנס SHUGILIDA לינו    ‬",2025,36,3
501608,"‭RUD(24) רג80 'ץיוודנס SHUGILIDA לינו    ‬",2025,37,2
501608,"‭RUD(24) רג80 'ץיוודנס SHUGILIDA לינו    ‬",2025,38,7
501608,"‭RUD(24) רג80 'ץיוודנס SHUGILIDA לינו    ‬",2025,39,1
501608,"‭RUD(24) רג80 'ץיוודנס SHUGILIDA לינו    ‬",2025,40,1
501608,"‭RUD(24) רג80 'ץיוודנס SHUGILIDA לינו    ‬",2025,41,5
501608,"‭RUD(24) רג80 'ץיוודנס SHUGILIDA לינו    ‬",2025,42,2
501608,"‭RUD(24) רג80 'ץיוודנס SHUGILIDA לינו    ‬",2025,43,2
501608,"‭RUD(24) רג80 'ץיוודנס SHUGILIDA לינו    ‬",2025,44,6
501608,"‭RUD(24) רג80 'ץיוודנס SHUGILIDA לינו    ‬",2025,46,2
501608,"‭RUD(24) רג80 'ץיוודנס SHUGILIDA לינו    ‬",2025,47,2
501608,"‭RUD(24) רג80 'ץיוודנס SHUGILIDA לינו    ‬",2025,48,1
501608,"‭RUD(24) רג80 'ץיוודנס SHUGILIDA לינו    ‬",2025,49,4
501608,"‭RUD(24) רג80 'ץיוודנס SHUGILIDA לינו    ‬",2025,50,1
501608,"‭RUD(24) רג80 'ץיוודנס SHUGILIDA לינו    ‬",2025,52,4
501608,"‭RUD(24) רג80 'ץיוודנס SHUGILIDA לינו    ‬",2026,2,4
501608,"‭RUD(24) רג80 'ץיוודנס SHUGILIDA לינו    ‬",2026,3,1
501608,"‭RUD(24) רג80 'ץיוודנס SHUGILIDA לינו    ‬",2026,6,2
501608,"‭RUD(24) רג80 'ץיוודנס SHUGILIDA לינו    ‬",2026,7,2
501608,"‭RUD(24) רג80 'ץיוודנס SHUGILIDA לינו    ‬",2026,8,5
501608,"‭RUD(24) רג80 'ץיוודנס SHUGILIDA לינו    ‬",2026,9,2
501608,"‭RUD(24) רג80 'ץיוודנס SHUGILIDA לינו    ‬",2026,10,1
501608,"‭RUD(24) רג80 'ץיוודנס SHUGILIDA לינו    ‬",2026,11,3
501608,"‭RUD(24) רג80 'ץיוודנס SHUGILIDA לינו    ‬",2026,13,1
501608,"‭RUD(24) רג80 'ץיוודנס SHUGILIDA לינו    ‬",2026,15,2
501608,"‭RUD(24) רג80 'ץיוודנס SHUGILIDA לינו    ‬",2026,16,5
501608,"‭RUD(24) רג80 'ץיוודנס SHUGILIDA לינו    ‬",2026,17,5
501608,"‭RUD(24) רג80 'ץיוודנס SHUGILIDA לינו    ‬",2026,18,8
501608,"‭RUD(24) רג80 'ץיוודנס SHUGILIDA לינו    ‬",2026,19,1
501608,"‭RUD(24) רג80 'ץיוודנס SHUGILIDA לינו    ‬",2026,20,2
501608,"‭RUD(24) רג80 'ץיוודנס SHUGILIDA לינו    ‬",2026,21,1
501608,"‭RUD(24) רג80 'ץיוודנס SHUGILIDA לינו    ‬",2026,22,5
501608,"‭RUD(24) רג80 'ץיוודנס SHUGILIDA לינו    ‬",2026,23,5
501608,"‭RUD(24) רג80 'ץיוודנס SHUGILIDA לינו    ‬",2026,24,3
501608,"‭RUD(24) רג80 'ץיוודנס SHUGILIDA לינו    ‬",2026,25,3
501608,"‭RUD(24) רג80 'ץיוודנס SHUGILIDA לינו    ‬",2026,26,2
501608,"‭RUD(24) רג80 'ץיוודנס SHUGILIDA לינו    ‬",2026,27,6
501608,"‭RUD(24) רג80 'ץיוודנס SHUGILIDA לינו    ‬",2026,28,4
501608,"‭RUD(24) רג80 'ץיוודנס SHUGILIDA לינו    ‬",2026,29,5
501608,"‭RUD(24) רג80 'ץיוודנס SHUGILIDA לינו    ‬",2026,31,3
501608,"‭RUD(24) רג80 'ץיוודנס SHUGILIDA לינו    ‬",2026,32,9
501609,"‭RUD(24) רג80 'ץיוודנס UGILIDA דלוקושו לינו    ‬",2025,33,2
501609,"‭RUD(24) רג80 'ץיוודנס UGILIDA דלוקושו לינו    ‬",2025,34,1
501609,"‭RUD(24) רג80 'ץיוודנס UGILIDA דלוקושו לינו    ‬",2025,35,2
501609,"‭RUD(24) רג80 'ץיוודנס UGILIDA דלוקושו לינו    ‬",2025,36,6
501609,"‭RUD(24) רג80 'ץיוודנס UGILIDA דלוקושו לינו    ‬",2025,37,1
501609,"‭RUD(24) רג80 'ץיוודנס UGILIDA דלוקושו לינו    ‬",2025,38,4
501609,"‭RUD(24) רג80 'ץיוודנס UGILIDA דלוקושו לינו    ‬",2025,39,1
501609,"‭RUD(24) רג80 'ץיוודנס UGILIDA דלוקושו לינו    ‬",2025,40,2
501609,"‭RUD(24) רג80 'ץיוודנס UGILIDA דלוקושו לינו    ‬",2025,41,2
501609,"‭RUD(24) רג80 'ץיוודנס UGILIDA דלוקושו לינו    ‬",2025,42,3
501609,"‭RUD(24) רג80 'ץיוודנס UGILIDA דלוקושו לינו    ‬",2025,43,3
501609,"‭RUD(24) רג80 'ץיוודנס UGILIDA דלוקושו לינו    ‬",2025,44,5
501609,"‭RUD(24) רג80 'ץיוודנס UGILIDA דלוקושו לינו    ‬",2025,45,2
501609,"‭RUD(24) רג80 'ץיוודנס UGILIDA דלוקושו לינו    ‬",2025,46,2
501609,"‭RUD(24) רג80 'ץיוודנס UGILIDA דלוקושו לינו    ‬",2025,48,2
501609,"‭RUD(24) רג80 'ץיוודנס UGILIDA דלוקושו לינו    ‬",2025,50,1
501609,"‭RUD(24) רג80 'ץיוודנס UGILIDA דלוקושו לינו    ‬",2025,51,1
501609,"‭RUD(24) רג80 'ץיוודנס UGILIDA דלוקושו לינו    ‬",2025,52,2
501609,"‭RUD(24) רג80 'ץיוודנס UGILIDA דלוקושו לינו    ‬",2026,2,3
501609,"‭RUD(24) רג80 'ץיוודנס UGILIDA דלוקושו לינו    ‬",2026,4,1
501609,"‭RUD(24) רג80 'ץיוודנס UGILIDA דלוקושו לינו    ‬",2026,5,1
501609,"‭RUD(24) רג80 'ץיוודנס UGILIDA דלוקושו לינו    ‬",2026,7,2
501609,"‭RUD(24) רג80 'ץיוודנס UGILIDA דלוקושו לינו    ‬",2026,8,3
501609,"‭RUD(24) רג80 'ץיוודנס UGILIDA דלוקושו לינו    ‬",2026,9,3
501609,"‭RUD(24) רג80 'ץיוודנס UGILIDA דלוקושו לינו    ‬",2026,11,2
501609,"‭RUD(24) רג80 'ץיוודנס UGILIDA דלוקושו לינו    ‬",2026,12,1
501609,"‭RUD(24) רג80 'ץיוודנס UGILIDA דלוקושו לינו    ‬",2026,15,2
501609,"‭RUD(24) רג80 'ץיוודנס UGILIDA דלוקושו לינו    ‬",2026,16,5
501609,"‭RUD(24) רג80 'ץיוודנס UGILIDA דלוקושו לינו    ‬",2026,17,2
501609,"‭RUD(24) רג80 'ץיוודנס UGILIDA דלוקושו לינו    ‬",2026,18,6
501609,"‭RUD(24) רג80 'ץיוודנס UGILIDA דלוקושו לינו    ‬",2026,19,2
501609,"‭RUD(24) רג80 'ץיוודנס UGILIDA דלוקושו לינו    ‬",2026,20,3
501609,"‭RUD(24) רג80 'ץיוודנס UGILIDA דלוקושו לינו    ‬",2026,22,3
501609,"‭RUD(24) רג80 'ץיוודנס UGILIDA דלוקושו לינו    ‬",2026,23,6
501609,"‭RUD(24) רג80 'ץיוודנס UGILIDA דלוקושו לינו    ‬",2026,24,2
501609,"‭RUD(24) רג80 'ץיוודנס UGILIDA דלוקושו לינו    ‬",2026,25,3
501609,"‭RUD(24) רג80 'ץיוודנס UGILIDA דלוקושו לינו    ‬",2026,26,1
501609,"‭RUD(24) רג80 'ץיוודנס UGILIDA דלוקושו לינו    ‬",2026,27,8
501609,"‭RUD(24) רג80 'ץיוודנס UGILIDA דלוקושו לינו    ‬",2026,28,3
501609,"‭RUD(24) רג80 'ץיוודנס UGILIDA דלוקושו לינו    ‬",2026,29,2
501609,"‭RUD(24) רג80 'ץיוודנס UGILIDA דלוקושו לינו    ‬",2026,30,1
501609,"‭RUD(24) רג80 'ץיוודנס UGILIDA דלוקושו לינו    ‬",2026,31,2
501609,"‭RUD(24) רג80 'ץיוודנס UGILIDA דלוקושו לינו    ‬",2026,32,4
501610,"‭RUD(48) ג80 'ץיוודנס לינו PLOMBIR №1    ‬",2025,33,1
501610,"‭RUD(48) ג80 'ץיוודנס לינו PLOMBIR №1    ‬",2025,34,2
501610,"‭RUD(48) ג80 'ץיוודנס לינו PLOMBIR №1    ‬",2025,36,2
501610,"‭RUD(48) ג80 'ץיוודנס לינו PLOMBIR №1    ‬",2025,38,1
501610,"‭RUD(48) ג80 'ץיוודנס לינו PLOMBIR №1    ‬",2025,39,1
501610,"‭RUD(48) ג80 'ץיוודנס לינו PLOMBIR №1    ‬",2025,40,4
501610,"‭RUD(48) ג80 'ץיוודנס לינו PLOMBIR №1    ‬",2025,41,1
501610,"‭RUD(48) ג80 'ץיוודנס לינו PLOMBIR №1    ‬",2025,42,4
501610,"‭RUD(48) ג80 'ץיוודנס לינו PLOMBIR №1    ‬",2025,44,1
501610,"‭RUD(48) ג80 'ץיוודנס לינו PLOMBIR №1    ‬",2025,46,1
501610,"‭RUD(48) ג80 'ץיוודנס לינו PLOMBIR №1    ‬",2025,47,3
501610,"‭RUD(48) ג80 'ץיוודנס לינו PLOMBIR №1    ‬",2025,48,3
501610,"‭RUD(48) ג80 'ץיוודנס לינו PLOMBIR №1    ‬",2025,49,1
501610,"‭RUD(48) ג80 'ץיוודנס לינו PLOMBIR №1    ‬",2025,50,2
501610,"‭RUD(48) ג80 'ץיוודנס לינו PLOMBIR №1    ‬",2025,51,1
501610,"‭RUD(48) ג80 'ץיוודנס לינו PLOMBIR №1    ‬",2025,52,2
501610,"‭RUD(48) ג80 'ץיוודנס לינו PLOMBIR №1    ‬",2026,2,2
501610,"‭RUD(48) ג80 'ץיוודנס לינו PLOMBIR №1    ‬",2026,3,2
501610,"‭RUD(48) ג80 'ץיוודנס לינו PLOMBIR №1    ‬",2026,5,1
501610,"‭RUD(48) ג80 'ץיוודנס לינו PLOMBIR №1    ‬",2026,6,3
501610,"‭RUD(48) ג80 'ץיוודנס לינו PLOMBIR №1    ‬",2026,7,1
501610,"‭RUD(48) ג80 'ץיוודנס לינו PLOMBIR №1    ‬",2026,8,1
501610,"‭RUD(48) ג80 'ץיוודנס לינו PLOMBIR №1    ‬",2026,10,2
501610,"‭RUD(48) ג80 'ץיוודנס לינו PLOMBIR №1    ‬",2026,11,1
501610,"‭RUD(48) ג80 'ץיוודנס לינו PLOMBIR №1    ‬",2026,12,1
501610,"‭RUD(48) ג80 'ץיוודנס לינו PLOMBIR №1    ‬",2026,13,1
501610,"‭RUD(48) ג80 'ץיוודנס לינו PLOMBIR №1    ‬",2026,15,1
501610,"‭RUD(48) ג80 'ץיוודנס לינו PLOMBIR №1    ‬",2026,16,2
501610,"‭RUD(48) ג80 'ץיוודנס לינו PLOMBIR №1    ‬",2026,17,4
501610,"‭RUD(48) ג80 'ץיוודנס לינו PLOMBIR №1    ‬",2026,18,4
501610,"‭RUD(48) ג80 'ץיוודנס לינו PLOMBIR №1    ‬",2026,19,2
501610,"‭RUD(48) ג80 'ץיוודנס לינו PLOMBIR №1    ‬",2026,20,2
501610,"‭RUD(48) ג80 'ץיוודנס לינו PLOMBIR №1    ‬",2026,21,1
501610,"‭RUD(48) ג80 'ץיוודנס לינו PLOMBIR №1    ‬",2026,22,1
501610,"‭RUD(48) ג80 'ץיוודנס לינו PLOMBIR №1    ‬",2026,23,4
501610,"‭RUD(48) ג80 'ץיוודנס לינו PLOMBIR №1    ‬",2026,24,1
501610,"‭RUD(48) ג80 'ץיוודנס לינו PLOMBIR №1    ‬",2026,25,5
501610,"‭RUD(48) ג80 'ץיוודנס לינו PLOMBIR №1    ‬",2026,26,3
501610,"‭RUD(48) ג80 'ץיוודנס לינו PLOMBIR №1    ‬",2026,27,3
501610,"‭RUD(48) ג80 'ץיוודנס לינו PLOMBIR №1    ‬",2026,28,1
501610,"‭RUD(48) ג80 'ץיוודנס לינו PLOMBIR №1    ‬",2026,29,3
501610,"‭RUD(48) ג80 'ץיוודנס לינו PLOMBIR №1    ‬",2026,30,1
501610,"‭RUD(48) ג80 'ץיוודנס לינו PLOMBIR №1    ‬",2026,31,1
501610,"‭RUD(48) ג80 'ץיוודנס לינו PLOMBIR №1    ‬",2026,32,4
501611,"‭(45) םרג 50 'ץיוודנס MINI לינו YUKKI    ‬",2025,46,1
501611,"‭(45) םרג 50 'ץיוודנס MINI לינו YUKKI    ‬",2026,8,1
501611,"‭(45) םרג 50 'ץיוודנס MINI לינו YUKKI    ‬",2026,9,1
501611,"‭(45) םרג 50 'ץיוודנס MINI לינו YUKKI    ‬",2026,15,1
501611,"‭(45) םרג 50 'ץיוודנס MINI לינו YUKKI    ‬",2026,19,1
501611,"‭(45) םרג 50 'ץיוודנס MINI לינו YUKKI    ‬",2026,21,1
501800,"‭RUD(40) םרג85 וגנמו קסרפא DEFRUDA טברש ןוגלש‬",2025,33,2
501800,"‭RUD(40) םרג85 וגנמו קסרפא DEFRUDA טברש ןוגלש‬",2025,34,8
501800,"‭RUD(40) םרג85 וגנמו קסרפא DEFRUDA טברש ןוגלש‬",2025,35,3
501800,"‭RUD(40) םרג85 וגנמו קסרפא DEFRUDA טברש ןוגלש‬",2025,36,6
501800,"‭RUD(40) םרג85 וגנמו קסרפא DEFRUDA טברש ןוגלש‬",2025,37,7
501800,"‭RUD(40) םרג85 וגנמו קסרפא DEFRUDA טברש ןוגלש‬",2025,38,12
501800,"‭RUD(40) םרג85 וגנמו קסרפא DEFRUDA טברש ןוגלש‬",2025,39,2
501800,"‭RUD(40) םרג85 וגנמו קסרפא DEFRUDA טברש ןוגלש‬",2025,40,8
501800,"‭RUD(40) םרג85 וגנמו קסרפא DEFRUDA טברש ןוגלש‬",2025,41,6
501800,"‭RUD(40) םרג85 וגנמו קסרפא DEFRUDA טברש ןוגלש‬",2025,42,4
501800,"‭RUD(40) םרג85 וגנמו קסרפא DEFRUDA טברש ןוגלש‬",2025,43,3
501800,"‭RUD(40) םרג85 וגנמו קסרפא DEFRUDA טברש ןוגלש‬",2025,44,9
501800,"‭RUD(40) םרג85 וגנמו קסרפא DEFRUDA טברש ןוגלש‬",2025,45,4
501800,"‭RUD(40) םרג85 וגנמו קסרפא DEFRUDA טברש ןוגלש‬",2025,46,8.85
501800,"‭RUD(40) םרג85 וגנמו קסרפא DEFRUDA טברש ןוגלש‬",2025,47,3
501800,"‭RUD(40) םרג85 וגנמו קסרפא DEFRUDA טברש ןוגלש‬",2025,48,7
501800,"‭RUD(40) םרג85 וגנמו קסרפא DEFRUDA טברש ןוגלש‬",2025,49,1
501800,"‭RUD(40) םרג85 וגנמו קסרפא DEFRUDA טברש ןוגלש‬",2025,50,5
501800,"‭RUD(40) םרג85 וגנמו קסרפא DEFRUDA טברש ןוגלש‬",2025,52,4
501800,"‭RUD(40) םרג85 וגנמו קסרפא DEFRUDA טברש ןוגלש‬",2026,2,1
501800,"‭RUD(40) םרג85 וגנמו קסרפא DEFRUDA טברש ןוגלש‬",2026,3,2
501800,"‭RUD(40) םרג85 וגנמו קסרפא DEFRUDA טברש ןוגלש‬",2026,4,3
501800,"‭RUD(40) םרג85 וגנמו קסרפא DEFRUDA טברש ןוגלש‬",2026,5,3
501800,"‭RUD(40) םרג85 וגנמו קסרפא DEFRUDA טברש ןוגלש‬",2026,6,3
501800,"‭RUD(40) םרג85 וגנמו קסרפא DEFRUDA טברש ןוגלש‬",2026,7,3
501800,"‭RUD(40) םרג85 וגנמו קסרפא DEFRUDA טברש ןוגלש‬",2026,8,7
501800,"‭RUD(40) םרג85 וגנמו קסרפא DEFRUDA טברש ןוגלש‬",2026,9,1
501800,"‭RUD(40) םרג85 וגנמו קסרפא DEFRUDA טברש ןוגלש‬",2026,10,1
501800,"‭RUD(40) םרג85 וגנמו קסרפא DEFRUDA טברש ןוגלש‬",2026,11,3
501800,"‭RUD(40) םרג85 וגנמו קסרפא DEFRUDA טברש ןוגלש‬",2026,12,2
501800,"‭RUD(40) םרג85 וגנמו קסרפא DEFRUDA טברש ןוגלש‬",2026,13,4
501800,"‭RUD(40) םרג85 וגנמו קסרפא DEFRUDA טברש ןוגלש‬",2026,14,3
501800,"‭RUD(40) םרג85 וגנמו קסרפא DEFRUDA טברש ןוגלש‬",2026,15,6
501800,"‭RUD(40) םרג85 וגנמו קסרפא DEFRUDA טברש ןוגלש‬",2026,16,9
501800,"‭RUD(40) םרג85 וגנמו קסרפא DEFRUDA טברש ןוגלש‬",2026,17,6
501800,"‭RUD(40) םרג85 וגנמו קסרפא DEFRUDA טברש ןוגלש‬",2026,18,7
501800,"‭RUD(40) םרג85 וגנמו קסרפא DEFRUDA טברש ןוגלש‬",2026,19,5
501800,"‭RUD(40) םרג85 וגנמו קסרפא DEFRUDA טברש ןוגלש‬",2026,20,6
501800,"‭RUD(40) םרג85 וגנמו קסרפא DEFRUDA טברש ןוגלש‬",2026,21,3
501800,"‭RUD(40) םרג85 וגנמו קסרפא DEFRUDA טברש ןוגלש‬",2026,22,9
501800,"‭RUD(40) םרג85 וגנמו קסרפא DEFRUDA טברש ןוגלש‬",2026,23,11
501800,"‭RUD(40) םרג85 וגנמו קסרפא DEFRUDA טברש ןוגלש‬",2026,24,5
501800,"‭RUD(40) םרג85 וגנמו קסרפא DEFRUDA טברש ןוגלש‬",2026,25,8
501800,"‭RUD(40) םרג85 וגנמו קסרפא DEFRUDA טברש ןוגלש‬",2026,26,2
501800,"‭RUD(40) םרג85 וגנמו קסרפא DEFRUDA טברש ןוגלש‬",2026,27,10
501800,"‭RUD(40) םרג85 וגנמו קסרפא DEFRUDA טברש ןוגלש‬",2026,28,10
501800,"‭RUD(40) םרג85 וגנמו קסרפא DEFRUDA טברש ןוגלש‬",2026,29,2.98
501800,"‭RUD(40) םרג85 וגנמו קסרפא DEFRUDA טברש ןוגלש‬",2026,30,3
501800,"‭RUD(40) םרג85 וגנמו קסרפא DEFRUDA טברש ןוגלש‬",2026,31,6
501800,"‭RUD(40) םרג85 וגנמו קסרפא DEFRUDA טברש ןוגלש‬",2026,32,4
501801,"‭RUD(40) םרג85 תולוחכו תורוחש תוינמכוא DEFRUDA טברש ןוגלש‬",2025,33,6
501801,"‭RUD(40) םרג85 תולוחכו תורוחש תוינמכוא DEFRUDA טברש ןוגלש‬",2025,34,15
501801,"‭RUD(40) םרג85 תולוחכו תורוחש תוינמכוא DEFRUDA טברש ןוגלש‬",2025,35,7
501801,"‭RUD(40) םרג85 תולוחכו תורוחש תוינמכוא DEFRUDA טברש ןוגלש‬",2025,36,8
501801,"‭RUD(40) םרג85 תולוחכו תורוחש תוינמכוא DEFRUDA טברש ןוגלש‬",2025,37,9
501801,"‭RUD(40) םרג85 תולוחכו תורוחש תוינמכוא DEFRUDA טברש ןוגלש‬",2025,38,12
501801,"‭RUD(40) םרג85 תולוחכו תורוחש תוינמכוא DEFRUDA טברש ןוגלש‬",2025,39,9
501801,"‭RUD(40) םרג85 תולוחכו תורוחש תוינמכוא DEFRUDA טברש ןוגלש‬",2025,40,7
501801,"‭RUD(40) םרג85 תולוחכו תורוחש תוינמכוא DEFRUDA טברש ןוגלש‬",2025,41,6
501801,"‭RUD(40) םרג85 תולוחכו תורוחש תוינמכוא DEFRUDA טברש ןוגלש‬",2025,42,9
501801,"‭RUD(40) םרג85 תולוחכו תורוחש תוינמכוא DEFRUDA טברש ןוגלש‬",2025,43,2
501801,"‭RUD(40) םרג85 תולוחכו תורוחש תוינמכוא DEFRUDA טברש ןוגלש‬",2025,44,9
501801,"‭RUD(40) םרג85 תולוחכו תורוחש תוינמכוא DEFRUDA טברש ןוגלש‬",2025,45,7.15
501801,"‭RUD(40) םרג85 תולוחכו תורוחש תוינמכוא DEFRUDA טברש ןוגלש‬",2025,46,7.85
501801,"‭RUD(40) םרג85 תולוחכו תורוחש תוינמכוא DEFRUDA טברש ןוגלש‬",2025,47,6.85
501801,"‭RUD(40) םרג85 תולוחכו תורוחש תוינמכוא DEFRUDA טברש ןוגלש‬",2025,48,9
501801,"‭RUD(40) םרג85 תולוחכו תורוחש תוינמכוא DEFRUDA טברש ןוגלש‬",2025,49,3
501801,"‭RUD(40) םרג85 תולוחכו תורוחש תוינמכוא DEFRUDA טברש ןוגלש‬",2025,50,5
501801,"‭RUD(40) םרג85 תולוחכו תורוחש תוינמכוא DEFRUDA טברש ןוגלש‬",2025,51,5
501801,"‭RUD(40) םרג85 תולוחכו תורוחש תוינמכוא DEFRUDA טברש ןוגלש‬",2025,52,4
501801,"‭RUD(40) םרג85 תולוחכו תורוחש תוינמכוא DEFRUDA טברש ןוגלש‬",2026,2,9
501801,"‭RUD(40) םרג85 תולוחכו תורוחש תוינמכוא DEFRUDA טברש ןוגלש‬",2026,3,1
501801,"‭RUD(40) םרג85 תולוחכו תורוחש תוינמכוא DEFRUDA טברש ןוגלש‬",2026,4,4
501801,"‭RUD(40) םרג85 תולוחכו תורוחש תוינמכוא DEFRUDA טברש ןוגלש‬",2026,5,3
501801,"‭RUD(40) םרג85 תולוחכו תורוחש תוינמכוא DEFRUDA טברש ןוגלש‬",2026,6,7
501801,"‭RUD(40) םרג85 תולוחכו תורוחש תוינמכוא DEFRUDA טברש ןוגלש‬",2026,7,5
501801,"‭RUD(40) םרג85 תולוחכו תורוחש תוינמכוא DEFRUDA טברש ןוגלש‬",2026,8,5
501801,"‭RUD(40) םרג85 תולוחכו תורוחש תוינמכוא DEFRUDA טברש ןוגלש‬",2026,9,7
501801,"‭RUD(40) םרג85 תולוחכו תורוחש תוינמכוא DEFRUDA טברש ןוגלש‬",2026,10,4
501801,"‭RUD(40) םרג85 תולוחכו תורוחש תוינמכוא DEFRUDA טברש ןוגלש‬",2026,11,9
501801,"‭RUD(40) םרג85 תולוחכו תורוחש תוינמכוא DEFRUDA טברש ןוגלש‬",2026,12,3
501801,"‭RUD(40) םרג85 תולוחכו תורוחש תוינמכוא DEFRUDA טברש ןוגלש‬",2026,13,2
501801,"‭RUD(40) םרג85 תולוחכו תורוחש תוינמכוא DEFRUDA טברש ןוגלש‬",2026,14,2
501801,"‭RUD(40) םרג85 תולוחכו תורוחש תוינמכוא DEFRUDA טברש ןוגלש‬",2026,15,4
501801,"‭RUD(40) םרג85 תולוחכו תורוחש תוינמכוא DEFRUDA טברש ןוגלש‬",2026,16,8
501801,"‭RUD(40) םרג85 תולוחכו תורוחש תוינמכוא DEFRUDA טברש ןוגלש‬",2026,17,4
501801,"‭RUD(40) םרג85 תולוחכו תורוחש תוינמכוא DEFRUDA טברש ןוגלש‬",2026,18,8
501801,"‭RUD(40) םרג85 תולוחכו תורוחש תוינמכוא DEFRUDA טברש ןוגלש‬",2026,19,1
501801,"‭RUD(40) םרג85 תולוחכו תורוחש תוינמכוא DEFRUDA טברש ןוגלש‬",2026,20,10
501801,"‭RUD(40) םרג85 תולוחכו תורוחש תוינמכוא DEFRUDA טברש ןוגלש‬",2026,21,5
501801,"‭RUD(40) םרג85 תולוחכו תורוחש תוינמכוא DEFRUDA טברש ןוגלש‬",2026,22,8
501801,"‭RUD(40) םרג85 תולוחכו תורוחש תוינמכוא DEFRUDA טברש ןוגלש‬",2026,23,14
501801,"‭RUD(40) םרג85 תולוחכו תורוחש תוינמכוא DEFRUDA טברש ןוגלש‬",2026,24,4
501801,"‭RUD(40) םרג85 תולוחכו תורוחש תוינמכוא DEFRUDA טברש ןוגלש‬",2026,25,12
501801,"‭RUD(40) םרג85 תולוחכו תורוחש תוינמכוא DEFRUDA טברש ןוגלש‬",2026,26,9
501801,"‭RUD(40) םרג85 תולוחכו תורוחש תוינמכוא DEFRUDA טברש ןוגלש‬",2026,27,8
501801,"‭RUD(40) םרג85 תולוחכו תורוחש תוינמכוא DEFRUDA טברש ןוגלש‬",2026,28,8
501801,"‭RUD(40) םרג85 תולוחכו תורוחש תוינמכוא DEFRUDA טברש ןוגלש‬",2026,29,10.93
501801,"‭RUD(40) םרג85 תולוחכו תורוחש תוינמכוא DEFRUDA טברש ןוגלש‬",2026,30,6
501801,"‭RUD(40) םרג85 תולוחכו תורוחש תוינמכוא DEFRUDA טברש ןוגלש‬",2026,31,4
501801,"‭RUD(40) םרג85 תולוחכו תורוחש תוינמכוא DEFRUDA טברש ןוגלש‬",2026,32,9
501802,"‭RUD(40) םרג85 םיילו ןולמ DEFRUDA טברש ןוגלש‬",2025,33,4
501802,"‭RUD(40) םרג85 םיילו ןולמ DEFRUDA טברש ןוגלש‬",2025,34,9
501802,"‭RUD(40) םרג85 םיילו ןולמ DEFRUDA טברש ןוגלש‬",2025,35,5
501802,"‭RUD(40) םרג85 םיילו ןולמ DEFRUDA טברש ןוגלש‬",2025,36,5
501802,"‭RUD(40) םרג85 םיילו ןולמ DEFRUDA טברש ןוגלש‬",2025,37,3
501802,"‭RUD(40) םרג85 םיילו ןולמ DEFRUDA טברש ןוגלש‬",2025,38,4
501802,"‭RUD(40) םרג85 םיילו ןולמ DEFRUDA טברש ןוגלש‬",2025,39,2
501802,"‭RUD(40) םרג85 םיילו ןולמ DEFRUDA טברש ןוגלש‬",2025,40,2
501802,"‭RUD(40) םרג85 םיילו ןולמ DEFRUDA טברש ןוגלש‬",2025,41,2
501802,"‭RUD(40) םרג85 םיילו ןולמ DEFRUDA טברש ןוגלש‬",2025,42,4
501802,"‭RUD(40) םרג85 םיילו ןולמ DEFRUDA טברש ןוגלש‬",2025,43,5
501802,"‭RUD(40) םרג85 םיילו ןולמ DEFRUDA טברש ןוגלש‬",2025,45,2
501802,"‭RUD(40) םרג85 םיילו ןולמ DEFRUDA טברש ןוגלש‬",2025,47,2
501802,"‭RUD(40) םרג85 םיילו ןולמ DEFRUDA טברש ןוגלש‬",2025,48,2
501802,"‭RUD(40) םרג85 םיילו ןולמ DEFRUDA טברש ןוגלש‬",2025,49,1
501802,"‭RUD(40) םרג85 םיילו ןולמ DEFRUDA טברש ןוגלש‬",2025,50,1
501802,"‭RUD(40) םרג85 םיילו ןולמ DEFRUDA טברש ןוגלש‬",2025,52,2
501802,"‭RUD(40) םרג85 םיילו ןולמ DEFRUDA טברש ןוגלש‬",2026,2,4
501802,"‭RUD(40) םרג85 םיילו ןולמ DEFRUDA טברש ןוגלש‬",2026,3,3
501802,"‭RUD(40) םרג85 םיילו ןולמ DEFRUDA טברש ןוגלש‬",2026,7,3
501802,"‭RUD(40) םרג85 םיילו ןולמ DEFRUDA טברש ןוגלש‬",2026,8,5
501802,"‭RUD(40) םרג85 םיילו ןולמ DEFRUDA טברש ןוגלש‬",2026,9,1
501802,"‭RUD(40) םרג85 םיילו ןולמ DEFRUDA טברש ןוגלש‬",2026,10,1
501802,"‭RUD(40) םרג85 םיילו ןולמ DEFRUDA טברש ןוגלש‬",2026,11,3
501802,"‭RUD(40) םרג85 םיילו ןולמ DEFRUDA טברש ןוגלש‬",2026,12,1
501802,"‭RUD(40) םרג85 םיילו ןולמ DEFRUDA טברש ןוגלש‬",2026,13,1
501802,"‭RUD(40) םרג85 םיילו ןולמ DEFRUDA טברש ןוגלש‬",2026,15,1
501802,"‭RUD(40) םרג85 םיילו ןולמ DEFRUDA טברש ןוגלש‬",2026,16,4
501802,"‭RUD(40) םרג85 םיילו ןולמ DEFRUDA טברש ןוגלש‬",2026,17,1
501802,"‭RUD(40) םרג85 םיילו ןולמ DEFRUDA טברש ןוגלש‬",2026,18,4
501802,"‭RUD(40) םרג85 םיילו ןולמ DEFRUDA טברש ןוגלש‬",2026,19,6
501802,"‭RUD(40) םרג85 םיילו ןולמ DEFRUDA טברש ןוגלש‬",2026,20,2
501802,"‭RUD(40) םרג85 םיילו ןולמ DEFRUDA טברש ןוגלש‬",2026,21,1
501802,"‭RUD(40) םרג85 םיילו ןולמ DEFRUDA טברש ןוגלש‬",2026,22,1
501802,"‭RUD(40) םרג85 םיילו ןולמ DEFRUDA טברש ןוגלש‬",2026,23,2
501802,"‭RUD(40) םרג85 םיילו ןולמ DEFRUDA טברש ןוגלש‬",2026,24,1
501802,"‭RUD(40) םרג85 םיילו ןולמ DEFRUDA טברש ןוגלש‬",2026,25,9
501802,"‭RUD(40) םרג85 םיילו ןולמ DEFRUDA טברש ןוגלש‬",2026,26,7
501802,"‭RUD(40) םרג85 םיילו ןולמ DEFRUDA טברש ןוגלש‬",2026,27,1
501802,"‭RUD(40) םרג85 םיילו ןולמ DEFRUDA טברש ןוגלש‬",2026,28,7
501802,"‭RUD(40) םרג85 םיילו ןולמ DEFRUDA טברש ןוגלש‬",2026,29,4
501802,"‭RUD(40) םרג85 םיילו ןולמ DEFRUDA טברש ןוגלש‬",2026,31,2
501802,"‭RUD(40) םרג85 םיילו ןולמ DEFRUDA טברש ןוגלש‬",2026,32,3
501803,"‭40) RUD) םרג85 סוקוק סננא DEFRUDA טברש ןוגלש‬",2025,33,5
501803,"‭40) RUD) םרג85 סוקוק סננא DEFRUDA טברש ןוגלש‬",2025,34,16
501803,"‭40) RUD) םרג85 סוקוק סננא DEFRUDA טברש ןוגלש‬",2025,35,8
501803,"‭40) RUD) םרג85 סוקוק סננא DEFRUDA טברש ןוגלש‬",2025,36,10
501803,"‭40) RUD) םרג85 סוקוק סננא DEFRUDA טברש ןוגלש‬",2025,37,8
501803,"‭40) RUD) םרג85 סוקוק סננא DEFRUDA טברש ןוגלש‬",2025,38,7
501803,"‭40) RUD) םרג85 סוקוק סננא DEFRUDA טברש ןוגלש‬",2025,39,3
501803,"‭40) RUD) םרג85 סוקוק סננא DEFRUDA טברש ןוגלש‬",2025,40,8
501803,"‭40) RUD) םרג85 סוקוק סננא DEFRUDA טברש ןוגלש‬",2025,41,4
501803,"‭40) RUD) םרג85 סוקוק סננא DEFRUDA טברש ןוגלש‬",2025,42,7
501803,"‭40) RUD) םרג85 סוקוק סננא DEFRUDA טברש ןוגלש‬",2025,43,5
501803,"‭40) RUD) םרג85 סוקוק סננא DEFRUDA טברש ןוגלש‬",2025,44,10
501803,"‭40) RUD) םרג85 סוקוק סננא DEFRUDA טברש ןוגלש‬",2025,45,7
501803,"‭40) RUD) םרג85 סוקוק סננא DEFRUDA טברש ןוגלש‬",2025,46,5
501803,"‭40) RUD) םרג85 סוקוק סננא DEFRUDA טברש ןוגלש‬",2025,47,3
501803,"‭40) RUD) םרג85 סוקוק סננא DEFRUDA טברש ןוגלש‬",2025,48,2.85
501803,"‭40) RUD) םרג85 סוקוק סננא DEFRUDA טברש ןוגלש‬",2025,49,2
501803,"‭40) RUD) םרג85 סוקוק סננא DEFRUDA טברש ןוגלש‬",2025,50,4
501803,"‭40) RUD) םרג85 סוקוק סננא DEFRUDA טברש ןוגלש‬",2025,51,1
501803,"‭40) RUD) םרג85 סוקוק סננא DEFRUDA טברש ןוגלש‬",2025,52,6
501803,"‭40) RUD) םרג85 סוקוק סננא DEFRUDA טברש ןוגלש‬",2026,2,3
501803,"‭40) RUD) םרג85 סוקוק סננא DEFRUDA טברש ןוגלש‬",2026,3,4
501803,"‭40) RUD) םרג85 סוקוק סננא DEFRUDA טברש ןוגלש‬",2026,4,1
501803,"‭40) RUD) םרג85 סוקוק סננא DEFRUDA טברש ןוגלש‬",2026,5,1
501803,"‭40) RUD) םרג85 סוקוק סננא DEFRUDA טברש ןוגלש‬",2026,6,6
501803,"‭40) RUD) םרג85 סוקוק סננא DEFRUDA טברש ןוגלש‬",2026,7,4
501803,"‭40) RUD) םרג85 סוקוק סננא DEFRUDA טברש ןוגלש‬",2026,8,5
501803,"‭40) RUD) םרג85 סוקוק סננא DEFRUDA טברש ןוגלש‬",2026,10,1
501803,"‭40) RUD) םרג85 סוקוק סננא DEFRUDA טברש ןוגלש‬",2026,11,6
501803,"‭40) RUD) םרג85 סוקוק סננא DEFRUDA טברש ןוגלש‬",2026,12,3
501803,"‭40) RUD) םרג85 סוקוק סננא DEFRUDA טברש ןוגלש‬",2026,13,1
501803,"‭40) RUD) םרג85 סוקוק סננא DEFRUDA טברש ןוגלש‬",2026,14,2
501803,"‭40) RUD) םרג85 סוקוק סננא DEFRUDA טברש ןוגלש‬",2026,15,2
501803,"‭40) RUD) םרג85 סוקוק סננא DEFRUDA טברש ןוגלש‬",2026,16,7
501803,"‭40) RUD) םרג85 סוקוק סננא DEFRUDA טברש ןוגלש‬",2026,17,6
501803,"‭40) RUD) םרג85 סוקוק סננא DEFRUDA טברש ןוגלש‬",2026,18,6
501803,"‭40) RUD) םרג85 סוקוק סננא DEFRUDA טברש ןוגלש‬",2026,19,3
501803,"‭40) RUD) םרג85 סוקוק סננא DEFRUDA טברש ןוגלש‬",2026,20,7
501803,"‭40) RUD) םרג85 סוקוק סננא DEFRUDA טברש ןוגלש‬",2026,22,4
501803,"‭40) RUD) םרג85 סוקוק סננא DEFRUDA טברש ןוגלש‬",2026,23,9
501803,"‭40) RUD) םרג85 סוקוק סננא DEFRUDA טברש ןוגלש‬",2026,24,3
501803,"‭40) RUD) םרג85 סוקוק סננא DEFRUDA טברש ןוגלש‬",2026,25,5
501803,"‭40) RUD) םרג85 סוקוק סננא DEFRUDA טברש ןוגלש‬",2026,26,2
501803,"‭40) RUD) םרג85 סוקוק סננא DEFRUDA טברש ןוגלש‬",2026,27,12
501803,"‭40) RUD) םרג85 סוקוק סננא DEFRUDA טברש ןוגלש‬",2026,28,5
501803,"‭40) RUD) םרג85 סוקוק סננא DEFRUDA טברש ןוגלש‬",2026,29,1.08
501803,"‭40) RUD) םרג85 סוקוק סננא DEFRUDA טברש ןוגלש‬",2026,30,2.8
501803,"‭40) RUD) םרג85 סוקוק סננא DEFRUDA טברש ןוגלש‬",2026,31,2
501803,"‭40) RUD) םרג85 סוקוק סננא DEFRUDA טברש ןוגלש‬",2026,32,8
501804,"‭40) RUD) םרג85 יוויק הדש תות DEFRUDA טברש ןוגלש‬",2025,33,9
501804,"‭40) RUD) םרג85 יוויק הדש תות DEFRUDA טברש ןוגלש‬",2025,34,13
501804,"‭40) RUD) םרג85 יוויק הדש תות DEFRUDA טברש ןוגלש‬",2025,35,9
501804,"‭40) RUD) םרג85 יוויק הדש תות DEFRUDA טברש ןוגלש‬",2025,36,10
501804,"‭40) RUD) םרג85 יוויק הדש תות DEFRUDA טברש ןוגלש‬",2025,37,4
501804,"‭40) RUD) םרג85 יוויק הדש תות DEFRUDA טברש ןוגלש‬",2025,38,9
501804,"‭40) RUD) םרג85 יוויק הדש תות DEFRUDA טברש ןוגלש‬",2025,39,2
501804,"‭40) RUD) םרג85 יוויק הדש תות DEFRUDA טברש ןוגלש‬",2025,40,5
501804,"‭40) RUD) םרג85 יוויק הדש תות DEFRUDA טברש ןוגלש‬",2025,41,5
501804,"‭40) RUD) םרג85 יוויק הדש תות DEFRUDA טברש ןוגלש‬",2025,42,14
501804,"‭40) RUD) םרג85 יוויק הדש תות DEFRUDA טברש ןוגלש‬",2025,43,6
501804,"‭40) RUD) םרג85 יוויק הדש תות DEFRUDA טברש ןוגלש‬",2025,44,4
501804,"‭40) RUD) םרג85 יוויק הדש תות DEFRUDA טברש ןוגלש‬",2025,45,3
501804,"‭40) RUD) םרג85 יוויק הדש תות DEFRUDA טברש ןוגלש‬",2025,46,5
501804,"‭40) RUD) םרג85 יוויק הדש תות DEFRUDA טברש ןוגלש‬",2025,47,4
501804,"‭40) RUD) םרג85 יוויק הדש תות DEFRUDA טברש ןוגלש‬",2025,48,6.85
501804,"‭40) RUD) םרג85 יוויק הדש תות DEFRUDA טברש ןוגלש‬",2025,49,3
501804,"‭40) RUD) םרג85 יוויק הדש תות DEFRUDA טברש ןוגלש‬",2025,50,2
501804,"‭40) RUD) םרג85 יוויק הדש תות DEFRUDA טברש ןוגלש‬",2025,51,1
501804,"‭40) RUD) םרג85 יוויק הדש תות DEFRUDA טברש ןוגלש‬",2025,52,4
501804,"‭40) RUD) םרג85 יוויק הדש תות DEFRUDA טברש ןוגלש‬",2026,2,6
501804,"‭40) RUD) םרג85 יוויק הדש תות DEFRUDA טברש ןוגלש‬",2026,3,4
501804,"‭40) RUD) םרג85 יוויק הדש תות DEFRUDA טברש ןוגלש‬",2026,4,1
501804,"‭40) RUD) םרג85 יוויק הדש תות DEFRUDA טברש ןוגלש‬",2026,5,1
501804,"‭40) RUD) םרג85 יוויק הדש תות DEFRUDA טברש ןוגלש‬",2026,6,4
501804,"‭40) RUD) םרג85 יוויק הדש תות DEFRUDA טברש ןוגלש‬",2026,7,4
501804,"‭40) RUD) םרג85 יוויק הדש תות DEFRUDA טברש ןוגלש‬",2026,8,3
501804,"‭40) RUD) םרג85 יוויק הדש תות DEFRUDA טברש ןוגלש‬",2026,9,3
501804,"‭40) RUD) םרג85 יוויק הדש תות DEFRUDA טברש ןוגלש‬",2026,10,1
501804,"‭40) RUD) םרג85 יוויק הדש תות DEFRUDA טברש ןוגלש‬",2026,11,1
501804,"‭40) RUD) םרג85 יוויק הדש תות DEFRUDA טברש ןוגלש‬",2026,12,2
501804,"‭40) RUD) םרג85 יוויק הדש תות DEFRUDA טברש ןוגלש‬",2026,13,1
501804,"‭40) RUD) םרג85 יוויק הדש תות DEFRUDA טברש ןוגלש‬",2026,15,2
501804,"‭40) RUD) םרג85 יוויק הדש תות DEFRUDA טברש ןוגלש‬",2026,16,3
501804,"‭40) RUD) םרג85 יוויק הדש תות DEFRUDA טברש ןוגלש‬",2026,17,3
501804,"‭40) RUD) םרג85 יוויק הדש תות DEFRUDA טברש ןוגלש‬",2026,18,3
501804,"‭40) RUD) םרג85 יוויק הדש תות DEFRUDA טברש ןוגלש‬",2026,19,3
501804,"‭40) RUD) םרג85 יוויק הדש תות DEFRUDA טברש ןוגלש‬",2026,20,2
501804,"‭40) RUD) םרג85 יוויק הדש תות DEFRUDA טברש ןוגלש‬",2026,21,3
501804,"‭40) RUD) םרג85 יוויק הדש תות DEFRUDA טברש ןוגלש‬",2026,22,4
501804,"‭40) RUD) םרג85 יוויק הדש תות DEFRUDA טברש ןוגלש‬",2026,23,2
501804,"‭40) RUD) םרג85 יוויק הדש תות DEFRUDA טברש ןוגלש‬",2026,24,9
501804,"‭40) RUD) םרג85 יוויק הדש תות DEFRUDA טברש ןוגלש‬",2026,25,14
501804,"‭40) RUD) םרג85 יוויק הדש תות DEFRUDA טברש ןוגלש‬",2026,26,5
501804,"‭40) RUD) םרג85 יוויק הדש תות DEFRUDA טברש ןוגלש‬",2026,27,5
501804,"‭40) RUD) םרג85 יוויק הדש תות DEFRUDA טברש ןוגלש‬",2026,28,4
501804,"‭40) RUD) םרג85 יוויק הדש תות DEFRUDA טברש ןוגלש‬",2026,29,2.93
501804,"‭40) RUD) םרג85 יוויק הדש תות DEFRUDA טברש ןוגלש‬",2026,30,3
501804,"‭40) RUD) םרג85 יוויק הדש תות DEFRUDA טברש ןוגלש‬",2026,31,1
501804,"‭40) RUD) םרג85 יוויק הדש תות DEFRUDA טברש ןוגלש‬",2026,32,5
501805,"‭40) RUD) םרג85 םייל ןומיל DEFRUDA טברש ןוגלש‬",2025,33,2
501805,"‭40) RUD) םרג85 םייל ןומיל DEFRUDA טברש ןוגלש‬",2025,34,6
501805,"‭40) RUD) םרג85 םייל ןומיל DEFRUDA טברש ןוגלש‬",2025,35,1
501805,"‭40) RUD) םרג85 םייל ןומיל DEFRUDA טברש ןוגלש‬",2025,36,1
501805,"‭40) RUD) םרג85 םייל ןומיל DEFRUDA טברש ןוגלש‬",2025,37,1
501805,"‭40) RUD) םרג85 םייל ןומיל DEFRUDA טברש ןוגלש‬",2025,38,4
501805,"‭40) RUD) םרג85 םייל ןומיל DEFRUDA טברש ןוגלש‬",2025,42,2
501805,"‭40) RUD) םרג85 םייל ןומיל DEFRUDA טברש ןוגלש‬",2025,43,3
501805,"‭40) RUD) םרג85 םייל ןומיל DEFRUDA טברש ןוגלש‬",2025,44,2
501805,"‭40) RUD) םרג85 םייל ןומיל DEFRUDA טברש ןוגלש‬",2025,46,1
501805,"‭40) RUD) םרג85 םייל ןומיל DEFRUDA טברש ןוגלש‬",2025,47,1
501805,"‭40) RUD) םרג85 םייל ןומיל DEFRUDA טברש ןוגלש‬",2025,52,3
501805,"‭40) RUD) םרג85 םייל ןומיל DEFRUDA טברש ןוגלש‬",2026,2,2
501805,"‭40) RUD) םרג85 םייל ןומיל DEFRUDA טברש ןוגלש‬",2026,4,1
501805,"‭40) RUD) םרג85 םייל ןומיל DEFRUDA טברש ןוגלש‬",2026,6,2
501805,"‭40) RUD) םרג85 םייל ןומיל DEFRUDA טברש ןוגלש‬",2026,8,1
501805,"‭40) RUD) םרג85 םייל ןומיל DEFRUDA טברש ןוגלש‬",2026,9,1
501805,"‭40) RUD) םרג85 םייל ןומיל DEFRUDA טברש ןוגלש‬",2026,11,1
501805,"‭40) RUD) םרג85 םייל ןומיל DEFRUDA טברש ןוגלש‬",2026,14,1
501805,"‭40) RUD) םרג85 םייל ןומיל DEFRUDA טברש ןוגלש‬",2026,16,2
501805,"‭40) RUD) םרג85 םייל ןומיל DEFRUDA טברש ןוגלש‬",2026,17,2
501805,"‭40) RUD) םרג85 םייל ןומיל DEFRUDA טברש ןוגלש‬",2026,18,2
501805,"‭40) RUD) םרג85 םייל ןומיל DEFRUDA טברש ןוגלש‬",2026,19,1
501805,"‭40) RUD) םרג85 םייל ןומיל DEFRUDA טברש ןוגלש‬",2026,20,1
501805,"‭40) RUD) םרג85 םייל ןומיל DEFRUDA טברש ןוגלש‬",2026,22,2
501805,"‭40) RUD) םרג85 םייל ןומיל DEFRUDA טברש ןוגלש‬",2026,23,2
501805,"‭40) RUD) םרג85 םייל ןומיל DEFRUDA טברש ןוגלש‬",2026,24,1
501805,"‭40) RUD) םרג85 םייל ןומיל DEFRUDA טברש ןוגלש‬",2026,25,4
501805,"‭40) RUD) םרג85 םייל ןומיל DEFRUDA טברש ןוגלש‬",2026,28,1
501805,"‭40) RUD) םרג85 םייל ןומיל DEFRUDA טברש ןוגלש‬",2026,29,3
501805,"‭40) RUD) םרג85 םייל ןומיל DEFRUDA טברש ןוגלש‬",2026,31,2
501805,"‭40) RUD) םרג85 םייל ןומיל DEFRUDA טברש ןוגלש‬",2026,32,1
501806,"‭(30) םרג70 חיטבא FRUDICE טברש ןוחרק‬",2025,33,7
501806,"‭(30) םרג70 חיטבא FRUDICE טברש ןוחרק‬",2025,34,3.17
501806,"‭(30) םרג70 חיטבא FRUDICE טברש ןוחרק‬",2025,35,2
501806,"‭(30) םרג70 חיטבא FRUDICE טברש ןוחרק‬",2025,36,5
501806,"‭(30) םרג70 חיטבא FRUDICE טברש ןוחרק‬",2025,38,3.17
501806,"‭(30) םרג70 חיטבא FRUDICE טברש ןוחרק‬",2025,39,4
501806,"‭(30) םרג70 חיטבא FRUDICE טברש ןוחרק‬",2025,40,3
501806,"‭(30) םרג70 חיטבא FRUDICE טברש ןוחרק‬",2025,41,2
501806,"‭(30) םרג70 חיטבא FRUDICE טברש ןוחרק‬",2025,42,1
501806,"‭(30) םרג70 חיטבא FRUDICE טברש ןוחרק‬",2025,43,2
501806,"‭(30) םרג70 חיטבא FRUDICE טברש ןוחרק‬",2025,44,1
501806,"‭(30) םרג70 חיטבא FRUDICE טברש ןוחרק‬",2025,45,1.17
501806,"‭(30) םרג70 חיטבא FRUDICE טברש ןוחרק‬",2025,46,1
501806,"‭(30) םרג70 חיטבא FRUDICE טברש ןוחרק‬",2025,47,3
501806,"‭(30) םרג70 חיטבא FRUDICE טברש ןוחרק‬",2025,51,1
501806,"‭(30) םרג70 חיטבא FRUDICE טברש ןוחרק‬",2025,52,1
501806,"‭(30) םרג70 חיטבא FRUDICE טברש ןוחרק‬",2026,3,1
501806,"‭(30) םרג70 חיטבא FRUDICE טברש ןוחרק‬",2026,5,1
501806,"‭(30) םרג70 חיטבא FRUDICE טברש ןוחרק‬",2026,7,2
501806,"‭(30) םרג70 חיטבא FRUDICE טברש ןוחרק‬",2026,8,1
501806,"‭(30) םרג70 חיטבא FRUDICE טברש ןוחרק‬",2026,11,3
501806,"‭(30) םרג70 חיטבא FRUDICE טברש ןוחרק‬",2026,13,1
501806,"‭(30) םרג70 חיטבא FRUDICE טברש ןוחרק‬",2026,14,1
501806,"‭(30) םרג70 חיטבא FRUDICE טברש ןוחרק‬",2026,15,1
501806,"‭(30) םרג70 חיטבא FRUDICE טברש ןוחרק‬",2026,16,1
501806,"‭(30) םרג70 חיטבא FRUDICE טברש ןוחרק‬",2026,20,1
501806,"‭(30) םרג70 חיטבא FRUDICE טברש ןוחרק‬",2026,21,1
501806,"‭(30) םרג70 חיטבא FRUDICE טברש ןוחרק‬",2026,22,2
501806,"‭(30) םרג70 חיטבא FRUDICE טברש ןוחרק‬",2026,23,3.27
501806,"‭(30) םרג70 חיטבא FRUDICE טברש ןוחרק‬",2026,24,1
501806,"‭(30) םרג70 חיטבא FRUDICE טברש ןוחרק‬",2026,26,1
501806,"‭(30) םרג70 חיטבא FRUDICE טברש ןוחרק‬",2026,28,1
501806,"‭(30) םרג70 חיטבא FRUDICE טברש ןוחרק‬",2026,29,1
501807,"‭(40) םרג70 זופת חופת תות FRUDICE טברש ןוחרק‬",2025,33,3
501807,"‭(40) םרג70 זופת חופת תות FRUDICE טברש ןוחרק‬",2025,34,3.25
501807,"‭(40) םרג70 זופת חופת תות FRUDICE טברש ןוחרק‬",2025,35,3
501807,"‭(40) םרג70 זופת חופת תות FRUDICE טברש ןוחרק‬",2025,36,1
501807,"‭(40) םרג70 זופת חופת תות FRUDICE טברש ןוחרק‬",2025,37,1
501807,"‭(40) םרג70 זופת חופת תות FRUDICE טברש ןוחרק‬",2025,38,2.15
501807,"‭(40) םרג70 זופת חופת תות FRUDICE טברש ןוחרק‬",2025,39,3
501807,"‭(40) םרג70 זופת חופת תות FRUDICE טברש ןוחרק‬",2025,41,1
501807,"‭(40) םרג70 זופת חופת תות FRUDICE טברש ןוחרק‬",2025,42,3
501807,"‭(40) םרג70 זופת חופת תות FRUDICE טברש ןוחרק‬",2025,43,2
501807,"‭(40) םרג70 זופת חופת תות FRUDICE טברש ןוחרק‬",2025,44,1
501807,"‭(40) םרג70 זופת חופת תות FRUDICE טברש ןוחרק‬",2025,45,3
501807,"‭(40) םרג70 זופת חופת תות FRUDICE טברש ןוחרק‬",2025,47,1
501807,"‭(40) םרג70 זופת חופת תות FRUDICE טברש ןוחרק‬",2025,48,1
501807,"‭(40) םרג70 זופת חופת תות FRUDICE טברש ןוחרק‬",2025,49,1
501807,"‭(40) םרג70 זופת חופת תות FRUDICE טברש ןוחרק‬",2026,2,1
501807,"‭(40) םרג70 זופת חופת תות FRUDICE טברש ןוחרק‬",2026,7,1
501807,"‭(40) םרג70 זופת חופת תות FRUDICE טברש ןוחרק‬",2026,8,3
501807,"‭(40) םרג70 זופת חופת תות FRUDICE טברש ןוחרק‬",2026,9,1
501807,"‭(40) םרג70 זופת חופת תות FRUDICE טברש ןוחרק‬",2026,11,2
501807,"‭(40) םרג70 זופת חופת תות FRUDICE טברש ןוחרק‬",2026,12,1
501807,"‭(40) םרג70 זופת חופת תות FRUDICE טברש ןוחרק‬",2026,14,1
501807,"‭(40) םרג70 זופת חופת תות FRUDICE טברש ןוחרק‬",2026,15,1
501807,"‭(40) םרג70 זופת חופת תות FRUDICE טברש ןוחרק‬",2026,16,1
501807,"‭(40) םרג70 זופת חופת תות FRUDICE טברש ןוחרק‬",2026,17,4
501807,"‭(40) םרג70 זופת חופת תות FRUDICE טברש ןוחרק‬",2026,19,1
501807,"‭(40) םרג70 זופת חופת תות FRUDICE טברש ןוחרק‬",2026,21,1
501807,"‭(40) םרג70 זופת חופת תות FRUDICE טברש ןוחרק‬",2026,23,2
501807,"‭(40) םרג70 זופת חופת תות FRUDICE טברש ןוחרק‬",2026,24,1
501807,"‭(40) םרג70 זופת חופת תות FRUDICE טברש ןוחרק‬",2026,27,1
501807,"‭(40) םרג70 זופת חופת תות FRUDICE טברש ןוחרק‬",2026,28,1
501807,"‭(40) םרג70 זופת חופת תות FRUDICE טברש ןוחרק‬",2026,29,2
501807,"‭(40) םרג70 זופת חופת תות FRUDICE טברש ןוחרק‬",2026,32,1
501808,"‭(40) םרג70 וגנמ ןומיל סגא FRUDICE טברש ןוחרק‬",2025,33,2
501808,"‭(40) םרג70 וגנמ ןומיל סגא FRUDICE טברש ןוחרק‬",2025,34,2.25
501808,"‭(40) םרג70 וגנמ ןומיל סגא FRUDICE טברש ןוחרק‬",2025,35,5
501808,"‭(40) םרג70 וגנמ ןומיל סגא FRUDICE טברש ןוחרק‬",2025,36,1
501808,"‭(40) םרג70 וגנמ ןומיל סגא FRUDICE טברש ןוחרק‬",2025,37,3
501808,"‭(40) םרג70 וגנמ ןומיל סגא FRUDICE טברש ןוחרק‬",2025,38,1.1
501808,"‭(40) םרג70 וגנמ ןומיל סגא FRUDICE טברש ןוחרק‬",2025,40,1
501808,"‭(40) םרג70 וגנמ ןומיל סגא FRUDICE טברש ןוחרק‬",2025,41,1
501808,"‭(40) םרג70 וגנמ ןומיל סגא FRUDICE טברש ןוחרק‬",2025,42,3
501808,"‭(40) םרג70 וגנמ ןומיל סגא FRUDICE טברש ןוחרק‬",2025,43,2
501808,"‭(40) םרג70 וגנמ ןומיל סגא FRUDICE טברש ןוחרק‬",2025,45,1
501808,"‭(40) םרג70 וגנמ ןומיל סגא FRUDICE טברש ןוחרק‬",2025,47,1
501808,"‭(40) םרג70 וגנמ ןומיל סגא FRUDICE טברש ןוחרק‬",2025,49,1
501808,"‭(40) םרג70 וגנמ ןומיל סגא FRUDICE טברש ןוחרק‬",2026,2,1
501808,"‭(40) םרג70 וגנמ ןומיל סגא FRUDICE טברש ןוחרק‬",2026,3,1
501808,"‭(40) םרג70 וגנמ ןומיל סגא FRUDICE טברש ןוחרק‬",2026,4,1
501808,"‭(40) םרג70 וגנמ ןומיל סגא FRUDICE טברש ןוחרק‬",2026,7,1
501808,"‭(40) םרג70 וגנמ ןומיל סגא FRUDICE טברש ןוחרק‬",2026,8,1
501808,"‭(40) םרג70 וגנמ ןומיל סגא FRUDICE טברש ןוחרק‬",2026,9,1
501808,"‭(40) םרג70 וגנמ ןומיל סגא FRUDICE טברש ןוחרק‬",2026,11,2
501808,"‭(40) םרג70 וגנמ ןומיל סגא FRUDICE טברש ןוחרק‬",2026,15,1
501808,"‭(40) םרג70 וגנמ ןומיל סגא FRUDICE טברש ןוחרק‬",2026,16,1
501808,"‭(40) םרג70 וגנמ ןומיל סגא FRUDICE טברש ןוחרק‬",2026,17,3
501808,"‭(40) םרג70 וגנמ ןומיל סגא FRUDICE טברש ןוחרק‬",2026,19,1
501808,"‭(40) םרג70 וגנמ ןומיל סגא FRUDICE טברש ןוחרק‬",2026,22,1
501808,"‭(40) םרג70 וגנמ ןומיל סגא FRUDICE טברש ןוחרק‬",2026,23,3
501808,"‭(40) םרג70 וגנמ ןומיל סגא FRUDICE טברש ןוחרק‬",2026,24,1
501808,"‭(40) םרג70 וגנמ ןומיל סגא FRUDICE טברש ןוחרק‬",2026,26,1
501808,"‭(40) םרג70 וגנמ ןומיל סגא FRUDICE טברש ןוחרק‬",2026,27,1
501808,"‭(40) םרג70 וגנמ ןומיל סגא FRUDICE טברש ןוחרק‬",2026,28,1
501808,"‭(40) םרג70 וגנמ ןומיל סגא FRUDICE טברש ןוחרק‬",2026,29,1.95
501808,"‭(40) םרג70 וגנמ ןומיל סגא FRUDICE טברש ןוחרק‬",2026,32,2
501900,"‭(15) םרג 80 למרק-לינו MOCHI    ‬",2025,34,1
501900,"‭(15) םרג 80 למרק-לינו MOCHI    ‬",2025,36,1
501900,"‭(15) םרג 80 למרק-לינו MOCHI    ‬",2025,37,3.93
501900,"‭(15) םרג 80 למרק-לינו MOCHI    ‬",2025,40,1
501900,"‭(15) םרג 80 למרק-לינו MOCHI    ‬",2025,41,2
501900,"‭(15) םרג 80 למרק-לינו MOCHI    ‬",2025,42,1
501900,"‭(15) םרג 80 למרק-לינו MOCHI    ‬",2025,43,1
501900,"‭(15) םרג 80 למרק-לינו MOCHI    ‬",2025,44,1
501900,"‭(15) םרג 80 למרק-לינו MOCHI    ‬",2025,46,3
501900,"‭(15) םרג 80 למרק-לינו MOCHI    ‬",2025,52,1
501900,"‭(15) םרג 80 למרק-לינו MOCHI    ‬",2026,8,2
501900,"‭(15) םרג 80 למרק-לינו MOCHI    ‬",2026,9,1
501900,"‭(15) םרג 80 למרק-לינו MOCHI    ‬",2026,10,1
501900,"‭(15) םרג 80 למרק-לינו MOCHI    ‬",2026,11,2
501900,"‭(15) םרג 80 למרק-לינו MOCHI    ‬",2026,12,1
501900,"‭(15) םרג 80 למרק-לינו MOCHI    ‬",2026,13,2
501900,"‭(15) םרג 80 למרק-לינו MOCHI    ‬",2026,17,1
501900,"‭(15) םרג 80 למרק-לינו MOCHI    ‬",2026,25,1
501900,"‭(15) םרג 80 למרק-לינו MOCHI    ‬",2026,32,1
501901,"‭(15) םרג 80 קוטסיפ MOCHI    ‬",2025,35,1
501901,"‭(15) םרג 80 קוטסיפ MOCHI    ‬",2025,36,1
501901,"‭(15) םרג 80 קוטסיפ MOCHI    ‬",2025,37,3.93
501901,"‭(15) םרג 80 קוטסיפ MOCHI    ‬",2025,39,1
501901,"‭(15) םרג 80 קוטסיפ MOCHI    ‬",2025,40,1
501901,"‭(15) םרג 80 קוטסיפ MOCHI    ‬",2025,41,2
501901,"‭(15) םרג 80 קוטסיפ MOCHI    ‬",2025,42,1
501901,"‭(15) םרג 80 קוטסיפ MOCHI    ‬",2025,43,1
501901,"‭(15) םרג 80 קוטסיפ MOCHI    ‬",2025,47,1
501901,"‭(15) םרג 80 קוטסיפ MOCHI    ‬",2025,49,1
501901,"‭(15) םרג 80 קוטסיפ MOCHI    ‬",2025,51,1
501901,"‭(15) םרג 80 קוטסיפ MOCHI    ‬",2026,5,1
501901,"‭(15) םרג 80 קוטסיפ MOCHI    ‬",2026,6,1
501901,"‭(15) םרג 80 קוטסיפ MOCHI    ‬",2026,9,3
501901,"‭(15) םרג 80 קוטסיפ MOCHI    ‬",2026,11,1
501901,"‭(15) םרג 80 קוטסיפ MOCHI    ‬",2026,25,1
501901,"‭(15) םרג 80 קוטסיפ MOCHI    ‬",2026,32,1
501902,"‭(24) םרג 60 חולמ למרק & לינו MACARON    ‬",2025,37,1
501902,"‭(24) םרג 60 חולמ למרק & לינו MACARON    ‬",2025,46,3
501902,"‭(24) םרג 60 חולמ למרק & לינו MACARON    ‬",2025,50,0.96
501902,"‭(24) םרג 60 חולמ למרק & לינו MACARON    ‬",2026,5,1
501902,"‭(24) םרג 60 חולמ למרק & לינו MACARON    ‬",2026,9,1
501902,"‭(24) םרג 60 חולמ למרק & לינו MACARON    ‬",2026,17,1
501902,"‭(24) םרג 60 חולמ למרק & לינו MACARON    ‬",2026,19,1
501902,"‭(24) םרג 60 חולמ למרק & לינו MACARON    ‬",2026,24,1
501902,"‭(24) םרג 60 חולמ למרק & לינו MACARON    ‬",2026,25,1
501902,"‭(24) םרג 60 חולמ למרק & לינו MACARON    ‬",2026,31,2
501902,"‭(24) םרג 60 חולמ למרק & לינו MACARON    ‬",2026,32,2
502000,"‭SVALYA(4) רג400 תיתחפשמ זול יזוגא םע דלוקוש    ‬",2026,28,1
502000,"‭SVALYA(4) רג400 תיתחפשמ זול יזוגא םע דלוקוש    ‬",2026,32,1
502001,"‭(4) םרג400 לינו   SVALYA    ‬",2025,34,2
502001,"‭(4) םרג400 לינו   SVALYA    ‬",2025,37,2
502001,"‭(4) םרג400 לינו   SVALYA    ‬",2025,38,1
502001,"‭(4) םרג400 לינו   SVALYA    ‬",2025,39,2
502001,"‭(4) םרג400 לינו   SVALYA    ‬",2025,40,1
502001,"‭(4) םרג400 לינו   SVALYA    ‬",2025,41,1
502001,"‭(4) םרג400 לינו   SVALYA    ‬",2025,42,4
502001,"‭(4) םרג400 לינו   SVALYA    ‬",2025,43,1
502001,"‭(4) םרג400 לינו   SVALYA    ‬",2025,44,1
502001,"‭(4) םרג400 לינו   SVALYA    ‬",2025,46,3
502001,"‭(4) םרג400 לינו   SVALYA    ‬",2025,47,1
502001,"‭(4) םרג400 לינו   SVALYA    ‬",2025,50,2
502001,"‭(4) םרג400 לינו   SVALYA    ‬",2025,51,1
502001,"‭(4) םרג400 לינו   SVALYA    ‬",2025,52,1
502001,"‭(4) םרג400 לינו   SVALYA    ‬",2026,2,2
502001,"‭(4) םרג400 לינו   SVALYA    ‬",2026,3,1
502001,"‭(4) םרג400 לינו   SVALYA    ‬",2026,4,1
502001,"‭(4) םרג400 לינו   SVALYA    ‬",2026,6,1
502001,"‭(4) םרג400 לינו   SVALYA    ‬",2026,7,1
502001,"‭(4) םרג400 לינו   SVALYA    ‬",2026,8,1
502001,"‭(4) םרג400 לינו   SVALYA    ‬",2026,9,2
502001,"‭(4) םרג400 לינו   SVALYA    ‬",2026,25,2
502001,"‭(4) םרג400 לינו   SVALYA    ‬",2026,28,1
502001,"‭(4) םרג400 לינו   SVALYA    ‬",2026,32,1
502002,"‭(6) םרג400 לינו   YUKKI יתחפשמ    ‬",2025,33,4
502002,"‭(6) םרג400 לינו   YUKKI יתחפשמ    ‬",2025,34,11
502002,"‭(6) םרג400 לינו   YUKKI יתחפשמ    ‬",2025,35,6
502002,"‭(6) םרג400 לינו   YUKKI יתחפשמ    ‬",2025,36,5
502002,"‭(6) םרג400 לינו   YUKKI יתחפשמ    ‬",2025,37,3
502002,"‭(6) םרג400 לינו   YUKKI יתחפשמ    ‬",2025,38,5.33
502002,"‭(6) םרג400 לינו   YUKKI יתחפשמ    ‬",2025,39,3
502002,"‭(6) םרג400 לינו   YUKKI יתחפשמ    ‬",2025,40,4
502002,"‭(6) םרג400 לינו   YUKKI יתחפשמ    ‬",2025,41,7
502002,"‭(6) םרג400 לינו   YUKKI יתחפשמ    ‬",2025,42,16
502002,"‭(6) םרג400 לינו   YUKKI יתחפשמ    ‬",2025,44,5
502002,"‭(6) םרג400 לינו   YUKKI יתחפשמ    ‬",2025,45,4
502002,"‭(6) םרג400 לינו   YUKKI יתחפשמ    ‬",2025,46,3
502002,"‭(6) םרג400 לינו   YUKKI יתחפשמ    ‬",2025,47,0.67
502002,"‭(6) םרג400 לינו   YUKKI יתחפשמ    ‬",2025,48,1
502002,"‭(6) םרג400 לינו   YUKKI יתחפשמ    ‬",2025,49,3
502002,"‭(6) םרג400 לינו   YUKKI יתחפשמ    ‬",2025,50,1
502002,"‭(6) םרג400 לינו   YUKKI יתחפשמ    ‬",2025,51,2
502002,"‭(6) םרג400 לינו   YUKKI יתחפשמ    ‬",2025,52,1
502002,"‭(6) םרג400 לינו   YUKKI יתחפשמ    ‬",2025,53,1
502002,"‭(6) םרג400 לינו   YUKKI יתחפשמ    ‬",2026,2,8
502002,"‭(6) םרג400 לינו   YUKKI יתחפשמ    ‬",2026,3,6
502002,"‭(6) םרג400 לינו   YUKKI יתחפשמ    ‬",2026,4,1
502002,"‭(6) םרג400 לינו   YUKKI יתחפשמ    ‬",2026,5,3
502002,"‭(6) םרג400 לינו   YUKKI יתחפשמ    ‬",2026,6,3
502002,"‭(6) םרג400 לינו   YUKKI יתחפשמ    ‬",2026,7,1
502002,"‭(6) םרג400 לינו   YUKKI יתחפשמ    ‬",2026,8,7
502002,"‭(6) םרג400 לינו   YUKKI יתחפשמ    ‬",2026,9,3
502002,"‭(6) םרג400 לינו   YUKKI יתחפשמ    ‬",2026,10,1
502002,"‭(6) םרג400 לינו   YUKKI יתחפשמ    ‬",2026,11,5
502002,"‭(6) םרג400 לינו   YUKKI יתחפשמ    ‬",2026,12,8
502002,"‭(6) םרג400 לינו   YUKKI יתחפשמ    ‬",2026,13,6
502002,"‭(6) םרג400 לינו   YUKKI יתחפשמ    ‬",2026,14,3
502002,"‭(6) םרג400 לינו   YUKKI יתחפשמ    ‬",2026,15,3
502002,"‭(6) םרג400 לינו   YUKKI יתחפשמ    ‬",2026,16,12
502002,"‭(6) םרג400 לינו   YUKKI יתחפשמ    ‬",2026,17,5
502002,"‭(6) םרג400 לינו   YUKKI יתחפשמ    ‬",2026,18,6
502002,"‭(6) םרג400 לינו   YUKKI יתחפשמ    ‬",2026,19,6
502002,"‭(6) םרג400 לינו   YUKKI יתחפשמ    ‬",2026,20,6
502002,"‭(6) םרג400 לינו   YUKKI יתחפשמ    ‬",2026,21,7
502002,"‭(6) םרג400 לינו   YUKKI יתחפשמ    ‬",2026,22,15
502002,"‭(6) םרג400 לינו   YUKKI יתחפשמ    ‬",2026,23,10
502002,"‭(6) םרג400 לינו   YUKKI יתחפשמ    ‬",2026,24,8
502002,"‭(6) םרג400 לינו   YUKKI יתחפשמ    ‬",2026,25,12
502002,"‭(6) םרג400 לינו   YUKKI יתחפשמ    ‬",2026,26,5
502002,"‭(6) םרג400 לינו   YUKKI יתחפשמ    ‬",2026,27,13
502002,"‭(6) םרג400 לינו   YUKKI יתחפשמ    ‬",2026,28,11
502002,"‭(6) םרג400 לינו   YUKKI יתחפשמ    ‬",2026,29,12
502002,"‭(6) םרג400 לינו   YUKKI יתחפשמ    ‬",2026,30,13
502002,"‭(6) םרג400 לינו   YUKKI יתחפשמ    ‬",2026,31,6
502002,"‭(6) םרג400 לינו   YUKKI יתחפשמ    ‬",2026,32,15.67
502003,"‭DADU(6)רג250 טנייפ מרוקמ םינטובו חולמ למרק לינו  ‬",2025,35,1
502003,"‭DADU(6)רג250 טנייפ מרוקמ םינטובו חולמ למרק לינו  ‬",2025,39,1
502003,"‭DADU(6)רג250 טנייפ מרוקמ םינטובו חולמ למרק לינו  ‬",2025,41,1
502003,"‭DADU(6)רג250 טנייפ מרוקמ םינטובו חולמ למרק לינו  ‬",2025,43,2.33
502003,"‭DADU(6)רג250 טנייפ מרוקמ םינטובו חולמ למרק לינו  ‬",2025,46,1
502003,"‭DADU(6)רג250 טנייפ מרוקמ םינטובו חולמ למרק לינו  ‬",2025,52,2
502003,"‭DADU(6)רג250 טנייפ מרוקמ םינטובו חולמ למרק לינו  ‬",2026,10,2
502003,"‭DADU(6)רג250 טנייפ מרוקמ םינטובו חולמ למרק לינו  ‬",2026,11,1
502003,"‭DADU(6)רג250 טנייפ מרוקמ םינטובו חולמ למרק לינו  ‬",2026,15,1
502003,"‭DADU(6)רג250 טנייפ מרוקמ םינטובו חולמ למרק לינו  ‬",2026,16,2
502003,"‭DADU(6)רג250 טנייפ מרוקמ םינטובו חולמ למרק לינו  ‬",2026,17,1
502003,"‭DADU(6)רג250 טנייפ מרוקמ םינטובו חולמ למרק לינו  ‬",2026,18,2
502003,"‭DADU(6)רג250 טנייפ מרוקמ םינטובו חולמ למרק לינו  ‬",2026,19,2
502003,"‭DADU(6)רג250 טנייפ מרוקמ םינטובו חולמ למרק לינו  ‬",2026,20,2
502003,"‭DADU(6)רג250 טנייפ מרוקמ םינטובו חולמ למרק לינו  ‬",2026,22,4
502003,"‭DADU(6)רג250 טנייפ מרוקמ םינטובו חולמ למרק לינו  ‬",2026,26,1
502003,"‭DADU(6)רג250 טנייפ מרוקמ םינטובו חולמ למרק לינו  ‬",2026,28,2
502003,"‭DADU(6)רג250 טנייפ מרוקמ םינטובו חולמ למרק לינו  ‬",2026,31,2
502003,"‭DADU(6)רג250 טנייפ מרוקמ םינטובו חולמ למרק לינו  ‬",2026,32,2
502004,"‭DADU(6) רג250 טנייפ תויגועו יגלב דלוקוש םע לינו  ‬",2025,34,1
502004,"‭DADU(6) רג250 טנייפ תויגועו יגלב דלוקוש םע לינו  ‬",2025,35,1
502004,"‭DADU(6) רג250 טנייפ תויגועו יגלב דלוקוש םע לינו  ‬",2025,38,1
502004,"‭DADU(6) רג250 טנייפ תויגועו יגלב דלוקוש םע לינו  ‬",2025,40,1
502004,"‭DADU(6) רג250 טנייפ תויגועו יגלב דלוקוש םע לינו  ‬",2025,42,1
502004,"‭DADU(6) רג250 טנייפ תויגועו יגלב דלוקוש םע לינו  ‬",2025,44,1
502004,"‭DADU(6) רג250 טנייפ תויגועו יגלב דלוקוש םע לינו  ‬",2025,47,1
502004,"‭DADU(6) רג250 טנייפ תויגועו יגלב דלוקוש םע לינו  ‬",2025,49,0.5
502004,"‭DADU(6) רג250 טנייפ תויגועו יגלב דלוקוש םע לינו  ‬",2026,3,1
502004,"‭DADU(6) רג250 טנייפ תויגועו יגלב דלוקוש םע לינו  ‬",2026,5,1
502004,"‭DADU(6) רג250 טנייפ תויגועו יגלב דלוקוש םע לינו  ‬",2026,16,2
502004,"‭DADU(6) רג250 טנייפ תויגועו יגלב דלוקוש םע לינו  ‬",2026,17,1
502004,"‭DADU(6) רג250 טנייפ תויגועו יגלב דלוקוש םע לינו  ‬",2026,18,1
502004,"‭DADU(6) רג250 טנייפ תויגועו יגלב דלוקוש םע לינו  ‬",2026,19,1
502004,"‭DADU(6) רג250 טנייפ תויגועו יגלב דלוקוש םע לינו  ‬",2026,20,1
502004,"‭DADU(6) רג250 טנייפ תויגועו יגלב דלוקוש םע לינו  ‬",2026,22,2
502004,"‭DADU(6) רג250 טנייפ תויגועו יגלב דלוקוש םע לינו  ‬",2026,23,1
502004,"‭DADU(6) רג250 טנייפ תויגועו יגלב דלוקוש םע לינו  ‬",2026,28,2
502005,"‭DADU(6)רג310 טנייפ מרוקמ ךלמ זוגא םע לפיימ    ‬",2025,38,1
502005,"‭DADU(6)רג310 טנייפ מרוקמ ךלמ זוגא םע לפיימ    ‬",2025,41,1
502005,"‭DADU(6)רג310 טנייפ מרוקמ ךלמ זוגא םע לפיימ    ‬",2025,42,1
502005,"‭DADU(6)רג310 טנייפ מרוקמ ךלמ זוגא םע לפיימ    ‬",2025,43,1.67
502005,"‭DADU(6)רג310 טנייפ מרוקמ ךלמ זוגא םע לפיימ    ‬",2025,44,1
502005,"‭DADU(6)רג310 טנייפ מרוקמ ךלמ זוגא םע לפיימ    ‬",2025,47,1
502005,"‭DADU(6)רג310 טנייפ מרוקמ ךלמ זוגא םע לפיימ    ‬",2026,3,1
502005,"‭DADU(6)רג310 טנייפ מרוקמ ךלמ זוגא םע לפיימ    ‬",2026,5,1
502005,"‭DADU(6)רג310 טנייפ מרוקמ ךלמ זוגא םע לפיימ    ‬",2026,15,1
502005,"‭DADU(6)רג310 טנייפ מרוקמ ךלמ זוגא םע לפיימ    ‬",2026,16,2
502005,"‭DADU(6)רג310 טנייפ מרוקמ ךלמ זוגא םע לפיימ    ‬",2026,17,1
502005,"‭DADU(6)רג310 טנייפ מרוקמ ךלמ זוגא םע לפיימ    ‬",2026,18,1
502005,"‭DADU(6)רג310 טנייפ מרוקמ ךלמ זוגא םע לפיימ    ‬",2026,20,2
502005,"‭DADU(6)רג310 טנייפ מרוקמ ךלמ זוגא םע לפיימ    ‬",2026,22,2
502005,"‭DADU(6)רג310 טנייפ מרוקמ ךלמ זוגא םע לפיימ    ‬",2026,25,1
502005,"‭DADU(6)רג310 טנייפ מרוקמ ךלמ זוגא םע לפיימ    ‬",2026,31,1
502005,"‭DADU(6)רג310 טנייפ מרוקמ ךלמ זוגא םע לפיימ    ‬",2026,32,2
502006,"‭DADU(6)ג250 טנייפ םיטיווקסיבו למרק םע לינו    ‬",2025,43,1
502006,"‭DADU(6)ג250 טנייפ םיטיווקסיבו למרק םע לינו    ‬",2025,49,0.17
502006,"‭DADU(6)ג250 טנייפ םיטיווקסיבו למרק םע לינו    ‬",2025,52,1
502006,"‭DADU(6)ג250 טנייפ םיטיווקסיבו למרק םע לינו    ‬",2026,3,1
502006,"‭DADU(6)ג250 טנייפ םיטיווקסיבו למרק םע לינו    ‬",2026,4,1
502006,"‭DADU(6)ג250 טנייפ םיטיווקסיבו למרק םע לינו    ‬",2026,9,1
502006,"‭DADU(6)ג250 טנייפ םיטיווקסיבו למרק םע לינו    ‬",2026,10,1
502006,"‭DADU(6)ג250 טנייפ םיטיווקסיבו למרק םע לינו    ‬",2026,15,1
502006,"‭DADU(6)ג250 טנייפ םיטיווקסיבו למרק םע לינו    ‬",2026,16,2
502006,"‭DADU(6)ג250 טנייפ םיטיווקסיבו למרק םע לינו    ‬",2026,18,1
502006,"‭DADU(6)ג250 טנייפ םיטיווקסיבו למרק םע לינו    ‬",2026,19,1
502006,"‭DADU(6)ג250 טנייפ םיטיווקסיבו למרק םע לינו    ‬",2026,20,2
502006,"‭DADU(6)ג250 טנייפ םיטיווקסיבו למרק םע לינו    ‬",2026,22,2
502006,"‭DADU(6)ג250 טנייפ םיטיווקסיבו למרק םע לינו    ‬",2026,25,1
502006,"‭DADU(6)ג250 טנייפ םיטיווקסיבו למרק םע לינו    ‬",2026,28,1
502006,"‭DADU(6)ג250 טנייפ םיטיווקסיבו למרק םע לינו    ‬",2026,31,2
502006,"‭DADU(6)ג250 טנייפ םיטיווקסיבו למרק םע לינו    ‬",2026,32,1
502007,"‭DADU(6)ג325 טנייפ לטפ פוריס שמשמ תוכיתח םע לינו  ‬",2025,49,1
502007,"‭DADU(6)ג325 טנייפ לטפ פוריס שמשמ תוכיתח םע לינו  ‬",2025,50,1
502007,"‭DADU(6)ג325 טנייפ לטפ פוריס שמשמ תוכיתח םע לינו  ‬",2026,7,1
502007,"‭DADU(6)ג325 טנייפ לטפ פוריס שמשמ תוכיתח םע לינו  ‬",2026,10,1
502007,"‭DADU(6)ג325 טנייפ לטפ פוריס שמשמ תוכיתח םע לינו  ‬",2026,16,1
502007,"‭DADU(6)ג325 טנייפ לטפ פוריס שמשמ תוכיתח םע לינו  ‬",2026,18,1
502007,"‭DADU(6)ג325 טנייפ לטפ פוריס שמשמ תוכיתח םע לינו  ‬",2026,26,1
502007,"‭DADU(6)ג325 טנייפ לטפ פוריס שמשמ תוכיתח םע לינו  ‬",2026,27,1.17
502007,"‭DADU(6)ג325 טנייפ לטפ פוריס שמשמ תוכיתח םע לינו  ‬",2026,28,2
502007,"‭DADU(6)ג325 טנייפ לטפ פוריס שמשמ תוכיתח םע לינו  ‬",2026,32,1
502008,"‭DADU(6) רג400 לינו      ‬",2025,33,1
502008,"‭DADU(6) רג400 לינו      ‬",2025,34,2
502008,"‭DADU(6) רג400 לינו      ‬",2025,36,1
502008,"‭DADU(6) רג400 לינו      ‬",2025,38,1
502008,"‭DADU(6) רג400 לינו      ‬",2025,41,1
502008,"‭DADU(6) רג400 לינו      ‬",2025,42,1
502008,"‭DADU(6) רג400 לינו      ‬",2025,43,2
502008,"‭DADU(6) רג400 לינו      ‬",2026,2,1
502008,"‭DADU(6) רג400 לינו      ‬",2026,4,1
502008,"‭DADU(6) רג400 לינו      ‬",2026,8,1
502008,"‭DADU(6) רג400 לינו      ‬",2026,11,1
502008,"‭DADU(6) רג400 לינו      ‬",2026,15,1
502008,"‭DADU(6) רג400 לינו      ‬",2026,16,1
502008,"‭DADU(6) רג400 לינו      ‬",2026,21,1
502008,"‭DADU(6) רג400 לינו      ‬",2026,22,2
502008,"‭DADU(6) רג400 לינו      ‬",2026,25,2
502008,"‭DADU(6) רג400 לינו      ‬",2026,28,1
502008,"‭DADU(6) רג400 לינו      ‬",2026,31,2
502008,"‭DADU(6) רג400 לינו      ‬",2026,32,2
502009,"‭DADU(6)ג440 תומודא תוינמכוא פוריסו הנופרקסמ    ‬",2025,33,2
502009,"‭DADU(6)ג440 תומודא תוינמכוא פוריסו הנופרקסמ    ‬",2025,34,4
502009,"‭DADU(6)ג440 תומודא תוינמכוא פוריסו הנופרקסמ    ‬",2025,35,1
502009,"‭DADU(6)ג440 תומודא תוינמכוא פוריסו הנופרקסמ    ‬",2025,41,1
502009,"‭DADU(6)ג440 תומודא תוינמכוא פוריסו הנופרקסמ    ‬",2025,42,1
502009,"‭DADU(6)ג440 תומודא תוינמכוא פוריסו הנופרקסמ    ‬",2025,43,2
502009,"‭DADU(6)ג440 תומודא תוינמכוא פוריסו הנופרקסמ    ‬",2025,46,1
502009,"‭DADU(6)ג440 תומודא תוינמכוא פוריסו הנופרקסמ    ‬",2026,2,2
502009,"‭DADU(6)ג440 תומודא תוינמכוא פוריסו הנופרקסמ    ‬",2026,8,2
502009,"‭DADU(6)ג440 תומודא תוינמכוא פוריסו הנופרקסמ    ‬",2026,9,1
502009,"‭DADU(6)ג440 תומודא תוינמכוא פוריסו הנופרקסמ    ‬",2026,11,1
502009,"‭DADU(6)ג440 תומודא תוינמכוא פוריסו הנופרקסמ    ‬",2026,12,2
502009,"‭DADU(6)ג440 תומודא תוינמכוא פוריסו הנופרקסמ    ‬",2026,15,1
502009,"‭DADU(6)ג440 תומודא תוינמכוא פוריסו הנופרקסמ    ‬",2026,16,1
502009,"‭DADU(6)ג440 תומודא תוינמכוא פוריסו הנופרקסמ    ‬",2026,17,2
502009,"‭DADU(6)ג440 תומודא תוינמכוא פוריסו הנופרקסמ    ‬",2026,18,2
502009,"‭DADU(6)ג440 תומודא תוינמכוא פוריסו הנופרקסמ    ‬",2026,23,2
502009,"‭DADU(6)ג440 תומודא תוינמכוא פוריסו הנופרקסמ    ‬",2026,25,2
502009,"‭DADU(6)ג440 תומודא תוינמכוא פוריסו הנופרקסמ    ‬",2026,27,2
502009,"‭DADU(6)ג440 תומודא תוינמכוא פוריסו הנופרקסמ    ‬",2026,28,2
502009,"‭DADU(6)ג440 תומודא תוינמכוא פוריסו הנופרקסמ    ‬",2026,29,1
502009,"‭DADU(6)ג440 תומודא תוינמכוא פוריסו הנופרקסמ    ‬",2026,31,3
502009,"‭DADU(6)ג440 תומודא תוינמכוא פוריסו הנופרקסמ    ‬",2026,32,2
502010,"‭DADU(6) רג440 םידקשו למרק םע למרק    ‬",2025,34,3
502010,"‭DADU(6) רג440 םידקשו למרק םע למרק    ‬",2025,35,1
502010,"‭DADU(6) רג440 םידקשו למרק םע למרק    ‬",2025,36,1
502010,"‭DADU(6) רג440 םידקשו למרק םע למרק    ‬",2025,38,1
502010,"‭DADU(6) רג440 םידקשו למרק םע למרק    ‬",2025,42,2
502010,"‭DADU(6) רג440 םידקשו למרק םע למרק    ‬",2025,43,1
502010,"‭DADU(6) רג440 םידקשו למרק םע למרק    ‬",2025,46,1
502010,"‭DADU(6) רג440 םידקשו למרק םע למרק    ‬",2026,6,1
502010,"‭DADU(6) רג440 םידקשו למרק םע למרק    ‬",2026,8,1
502010,"‭DADU(6) רג440 םידקשו למרק םע למרק    ‬",2026,10,1
502010,"‭DADU(6) רג440 םידקשו למרק םע למרק    ‬",2026,14,1
502010,"‭DADU(6) רג440 םידקשו למרק םע למרק    ‬",2026,16,2
502010,"‭DADU(6) רג440 םידקשו למרק םע למרק    ‬",2026,18,1
502010,"‭DADU(6) רג440 םידקשו למרק םע למרק    ‬",2026,20,3
502010,"‭DADU(6) רג440 םידקשו למרק םע למרק    ‬",2026,21,1
502010,"‭DADU(6) רג440 םידקשו למרק םע למרק    ‬",2026,22,1
502010,"‭DADU(6) רג440 םידקשו למרק םע למרק    ‬",2026,25,1
502010,"‭DADU(6) רג440 םידקשו למרק םע למרק    ‬",2026,26,1
502010,"‭DADU(6) רג440 םידקשו למרק םע למרק    ‬",2026,27,2.17
502010,"‭DADU(6) רג440 םידקשו למרק םע למרק    ‬",2026,28,1
502010,"‭DADU(6) רג440 םידקשו למרק םע למרק    ‬",2026,31,1
502011,"‭DADU(6) רג400 וגנמ תוכיתחו הרולפיספ םע לינו    ‬",2025,34,2
502011,"‭DADU(6) רג400 וגנמ תוכיתחו הרולפיספ םע לינו    ‬",2025,35,1
502011,"‭DADU(6) רג400 וגנמ תוכיתחו הרולפיספ םע לינו    ‬",2025,38,1
502011,"‭DADU(6) רג400 וגנמ תוכיתחו הרולפיספ םע לינו    ‬",2025,39,1
502011,"‭DADU(6) רג400 וגנמ תוכיתחו הרולפיספ םע לינו    ‬",2025,41,1
502011,"‭DADU(6) רג400 וגנמ תוכיתחו הרולפיספ םע לינו    ‬",2025,43,1
502011,"‭DADU(6) רג400 וגנמ תוכיתחו הרולפיספ םע לינו    ‬",2025,46,1
502011,"‭DADU(6) רג400 וגנמ תוכיתחו הרולפיספ םע לינו    ‬",2026,2,1
502011,"‭DADU(6) רג400 וגנמ תוכיתחו הרולפיספ םע לינו    ‬",2026,4,1
502011,"‭DADU(6) רג400 וגנמ תוכיתחו הרולפיספ םע לינו    ‬",2026,6,1
502011,"‭DADU(6) רג400 וגנמ תוכיתחו הרולפיספ םע לינו    ‬",2026,11,1
502011,"‭DADU(6) רג400 וגנמ תוכיתחו הרולפיספ םע לינו    ‬",2026,15,2
502011,"‭DADU(6) רג400 וגנמ תוכיתחו הרולפיספ םע לינו    ‬",2026,16,1
502011,"‭DADU(6) רג400 וגנמ תוכיתחו הרולפיספ םע לינו    ‬",2026,17,2
502011,"‭DADU(6) רג400 וגנמ תוכיתחו הרולפיספ םע לינו    ‬",2026,18,1
502011,"‭DADU(6) רג400 וגנמ תוכיתחו הרולפיספ םע לינו    ‬",2026,20,1
502011,"‭DADU(6) רג400 וגנמ תוכיתחו הרולפיספ םע לינו    ‬",2026,22,1
502011,"‭DADU(6) רג400 וגנמ תוכיתחו הרולפיספ םע לינו    ‬",2026,25,1
502011,"‭DADU(6) רג400 וגנמ תוכיתחו הרולפיספ םע לינו    ‬",2026,26,1
502011,"‭DADU(6) רג400 וגנמ תוכיתחו הרולפיספ םע לינו    ‬",2026,27,1
502011,"‭DADU(6) רג400 וגנמ תוכיתחו הרולפיספ םע לינו    ‬",2026,28,2
502011,"‭DADU(6) רג400 וגנמ תוכיתחו הרולפיספ םע לינו    ‬",2026,30,1
502011,"‭DADU(6) רג400 וגנמ תוכיתחו הרולפיספ םע לינו    ‬",2026,31,1
502011,"‭DADU(6) רג400 וגנמ תוכיתחו הרולפיספ םע לינו    ‬",2026,32,1
502012,"‭DADU(6) רג420 רירמ דלוקוש יבבש םע דלוקוש  ‬",2025,34,1
502012,"‭DADU(6) רג420 רירמ דלוקוש יבבש םע דלוקוש  ‬",2025,36,1
502012,"‭DADU(6) רג420 רירמ דלוקוש יבבש םע דלוקוש  ‬",2025,38,1
502012,"‭DADU(6) רג420 רירמ דלוקוש יבבש םע דלוקוש  ‬",2025,47,1
502012,"‭DADU(6) רג420 רירמ דלוקוש יבבש םע דלוקוש  ‬",2026,2,2
502012,"‭DADU(6) רג420 רירמ דלוקוש יבבש םע דלוקוש  ‬",2026,3,1
502012,"‭DADU(6) רג420 רירמ דלוקוש יבבש םע דלוקוש  ‬",2026,4,1
502012,"‭DADU(6) רג420 רירמ דלוקוש יבבש םע דלוקוש  ‬",2026,8,1
502012,"‭DADU(6) רג420 רירמ דלוקוש יבבש םע דלוקוש  ‬",2026,11,1
502012,"‭DADU(6) רג420 רירמ דלוקוש יבבש םע דלוקוש  ‬",2026,15,2
502012,"‭DADU(6) רג420 רירמ דלוקוש יבבש םע דלוקוש  ‬",2026,16,1
502012,"‭DADU(6) רג420 רירמ דלוקוש יבבש םע דלוקוש  ‬",2026,20,2
502012,"‭DADU(6) רג420 רירמ דלוקוש יבבש םע דלוקוש  ‬",2026,23,1
502012,"‭DADU(6) רג420 רירמ דלוקוש יבבש םע דלוקוש  ‬",2026,25,2
502012,"‭DADU(6) רג420 רירמ דלוקוש יבבש םע דלוקוש  ‬",2026,26,1
502012,"‭DADU(6) רג420 רירמ דלוקוש יבבש םע דלוקוש  ‬",2026,27,1
502012,"‭DADU(6) רג420 רירמ דלוקוש יבבש םע דלוקוש  ‬",2026,30,1
502012,"‭DADU(6) רג420 רירמ דלוקוש יבבש םע דלוקוש  ‬",2026,31,2
502012,"‭DADU(6) רג420 רירמ דלוקוש יבבש םע דלוקוש  ‬",2026,32,1
502013,"‭(8)םרג240 טנייפ דלוקושב קוטסיפ MINI MOCHI    ‬",2025,33,2
502013,"‭(8)םרג240 טנייפ דלוקושב קוטסיפ MINI MOCHI    ‬",2025,34,3
502013,"‭(8)םרג240 טנייפ דלוקושב קוטסיפ MINI MOCHI    ‬",2025,35,2
502013,"‭(8)םרג240 טנייפ דלוקושב קוטסיפ MINI MOCHI    ‬",2025,36,2
502013,"‭(8)םרג240 טנייפ דלוקושב קוטסיפ MINI MOCHI    ‬",2025,37,2
502013,"‭(8)םרג240 טנייפ דלוקושב קוטסיפ MINI MOCHI    ‬",2025,38,8
502013,"‭(8)םרג240 טנייפ דלוקושב קוטסיפ MINI MOCHI    ‬",2025,39,4.88
502013,"‭(8)םרג240 טנייפ דלוקושב קוטסיפ MINI MOCHI    ‬",2025,40,1
502013,"‭(8)םרג240 טנייפ דלוקושב קוטסיפ MINI MOCHI    ‬",2025,41,1
502013,"‭(8)םרג240 טנייפ דלוקושב קוטסיפ MINI MOCHI    ‬",2025,42,6
502013,"‭(8)םרג240 טנייפ דלוקושב קוטסיפ MINI MOCHI    ‬",2025,43,1
502013,"‭(8)םרג240 טנייפ דלוקושב קוטסיפ MINI MOCHI    ‬",2025,44,1
502013,"‭(8)םרג240 טנייפ דלוקושב קוטסיפ MINI MOCHI    ‬",2025,45,1
502013,"‭(8)םרג240 טנייפ דלוקושב קוטסיפ MINI MOCHI    ‬",2025,46,1
502013,"‭(8)םרג240 טנייפ דלוקושב קוטסיפ MINI MOCHI    ‬",2025,47,4
502013,"‭(8)םרג240 טנייפ דלוקושב קוטסיפ MINI MOCHI    ‬",2025,48,1.88
502013,"‭(8)םרג240 טנייפ דלוקושב קוטסיפ MINI MOCHI    ‬",2025,49,2.75
502013,"‭(8)םרג240 טנייפ דלוקושב קוטסיפ MINI MOCHI    ‬",2025,51,2.13
502013,"‭(8)םרג240 טנייפ דלוקושב קוטסיפ MINI MOCHI    ‬",2025,52,1
502013,"‭(8)םרג240 טנייפ דלוקושב קוטסיפ MINI MOCHI    ‬",2026,2,5
502013,"‭(8)םרג240 טנייפ דלוקושב קוטסיפ MINI MOCHI    ‬",2026,3,3
502013,"‭(8)םרג240 טנייפ דלוקושב קוטסיפ MINI MOCHI    ‬",2026,5,1
502013,"‭(8)םרג240 טנייפ דלוקושב קוטסיפ MINI MOCHI    ‬",2026,6,1
502013,"‭(8)םרג240 טנייפ דלוקושב קוטסיפ MINI MOCHI    ‬",2026,10,1
502013,"‭(8)םרג240 טנייפ דלוקושב קוטסיפ MINI MOCHI    ‬",2026,12,1
502013,"‭(8)םרג240 טנייפ דלוקושב קוטסיפ MINI MOCHI    ‬",2026,13,1
502013,"‭(8)םרג240 טנייפ דלוקושב קוטסיפ MINI MOCHI    ‬",2026,15,1
502013,"‭(8)םרג240 טנייפ דלוקושב קוטסיפ MINI MOCHI    ‬",2026,16,2.88
502013,"‭(8)םרג240 טנייפ דלוקושב קוטסיפ MINI MOCHI    ‬",2026,17,2
502013,"‭(8)םרג240 טנייפ דלוקושב קוטסיפ MINI MOCHI    ‬",2026,18,3
502013,"‭(8)םרג240 טנייפ דלוקושב קוטסיפ MINI MOCHI    ‬",2026,19,1
502013,"‭(8)םרג240 טנייפ דלוקושב קוטסיפ MINI MOCHI    ‬",2026,21,2
502013,"‭(8)םרג240 טנייפ דלוקושב קוטסיפ MINI MOCHI    ‬",2026,22,3
502013,"‭(8)םרג240 טנייפ דלוקושב קוטסיפ MINI MOCHI    ‬",2026,23,1
502013,"‭(8)םרג240 טנייפ דלוקושב קוטסיפ MINI MOCHI    ‬",2026,24,1
502013,"‭(8)םרג240 טנייפ דלוקושב קוטסיפ MINI MOCHI    ‬",2026,25,2
502013,"‭(8)םרג240 טנייפ דלוקושב קוטסיפ MINI MOCHI    ‬",2026,27,1
502013,"‭(8)םרג240 טנייפ דלוקושב קוטסיפ MINI MOCHI    ‬",2026,28,2
502013,"‭(8)םרג240 טנייפ דלוקושב קוטסיפ MINI MOCHI    ‬",2026,30,2
502013,"‭(8)םרג240 טנייפ דלוקושב קוטסיפ MINI MOCHI    ‬",2026,31,2
502013,"‭(8)םרג240 טנייפ דלוקושב קוטסיפ MINI MOCHI    ‬",2026,32,4
502014,"‭(8)ג330 טנייפ תויגוע תוינמכוא COOKIE BERRY תחבשמ  ‬",2025,35,16
502014,"‭(8)ג330 טנייפ תויגוע תוינמכוא COOKIE BERRY תחבשמ  ‬",2025,36,2
502014,"‭(8)ג330 טנייפ תויגוע תוינמכוא COOKIE BERRY תחבשמ  ‬",2025,38,3.25
502014,"‭(8)ג330 טנייפ תויגוע תוינמכוא COOKIE BERRY תחבשמ  ‬",2025,39,1
502014,"‭(8)ג330 טנייפ תויגוע תוינמכוא COOKIE BERRY תחבשמ  ‬",2025,40,1
502014,"‭(8)ג330 טנייפ תויגוע תוינמכוא COOKIE BERRY תחבשמ  ‬",2025,41,2
502014,"‭(8)ג330 טנייפ תויגוע תוינמכוא COOKIE BERRY תחבשמ  ‬",2025,42,2.38
502014,"‭(8)ג330 טנייפ תויגוע תוינמכוא COOKIE BERRY תחבשמ  ‬",2025,43,2
502014,"‭(8)ג330 טנייפ תויגוע תוינמכוא COOKIE BERRY תחבשמ  ‬",2025,44,4
502014,"‭(8)ג330 טנייפ תויגוע תוינמכוא COOKIE BERRY תחבשמ  ‬",2025,45,1
502014,"‭(8)ג330 טנייפ תויגוע תוינמכוא COOKIE BERRY תחבשמ  ‬",2025,46,2
502014,"‭(8)ג330 טנייפ תויגוע תוינמכוא COOKIE BERRY תחבשמ  ‬",2025,47,1.63
502014,"‭(8)ג330 טנייפ תויגוע תוינמכוא COOKIE BERRY תחבשמ  ‬",2025,48,2
502014,"‭(8)ג330 טנייפ תויגוע תוינמכוא COOKIE BERRY תחבשמ  ‬",2025,49,3
502014,"‭(8)ג330 טנייפ תויגוע תוינמכוא COOKIE BERRY תחבשמ  ‬",2025,50,1
502014,"‭(8)ג330 טנייפ תויגוע תוינמכוא COOKIE BERRY תחבשמ  ‬",2025,51,4
502014,"‭(8)ג330 טנייפ תויגוע תוינמכוא COOKIE BERRY תחבשמ  ‬",2025,52,3
502014,"‭(8)ג330 טנייפ תויגוע תוינמכוא COOKIE BERRY תחבשמ  ‬",2026,3,2
502014,"‭(8)ג330 טנייפ תויגוע תוינמכוא COOKIE BERRY תחבשמ  ‬",2026,4,4
502014,"‭(8)ג330 טנייפ תויגוע תוינמכוא COOKIE BERRY תחבשמ  ‬",2026,6,2
502014,"‭(8)ג330 טנייפ תויגוע תוינמכוא COOKIE BERRY תחבשמ  ‬",2026,7,2
502014,"‭(8)ג330 טנייפ תויגוע תוינמכוא COOKIE BERRY תחבשמ  ‬",2026,8,4
502014,"‭(8)ג330 טנייפ תויגוע תוינמכוא COOKIE BERRY תחבשמ  ‬",2026,9,2
502014,"‭(8)ג330 טנייפ תויגוע תוינמכוא COOKIE BERRY תחבשמ  ‬",2026,11,2
502014,"‭(8)ג330 טנייפ תויגוע תוינמכוא COOKIE BERRY תחבשמ  ‬",2026,12,3
502014,"‭(8)ג330 טנייפ תויגוע תוינמכוא COOKIE BERRY תחבשמ  ‬",2026,13,4
502014,"‭(8)ג330 טנייפ תויגוע תוינמכוא COOKIE BERRY תחבשמ  ‬",2026,15,2
502014,"‭(8)ג330 טנייפ תויגוע תוינמכוא COOKIE BERRY תחבשמ  ‬",2026,16,6
502014,"‭(8)ג330 טנייפ תויגוע תוינמכוא COOKIE BERRY תחבשמ  ‬",2026,17,1
502014,"‭(8)ג330 טנייפ תויגוע תוינמכוא COOKIE BERRY תחבשמ  ‬",2026,18,2
502014,"‭(8)ג330 טנייפ תויגוע תוינמכוא COOKIE BERRY תחבשמ  ‬",2026,19,2
502014,"‭(8)ג330 טנייפ תויגוע תוינמכוא COOKIE BERRY תחבשמ  ‬",2026,20,1
502014,"‭(8)ג330 טנייפ תויגוע תוינמכוא COOKIE BERRY תחבשמ  ‬",2026,21,3
502014,"‭(8)ג330 טנייפ תויגוע תוינמכוא COOKIE BERRY תחבשמ  ‬",2026,22,4
502014,"‭(8)ג330 טנייפ תויגוע תוינמכוא COOKIE BERRY תחבשמ  ‬",2026,23,2
502014,"‭(8)ג330 טנייפ תויגוע תוינמכוא COOKIE BERRY תחבשמ  ‬",2026,24,1
502014,"‭(8)ג330 טנייפ תויגוע תוינמכוא COOKIE BERRY תחבשמ  ‬",2026,25,2
502014,"‭(8)ג330 טנייפ תויגוע תוינמכוא COOKIE BERRY תחבשמ  ‬",2026,26,1
502014,"‭(8)ג330 טנייפ תויגוע תוינמכוא COOKIE BERRY תחבשמ  ‬",2026,27,2
502014,"‭(8)ג330 טנייפ תויגוע תוינמכוא COOKIE BERRY תחבשמ  ‬",2026,29,3
502014,"‭(8)ג330 טנייפ תויגוע תוינמכוא COOKIE BERRY תחבשמ  ‬",2026,30,1
502014,"‭(8)ג330 טנייפ תויגוע תוינמכוא COOKIE BERRY תחבשמ  ‬",2026,31,3
502014,"‭(8)ג330 טנייפ תויגוע תוינמכוא COOKIE BERRY תחבשמ  ‬",2026,32,1
502015,"‭(8)ג330 טנייפ קוטסיפ GONUTS PISTACHIO    ‬",2025,35,13
502015,"‭(8)ג330 טנייפ קוטסיפ GONUTS PISTACHIO    ‬",2025,36,4
502015,"‭(8)ג330 טנייפ קוטסיפ GONUTS PISTACHIO    ‬",2025,37,0.63
502015,"‭(8)ג330 טנייפ קוטסיפ GONUTS PISTACHIO    ‬",2025,38,6
502015,"‭(8)ג330 טנייפ קוטסיפ GONUTS PISTACHIO    ‬",2025,39,1
502015,"‭(8)ג330 טנייפ קוטסיפ GONUTS PISTACHIO    ‬",2025,40,2
502015,"‭(8)ג330 טנייפ קוטסיפ GONUTS PISTACHIO    ‬",2025,41,2
502015,"‭(8)ג330 טנייפ קוטסיפ GONUTS PISTACHIO    ‬",2025,42,2
502015,"‭(8)ג330 טנייפ קוטסיפ GONUTS PISTACHIO    ‬",2025,43,3
502015,"‭(8)ג330 טנייפ קוטסיפ GONUTS PISTACHIO    ‬",2025,44,8
502015,"‭(8)ג330 טנייפ קוטסיפ GONUTS PISTACHIO    ‬",2025,45,2
502015,"‭(8)ג330 טנייפ קוטסיפ GONUTS PISTACHIO    ‬",2025,46,6.63
502015,"‭(8)ג330 טנייפ קוטסיפ GONUTS PISTACHIO    ‬",2025,48,3
502015,"‭(8)ג330 טנייפ קוטסיפ GONUTS PISTACHIO    ‬",2025,49,3
502015,"‭(8)ג330 טנייפ קוטסיפ GONUTS PISTACHIO    ‬",2025,50,3
502015,"‭(8)ג330 טנייפ קוטסיפ GONUTS PISTACHIO    ‬",2025,51,3
502015,"‭(8)ג330 טנייפ קוטסיפ GONUTS PISTACHIO    ‬",2025,52,2
502015,"‭(8)ג330 טנייפ קוטסיפ GONUTS PISTACHIO    ‬",2026,3,3
502015,"‭(8)ג330 טנייפ קוטסיפ GONUTS PISTACHIO    ‬",2026,4,5
502015,"‭(8)ג330 טנייפ קוטסיפ GONUTS PISTACHIO    ‬",2026,5,2
502015,"‭(8)ג330 טנייפ קוטסיפ GONUTS PISTACHIO    ‬",2026,6,3
502015,"‭(8)ג330 טנייפ קוטסיפ GONUTS PISTACHIO    ‬",2026,8,1
502015,"‭(8)ג330 טנייפ קוטסיפ GONUTS PISTACHIO    ‬",2026,9,4
502015,"‭(8)ג330 טנייפ קוטסיפ GONUTS PISTACHIO    ‬",2026,10,1
502015,"‭(8)ג330 טנייפ קוטסיפ GONUTS PISTACHIO    ‬",2026,13,4
502015,"‭(8)ג330 טנייפ קוטסיפ GONUTS PISTACHIO    ‬",2026,14,1
502015,"‭(8)ג330 טנייפ קוטסיפ GONUTS PISTACHIO    ‬",2026,15,2
502015,"‭(8)ג330 טנייפ קוטסיפ GONUTS PISTACHIO    ‬",2026,16,8
502015,"‭(8)ג330 טנייפ קוטסיפ GONUTS PISTACHIO    ‬",2026,17,3
502015,"‭(8)ג330 טנייפ קוטסיפ GONUTS PISTACHIO    ‬",2026,18,5
502015,"‭(8)ג330 טנייפ קוטסיפ GONUTS PISTACHIO    ‬",2026,19,6
502015,"‭(8)ג330 טנייפ קוטסיפ GONUTS PISTACHIO    ‬",2026,20,3
502015,"‭(8)ג330 טנייפ קוטסיפ GONUTS PISTACHIO    ‬",2026,21,3
502015,"‭(8)ג330 טנייפ קוטסיפ GONUTS PISTACHIO    ‬",2026,22,3
502015,"‭(8)ג330 טנייפ קוטסיפ GONUTS PISTACHIO    ‬",2026,23,5
502015,"‭(8)ג330 טנייפ קוטסיפ GONUTS PISTACHIO    ‬",2026,24,3
502015,"‭(8)ג330 טנייפ קוטסיפ GONUTS PISTACHIO    ‬",2026,25,6
502015,"‭(8)ג330 טנייפ קוטסיפ GONUTS PISTACHIO    ‬",2026,26,1
502015,"‭(8)ג330 טנייפ קוטסיפ GONUTS PISTACHIO    ‬",2026,27,4
502015,"‭(8)ג330 טנייפ קוטסיפ GONUTS PISTACHIO    ‬",2026,28,5
502015,"‭(8)ג330 טנייפ קוטסיפ GONUTS PISTACHIO    ‬",2026,29,4
502015,"‭(8)ג330 טנייפ קוטסיפ GONUTS PISTACHIO    ‬",2026,30,3
502015,"‭(8)ג330 טנייפ קוטסיפ GONUTS PISTACHIO    ‬",2026,31,4
502015,"‭(8)ג330 טנייפ קוטסיפ GONUTS PISTACHIO    ‬",2026,32,4
502016,"‭(8)ג330 טניפ יגלב דלוקוש LIMITLESS BELGIAN תחבשמ  ‬",2025,35,12
502016,"‭(8)ג330 טניפ יגלב דלוקוש LIMITLESS BELGIAN תחבשמ  ‬",2025,38,1
502016,"‭(8)ג330 טניפ יגלב דלוקוש LIMITLESS BELGIAN תחבשמ  ‬",2025,42,2
502016,"‭(8)ג330 טניפ יגלב דלוקוש LIMITLESS BELGIAN תחבשמ  ‬",2025,43,1
502016,"‭(8)ג330 טניפ יגלב דלוקוש LIMITLESS BELGIAN תחבשמ  ‬",2025,45,1
502016,"‭(8)ג330 טניפ יגלב דלוקוש LIMITLESS BELGIAN תחבשמ  ‬",2025,46,0.63
502016,"‭(8)ג330 טניפ יגלב דלוקוש LIMITLESS BELGIAN תחבשמ  ‬",2025,48,1
502016,"‭(8)ג330 טניפ יגלב דלוקוש LIMITLESS BELGIAN תחבשמ  ‬",2025,49,2.63
502016,"‭(8)ג330 טניפ יגלב דלוקוש LIMITLESS BELGIAN תחבשמ  ‬",2025,51,1
502016,"‭(8)ג330 טניפ יגלב דלוקוש LIMITLESS BELGIAN תחבשמ  ‬",2026,2,1
502016,"‭(8)ג330 טניפ יגלב דלוקוש LIMITLESS BELGIAN תחבשמ  ‬",2026,3,2
502016,"‭(8)ג330 טניפ יגלב דלוקוש LIMITLESS BELGIAN תחבשמ  ‬",2026,6,2
502016,"‭(8)ג330 טניפ יגלב דלוקוש LIMITLESS BELGIAN תחבשמ  ‬",2026,7,1
502016,"‭(8)ג330 טניפ יגלב דלוקוש LIMITLESS BELGIAN תחבשמ  ‬",2026,8,1
502016,"‭(8)ג330 טניפ יגלב דלוקוש LIMITLESS BELGIAN תחבשמ  ‬",2026,9,3
502016,"‭(8)ג330 טניפ יגלב דלוקוש LIMITLESS BELGIAN תחבשמ  ‬",2026,11,2
502016,"‭(8)ג330 טניפ יגלב דלוקוש LIMITLESS BELGIAN תחבשמ  ‬",2026,13,2
502016,"‭(8)ג330 טניפ יגלב דלוקוש LIMITLESS BELGIAN תחבשמ  ‬",2026,14,1
502016,"‭(8)ג330 טניפ יגלב דלוקוש LIMITLESS BELGIAN תחבשמ  ‬",2026,15,2
502016,"‭(8)ג330 טניפ יגלב דלוקוש LIMITLESS BELGIAN תחבשמ  ‬",2026,16,5
502016,"‭(8)ג330 טניפ יגלב דלוקוש LIMITLESS BELGIAN תחבשמ  ‬",2026,18,3
502016,"‭(8)ג330 טניפ יגלב דלוקוש LIMITLESS BELGIAN תחבשמ  ‬",2026,19,3
502016,"‭(8)ג330 טניפ יגלב דלוקוש LIMITLESS BELGIAN תחבשמ  ‬",2026,20,3
502016,"‭(8)ג330 טניפ יגלב דלוקוש LIMITLESS BELGIAN תחבשמ  ‬",2026,22,4
502016,"‭(8)ג330 טניפ יגלב דלוקוש LIMITLESS BELGIAN תחבשמ  ‬",2026,23,4
502016,"‭(8)ג330 טניפ יגלב דלוקוש LIMITLESS BELGIAN תחבשמ  ‬",2026,25,2
502016,"‭(8)ג330 טניפ יגלב דלוקוש LIMITLESS BELGIAN תחבשמ  ‬",2026,26,1
502016,"‭(8)ג330 טניפ יגלב דלוקוש LIMITLESS BELGIAN תחבשמ  ‬",2026,27,3
502016,"‭(8)ג330 טניפ יגלב דלוקוש LIMITLESS BELGIAN תחבשמ  ‬",2026,28,1
502016,"‭(8)ג330 טניפ יגלב דלוקוש LIMITLESS BELGIAN תחבשמ  ‬",2026,30,2
502016,"‭(8)ג330 טניפ יגלב דלוקוש LIMITLESS BELGIAN תחבשמ  ‬",2026,31,4
502016,"‭(8)ג330 טניפ יגלב דלוקוש LIMITLESS BELGIAN תחבשמ  ‬",2026,32,1
502017,"‭(8)ג330 תויגוע חולמ למרק לינו CARAMOOKIE    ‬",2025,35,15
502017,"‭(8)ג330 תויגוע חולמ למרק לינו CARAMOOKIE    ‬",2025,37,0.63
502017,"‭(8)ג330 תויגוע חולמ למרק לינו CARAMOOKIE    ‬",2025,38,3
502017,"‭(8)ג330 תויגוע חולמ למרק לינו CARAMOOKIE    ‬",2025,39,1
502017,"‭(8)ג330 תויגוע חולמ למרק לינו CARAMOOKIE    ‬",2025,41,2
502017,"‭(8)ג330 תויגוע חולמ למרק לינו CARAMOOKIE    ‬",2025,42,5
502017,"‭(8)ג330 תויגוע חולמ למרק לינו CARAMOOKIE    ‬",2025,43,2
502017,"‭(8)ג330 תויגוע חולמ למרק לינו CARAMOOKIE    ‬",2025,44,2
502017,"‭(8)ג330 תויגוע חולמ למרק לינו CARAMOOKIE    ‬",2025,45,2
502017,"‭(8)ג330 תויגוע חולמ למרק לינו CARAMOOKIE    ‬",2025,46,2
502017,"‭(8)ג330 תויגוע חולמ למרק לינו CARAMOOKIE    ‬",2025,48,1
502017,"‭(8)ג330 תויגוע חולמ למרק לינו CARAMOOKIE    ‬",2025,49,4
502017,"‭(8)ג330 תויגוע חולמ למרק לינו CARAMOOKIE    ‬",2025,50,1
502017,"‭(8)ג330 תויגוע חולמ למרק לינו CARAMOOKIE    ‬",2025,51,1.63
502017,"‭(8)ג330 תויגוע חולמ למרק לינו CARAMOOKIE    ‬",2025,52,4
502017,"‭(8)ג330 תויגוע חולמ למרק לינו CARAMOOKIE    ‬",2026,2,2
502017,"‭(8)ג330 תויגוע חולמ למרק לינו CARAMOOKIE    ‬",2026,3,3
502017,"‭(8)ג330 תויגוע חולמ למרק לינו CARAMOOKIE    ‬",2026,4,3
502017,"‭(8)ג330 תויגוע חולמ למרק לינו CARAMOOKIE    ‬",2026,5,1
502017,"‭(8)ג330 תויגוע חולמ למרק לינו CARAMOOKIE    ‬",2026,6,1
502017,"‭(8)ג330 תויגוע חולמ למרק לינו CARAMOOKIE    ‬",2026,7,2
502017,"‭(8)ג330 תויגוע חולמ למרק לינו CARAMOOKIE    ‬",2026,8,3
502017,"‭(8)ג330 תויגוע חולמ למרק לינו CARAMOOKIE    ‬",2026,9,3
502017,"‭(8)ג330 תויגוע חולמ למרק לינו CARAMOOKIE    ‬",2026,10,1
502017,"‭(8)ג330 תויגוע חולמ למרק לינו CARAMOOKIE    ‬",2026,11,3
502017,"‭(8)ג330 תויגוע חולמ למרק לינו CARAMOOKIE    ‬",2026,12,1
502017,"‭(8)ג330 תויגוע חולמ למרק לינו CARAMOOKIE    ‬",2026,13,1
502017,"‭(8)ג330 תויגוע חולמ למרק לינו CARAMOOKIE    ‬",2026,14,1
502017,"‭(8)ג330 תויגוע חולמ למרק לינו CARAMOOKIE    ‬",2026,15,2
502017,"‭(8)ג330 תויגוע חולמ למרק לינו CARAMOOKIE    ‬",2026,16,7
502017,"‭(8)ג330 תויגוע חולמ למרק לינו CARAMOOKIE    ‬",2026,17,3
502017,"‭(8)ג330 תויגוע חולמ למרק לינו CARAMOOKIE    ‬",2026,18,4
502017,"‭(8)ג330 תויגוע חולמ למרק לינו CARAMOOKIE    ‬",2026,19,4
502017,"‭(8)ג330 תויגוע חולמ למרק לינו CARAMOOKIE    ‬",2026,20,3
502017,"‭(8)ג330 תויגוע חולמ למרק לינו CARAMOOKIE    ‬",2026,21,2
502017,"‭(8)ג330 תויגוע חולמ למרק לינו CARAMOOKIE    ‬",2026,22,3
502017,"‭(8)ג330 תויגוע חולמ למרק לינו CARAMOOKIE    ‬",2026,23,1
502017,"‭(8)ג330 תויגוע חולמ למרק לינו CARAMOOKIE    ‬",2026,24,6
502017,"‭(8)ג330 תויגוע חולמ למרק לינו CARAMOOKIE    ‬",2026,25,2
502017,"‭(8)ג330 תויגוע חולמ למרק לינו CARAMOOKIE    ‬",2026,27,2
502017,"‭(8)ג330 תויגוע חולמ למרק לינו CARAMOOKIE    ‬",2026,28,5
502017,"‭(8)ג330 תויגוע חולמ למרק לינו CARAMOOKIE    ‬",2026,29,3
502017,"‭(8)ג330 תויגוע חולמ למרק לינו CARAMOOKIE    ‬",2026,30,4
502017,"‭(8)ג330 תויגוע חולמ למרק לינו CARAMOOKIE    ‬",2026,31,2
502017,"‭(8)ג330 תויגוע חולמ למרק לינו CARAMOOKIE    ‬",2026,32,4
502018,"‭(8)ג330 טנייפ סוקוק SUNSET COCONUT    ‬",2025,35,14
502018,"‭(8)ג330 טנייפ סוקוק SUNSET COCONUT    ‬",2025,36,4
502018,"‭(8)ג330 טנייפ סוקוק SUNSET COCONUT    ‬",2025,37,2
502018,"‭(8)ג330 טנייפ סוקוק SUNSET COCONUT    ‬",2025,38,3.63
502018,"‭(8)ג330 טנייפ סוקוק SUNSET COCONUT    ‬",2025,40,1
502018,"‭(8)ג330 טנייפ סוקוק SUNSET COCONUT    ‬",2025,42,4
502018,"‭(8)ג330 טנייפ סוקוק SUNSET COCONUT    ‬",2025,43,3
502018,"‭(8)ג330 טנייפ סוקוק SUNSET COCONUT    ‬",2025,44,5
502018,"‭(8)ג330 טנייפ סוקוק SUNSET COCONUT    ‬",2025,45,3
502018,"‭(8)ג330 טנייפ סוקוק SUNSET COCONUT    ‬",2025,46,3.63
502018,"‭(8)ג330 טנייפ סוקוק SUNSET COCONUT    ‬",2025,48,1
502018,"‭(8)ג330 טנייפ סוקוק SUNSET COCONUT    ‬",2025,49,1
502018,"‭(8)ג330 טנייפ סוקוק SUNSET COCONUT    ‬",2025,51,5
502018,"‭(8)ג330 טנייפ סוקוק SUNSET COCONUT    ‬",2025,52,2
502018,"‭(8)ג330 טנייפ סוקוק SUNSET COCONUT    ‬",2026,3,3
502018,"‭(8)ג330 טנייפ סוקוק SUNSET COCONUT    ‬",2026,4,2
502018,"‭(8)ג330 טנייפ סוקוק SUNSET COCONUT    ‬",2026,6,1
502018,"‭(8)ג330 טנייפ סוקוק SUNSET COCONUT    ‬",2026,8,1
502018,"‭(8)ג330 טנייפ סוקוק SUNSET COCONUT    ‬",2026,13,1
502018,"‭(8)ג330 טנייפ סוקוק SUNSET COCONUT    ‬",2026,14,2
502018,"‭(8)ג330 טנייפ סוקוק SUNSET COCONUT    ‬",2026,15,3
502018,"‭(8)ג330 טנייפ סוקוק SUNSET COCONUT    ‬",2026,16,7
502018,"‭(8)ג330 טנייפ סוקוק SUNSET COCONUT    ‬",2026,17,6
502018,"‭(8)ג330 טנייפ סוקוק SUNSET COCONUT    ‬",2026,18,3
502018,"‭(8)ג330 טנייפ סוקוק SUNSET COCONUT    ‬",2026,19,3
502018,"‭(8)ג330 טנייפ סוקוק SUNSET COCONUT    ‬",2026,20,1
502018,"‭(8)ג330 טנייפ סוקוק SUNSET COCONUT    ‬",2026,21,1
502018,"‭(8)ג330 טנייפ סוקוק SUNSET COCONUT    ‬",2026,22,2
502018,"‭(8)ג330 טנייפ סוקוק SUNSET COCONUT    ‬",2026,23,3
502018,"‭(8)ג330 טנייפ סוקוק SUNSET COCONUT    ‬",2026,25,4
502018,"‭(8)ג330 טנייפ סוקוק SUNSET COCONUT    ‬",2026,27,1
502018,"‭(8)ג330 טנייפ סוקוק SUNSET COCONUT    ‬",2026,28,5
502018,"‭(8)ג330 טנייפ סוקוק SUNSET COCONUT    ‬",2026,29,5
502018,"‭(8)ג330 טנייפ סוקוק SUNSET COCONUT    ‬",2026,30,6
502018,"‭(8)ג330 טנייפ סוקוק SUNSET COCONUT    ‬",2026,31,3
502018,"‭(8)ג330 טנייפ סוקוק SUNSET COCONUT    ‬",2026,32,4
502019,"‭(8)ג330 טנייפ וגנמ TROPIC MANGO    ‬",2025,35,14
502019,"‭(8)ג330 טנייפ וגנמ TROPIC MANGO    ‬",2025,38,1
502019,"‭(8)ג330 טנייפ וגנמ TROPIC MANGO    ‬",2025,40,2
502019,"‭(8)ג330 טנייפ וגנמ TROPIC MANGO    ‬",2025,42,3
502019,"‭(8)ג330 טנייפ וגנמ TROPIC MANGO    ‬",2025,43,3.63
502019,"‭(8)ג330 טנייפ וגנמ TROPIC MANGO    ‬",2025,45,2
502019,"‭(8)ג330 טנייפ וגנמ TROPIC MANGO    ‬",2025,46,1
502019,"‭(8)ג330 טנייפ וגנמ TROPIC MANGO    ‬",2025,48,1.63
502019,"‭(8)ג330 טנייפ וגנמ TROPIC MANGO    ‬",2025,49,2
502019,"‭(8)ג330 טנייפ וגנמ TROPIC MANGO    ‬",2025,50,2
502019,"‭(8)ג330 טנייפ וגנמ TROPIC MANGO    ‬",2025,51,2
502019,"‭(8)ג330 טנייפ וגנמ TROPIC MANGO    ‬",2025,52,1
502019,"‭(8)ג330 טנייפ וגנמ TROPIC MANGO    ‬",2026,2,1
502019,"‭(8)ג330 טנייפ וגנמ TROPIC MANGO    ‬",2026,3,2
502019,"‭(8)ג330 טנייפ וגנמ TROPIC MANGO    ‬",2026,4,2
502019,"‭(8)ג330 טנייפ וגנמ TROPIC MANGO    ‬",2026,6,2
502019,"‭(8)ג330 טנייפ וגנמ TROPIC MANGO    ‬",2026,7,1
502019,"‭(8)ג330 טנייפ וגנמ TROPIC MANGO    ‬",2026,8,1
502019,"‭(8)ג330 טנייפ וגנמ TROPIC MANGO    ‬",2026,9,3
502019,"‭(8)ג330 טנייפ וגנמ TROPIC MANGO    ‬",2026,10,2
502019,"‭(8)ג330 טנייפ וגנמ TROPIC MANGO    ‬",2026,11,1
502019,"‭(8)ג330 טנייפ וגנמ TROPIC MANGO    ‬",2026,12,2
502019,"‭(8)ג330 טנייפ וגנמ TROPIC MANGO    ‬",2026,13,1
502019,"‭(8)ג330 טנייפ וגנמ TROPIC MANGO    ‬",2026,15,2
502019,"‭(8)ג330 טנייפ וגנמ TROPIC MANGO    ‬",2026,16,4
502019,"‭(8)ג330 טנייפ וגנמ TROPIC MANGO    ‬",2026,17,2
502019,"‭(8)ג330 טנייפ וגנמ TROPIC MANGO    ‬",2026,18,2
502019,"‭(8)ג330 טנייפ וגנמ TROPIC MANGO    ‬",2026,19,3
502019,"‭(8)ג330 טנייפ וגנמ TROPIC MANGO    ‬",2026,21,5
502019,"‭(8)ג330 טנייפ וגנמ TROPIC MANGO    ‬",2026,22,3
502019,"‭(8)ג330 טנייפ וגנמ TROPIC MANGO    ‬",2026,23,4
502019,"‭(8)ג330 טנייפ וגנמ TROPIC MANGO    ‬",2026,24,2
502019,"‭(8)ג330 טנייפ וגנמ TROPIC MANGO    ‬",2026,25,3
502019,"‭(8)ג330 טנייפ וגנמ TROPIC MANGO    ‬",2026,27,1
502019,"‭(8)ג330 טנייפ וגנמ TROPIC MANGO    ‬",2026,28,2
502019,"‭(8)ג330 טנייפ וגנמ TROPIC MANGO    ‬",2026,29,4
502019,"‭(8)ג330 טנייפ וגנמ TROPIC MANGO    ‬",2026,30,4
502019,"‭(8)ג330 טנייפ וגנמ TROPIC MANGO    ‬",2026,32,2
502020,"‭(8)םרג 240 טנייפ דלוקושב ףיאדק קוטסיפ DUBAI CRUNCH  חוניק‬",2025,33,10.13
502020,"‭(8)םרג 240 טנייפ דלוקושב ףיאדק קוטסיפ DUBAI CRUNCH  חוניק‬",2025,34,6
502020,"‭(8)םרג 240 טנייפ דלוקושב ףיאדק קוטסיפ DUBAI CRUNCH  חוניק‬",2025,35,19
502020,"‭(8)םרג 240 טנייפ דלוקושב ףיאדק קוטסיפ DUBAI CRUNCH  חוניק‬",2025,36,8
502020,"‭(8)םרג 240 טנייפ דלוקושב ףיאדק קוטסיפ DUBAI CRUNCH  חוניק‬",2025,37,10
502020,"‭(8)םרג 240 טנייפ דלוקושב ףיאדק קוטסיפ DUBAI CRUNCH  חוניק‬",2025,38,6
502020,"‭(8)םרג 240 טנייפ דלוקושב ףיאדק קוטסיפ DUBAI CRUNCH  חוניק‬",2025,39,7
502020,"‭(8)םרג 240 טנייפ דלוקושב ףיאדק קוטסיפ DUBAI CRUNCH  חוניק‬",2025,40,5
502020,"‭(8)םרג 240 טנייפ דלוקושב ףיאדק קוטסיפ DUBAI CRUNCH  חוניק‬",2025,41,11.38
502020,"‭(8)םרג 240 טנייפ דלוקושב ףיאדק קוטסיפ DUBAI CRUNCH  חוניק‬",2025,42,10
502020,"‭(8)םרג 240 טנייפ דלוקושב ףיאדק קוטסיפ DUBAI CRUNCH  חוניק‬",2025,43,11
502020,"‭(8)םרג 240 טנייפ דלוקושב ףיאדק קוטסיפ DUBAI CRUNCH  חוניק‬",2025,44,3
502020,"‭(8)םרג 240 טנייפ דלוקושב ףיאדק קוטסיפ DUBAI CRUNCH  חוניק‬",2025,45,7
502020,"‭(8)םרג 240 טנייפ דלוקושב ףיאדק קוטסיפ DUBAI CRUNCH  חוניק‬",2025,46,7
502020,"‭(8)םרג 240 טנייפ דלוקושב ףיאדק קוטסיפ DUBAI CRUNCH  חוניק‬",2025,47,6
502020,"‭(8)םרג 240 טנייפ דלוקושב ףיאדק קוטסיפ DUBAI CRUNCH  חוניק‬",2025,48,8
502020,"‭(8)םרג 240 טנייפ דלוקושב ףיאדק קוטסיפ DUBAI CRUNCH  חוניק‬",2025,49,15
502020,"‭(8)םרג 240 טנייפ דלוקושב ףיאדק קוטסיפ DUBAI CRUNCH  חוניק‬",2025,50,3
502020,"‭(8)םרג 240 טנייפ דלוקושב ףיאדק קוטסיפ DUBAI CRUNCH  חוניק‬",2025,51,3.13
502020,"‭(8)םרג 240 טנייפ דלוקושב ףיאדק קוטסיפ DUBAI CRUNCH  חוניק‬",2025,52,10.75
502020,"‭(8)םרג 240 טנייפ דלוקושב ףיאדק קוטסיפ DUBAI CRUNCH  חוניק‬",2026,2,19
502020,"‭(8)םרג 240 טנייפ דלוקושב ףיאדק קוטסיפ DUBAI CRUNCH  חוניק‬",2026,3,11
502020,"‭(8)םרג 240 טנייפ דלוקושב ףיאדק קוטסיפ DUBAI CRUNCH  חוניק‬",2026,4,4
502020,"‭(8)םרג 240 טנייפ דלוקושב ףיאדק קוטסיפ DUBAI CRUNCH  חוניק‬",2026,5,6
502020,"‭(8)םרג 240 טנייפ דלוקושב ףיאדק קוטסיפ DUBAI CRUNCH  חוניק‬",2026,6,4.75
502020,"‭(8)םרג 240 טנייפ דלוקושב ףיאדק קוטסיפ DUBAI CRUNCH  חוניק‬",2026,7,5
502020,"‭(8)םרג 240 טנייפ דלוקושב ףיאדק קוטסיפ DUBAI CRUNCH  חוניק‬",2026,8,11
502020,"‭(8)םרג 240 טנייפ דלוקושב ףיאדק קוטסיפ DUBAI CRUNCH  חוניק‬",2026,9,8
502020,"‭(8)םרג 240 טנייפ דלוקושב ףיאדק קוטסיפ DUBAI CRUNCH  חוניק‬",2026,10,4
502020,"‭(8)םרג 240 טנייפ דלוקושב ףיאדק קוטסיפ DUBAI CRUNCH  חוניק‬",2026,11,5
502020,"‭(8)םרג 240 טנייפ דלוקושב ףיאדק קוטסיפ DUBAI CRUNCH  חוניק‬",2026,12,6
502020,"‭(8)םרג 240 טנייפ דלוקושב ףיאדק קוטסיפ DUBAI CRUNCH  חוניק‬",2026,13,4
502020,"‭(8)םרג 240 טנייפ דלוקושב ףיאדק קוטסיפ DUBAI CRUNCH  חוניק‬",2026,14,1
502020,"‭(8)םרג 240 טנייפ דלוקושב ףיאדק קוטסיפ DUBAI CRUNCH  חוניק‬",2026,15,4.88
502020,"‭(8)םרג 240 טנייפ דלוקושב ףיאדק קוטסיפ DUBAI CRUNCH  חוניק‬",2026,16,15
502020,"‭(8)םרג 240 טנייפ דלוקושב ףיאדק קוטסיפ DUBAI CRUNCH  חוניק‬",2026,17,13
502020,"‭(8)םרג 240 טנייפ דלוקושב ףיאדק קוטסיפ DUBAI CRUNCH  חוניק‬",2026,18,10
502020,"‭(8)םרג 240 טנייפ דלוקושב ףיאדק קוטסיפ DUBAI CRUNCH  חוניק‬",2026,19,9
502020,"‭(8)םרג 240 טנייפ דלוקושב ףיאדק קוטסיפ DUBAI CRUNCH  חוניק‬",2026,20,10
502020,"‭(8)םרג 240 טנייפ דלוקושב ףיאדק קוטסיפ DUBAI CRUNCH  חוניק‬",2026,21,4
502020,"‭(8)םרג 240 טנייפ דלוקושב ףיאדק קוטסיפ DUBAI CRUNCH  חוניק‬",2026,22,13
502020,"‭(8)םרג 240 טנייפ דלוקושב ףיאדק קוטסיפ DUBAI CRUNCH  חוניק‬",2026,23,6
502020,"‭(8)םרג 240 טנייפ דלוקושב ףיאדק קוטסיפ DUBAI CRUNCH  חוניק‬",2026,24,3
502020,"‭(8)םרג 240 טנייפ דלוקושב ףיאדק קוטסיפ DUBAI CRUNCH  חוניק‬",2026,25,16
502020,"‭(8)םרג 240 טנייפ דלוקושב ףיאדק קוטסיפ DUBAI CRUNCH  חוניק‬",2026,26,9
502020,"‭(8)םרג 240 טנייפ דלוקושב ףיאדק קוטסיפ DUBAI CRUNCH  חוניק‬",2026,27,10.88
502020,"‭(8)םרג 240 טנייפ דלוקושב ףיאדק קוטסיפ DUBAI CRUNCH  חוניק‬",2026,28,10
502020,"‭(8)םרג 240 טנייפ דלוקושב ףיאדק קוטסיפ DUBAI CRUNCH  חוניק‬",2026,29,11
502020,"‭(8)םרג 240 טנייפ דלוקושב ףיאדק קוטסיפ DUBAI CRUNCH  חוניק‬",2026,30,7
502020,"‭(8)םרג 240 טנייפ דלוקושב ףיאדק קוטסיפ DUBAI CRUNCH  חוניק‬",2026,31,4
502020,"‭(8)םרג 240 טנייפ דלוקושב ףיאדק קוטסיפ DUBAI CRUNCH  חוניק‬",2026,32,11
502021,"‭(8)םרג 240 טנייפ בלח דלוקושב ףיאדקו דלוקוש GIANDUJA חוניק‬",2025,49,7
502021,"‭(8)םרג 240 טנייפ בלח דלוקושב ףיאדקו דלוקוש GIANDUJA חוניק‬",2025,50,1
502021,"‭(8)םרג 240 טנייפ בלח דלוקושב ףיאדקו דלוקוש GIANDUJA חוניק‬",2025,51,0.13
502021,"‭(8)םרג 240 טנייפ בלח דלוקושב ףיאדקו דלוקוש GIANDUJA חוניק‬",2026,2,9.88
502021,"‭(8)םרג 240 טנייפ בלח דלוקושב ףיאדקו דלוקוש GIANDUJA חוניק‬",2026,3,7
502021,"‭(8)םרג 240 טנייפ בלח דלוקושב ףיאדקו דלוקוש GIANDUJA חוניק‬",2026,5,1
502021,"‭(8)םרג 240 טנייפ בלח דלוקושב ףיאדקו דלוקוש GIANDUJA חוניק‬",2026,8,0.75
502021,"‭(8)םרג 240 טנייפ בלח דלוקושב ףיאדקו דלוקוש GIANDUJA חוניק‬",2026,9,1
502021,"‭(8)םרג 240 טנייפ בלח דלוקושב ףיאדקו דלוקוש GIANDUJA חוניק‬",2026,10,1
502021,"‭(8)םרג 240 טנייפ בלח דלוקושב ףיאדקו דלוקוש GIANDUJA חוניק‬",2026,11,3
502021,"‭(8)םרג 240 טנייפ בלח דלוקושב ףיאדקו דלוקוש GIANDUJA חוניק‬",2026,13,1
502021,"‭(8)םרג 240 טנייפ בלח דלוקושב ףיאדקו דלוקוש GIANDUJA חוניק‬",2026,16,3
502021,"‭(8)םרג 240 טנייפ בלח דלוקושב ףיאדקו דלוקוש GIANDUJA חוניק‬",2026,17,2
502021,"‭(8)םרג 240 טנייפ בלח דלוקושב ףיאדקו דלוקוש GIANDUJA חוניק‬",2026,18,2
502021,"‭(8)םרג 240 טנייפ בלח דלוקושב ףיאדקו דלוקוש GIANDUJA חוניק‬",2026,19,1
502021,"‭(8)םרג 240 טנייפ בלח דלוקושב ףיאדקו דלוקוש GIANDUJA חוניק‬",2026,20,1
502021,"‭(8)םרג 240 טנייפ בלח דלוקושב ףיאדקו דלוקוש GIANDUJA חוניק‬",2026,22,1
502021,"‭(8)םרג 240 טנייפ בלח דלוקושב ףיאדקו דלוקוש GIANDUJA חוניק‬",2026,23,1
502021,"‭(8)םרג 240 טנייפ בלח דלוקושב ףיאדקו דלוקוש GIANDUJA חוניק‬",2026,24,1
502021,"‭(8)םרג 240 טנייפ בלח דלוקושב ףיאדקו דלוקוש GIANDUJA חוניק‬",2026,25,1
502021,"‭(8)םרג 240 טנייפ בלח דלוקושב ףיאדקו דלוקוש GIANDUJA חוניק‬",2026,26,3
502021,"‭(8)םרג 240 טנייפ בלח דלוקושב ףיאדקו דלוקוש GIANDUJA חוניק‬",2026,29,1
502021,"‭(8)םרג 240 טנייפ בלח דלוקושב ףיאדקו דלוקוש GIANDUJA חוניק‬",2026,31,3
502021,"‭(8)םרג 240 טנייפ בלח דלוקושב ףיאדקו דלוקוש GIANDUJA חוניק‬",2026,32,2
502022,"‭(8)םרג240 טנייפ דלוקושב וגנמ MINI MOCHI    ‬",2025,48,1
502022,"‭(8)םרג240 טנייפ דלוקושב וגנמ MINI MOCHI    ‬",2025,49,6
502022,"‭(8)םרג240 טנייפ דלוקושב וגנמ MINI MOCHI    ‬",2025,51,2.13
502022,"‭(8)םרג240 טנייפ דלוקושב וגנמ MINI MOCHI    ‬",2025,52,3
502022,"‭(8)םרג240 טנייפ דלוקושב וגנמ MINI MOCHI    ‬",2026,2,10
502022,"‭(8)םרג240 טנייפ דלוקושב וגנמ MINI MOCHI    ‬",2026,3,4
502022,"‭(8)םרג240 טנייפ דלוקושב וגנמ MINI MOCHI    ‬",2026,5,3
502022,"‭(8)םרג240 טנייפ דלוקושב וגנמ MINI MOCHI    ‬",2026,7,1
502022,"‭(8)םרג240 טנייפ דלוקושב וגנמ MINI MOCHI    ‬",2026,8,1
502022,"‭(8)םרג240 טנייפ דלוקושב וגנמ MINI MOCHI    ‬",2026,9,2
502022,"‭(8)םרג240 טנייפ דלוקושב וגנמ MINI MOCHI    ‬",2026,10,3
502022,"‭(8)םרג240 טנייפ דלוקושב וגנמ MINI MOCHI    ‬",2026,11,3
502022,"‭(8)םרג240 טנייפ דלוקושב וגנמ MINI MOCHI    ‬",2026,12,2
502022,"‭(8)םרג240 טנייפ דלוקושב וגנמ MINI MOCHI    ‬",2026,13,4
502022,"‭(8)םרג240 טנייפ דלוקושב וגנמ MINI MOCHI    ‬",2026,15,1
502022,"‭(8)םרג240 טנייפ דלוקושב וגנמ MINI MOCHI    ‬",2026,16,4.88
502022,"‭(8)םרג240 טנייפ דלוקושב וגנמ MINI MOCHI    ‬",2026,17,5
502022,"‭(8)םרג240 טנייפ דלוקושב וגנמ MINI MOCHI    ‬",2026,18,2
502022,"‭(8)םרג240 טנייפ דלוקושב וגנמ MINI MOCHI    ‬",2026,19,1
502022,"‭(8)םרג240 טנייפ דלוקושב וגנמ MINI MOCHI    ‬",2026,20,3
502022,"‭(8)םרג240 טנייפ דלוקושב וגנמ MINI MOCHI    ‬",2026,21,2
502022,"‭(8)םרג240 טנייפ דלוקושב וגנמ MINI MOCHI    ‬",2026,22,3
502022,"‭(8)םרג240 טנייפ דלוקושב וגנמ MINI MOCHI    ‬",2026,23,1
502022,"‭(8)םרג240 טנייפ דלוקושב וגנמ MINI MOCHI    ‬",2026,24,2
502022,"‭(8)םרג240 טנייפ דלוקושב וגנמ MINI MOCHI    ‬",2026,25,2
502022,"‭(8)םרג240 טנייפ דלוקושב וגנמ MINI MOCHI    ‬",2026,26,2
502022,"‭(8)םרג240 טנייפ דלוקושב וגנמ MINI MOCHI    ‬",2026,28,4
502022,"‭(8)םרג240 טנייפ דלוקושב וגנמ MINI MOCHI    ‬",2026,30,2
502022,"‭(8)םרג240 טנייפ דלוקושב וגנמ MINI MOCHI    ‬",2026,31,3
502022,"‭(8)םרג240 טנייפ דלוקושב וגנמ MINI MOCHI    ‬",2026,32,3
502023,"‭(8)םרג240 טנייפ דלוקושב קסרפא MINI MOCHI    ‬",2025,48,1
502023,"‭(8)םרג240 טנייפ דלוקושב קסרפא MINI MOCHI    ‬",2025,49,6
502023,"‭(8)םרג240 טנייפ דלוקושב קסרפא MINI MOCHI    ‬",2025,50,1
502023,"‭(8)םרג240 טנייפ דלוקושב קסרפא MINI MOCHI    ‬",2025,51,4.13
502023,"‭(8)םרג240 טנייפ דלוקושב קסרפא MINI MOCHI    ‬",2025,52,2.88
502023,"‭(8)םרג240 טנייפ דלוקושב קסרפא MINI MOCHI    ‬",2026,2,8
502023,"‭(8)םרג240 טנייפ דלוקושב קסרפא MINI MOCHI    ‬",2026,3,2
502023,"‭(8)םרג240 טנייפ דלוקושב קסרפא MINI MOCHI    ‬",2026,5,2
502023,"‭(8)םרג240 טנייפ דלוקושב קסרפא MINI MOCHI    ‬",2026,6,1
502023,"‭(8)םרג240 טנייפ דלוקושב קסרפא MINI MOCHI    ‬",2026,8,1
502023,"‭(8)םרג240 טנייפ דלוקושב קסרפא MINI MOCHI    ‬",2026,9,0.88
502023,"‭(8)םרג240 טנייפ דלוקושב קסרפא MINI MOCHI    ‬",2026,10,3
502023,"‭(8)םרג240 טנייפ דלוקושב קסרפא MINI MOCHI    ‬",2026,11,1
502023,"‭(8)םרג240 טנייפ דלוקושב קסרפא MINI MOCHI    ‬",2026,12,1
502023,"‭(8)םרג240 טנייפ דלוקושב קסרפא MINI MOCHI    ‬",2026,13,3
502023,"‭(8)םרג240 טנייפ דלוקושב קסרפא MINI MOCHI    ‬",2026,16,3
502023,"‭(8)םרג240 טנייפ דלוקושב קסרפא MINI MOCHI    ‬",2026,17,2
502023,"‭(8)םרג240 טנייפ דלוקושב קסרפא MINI MOCHI    ‬",2026,18,3
502023,"‭(8)םרג240 טנייפ דלוקושב קסרפא MINI MOCHI    ‬",2026,19,3
502023,"‭(8)םרג240 טנייפ דלוקושב קסרפא MINI MOCHI    ‬",2026,20,2
502023,"‭(8)םרג240 טנייפ דלוקושב קסרפא MINI MOCHI    ‬",2026,22,1.88
502023,"‭(8)םרג240 טנייפ דלוקושב קסרפא MINI MOCHI    ‬",2026,23,3
502023,"‭(8)םרג240 טנייפ דלוקושב קסרפא MINI MOCHI    ‬",2026,24,1
502023,"‭(8)םרג240 טנייפ דלוקושב קסרפא MINI MOCHI    ‬",2026,26,1
502023,"‭(8)םרג240 טנייפ דלוקושב קסרפא MINI MOCHI    ‬",2026,27,1
502023,"‭(8)םרג240 טנייפ דלוקושב קסרפא MINI MOCHI    ‬",2026,28,1
502023,"‭(8)םרג240 טנייפ דלוקושב קסרפא MINI MOCHI    ‬",2026,29,1
502023,"‭(8)םרג240 טנייפ דלוקושב קסרפא MINI MOCHI    ‬",2026,30,2
502023,"‭(8)םרג240 טנייפ דלוקושב קסרפא MINI MOCHI    ‬",2026,31,2
502023,"‭(8)םרג240 טנייפ דלוקושב קסרפא MINI MOCHI    ‬",2026,32,3
502203,"‭RUD(6) םרג 500 טנייפ לינו ESKIMOS    ‬",2025,33,1
502203,"‭RUD(6) םרג 500 טנייפ לינו ESKIMOS    ‬",2025,34,4
502203,"‭RUD(6) םרג 500 טנייפ לינו ESKIMOS    ‬",2025,35,8
502203,"‭RUD(6) םרג 500 טנייפ לינו ESKIMOS    ‬",2025,36,4
502203,"‭RUD(6) םרג 500 טנייפ לינו ESKIMOS    ‬",2025,37,4
502203,"‭RUD(6) םרג 500 טנייפ לינו ESKIMOS    ‬",2025,38,5
502203,"‭RUD(6) םרג 500 טנייפ לינו ESKIMOS    ‬",2025,39,4
502203,"‭RUD(6) םרג 500 טנייפ לינו ESKIMOS    ‬",2025,40,5
502203,"‭RUD(6) םרג 500 טנייפ לינו ESKIMOS    ‬",2025,41,6
502203,"‭RUD(6) םרג 500 טנייפ לינו ESKIMOS    ‬",2025,42,8
502203,"‭RUD(6) םרג 500 טנייפ לינו ESKIMOS    ‬",2025,43,2
502203,"‭RUD(6) םרג 500 טנייפ לינו ESKIMOS    ‬",2025,44,9
502203,"‭RUD(6) םרג 500 טנייפ לינו ESKIMOS    ‬",2025,45,1
502203,"‭RUD(6) םרג 500 טנייפ לינו ESKIMOS    ‬",2025,46,3
502203,"‭RUD(6) םרג 500 טנייפ לינו ESKIMOS    ‬",2025,47,4
502203,"‭RUD(6) םרג 500 טנייפ לינו ESKIMOS    ‬",2025,48,3
502203,"‭RUD(6) םרג 500 טנייפ לינו ESKIMOS    ‬",2025,49,5
502203,"‭RUD(6) םרג 500 טנייפ לינו ESKIMOS    ‬",2025,51,4
502203,"‭RUD(6) םרג 500 טנייפ לינו ESKIMOS    ‬",2025,52,3
502203,"‭RUD(6) םרג 500 טנייפ לינו ESKIMOS    ‬",2025,53,1
502203,"‭RUD(6) םרג 500 טנייפ לינו ESKIMOS    ‬",2026,2,4
502203,"‭RUD(6) םרג 500 טנייפ לינו ESKIMOS    ‬",2026,5,4
502203,"‭RUD(6) םרג 500 טנייפ לינו ESKIMOS    ‬",2026,6,2
502203,"‭RUD(6) םרג 500 טנייפ לינו ESKIMOS    ‬",2026,7,1
502203,"‭RUD(6) םרג 500 טנייפ לינו ESKIMOS    ‬",2026,8,4
502203,"‭RUD(6) םרג 500 טנייפ לינו ESKIMOS    ‬",2026,9,3
502203,"‭RUD(6) םרג 500 טנייפ לינו ESKIMOS    ‬",2026,10,1
502203,"‭RUD(6) םרג 500 טנייפ לינו ESKIMOS    ‬",2026,11,4
502203,"‭RUD(6) םרג 500 טנייפ לינו ESKIMOS    ‬",2026,13,2
502203,"‭RUD(6) םרג 500 טנייפ לינו ESKIMOS    ‬",2026,15,2
502203,"‭RUD(6) םרג 500 טנייפ לינו ESKIMOS    ‬",2026,16,4
502203,"‭RUD(6) םרג 500 טנייפ לינו ESKIMOS    ‬",2026,17,2
502203,"‭RUD(6) םרג 500 טנייפ לינו ESKIMOS    ‬",2026,18,1
502203,"‭RUD(6) םרג 500 טנייפ לינו ESKIMOS    ‬",2026,32,1
502204,"‭RUD(6) םרג 500 טנייפ דלוקוש ESKIMOS    ‬",2025,34,4
502204,"‭RUD(6) םרג 500 טנייפ דלוקוש ESKIMOS    ‬",2025,35,1
502204,"‭RUD(6) םרג 500 טנייפ דלוקוש ESKIMOS    ‬",2025,37,2
502204,"‭RUD(6) םרג 500 טנייפ דלוקוש ESKIMOS    ‬",2025,38,3
502204,"‭RUD(6) םרג 500 טנייפ דלוקוש ESKIMOS    ‬",2025,39,3
502204,"‭RUD(6) םרג 500 טנייפ דלוקוש ESKIMOS    ‬",2025,40,4
502204,"‭RUD(6) םרג 500 טנייפ דלוקוש ESKIMOS    ‬",2025,41,5
502204,"‭RUD(6) םרג 500 טנייפ דלוקוש ESKIMOS    ‬",2025,42,3
502204,"‭RUD(6) םרג 500 טנייפ דלוקוש ESKIMOS    ‬",2025,43,3
502204,"‭RUD(6) םרג 500 טנייפ דלוקוש ESKIMOS    ‬",2025,44,2
502204,"‭RUD(6) םרג 500 טנייפ דלוקוש ESKIMOS    ‬",2025,46,2
502204,"‭RUD(6) םרג 500 טנייפ דלוקוש ESKIMOS    ‬",2025,47,3
502204,"‭RUD(6) םרג 500 טנייפ דלוקוש ESKIMOS    ‬",2025,48,3
502204,"‭RUD(6) םרג 500 טנייפ דלוקוש ESKIMOS    ‬",2025,49,2
502204,"‭RUD(6) םרג 500 טנייפ דלוקוש ESKIMOS    ‬",2025,50,1
502204,"‭RUD(6) םרג 500 טנייפ דלוקוש ESKIMOS    ‬",2025,51,1
502204,"‭RUD(6) םרג 500 טנייפ דלוקוש ESKIMOS    ‬",2025,53,1
502204,"‭RUD(6) םרג 500 טנייפ דלוקוש ESKIMOS    ‬",2026,2,1
502204,"‭RUD(6) םרג 500 טנייפ דלוקוש ESKIMOS    ‬",2026,3,1
502204,"‭RUD(6) םרג 500 טנייפ דלוקוש ESKIMOS    ‬",2026,4,1
502204,"‭RUD(6) םרג 500 טנייפ דלוקוש ESKIMOS    ‬",2026,7,1
502204,"‭RUD(6) םרג 500 טנייפ דלוקוש ESKIMOS    ‬",2026,8,3
502204,"‭RUD(6) םרג 500 טנייפ דלוקוש ESKIMOS    ‬",2026,9,1
502204,"‭RUD(6) םרג 500 טנייפ דלוקוש ESKIMOS    ‬",2026,10,1
502204,"‭RUD(6) םרג 500 טנייפ דלוקוש ESKIMOS    ‬",2026,11,5
502204,"‭RUD(6) םרג 500 טנייפ דלוקוש ESKIMOS    ‬",2026,13,2
502204,"‭RUD(6) םרג 500 טנייפ דלוקוש ESKIMOS    ‬",2026,15,1
502204,"‭RUD(6) םרג 500 טנייפ דלוקוש ESKIMOS    ‬",2026,16,3
502204,"‭RUD(6) םרג 500 טנייפ דלוקוש ESKIMOS    ‬",2026,17,2
502204,"‭RUD(6) םרג 500 טנייפ דלוקוש ESKIMOS    ‬",2026,19,5
502204,"‭RUD(6) םרג 500 טנייפ דלוקוש ESKIMOS    ‬",2026,20,1
502205,"‭RUD(6) םרג 500 טנייפ לינו PLOMBIR №1    ‬",2025,34,1
502205,"‭RUD(6) םרג 500 טנייפ לינו PLOMBIR №1    ‬",2025,35,1
502205,"‭RUD(6) םרג 500 טנייפ לינו PLOMBIR №1    ‬",2025,36,2
502205,"‭RUD(6) םרג 500 טנייפ לינו PLOMBIR №1    ‬",2025,37,1
502205,"‭RUD(6) םרג 500 טנייפ לינו PLOMBIR №1    ‬",2025,42,13
502205,"‭RUD(6) םרג 500 טנייפ לינו PLOMBIR №1    ‬",2025,45,6
502205,"‭RUD(6) םרג 500 טנייפ לינו PLOMBIR №1    ‬",2025,46,1
502205,"‭RUD(6) םרג 500 טנייפ לינו PLOMBIR №1    ‬",2025,47,7
502205,"‭RUD(6) םרג 500 טנייפ לינו PLOMBIR №1    ‬",2025,48,2
502205,"‭RUD(6) םרג 500 טנייפ לינו PLOMBIR №1    ‬",2025,49,11
502205,"‭RUD(6) םרג 500 טנייפ לינו PLOMBIR №1    ‬",2025,50,2
502205,"‭RUD(6) םרג 500 טנייפ לינו PLOMBIR №1    ‬",2025,51,1
502205,"‭RUD(6) םרג 500 טנייפ לינו PLOMBIR №1    ‬",2025,52,1
502205,"‭RUD(6) םרג 500 טנייפ לינו PLOMBIR №1    ‬",2025,53,1
502205,"‭RUD(6) םרג 500 טנייפ לינו PLOMBIR №1    ‬",2026,1,10
502205,"‭RUD(6) םרג 500 טנייפ לינו PLOMBIR №1    ‬",2026,2,2
502205,"‭RUD(6) םרג 500 טנייפ לינו PLOMBIR №1    ‬",2026,3,10
502205,"‭RUD(6) םרג 500 טנייפ לינו PLOMBIR №1    ‬",2026,4,12
502205,"‭RUD(6) םרג 500 טנייפ לינו PLOMBIR №1    ‬",2026,5,1
502205,"‭RUD(6) םרג 500 טנייפ לינו PLOMBIR №1    ‬",2026,6,12
502205,"‭RUD(6) םרג 500 טנייפ לינו PLOMBIR №1    ‬",2026,7,8
502205,"‭RUD(6) םרג 500 טנייפ לינו PLOMBIR №1    ‬",2026,8,1
502205,"‭RUD(6) םרג 500 טנייפ לינו PLOMBIR №1    ‬",2026,9,15
502205,"‭RUD(6) םרג 500 טנייפ לינו PLOMBIR №1    ‬",2026,10,10
502205,"‭RUD(6) םרג 500 טנייפ לינו PLOMBIR №1    ‬",2026,11,1
502205,"‭RUD(6) םרג 500 טנייפ לינו PLOMBIR №1    ‬",2026,12,1
502205,"‭RUD(6) םרג 500 טנייפ לינו PLOMBIR №1    ‬",2026,13,1
502205,"‭RUD(6) םרג 500 טנייפ לינו PLOMBIR №1    ‬",2026,14,1
502205,"‭RUD(6) םרג 500 טנייפ לינו PLOMBIR №1    ‬",2026,15,2
502205,"‭RUD(6) םרג 500 טנייפ לינו PLOMBIR №1    ‬",2026,16,1
502205,"‭RUD(6) םרג 500 טנייפ לינו PLOMBIR №1    ‬",2026,17,4
502205,"‭RUD(6) םרג 500 טנייפ לינו PLOMBIR №1    ‬",2026,18,3
502205,"‭RUD(6) םרג 500 טנייפ לינו PLOMBIR №1    ‬",2026,19,6
502205,"‭RUD(6) םרג 500 טנייפ לינו PLOMBIR №1    ‬",2026,20,7
502205,"‭RUD(6) םרג 500 טנייפ לינו PLOMBIR №1    ‬",2026,21,6
502205,"‭RUD(6) םרג 500 טנייפ לינו PLOMBIR №1    ‬",2026,22,7
502205,"‭RUD(6) םרג 500 טנייפ לינו PLOMBIR №1    ‬",2026,23,5
502205,"‭RUD(6) םרג 500 טנייפ לינו PLOMBIR №1    ‬",2026,24,1
502205,"‭RUD(6) םרג 500 טנייפ לינו PLOMBIR №1    ‬",2026,25,3
502205,"‭RUD(6) םרג 500 טנייפ לינו PLOMBIR №1    ‬",2026,26,5
502205,"‭RUD(6) םרג 500 טנייפ לינו PLOMBIR №1    ‬",2026,28,6
502205,"‭RUD(6) םרג 500 טנייפ לינו PLOMBIR №1    ‬",2026,29,3
502205,"‭RUD(6) םרג 500 טנייפ לינו PLOMBIR №1    ‬",2026,30,3
502205,"‭RUD(6) םרג 500 טנייפ לינו PLOMBIR №1    ‬",2026,32,5
502210,"‭RUD(6) ג""ק 1 לינו PLOMBIR №1    ‬",2025,33,9
502210,"‭RUD(6) ג""ק 1 לינו PLOMBIR №1    ‬",2025,34,28
502210,"‭RUD(6) ג""ק 1 לינו PLOMBIR №1    ‬",2025,35,27
502210,"‭RUD(6) ג""ק 1 לינו PLOMBIR №1    ‬",2025,36,8
502210,"‭RUD(6) ג""ק 1 לינו PLOMBIR №1    ‬",2025,37,15
502210,"‭RUD(6) ג""ק 1 לינו PLOMBIR №1    ‬",2025,38,17.83
502210,"‭RUD(6) ג""ק 1 לינו PLOMBIR №1    ‬",2025,39,20
502210,"‭RUD(6) ג""ק 1 לינו PLOMBIR №1    ‬",2025,40,11.17
502210,"‭RUD(6) ג""ק 1 לינו PLOMBIR №1    ‬",2025,41,14
502210,"‭RUD(6) ג""ק 1 לינו PLOMBIR №1    ‬",2025,42,29
502210,"‭RUD(6) ג""ק 1 לינו PLOMBIR №1    ‬",2025,43,14
502210,"‭RUD(6) ג""ק 1 לינו PLOMBIR №1    ‬",2025,44,15
502210,"‭RUD(6) ג""ק 1 לינו PLOMBIR №1    ‬",2025,45,11
502210,"‭RUD(6) ג""ק 1 לינו PLOMBIR №1    ‬",2025,46,13
502210,"‭RUD(6) ג""ק 1 לינו PLOMBIR №1    ‬",2025,47,20
502210,"‭RUD(6) ג""ק 1 לינו PLOMBIR №1    ‬",2025,48,8
502210,"‭RUD(6) ג""ק 1 לינו PLOMBIR №1    ‬",2025,49,5
502210,"‭RUD(6) ג""ק 1 לינו PLOMBIR №1    ‬",2025,50,9
502210,"‭RUD(6) ג""ק 1 לינו PLOMBIR №1    ‬",2025,51,17
502210,"‭RUD(6) ג""ק 1 לינו PLOMBIR №1    ‬",2025,52,7
502210,"‭RUD(6) ג""ק 1 לינו PLOMBIR №1    ‬",2025,53,4
502210,"‭RUD(6) ג""ק 1 לינו PLOMBIR №1    ‬",2026,2,13
502210,"‭RUD(6) ג""ק 1 לינו PLOMBIR №1    ‬",2026,3,11
502210,"‭RUD(6) ג""ק 1 לינו PLOMBIR №1    ‬",2026,4,7
502210,"‭RUD(6) ג""ק 1 לינו PLOMBIR №1    ‬",2026,5,7
502210,"‭RUD(6) ג""ק 1 לינו PLOMBIR №1    ‬",2026,6,12
502210,"‭RUD(6) ג""ק 1 לינו PLOMBIR №1    ‬",2026,7,15
502210,"‭RUD(6) ג""ק 1 לינו PLOMBIR №1    ‬",2026,8,21
502210,"‭RUD(6) ג""ק 1 לינו PLOMBIR №1    ‬",2026,9,15
502210,"‭RUD(6) ג""ק 1 לינו PLOMBIR №1    ‬",2026,10,8
502210,"‭RUD(6) ג""ק 1 לינו PLOMBIR №1    ‬",2026,11,30
502210,"‭RUD(6) ג""ק 1 לינו PLOMBIR №1    ‬",2026,12,21
502210,"‭RUD(6) ג""ק 1 לינו PLOMBIR №1    ‬",2026,13,20
502210,"‭RUD(6) ג""ק 1 לינו PLOMBIR №1    ‬",2026,14,11
502210,"‭RUD(6) ג""ק 1 לינו PLOMBIR №1    ‬",2026,15,17
502210,"‭RUD(6) ג""ק 1 לינו PLOMBIR №1    ‬",2026,16,23
502210,"‭RUD(6) ג""ק 1 לינו PLOMBIR №1    ‬",2026,17,27
502210,"‭RUD(6) ג""ק 1 לינו PLOMBIR №1    ‬",2026,18,12
502210,"‭RUD(6) ג""ק 1 לינו PLOMBIR №1    ‬",2026,19,22
502210,"‭RUD(6) ג""ק 1 לינו PLOMBIR №1    ‬",2026,20,12
502210,"‭RUD(6) ג""ק 1 לינו PLOMBIR №1    ‬",2026,21,28
502210,"‭RUD(6) ג""ק 1 לינו PLOMBIR №1    ‬",2026,22,15
502210,"‭RUD(6) ג""ק 1 לינו PLOMBIR №1    ‬",2026,23,22
502210,"‭RUD(6) ג""ק 1 לינו PLOMBIR №1    ‬",2026,24,19
502210,"‭RUD(6) ג""ק 1 לינו PLOMBIR №1    ‬",2026,25,25
502210,"‭RUD(6) ג""ק 1 לינו PLOMBIR №1    ‬",2026,26,19
502210,"‭RUD(6) ג""ק 1 לינו PLOMBIR №1    ‬",2026,27,16
502210,"‭RUD(6) ג""ק 1 לינו PLOMBIR №1    ‬",2026,28,20
502210,"‭RUD(6) ג""ק 1 לינו PLOMBIR №1    ‬",2026,29,20
502210,"‭RUD(6) ג""ק 1 לינו PLOMBIR №1    ‬",2026,30,21
502210,"‭RUD(6) ג""ק 1 לינו PLOMBIR №1    ‬",2026,31,7
502210,"‭RUD(6) ג""ק 1 לינו PLOMBIR №1    ‬",2026,32,26
502500,"‭(16)םרג 140 בלח דלוקוש יופיצב אופק ןבדבוד‬",2026,24,16.31
502500,"‭(16)םרג 140 בלח דלוקוש יופיצב אופק ןבדבוד‬",2026,25,17
502500,"‭(16)םרג 140 בלח דלוקוש יופיצב אופק ןבדבוד‬",2026,26,13
502500,"‭(16)םרג 140 בלח דלוקוש יופיצב אופק ןבדבוד‬",2026,27,5
502500,"‭(16)םרג 140 בלח דלוקוש יופיצב אופק ןבדבוד‬",2026,28,3
502500,"‭(16)םרג 140 בלח דלוקוש יופיצב אופק ןבדבוד‬",2026,29,3.5
502500,"‭(16)םרג 140 בלח דלוקוש יופיצב אופק ןבדבוד‬",2026,30,7
502500,"‭(16)םרג 140 בלח דלוקוש יופיצב אופק ןבדבוד‬",2026,31,4
502500,"‭(16)םרג 140 בלח דלוקוש יופיצב אופק ןבדבוד‬",2026,32,4
502501,"‭(16)םרג 140 בלח דלוקושו ןבל דלוקוש יופיצב אופק לטפ‬",2026,24,11.13
502501,"‭(16)םרג 140 בלח דלוקושו ןבל דלוקוש יופיצב אופק לטפ‬",2026,25,5
502501,"‭(16)םרג 140 בלח דלוקושו ןבל דלוקוש יופיצב אופק לטפ‬",2026,26,1
502501,"‭(16)םרג 140 בלח דלוקושו ןבל דלוקוש יופיצב אופק לטפ‬",2026,27,1
502501,"‭(16)םרג 140 בלח דלוקושו ןבל דלוקוש יופיצב אופק לטפ‬",2026,28,2
502501,"‭(16)םרג 140 בלח דלוקושו ןבל דלוקוש יופיצב אופק לטפ‬",2026,29,4
502501,"‭(16)םרג 140 בלח דלוקושו ןבל דלוקוש יופיצב אופק לטפ‬",2026,30,1
502501,"‭(16)םרג 140 בלח דלוקושו ןבל דלוקוש יופיצב אופק לטפ‬",2026,31,1
502501,"‭(16)םרג 140 בלח דלוקושו ןבל דלוקוש יופיצב אופק לטפ‬",2026,32,6
502502,"‭(16)םרג 140 בלח דלוקושו ןבל דלוקוש יופיצב אופק הדש תות‬",2026,24,21.94
502502,"‭(16)םרג 140 בלח דלוקושו ןבל דלוקוש יופיצב אופק הדש תות‬",2026,25,14
502502,"‭(16)םרג 140 בלח דלוקושו ןבל דלוקוש יופיצב אופק הדש תות‬",2026,26,9.5
502502,"‭(16)םרג 140 בלח דלוקושו ןבל דלוקוש יופיצב אופק הדש תות‬",2026,27,10.5
502502,"‭(16)םרג 140 בלח דלוקושו ןבל דלוקוש יופיצב אופק הדש תות‬",2026,28,12
502502,"‭(16)םרג 140 בלח דלוקושו ןבל דלוקוש יופיצב אופק הדש תות‬",2026,29,2
502502,"‭(16)םרג 140 בלח דלוקושו ןבל דלוקוש יופיצב אופק הדש תות‬",2026,31,5
502502,"‭(16)םרג 140 בלח דלוקושו ןבל דלוקוש יופיצב אופק הדש תות‬",2026,32,8
502503,"‭(16)םרג 140 בלח דלוקוש יופיצב םיאופק םימודא םיבנע‬",2026,24,19.69
502503,"‭(16)םרג 140 בלח דלוקוש יופיצב םיאופק םימודא םיבנע‬",2026,25,13
502503,"‭(16)םרג 140 בלח דלוקוש יופיצב םיאופק םימודא םיבנע‬",2026,26,8.5
502503,"‭(16)םרג 140 בלח דלוקוש יופיצב םיאופק םימודא םיבנע‬",2026,27,5
502503,"‭(16)םרג 140 בלח דלוקוש יופיצב םיאופק םימודא םיבנע‬",2026,28,1.5
502503,"‭(16)םרג 140 בלח דלוקוש יופיצב םיאופק םימודא םיבנע‬",2026,29,6.5
502503,"‭(16)םרג 140 בלח דלוקוש יופיצב םיאופק םימודא םיבנע‬",2026,30,3
502503,"‭(16)םרג 140 בלח דלוקוש יופיצב םיאופק םימודא םיבנע‬",2026,31,2
502503,"‭(16)םרג 140 בלח דלוקוש יופיצב םיאופק םימודא םיבנע‬",2026,32,1
502504,"‭(16)םרג 140 בלח דלוקוש יופיצב תואופק תולוחכ תוינמכוא‬",2026,24,19.06
502504,"‭(16)םרג 140 בלח דלוקוש יופיצב תואופק תולוחכ תוינמכוא‬",2026,25,21.5
502504,"‭(16)םרג 140 בלח דלוקוש יופיצב תואופק תולוחכ תוינמכוא‬",2026,26,9
502504,"‭(16)םרג 140 בלח דלוקוש יופיצב תואופק תולוחכ תוינמכוא‬",2026,27,5
502504,"‭(16)םרג 140 בלח דלוקוש יופיצב תואופק תולוחכ תוינמכוא‬",2026,28,4
502504,"‭(16)םרג 140 בלח דלוקוש יופיצב תואופק תולוחכ תוינמכוא‬",2026,29,4.5
502504,"‭(16)םרג 140 בלח דלוקוש יופיצב תואופק תולוחכ תוינמכוא‬",2026,30,2.5
502504,"‭(16)םרג 140 בלח דלוקוש יופיצב תואופק תולוחכ תוינמכוא‬",2026,31,3
502504,"‭(16)םרג 140 בלח דלוקוש יופיצב תואופק תולוחכ תוינמכוא‬",2026,32,3
503010,"‭(12) רג171 דלוקוש יופיצב טיווקסיבו למרק תנמש ""סקיווט"" תדילג‬",2025,34,1
503010,"‭(12) רג171 דלוקוש יופיצב טיווקסיבו למרק תנמש ""סקיווט"" תדילג‬",2025,37,1
503010,"‭(12) רג171 דלוקוש יופיצב טיווקסיבו למרק תנמש ""סקיווט"" תדילג‬",2025,38,1
503010,"‭(12) רג171 דלוקוש יופיצב טיווקסיבו למרק תנמש ""סקיווט"" תדילג‬",2025,39,1
503010,"‭(12) רג171 דלוקוש יופיצב טיווקסיבו למרק תנמש ""סקיווט"" תדילג‬",2025,41,1
503010,"‭(12) רג171 דלוקוש יופיצב טיווקסיבו למרק תנמש ""סקיווט"" תדילג‬",2025,44,1.17
503010,"‭(12) רג171 דלוקוש יופיצב טיווקסיבו למרק תנמש ""סקיווט"" תדילג‬",2025,45,1.83
503010,"‭(12) רג171 דלוקוש יופיצב טיווקסיבו למרק תנמש ""סקיווט"" תדילג‬",2025,46,1
503010,"‭(12) רג171 דלוקוש יופיצב טיווקסיבו למרק תנמש ""סקיווט"" תדילג‬",2025,47,2
503010,"‭(12) רג171 דלוקוש יופיצב טיווקסיבו למרק תנמש ""סקיווט"" תדילג‬",2025,48,4
503010,"‭(12) רג171 דלוקוש יופיצב טיווקסיבו למרק תנמש ""סקיווט"" תדילג‬",2025,49,1
503010,"‭(12) רג171 דלוקוש יופיצב טיווקסיבו למרק תנמש ""סקיווט"" תדילג‬",2025,50,1
503010,"‭(12) רג171 דלוקוש יופיצב טיווקסיבו למרק תנמש ""סקיווט"" תדילג‬",2025,52,3
503010,"‭(12) רג171 דלוקוש יופיצב טיווקסיבו למרק תנמש ""סקיווט"" תדילג‬",2025,53,1
503010,"‭(12) רג171 דלוקוש יופיצב טיווקסיבו למרק תנמש ""סקיווט"" תדילג‬",2026,2,1
503010,"‭(12) רג171 דלוקוש יופיצב טיווקסיבו למרק תנמש ""סקיווט"" תדילג‬",2026,3,1
503010,"‭(12) רג171 דלוקוש יופיצב טיווקסיבו למרק תנמש ""סקיווט"" תדילג‬",2026,4,2
503010,"‭(12) רג171 דלוקוש יופיצב טיווקסיבו למרק תנמש ""סקיווט"" תדילג‬",2026,5,1
503010,"‭(12) רג171 דלוקוש יופיצב טיווקסיבו למרק תנמש ""סקיווט"" תדילג‬",2026,6,4
503010,"‭(12) רג171 דלוקוש יופיצב טיווקסיבו למרק תנמש ""סקיווט"" תדילג‬",2026,7,2
503010,"‭(12) רג171 דלוקוש יופיצב טיווקסיבו למרק תנמש ""סקיווט"" תדילג‬",2026,9,3
503010,"‭(12) רג171 דלוקוש יופיצב טיווקסיבו למרק תנמש ""סקיווט"" תדילג‬",2026,11,3
503010,"‭(12) רג171 דלוקוש יופיצב טיווקסיבו למרק תנמש ""סקיווט"" תדילג‬",2026,12,1
503010,"‭(12) רג171 דלוקוש יופיצב טיווקסיבו למרק תנמש ""סקיווט"" תדילג‬",2026,14,1
503010,"‭(12) רג171 דלוקוש יופיצב טיווקסיבו למרק תנמש ""סקיווט"" תדילג‬",2026,15,1
503010,"‭(12) רג171 דלוקוש יופיצב טיווקסיבו למרק תנמש ""סקיווט"" תדילג‬",2026,16,7
503010,"‭(12) רג171 דלוקוש יופיצב טיווקסיבו למרק תנמש ""סקיווט"" תדילג‬",2026,17,2
503010,"‭(12) רג171 דלוקוש יופיצב טיווקסיבו למרק תנמש ""סקיווט"" תדילג‬",2026,18,2
503010,"‭(12) רג171 דלוקוש יופיצב טיווקסיבו למרק תנמש ""סקיווט"" תדילג‬",2026,19,4
503010,"‭(12) רג171 דלוקוש יופיצב טיווקסיבו למרק תנמש ""סקיווט"" תדילג‬",2026,23,4
503010,"‭(12) רג171 דלוקוש יופיצב טיווקסיבו למרק תנמש ""סקיווט"" תדילג‬",2026,25,3
503010,"‭(12) רג171 דלוקוש יופיצב טיווקסיבו למרק תנמש ""סקיווט"" תדילג‬",2026,26,1
503010,"‭(12) רג171 דלוקוש יופיצב טיווקסיבו למרק תנמש ""סקיווט"" תדילג‬",2026,28,1
503010,"‭(12) רג171 דלוקוש יופיצב טיווקסיבו למרק תנמש ""סקיווט"" תדילג‬",2026,29,1
503010,"‭(12) רג171 דלוקוש יופיצב טיווקסיבו למרק תנמש ""סקיווט"" תדילג‬",2026,30,1
503010,"‭(12) רג171 דלוקוש יופיצב טיווקסיבו למרק תנמש ""סקיווט"" תדילג‬",2026,31,3
503010,"‭(12) רג171 דלוקוש יופיצב טיווקסיבו למרק תנמש ""סקיווט"" תדילג‬",2026,32,3
503011,"‭(12) רג284 דולוקוש הפוצמ תויגוע   תיבלח ""סוטול"" תדילג‬",2025,34,5
503011,"‭(12) רג284 דולוקוש הפוצמ תויגוע   תיבלח ""סוטול"" תדילג‬",2025,35,5
503011,"‭(12) רג284 דולוקוש הפוצמ תויגוע   תיבלח ""סוטול"" תדילג‬",2025,39,2
503011,"‭(12) רג284 דולוקוש הפוצמ תויגוע   תיבלח ""סוטול"" תדילג‬",2025,40,4
503011,"‭(12) רג284 דולוקוש הפוצמ תויגוע   תיבלח ""סוטול"" תדילג‬",2025,41,2
503011,"‭(12) רג284 דולוקוש הפוצמ תויגוע   תיבלח ""סוטול"" תדילג‬",2025,42,4
503011,"‭(12) רג284 דולוקוש הפוצמ תויגוע   תיבלח ""סוטול"" תדילג‬",2025,43,0.5
503011,"‭(12) רג284 דולוקוש הפוצמ תויגוע   תיבלח ""סוטול"" תדילג‬",2025,46,1.5
503011,"‭(12) רג284 דולוקוש הפוצמ תויגוע   תיבלח ""סוטול"" תדילג‬",2025,47,1
503011,"‭(12) רג284 דולוקוש הפוצמ תויגוע   תיבלח ""סוטול"" תדילג‬",2025,48,1
503011,"‭(12) רג284 דולוקוש הפוצמ תויגוע   תיבלח ""סוטול"" תדילג‬",2025,51,2
503011,"‭(12) רג284 דולוקוש הפוצמ תויגוע   תיבלח ""סוטול"" תדילג‬",2025,52,2
503011,"‭(12) רג284 דולוקוש הפוצמ תויגוע   תיבלח ""סוטול"" תדילג‬",2026,2,3
503011,"‭(12) רג284 דולוקוש הפוצמ תויגוע   תיבלח ""סוטול"" תדילג‬",2026,3,2
503011,"‭(12) רג284 דולוקוש הפוצמ תויגוע   תיבלח ""סוטול"" תדילג‬",2026,4,2
503011,"‭(12) רג284 דולוקוש הפוצמ תויגוע   תיבלח ""סוטול"" תדילג‬",2026,6,2
503011,"‭(12) רג284 דולוקוש הפוצמ תויגוע   תיבלח ""סוטול"" תדילג‬",2026,8,1
503011,"‭(12) רג284 דולוקוש הפוצמ תויגוע   תיבלח ""סוטול"" תדילג‬",2026,16,7
503011,"‭(12) רג284 דולוקוש הפוצמ תויגוע   תיבלח ""סוטול"" תדילג‬",2026,17,6
503011,"‭(12) רג284 דולוקוש הפוצמ תויגוע   תיבלח ""סוטול"" תדילג‬",2026,18,2
503011,"‭(12) רג284 דולוקוש הפוצמ תויגוע   תיבלח ""סוטול"" תדילג‬",2026,19,3
503011,"‭(12) רג284 דולוקוש הפוצמ תויגוע   תיבלח ""סוטול"" תדילג‬",2026,20,2
503011,"‭(12) רג284 דולוקוש הפוצמ תויגוע   תיבלח ""סוטול"" תדילג‬",2026,25,1
503011,"‭(12) רג284 דולוקוש הפוצמ תויגוע   תיבלח ""סוטול"" תדילג‬",2026,28,1
503013,"‭(7) רג200 םיזוגאו דלוקוש הפוצמ זוגא תיבלח ""רשור וררפ"" תדילג‬",2025,36,1
503013,"‭(7) רג200 םיזוגאו דלוקוש הפוצמ זוגא תיבלח ""רשור וררפ"" תדילג‬",2025,37,1
503013,"‭(7) רג200 םיזוגאו דלוקוש הפוצמ זוגא תיבלח ""רשור וררפ"" תדילג‬",2025,40,1
503013,"‭(7) רג200 םיזוגאו דלוקוש הפוצמ זוגא תיבלח ""רשור וררפ"" תדילג‬",2025,42,1
503013,"‭(7) רג200 םיזוגאו דלוקוש הפוצמ זוגא תיבלח ""רשור וררפ"" תדילג‬",2025,45,1
503013,"‭(7) רג200 םיזוגאו דלוקוש הפוצמ זוגא תיבלח ""רשור וררפ"" תדילג‬",2025,51,1
503013,"‭(7) רג200 םיזוגאו דלוקוש הפוצמ זוגא תיבלח ""רשור וררפ"" תדילג‬",2026,3,1
503013,"‭(7) רג200 םיזוגאו דלוקוש הפוצמ זוגא תיבלח ""רשור וררפ"" תדילג‬",2026,4,4
503013,"‭(7) רג200 םיזוגאו דלוקוש הפוצמ זוגא תיבלח ""רשור וררפ"" תדילג‬",2026,5,1
503013,"‭(7) רג200 םיזוגאו דלוקוש הפוצמ זוגא תיבלח ""רשור וררפ"" תדילג‬",2026,6,1
503014,"‭(7) רג188 םידקש הפוצמ סוקוק   תיבלח ""ולאפר"" תדילג‬",2025,34,1
503014,"‭(7) רג188 םידקש הפוצמ סוקוק   תיבלח ""ולאפר"" תדילג‬",2025,37,1
503014,"‭(7) רג188 םידקש הפוצמ סוקוק   תיבלח ""ולאפר"" תדילג‬",2025,40,2
503014,"‭(7) רג188 םידקש הפוצמ סוקוק   תיבלח ""ולאפר"" תדילג‬",2025,42,1
503014,"‭(7) רג188 םידקש הפוצמ סוקוק   תיבלח ""ולאפר"" תדילג‬",2025,44,0.29
503014,"‭(7) רג188 םידקש הפוצמ סוקוק   תיבלח ""ולאפר"" תדילג‬",2025,45,1
503014,"‭(7) רג188 םידקש הפוצמ סוקוק   תיבלח ""ולאפר"" תדילג‬",2025,47,1
503014,"‭(7) רג188 םידקש הפוצמ סוקוק   תיבלח ""ולאפר"" תדילג‬",2025,50,0.43
503014,"‭(7) רג188 םידקש הפוצמ סוקוק   תיבלח ""ולאפר"" תדילג‬",2025,52,1
503014,"‭(7) רג188 םידקש הפוצמ סוקוק   תיבלח ""ולאפר"" תדילג‬",2026,3,1
503014,"‭(7) רג188 םידקש הפוצמ סוקוק   תיבלח ""ולאפר"" תדילג‬",2026,4,3
503014,"‭(7) רג188 םידקש הפוצמ סוקוק   תיבלח ""ולאפר"" תדילג‬",2026,5,1
503014,"‭(7) רג188 םידקש הפוצמ סוקוק   תיבלח ""ולאפר"" תדילג‬",2026,6,1
503014,"‭(7) רג188 םידקש הפוצמ סוקוק   תיבלח ""ולאפר"" תדילג‬",2026,7,2
503014,"‭(7) רג188 םידקש הפוצמ סוקוק   תיבלח ""ולאפר"" תדילג‬",2026,9,3
503014,"‭(7) רג188 םידקש הפוצמ סוקוק   תיבלח ""ולאפר"" תדילג‬",2026,10,1
503014,"‭(7) רג188 םידקש הפוצמ סוקוק   תיבלח ""ולאפר"" תדילג‬",2026,11,2
503014,"‭(7) רג188 םידקש הפוצמ סוקוק   תיבלח ""ולאפר"" תדילג‬",2026,15,1
503014,"‭(7) רג188 םידקש הפוצמ סוקוק   תיבלח ""ולאפר"" תדילג‬",2026,16,3
503014,"‭(7) רג188 םידקש הפוצמ סוקוק   תיבלח ""ולאפר"" תדילג‬",2026,17,1
503016,"‭(8) רג240 היעיבר בלח ""ונאוב רדניק"" ןוליט תדילג‬",2025,33,3
503016,"‭(8) רג240 היעיבר בלח ""ונאוב רדניק"" ןוליט תדילג‬",2025,34,4
503016,"‭(8) רג240 היעיבר בלח ""ונאוב רדניק"" ןוליט תדילג‬",2025,35,4
503016,"‭(8) רג240 היעיבר בלח ""ונאוב רדניק"" ןוליט תדילג‬",2025,36,3
503016,"‭(8) רג240 היעיבר בלח ""ונאוב רדניק"" ןוליט תדילג‬",2025,37,6
503016,"‭(8) רג240 היעיבר בלח ""ונאוב רדניק"" ןוליט תדילג‬",2025,38,2
503016,"‭(8) רג240 היעיבר בלח ""ונאוב רדניק"" ןוליט תדילג‬",2025,39,1
503016,"‭(8) רג240 היעיבר בלח ""ונאוב רדניק"" ןוליט תדילג‬",2025,40,5
503016,"‭(8) רג240 היעיבר בלח ""ונאוב רדניק"" ןוליט תדילג‬",2025,41,4
503016,"‭(8) רג240 היעיבר בלח ""ונאוב רדניק"" ןוליט תדילג‬",2025,42,4
503016,"‭(8) רג240 היעיבר בלח ""ונאוב רדניק"" ןוליט תדילג‬",2025,43,2.25
503016,"‭(8) רג240 היעיבר בלח ""ונאוב רדניק"" ןוליט תדילג‬",2025,44,2
503016,"‭(8) רג240 היעיבר בלח ""ונאוב רדניק"" ןוליט תדילג‬",2025,45,4
503016,"‭(8) רג240 היעיבר בלח ""ונאוב רדניק"" ןוליט תדילג‬",2025,46,4.63
503016,"‭(8) רג240 היעיבר בלח ""ונאוב רדניק"" ןוליט תדילג‬",2025,47,1.13
503016,"‭(8) רג240 היעיבר בלח ""ונאוב רדניק"" ןוליט תדילג‬",2025,48,3
503016,"‭(8) רג240 היעיבר בלח ""ונאוב רדניק"" ןוליט תדילג‬",2025,49,4
503016,"‭(8) רג240 היעיבר בלח ""ונאוב רדניק"" ןוליט תדילג‬",2025,50,1
503016,"‭(8) רג240 היעיבר בלח ""ונאוב רדניק"" ןוליט תדילג‬",2025,51,1
503016,"‭(8) רג240 היעיבר בלח ""ונאוב רדניק"" ןוליט תדילג‬",2025,52,1
503016,"‭(8) רג240 היעיבר בלח ""ונאוב רדניק"" ןוליט תדילג‬",2026,2,6
503016,"‭(8) רג240 היעיבר בלח ""ונאוב רדניק"" ןוליט תדילג‬",2026,3,4
503016,"‭(8) רג240 היעיבר בלח ""ונאוב רדניק"" ןוליט תדילג‬",2026,4,2
503016,"‭(8) רג240 היעיבר בלח ""ונאוב רדניק"" ןוליט תדילג‬",2026,6,1
503016,"‭(8) רג240 היעיבר בלח ""ונאוב רדניק"" ןוליט תדילג‬",2026,7,4
503016,"‭(8) רג240 היעיבר בלח ""ונאוב רדניק"" ןוליט תדילג‬",2026,8,2
503016,"‭(8) רג240 היעיבר בלח ""ונאוב רדניק"" ןוליט תדילג‬",2026,9,1
503016,"‭(8) רג240 היעיבר בלח ""ונאוב רדניק"" ןוליט תדילג‬",2026,10,2
503016,"‭(8) רג240 היעיבר בלח ""ונאוב רדניק"" ןוליט תדילג‬",2026,11,1
503016,"‭(8) רג240 היעיבר בלח ""ונאוב רדניק"" ןוליט תדילג‬",2026,12,1
503016,"‭(8) רג240 היעיבר בלח ""ונאוב רדניק"" ןוליט תדילג‬",2026,13,2
503016,"‭(8) רג240 היעיבר בלח ""ונאוב רדניק"" ןוליט תדילג‬",2026,14,1
503016,"‭(8) רג240 היעיבר בלח ""ונאוב רדניק"" ןוליט תדילג‬",2026,16,8
503016,"‭(8) רג240 היעיבר בלח ""ונאוב רדניק"" ןוליט תדילג‬",2026,17,5
503016,"‭(8) רג240 היעיבר בלח ""ונאוב רדניק"" ןוליט תדילג‬",2026,18,2
503016,"‭(8) רג240 היעיבר בלח ""ונאוב רדניק"" ןוליט תדילג‬",2026,23,6
503016,"‭(8) רג240 היעיבר בלח ""ונאוב רדניק"" ןוליט תדילג‬",2026,24,4
503016,"‭(8) רג240 היעיבר בלח ""ונאוב רדניק"" ןוליט תדילג‬",2026,25,4
503016,"‭(8) רג240 היעיבר בלח ""ונאוב רדניק"" ןוליט תדילג‬",2026,26,3
503016,"‭(8) רג240 היעיבר בלח ""ונאוב רדניק"" ןוליט תדילג‬",2026,27,5
503016,"‭(8) רג240 היעיבר בלח ""ונאוב רדניק"" ןוליט תדילג‬",2026,28,2
503016,"‭(8) רג240 היעיבר בלח ""ונאוב רדניק"" ןוליט תדילג‬",2026,29,7
503016,"‭(8) רג240 היעיבר בלח ""ונאוב רדניק"" ןוליט תדילג‬",2026,30,3
503016,"‭(8) רג240 היעיבר בלח ""ונאוב רדניק"" ןוליט תדילג‬",2026,31,3
503016,"‭(8) רג240 היעיבר בלח ""ונאוב רדניק"" ןוליט תדילג‬",2026,32,4
503017,"‭(8) רג240 היעיבר ןבל ""ונאוב רדניק"" ןוליט תדילג‬",2025,33,2
503017,"‭(8) רג240 היעיבר ןבל ""ונאוב רדניק"" ןוליט תדילג‬",2025,34,6
503017,"‭(8) רג240 היעיבר ןבל ""ונאוב רדניק"" ןוליט תדילג‬",2025,35,5
503017,"‭(8) רג240 היעיבר ןבל ""ונאוב רדניק"" ןוליט תדילג‬",2025,36,4
503017,"‭(8) רג240 היעיבר ןבל ""ונאוב רדניק"" ןוליט תדילג‬",2025,37,7
503017,"‭(8) רג240 היעיבר ןבל ""ונאוב רדניק"" ןוליט תדילג‬",2025,38,1
503017,"‭(8) רג240 היעיבר ןבל ""ונאוב רדניק"" ןוליט תדילג‬",2025,39,1
503017,"‭(8) רג240 היעיבר ןבל ""ונאוב רדניק"" ןוליט תדילג‬",2025,40,2
503017,"‭(8) רג240 היעיבר ןבל ""ונאוב רדניק"" ןוליט תדילג‬",2025,41,6
503017,"‭(8) רג240 היעיבר ןבל ""ונאוב רדניק"" ןוליט תדילג‬",2025,42,4
503017,"‭(8) רג240 היעיבר ןבל ""ונאוב רדניק"" ןוליט תדילג‬",2025,43,3
503017,"‭(8) רג240 היעיבר ןבל ""ונאוב רדניק"" ןוליט תדילג‬",2025,44,3
503017,"‭(8) רג240 היעיבר ןבל ""ונאוב רדניק"" ןוליט תדילג‬",2025,45,4
503017,"‭(8) רג240 היעיבר ןבל ""ונאוב רדניק"" ןוליט תדילג‬",2025,46,1
503017,"‭(8) רג240 היעיבר ןבל ""ונאוב רדניק"" ןוליט תדילג‬",2025,47,3
503017,"‭(8) רג240 היעיבר ןבל ""ונאוב רדניק"" ןוליט תדילג‬",2025,48,3
503017,"‭(8) רג240 היעיבר ןבל ""ונאוב רדניק"" ןוליט תדילג‬",2025,49,4
503017,"‭(8) רג240 היעיבר ןבל ""ונאוב רדניק"" ןוליט תדילג‬",2025,51,3
503017,"‭(8) רג240 היעיבר ןבל ""ונאוב רדניק"" ןוליט תדילג‬",2025,52,2
503017,"‭(8) רג240 היעיבר ןבל ""ונאוב רדניק"" ןוליט תדילג‬",2026,2,4
503017,"‭(8) רג240 היעיבר ןבל ""ונאוב רדניק"" ןוליט תדילג‬",2026,3,6
503017,"‭(8) רג240 היעיבר ןבל ""ונאוב רדניק"" ןוליט תדילג‬",2026,4,1
503017,"‭(8) רג240 היעיבר ןבל ""ונאוב רדניק"" ןוליט תדילג‬",2026,6,3
503017,"‭(8) רג240 היעיבר ןבל ""ונאוב רדניק"" ןוליט תדילג‬",2026,7,6
503017,"‭(8) רג240 היעיבר ןבל ""ונאוב רדניק"" ןוליט תדילג‬",2026,8,1
503017,"‭(8) רג240 היעיבר ןבל ""ונאוב רדניק"" ןוליט תדילג‬",2026,9,3
503017,"‭(8) רג240 היעיבר ןבל ""ונאוב רדניק"" ןוליט תדילג‬",2026,10,1
503017,"‭(8) רג240 היעיבר ןבל ""ונאוב רדניק"" ןוליט תדילג‬",2026,11,5
503017,"‭(8) רג240 היעיבר ןבל ""ונאוב רדניק"" ןוליט תדילג‬",2026,12,2
503017,"‭(8) רג240 היעיבר ןבל ""ונאוב רדניק"" ןוליט תדילג‬",2026,23,9
503017,"‭(8) רג240 היעיבר ןבל ""ונאוב רדניק"" ןוליט תדילג‬",2026,24,4
503017,"‭(8) רג240 היעיבר ןבל ""ונאוב רדניק"" ןוליט תדילג‬",2026,25,4
503017,"‭(8) רג240 היעיבר ןבל ""ונאוב רדניק"" ןוליט תדילג‬",2026,26,4
503017,"‭(8) רג240 היעיבר ןבל ""ונאוב רדניק"" ןוליט תדילג‬",2026,27,1
503017,"‭(8) רג240 היעיבר ןבל ""ונאוב רדניק"" ןוליט תדילג‬",2026,28,3
503017,"‭(8) רג240 היעיבר ןבל ""ונאוב רדניק"" ןוליט תדילג‬",2026,29,7
503017,"‭(8) רג240 היעיבר ןבל ""ונאוב רדניק"" ןוליט תדילג‬",2026,30,3
503017,"‭(8) רג240 היעיבר ןבל ""ונאוב רדניק"" ןוליט תדילג‬",2026,31,3
503017,"‭(8) רג240 היעיבר ןבל ""ונאוב רדניק"" ןוליט תדילג‬",2026,32,5
503018,"‭(12)רג284 ןבל דולוקוש הפוצמ תויגוע   תיבלח ""סוטול"" תדילג‬",2025,33,1
503018,"‭(12)רג284 ןבל דולוקוש הפוצמ תויגוע   תיבלח ""סוטול"" תדילג‬",2025,34,1
503018,"‭(12)רג284 ןבל דולוקוש הפוצמ תויגוע   תיבלח ""סוטול"" תדילג‬",2025,35,2
503018,"‭(12)רג284 ןבל דולוקוש הפוצמ תויגוע   תיבלח ""סוטול"" תדילג‬",2025,36,3
503018,"‭(12)רג284 ןבל דולוקוש הפוצמ תויגוע   תיבלח ""סוטול"" תדילג‬",2025,37,3
503018,"‭(12)רג284 ןבל דולוקוש הפוצמ תויגוע   תיבלח ""סוטול"" תדילג‬",2025,40,2
503018,"‭(12)רג284 ןבל דולוקוש הפוצמ תויגוע   תיבלח ""סוטול"" תדילג‬",2025,41,1
503018,"‭(12)רג284 ןבל דולוקוש הפוצמ תויגוע   תיבלח ""סוטול"" תדילג‬",2025,42,2
503018,"‭(12)רג284 ןבל דולוקוש הפוצמ תויגוע   תיבלח ""סוטול"" תדילג‬",2025,43,0.33
503018,"‭(12)רג284 ןבל דולוקוש הפוצמ תויגוע   תיבלח ""סוטול"" תדילג‬",2025,45,1
503018,"‭(12)רג284 ןבל דולוקוש הפוצמ תויגוע   תיבלח ""סוטול"" תדילג‬",2025,46,1
503018,"‭(12)רג284 ןבל דולוקוש הפוצמ תויגוע   תיבלח ""סוטול"" תדילג‬",2025,47,1
503018,"‭(12)רג284 ןבל דולוקוש הפוצמ תויגוע   תיבלח ""סוטול"" תדילג‬",2025,48,2.67
503018,"‭(12)רג284 ןבל דולוקוש הפוצמ תויגוע   תיבלח ""סוטול"" תדילג‬",2025,49,1
503018,"‭(12)רג284 ןבל דולוקוש הפוצמ תויגוע   תיבלח ""סוטול"" תדילג‬",2025,51,1
503018,"‭(12)רג284 ןבל דולוקוש הפוצמ תויגוע   תיבלח ""סוטול"" תדילג‬",2025,52,2
503018,"‭(12)רג284 ןבל דולוקוש הפוצמ תויגוע   תיבלח ""סוטול"" תדילג‬",2026,2,1
503018,"‭(12)רג284 ןבל דולוקוש הפוצמ תויגוע   תיבלח ""סוטול"" תדילג‬",2026,4,1
503018,"‭(12)רג284 ןבל דולוקוש הפוצמ תויגוע   תיבלח ""סוטול"" תדילג‬",2026,13,1
503018,"‭(12)רג284 ןבל דולוקוש הפוצמ תויגוע   תיבלח ""סוטול"" תדילג‬",2026,16,6
503018,"‭(12)רג284 ןבל דולוקוש הפוצמ תויגוע   תיבלח ""סוטול"" תדילג‬",2026,17,4
503018,"‭(12)רג284 ןבל דולוקוש הפוצמ תויגוע   תיבלח ""סוטול"" תדילג‬",2026,19,2
503018,"‭(12)רג284 ןבל דולוקוש הפוצמ תויגוע   תיבלח ""סוטול"" תדילג‬",2026,20,2
503018,"‭(12)רג284 ןבל דולוקוש הפוצמ תויגוע   תיבלח ""סוטול"" תדילג‬",2026,22,2
503018,"‭(12)רג284 ןבל דולוקוש הפוצמ תויגוע   תיבלח ""סוטול"" תדילג‬",2026,23,2
503018,"‭(12)רג284 ןבל דולוקוש הפוצמ תויגוע   תיבלח ""סוטול"" תדילג‬",2026,24,1
503018,"‭(12)רג284 ןבל דולוקוש הפוצמ תויגוע   תיבלח ""סוטול"" תדילג‬",2026,25,2
503018,"‭(12)רג284 ןבל דולוקוש הפוצמ תויגוע   תיבלח ""סוטול"" תדילג‬",2026,26,2
503018,"‭(12)רג284 ןבל דולוקוש הפוצמ תויגוע   תיבלח ""סוטול"" תדילג‬",2026,27,3
503018,"‭(12)רג284 ןבל דולוקוש הפוצמ תויגוע   תיבלח ""סוטול"" תדילג‬",2026,29,1
503018,"‭(12)רג284 ןבל דולוקוש הפוצמ תויגוע   תיבלח ""סוטול"" תדילג‬",2026,32,3
503020,"‭(6)רג264 ואקקו זוגא חרממ םע תיבלח ץיודנס ""םודא רקול"" תדילג‬",2025,33,5
503020,"‭(6)רג264 ואקקו זוגא חרממ םע תיבלח ץיודנס ""םודא רקול"" תדילג‬",2025,34,2
503020,"‭(6)רג264 ואקקו זוגא חרממ םע תיבלח ץיודנס ""םודא רקול"" תדילג‬",2025,36,4
503020,"‭(6)רג264 ואקקו זוגא חרממ םע תיבלח ץיודנס ""םודא רקול"" תדילג‬",2025,37,3
503020,"‭(6)רג264 ואקקו זוגא חרממ םע תיבלח ץיודנס ""םודא רקול"" תדילג‬",2025,38,3
503020,"‭(6)רג264 ואקקו זוגא חרממ םע תיבלח ץיודנס ""םודא רקול"" תדילג‬",2025,39,1
503020,"‭(6)רג264 ואקקו זוגא חרממ םע תיבלח ץיודנס ""םודא רקול"" תדילג‬",2025,40,4
503020,"‭(6)רג264 ואקקו זוגא חרממ םע תיבלח ץיודנס ""םודא רקול"" תדילג‬",2025,41,2
503020,"‭(6)רג264 ואקקו זוגא חרממ םע תיבלח ץיודנס ""םודא רקול"" תדילג‬",2025,42,2
503020,"‭(6)רג264 ואקקו זוגא חרממ םע תיבלח ץיודנס ""םודא רקול"" תדילג‬",2025,44,2
503020,"‭(6)רג264 ואקקו זוגא חרממ םע תיבלח ץיודנס ""םודא רקול"" תדילג‬",2025,45,3
503020,"‭(6)רג264 ואקקו זוגא חרממ םע תיבלח ץיודנס ""םודא רקול"" תדילג‬",2025,47,4.17
503020,"‭(6)רג264 ואקקו זוגא חרממ םע תיבלח ץיודנס ""םודא רקול"" תדילג‬",2025,48,2
503020,"‭(6)רג264 ואקקו זוגא חרממ םע תיבלח ץיודנס ""םודא רקול"" תדילג‬",2025,49,4
503020,"‭(6)רג264 ואקקו זוגא חרממ םע תיבלח ץיודנס ""םודא רקול"" תדילג‬",2025,51,3
503020,"‭(6)רג264 ואקקו זוגא חרממ םע תיבלח ץיודנס ""םודא רקול"" תדילג‬",2025,52,3
503020,"‭(6)רג264 ואקקו זוגא חרממ םע תיבלח ץיודנס ""םודא רקול"" תדילג‬",2026,2,4
503020,"‭(6)רג264 ואקקו זוגא חרממ םע תיבלח ץיודנס ""םודא רקול"" תדילג‬",2026,3,2
503020,"‭(6)רג264 ואקקו זוגא חרממ םע תיבלח ץיודנס ""םודא רקול"" תדילג‬",2026,4,3
503020,"‭(6)רג264 ואקקו זוגא חרממ םע תיבלח ץיודנס ""םודא רקול"" תדילג‬",2026,5,1
503020,"‭(6)רג264 ואקקו זוגא חרממ םע תיבלח ץיודנס ""םודא רקול"" תדילג‬",2026,6,1
503020,"‭(6)רג264 ואקקו זוגא חרממ םע תיבלח ץיודנס ""םודא רקול"" תדילג‬",2026,7,1
503020,"‭(6)רג264 ואקקו זוגא חרממ םע תיבלח ץיודנס ""םודא רקול"" תדילג‬",2026,9,1
503020,"‭(6)רג264 ואקקו זוגא חרממ םע תיבלח ץיודנס ""םודא רקול"" תדילג‬",2026,10,1
503020,"‭(6)רג264 ואקקו זוגא חרממ םע תיבלח ץיודנס ""םודא רקול"" תדילג‬",2026,12,1
503020,"‭(6)רג264 ואקקו זוגא חרממ םע תיבלח ץיודנס ""םודא רקול"" תדילג‬",2026,15,1
503020,"‭(6)רג264 ואקקו זוגא חרממ םע תיבלח ץיודנס ""םודא רקול"" תדילג‬",2026,16,6
503020,"‭(6)רג264 ואקקו זוגא חרממ םע תיבלח ץיודנס ""םודא רקול"" תדילג‬",2026,17,4
503020,"‭(6)רג264 ואקקו זוגא חרממ םע תיבלח ץיודנס ""םודא רקול"" תדילג‬",2026,18,2
503020,"‭(6)רג264 ואקקו זוגא חרממ םע תיבלח ץיודנס ""םודא רקול"" תדילג‬",2026,19,2
503020,"‭(6)רג264 ואקקו זוגא חרממ םע תיבלח ץיודנס ""םודא רקול"" תדילג‬",2026,20,2
503020,"‭(6)רג264 ואקקו זוגא חרממ םע תיבלח ץיודנס ""םודא רקול"" תדילג‬",2026,22,2
503020,"‭(6)רג264 ואקקו זוגא חרממ םע תיבלח ץיודנס ""םודא רקול"" תדילג‬",2026,23,2.5
503020,"‭(6)רג264 ואקקו זוגא חרממ םע תיבלח ץיודנס ""םודא רקול"" תדילג‬",2026,24,2
503020,"‭(6)רג264 ואקקו זוגא חרממ םע תיבלח ץיודנס ""םודא רקול"" תדילג‬",2026,25,2
503020,"‭(6)רג264 ואקקו זוגא חרממ םע תיבלח ץיודנס ""םודא רקול"" תדילג‬",2026,26,1
503020,"‭(6)רג264 ואקקו זוגא חרממ םע תיבלח ץיודנס ""םודא רקול"" תדילג‬",2026,27,1
503020,"‭(6)רג264 ואקקו זוגא חרממ םע תיבלח ץיודנס ""םודא רקול"" תדילג‬",2026,28,2
503020,"‭(6)רג264 ואקקו זוגא חרממ םע תיבלח ץיודנס ""םודא רקול"" תדילג‬",2026,29,7.5
503020,"‭(6)רג264 ואקקו זוגא חרממ םע תיבלח ץיודנס ""םודא רקול"" תדילג‬",2026,31,3
503020,"‭(6)רג264 ואקקו זוגא חרממ םע תיבלח ץיודנס ""םודא רקול"" תדילג‬",2026,32,2
503021,"‭(6) רג264 תנמש   תיבלח ץיודנס ""ןבל רקול"" תדילג‬",2025,33,1
503021,"‭(6) רג264 תנמש   תיבלח ץיודנס ""ןבל רקול"" תדילג‬",2025,36,2
503021,"‭(6) רג264 תנמש   תיבלח ץיודנס ""ןבל רקול"" תדילג‬",2025,37,1
503021,"‭(6) רג264 תנמש   תיבלח ץיודנס ""ןבל רקול"" תדילג‬",2025,38,1
503021,"‭(6) רג264 תנמש   תיבלח ץיודנס ""ןבל רקול"" תדילג‬",2025,40,2
503021,"‭(6) רג264 תנמש   תיבלח ץיודנס ""ןבל רקול"" תדילג‬",2025,42,2
503021,"‭(6) רג264 תנמש   תיבלח ץיודנס ""ןבל רקול"" תדילג‬",2025,47,2
503021,"‭(6) רג264 תנמש   תיבלח ץיודנס ""ןבל רקול"" תדילג‬",2025,48,1
503021,"‭(6) רג264 תנמש   תיבלח ץיודנס ""ןבל רקול"" תדילג‬",2025,49,1
503021,"‭(6) רג264 תנמש   תיבלח ץיודנס ""ןבל רקול"" תדילג‬",2025,51,1
503021,"‭(6) רג264 תנמש   תיבלח ץיודנס ""ןבל רקול"" תדילג‬",2025,52,0.67
503021,"‭(6) רג264 תנמש   תיבלח ץיודנס ""ןבל רקול"" תדילג‬",2026,2,3
503021,"‭(6) רג264 תנמש   תיבלח ץיודנס ""ןבל רקול"" תדילג‬",2026,3,2
503021,"‭(6) רג264 תנמש   תיבלח ץיודנס ""ןבל רקול"" תדילג‬",2026,4,1
503021,"‭(6) רג264 תנמש   תיבלח ץיודנס ""ןבל רקול"" תדילג‬",2026,5,3
503021,"‭(6) רג264 תנמש   תיבלח ץיודנס ""ןבל רקול"" תדילג‬",2026,6,1
503021,"‭(6) רג264 תנמש   תיבלח ץיודנס ""ןבל רקול"" תדילג‬",2026,7,4
503021,"‭(6) רג264 תנמש   תיבלח ץיודנס ""ןבל רקול"" תדילג‬",2026,9,1
503021,"‭(6) רג264 תנמש   תיבלח ץיודנס ""ןבל רקול"" תדילג‬",2026,11,1
503021,"‭(6) רג264 תנמש   תיבלח ץיודנס ""ןבל רקול"" תדילג‬",2026,16,5
503021,"‭(6) רג264 תנמש   תיבלח ץיודנס ""ןבל רקול"" תדילג‬",2026,17,5
503021,"‭(6) רג264 תנמש   תיבלח ץיודנס ""ןבל רקול"" תדילג‬",2026,18,1
503021,"‭(6) רג264 תנמש   תיבלח ץיודנס ""ןבל רקול"" תדילג‬",2026,19,1
503021,"‭(6) רג264 תנמש   תיבלח ץיודנס ""ןבל רקול"" תדילג‬",2026,20,1
503021,"‭(6) רג264 תנמש   תיבלח ץיודנס ""ןבל רקול"" תדילג‬",2026,21,1
503021,"‭(6) רג264 תנמש   תיבלח ץיודנס ""ןבל רקול"" תדילג‬",2026,22,2
503021,"‭(6) רג264 תנמש   תיבלח ץיודנס ""ןבל רקול"" תדילג‬",2026,23,1.5
503021,"‭(6) רג264 תנמש   תיבלח ץיודנס ""ןבל רקול"" תדילג‬",2026,27,2
503021,"‭(6) רג264 תנמש   תיבלח ץיודנס ""ןבל רקול"" תדילג‬",2026,28,1
503021,"‭(6) רג264 תנמש   תיבלח ץיודנס ""ןבל רקול"" תדילג‬",2026,29,3.5
503021,"‭(6) רג264 תנמש   תיבלח ץיודנס ""ןבל רקול"" תדילג‬",2026,31,3
503021,"‭(6) רג264 תנמש   תיבלח ץיודנס ""ןבל רקול"" תדילג‬",2026,32,1
503022,"‭(6)רג264 דלוקוש.צ ואקק,זוגא תיבלח ץיודנס ""בוהצ רקול"" תדילג‬",2025,33,4
503022,"‭(6)רג264 דלוקוש.צ ואקק,זוגא תיבלח ץיודנס ""בוהצ רקול"" תדילג‬",2025,34,4
503022,"‭(6)רג264 דלוקוש.צ ואקק,זוגא תיבלח ץיודנס ""בוהצ רקול"" תדילג‬",2025,35,2
503022,"‭(6)רג264 דלוקוש.צ ואקק,זוגא תיבלח ץיודנס ""בוהצ רקול"" תדילג‬",2025,36,4
503022,"‭(6)רג264 דלוקוש.צ ואקק,זוגא תיבלח ץיודנס ""בוהצ רקול"" תדילג‬",2025,37,5
503022,"‭(6)רג264 דלוקוש.צ ואקק,זוגא תיבלח ץיודנס ""בוהצ רקול"" תדילג‬",2025,38,4
503022,"‭(6)רג264 דלוקוש.צ ואקק,זוגא תיבלח ץיודנס ""בוהצ רקול"" תדילג‬",2025,39,4
503022,"‭(6)רג264 דלוקוש.צ ואקק,זוגא תיבלח ץיודנס ""בוהצ רקול"" תדילג‬",2025,40,3
503022,"‭(6)רג264 דלוקוש.צ ואקק,זוגא תיבלח ץיודנס ""בוהצ רקול"" תדילג‬",2025,41,2
503022,"‭(6)רג264 דלוקוש.צ ואקק,זוגא תיבלח ץיודנס ""בוהצ רקול"" תדילג‬",2025,42,7
503022,"‭(6)רג264 דלוקוש.צ ואקק,זוגא תיבלח ץיודנס ""בוהצ רקול"" תדילג‬",2025,43,1.83
503022,"‭(6)רג264 דלוקוש.צ ואקק,זוגא תיבלח ץיודנס ""בוהצ רקול"" תדילג‬",2025,44,3
503022,"‭(6)רג264 דלוקוש.צ ואקק,זוגא תיבלח ץיודנס ""בוהצ רקול"" תדילג‬",2025,45,3
503022,"‭(6)רג264 דלוקוש.צ ואקק,זוגא תיבלח ץיודנס ""בוהצ רקול"" תדילג‬",2025,46,5.17
503022,"‭(6)רג264 דלוקוש.צ ואקק,זוגא תיבלח ץיודנס ""בוהצ רקול"" תדילג‬",2025,47,2
503022,"‭(6)רג264 דלוקוש.צ ואקק,זוגא תיבלח ץיודנס ""בוהצ רקול"" תדילג‬",2025,48,7
503022,"‭(6)רג264 דלוקוש.צ ואקק,זוגא תיבלח ץיודנס ""בוהצ רקול"" תדילג‬",2025,49,2
503022,"‭(6)רג264 דלוקוש.צ ואקק,זוגא תיבלח ץיודנס ""בוהצ רקול"" תדילג‬",2025,50,1
503022,"‭(6)רג264 דלוקוש.צ ואקק,זוגא תיבלח ץיודנס ""בוהצ רקול"" תדילג‬",2026,4,6
503022,"‭(6)רג264 דלוקוש.צ ואקק,זוגא תיבלח ץיודנס ""בוהצ רקול"" תדילג‬",2026,5,2
503022,"‭(6)רג264 דלוקוש.צ ואקק,זוגא תיבלח ץיודנס ""בוהצ רקול"" תדילג‬",2026,6,3
503022,"‭(6)רג264 דלוקוש.צ ואקק,זוגא תיבלח ץיודנס ""בוהצ רקול"" תדילג‬",2026,7,9
503022,"‭(6)רג264 דלוקוש.צ ואקק,זוגא תיבלח ץיודנס ""בוהצ רקול"" תדילג‬",2026,8,2
503022,"‭(6)רג264 דלוקוש.צ ואקק,זוגא תיבלח ץיודנס ""בוהצ רקול"" תדילג‬",2026,9,4
503022,"‭(6)רג264 דלוקוש.צ ואקק,זוגא תיבלח ץיודנס ""בוהצ רקול"" תדילג‬",2026,11,2
503022,"‭(6)רג264 דלוקוש.צ ואקק,זוגא תיבלח ץיודנס ""בוהצ רקול"" תדילג‬",2026,12,2
503022,"‭(6)רג264 דלוקוש.צ ואקק,זוגא תיבלח ץיודנס ""בוהצ רקול"" תדילג‬",2026,14,1
503022,"‭(6)רג264 דלוקוש.צ ואקק,זוגא תיבלח ץיודנס ""בוהצ רקול"" תדילג‬",2026,15,1
503022,"‭(6)רג264 דלוקוש.צ ואקק,זוגא תיבלח ץיודנס ""בוהצ רקול"" תדילג‬",2026,16,7
503022,"‭(6)רג264 דלוקוש.צ ואקק,זוגא תיבלח ץיודנס ""בוהצ רקול"" תדילג‬",2026,17,8
503022,"‭(6)רג264 דלוקוש.צ ואקק,זוגא תיבלח ץיודנס ""בוהצ רקול"" תדילג‬",2026,18,4
503022,"‭(6)רג264 דלוקוש.צ ואקק,זוגא תיבלח ץיודנס ""בוהצ רקול"" תדילג‬",2026,19,2
503022,"‭(6)רג264 דלוקוש.צ ואקק,זוגא תיבלח ץיודנס ""בוהצ רקול"" תדילג‬",2026,20,7
503022,"‭(6)רג264 דלוקוש.צ ואקק,זוגא תיבלח ץיודנס ""בוהצ רקול"" תדילג‬",2026,21,3
503022,"‭(6)רג264 דלוקוש.צ ואקק,זוגא תיבלח ץיודנס ""בוהצ רקול"" תדילג‬",2026,22,2
503022,"‭(6)רג264 דלוקוש.צ ואקק,זוגא תיבלח ץיודנס ""בוהצ רקול"" תדילג‬",2026,23,6
503022,"‭(6)רג264 דלוקוש.צ ואקק,זוגא תיבלח ץיודנס ""בוהצ רקול"" תדילג‬",2026,24,1
503022,"‭(6)רג264 דלוקוש.צ ואקק,זוגא תיבלח ץיודנס ""בוהצ רקול"" תדילג‬",2026,26,2
503022,"‭(6)רג264 דלוקוש.צ ואקק,זוגא תיבלח ץיודנס ""בוהצ רקול"" תדילג‬",2026,27,2
503022,"‭(6)רג264 דלוקוש.צ ואקק,זוגא תיבלח ץיודנס ""בוהצ רקול"" תדילג‬",2026,28,2
503022,"‭(6)רג264 דלוקוש.צ ואקק,זוגא תיבלח ץיודנס ""בוהצ רקול"" תדילג‬",2026,29,4
503022,"‭(6)רג264 דלוקוש.צ ואקק,זוגא תיבלח ץיודנס ""בוהצ רקול"" תדילג‬",2026,30,4
503022,"‭(6)רג264 דלוקוש.צ ואקק,זוגא תיבלח ץיודנס ""בוהצ רקול"" תדילג‬",2026,31,4
503022,"‭(6)רג264 דלוקוש.צ ואקק,זוגא תיבלח ץיודנס ""בוהצ רקול"" תדילג‬",2026,32,3
503024,"‭(9) רג152 היעיבר בלחו ןבל דלקוש הפוצמ תיבלח ""רדניק"" תדילג‬",2025,33,2
503024,"‭(9) רג152 היעיבר בלחו ןבל דלקוש הפוצמ תיבלח ""רדניק"" תדילג‬",2025,36,1
503024,"‭(9) רג152 היעיבר בלחו ןבל דלקוש הפוצמ תיבלח ""רדניק"" תדילג‬",2025,37,6
503024,"‭(9) רג152 היעיבר בלחו ןבל דלקוש הפוצמ תיבלח ""רדניק"" תדילג‬",2025,38,3
503024,"‭(9) רג152 היעיבר בלחו ןבל דלקוש הפוצמ תיבלח ""רדניק"" תדילג‬",2025,39,3
503024,"‭(9) רג152 היעיבר בלחו ןבל דלקוש הפוצמ תיבלח ""רדניק"" תדילג‬",2025,40,4
503024,"‭(9) רג152 היעיבר בלחו ןבל דלקוש הפוצמ תיבלח ""רדניק"" תדילג‬",2025,41,3
503024,"‭(9) רג152 היעיבר בלחו ןבל דלקוש הפוצמ תיבלח ""רדניק"" תדילג‬",2025,42,2
503024,"‭(9) רג152 היעיבר בלחו ןבל דלקוש הפוצמ תיבלח ""רדניק"" תדילג‬",2025,43,2
503024,"‭(9) רג152 היעיבר בלחו ןבל דלקוש הפוצמ תיבלח ""רדניק"" תדילג‬",2025,44,1
503024,"‭(9) רג152 היעיבר בלחו ןבל דלקוש הפוצמ תיבלח ""רדניק"" תדילג‬",2025,45,2
503024,"‭(9) רג152 היעיבר בלחו ןבל דלקוש הפוצמ תיבלח ""רדניק"" תדילג‬",2025,46,2
503024,"‭(9) רג152 היעיבר בלחו ןבל דלקוש הפוצמ תיבלח ""רדניק"" תדילג‬",2025,47,2
503024,"‭(9) רג152 היעיבר בלחו ןבל דלקוש הפוצמ תיבלח ""רדניק"" תדילג‬",2025,48,2
503024,"‭(9) רג152 היעיבר בלחו ןבל דלקוש הפוצמ תיבלח ""רדניק"" תדילג‬",2025,49,2
503024,"‭(9) רג152 היעיבר בלחו ןבל דלקוש הפוצמ תיבלח ""רדניק"" תדילג‬",2025,51,1
503024,"‭(9) רג152 היעיבר בלחו ןבל דלקוש הפוצמ תיבלח ""רדניק"" תדילג‬",2025,52,1
503024,"‭(9) רג152 היעיבר בלחו ןבל דלקוש הפוצמ תיבלח ""רדניק"" תדילג‬",2026,2,2
503024,"‭(9) רג152 היעיבר בלחו ןבל דלקוש הפוצמ תיבלח ""רדניק"" תדילג‬",2026,3,1
503024,"‭(9) רג152 היעיבר בלחו ןבל דלקוש הפוצמ תיבלח ""רדניק"" תדילג‬",2026,4,4
503024,"‭(9) רג152 היעיבר בלחו ןבל דלקוש הפוצמ תיבלח ""רדניק"" תדילג‬",2026,5,1
503024,"‭(9) רג152 היעיבר בלחו ןבל דלקוש הפוצמ תיבלח ""רדניק"" תדילג‬",2026,7,5
503024,"‭(9) רג152 היעיבר בלחו ןבל דלקוש הפוצמ תיבלח ""רדניק"" תדילג‬",2026,9,1
503024,"‭(9) רג152 היעיבר בלחו ןבל דלקוש הפוצמ תיבלח ""רדניק"" תדילג‬",2026,23,4
503024,"‭(9) רג152 היעיבר בלחו ןבל דלקוש הפוצמ תיבלח ""רדניק"" תדילג‬",2026,24,5
503024,"‭(9) רג152 היעיבר בלחו ןבל דלקוש הפוצמ תיבלח ""רדניק"" תדילג‬",2026,25,2
503024,"‭(9) רג152 היעיבר בלחו ןבל דלקוש הפוצמ תיבלח ""רדניק"" תדילג‬",2026,26,4
503024,"‭(9) רג152 היעיבר בלחו ןבל דלקוש הפוצמ תיבלח ""רדניק"" תדילג‬",2026,27,3
503024,"‭(9) רג152 היעיבר בלחו ןבל דלקוש הפוצמ תיבלח ""רדניק"" תדילג‬",2026,28,4
503024,"‭(9) רג152 היעיבר בלחו ןבל דלקוש הפוצמ תיבלח ""רדניק"" תדילג‬",2026,29,8
503024,"‭(9) רג152 היעיבר בלחו ןבל דלקוש הפוצמ תיבלח ""רדניק"" תדילג‬",2026,30,2
503024,"‭(9) רג152 היעיבר בלחו ןבל דלקוש הפוצמ תיבלח ""רדניק"" תדילג‬",2026,31,3
503024,"‭(9) רג152 היעיבר בלחו ןבל דלקוש הפוצמ תיבלח ""רדניק"" תדילג‬",2026,32,2
503025,"‭(8) רג138 ןבל דלוקוש הפוצמ לטפ בטור םע תיבלח ""ולאפר"" תדילג‬",2026,25,1
503025,"‭(8) רג138 ןבל דלוקוש הפוצמ לטפ בטור םע תיבלח ""ולאפר"" תדילג‬",2026,26,1
503025,"‭(8) רג138 ןבל דלוקוש הפוצמ לטפ בטור םע תיבלח ""ולאפר"" תדילג‬",2026,28,1
503027,"‭(8)רג192 הפוצמ וקוש תויגוע םע תנמש   תיבלח ""וארוא"" תדילג‬",2025,33,1
503027,"‭(8)רג192 הפוצמ וקוש תויגוע םע תנמש   תיבלח ""וארוא"" תדילג‬",2025,34,3
503027,"‭(8)רג192 הפוצמ וקוש תויגוע םע תנמש   תיבלח ""וארוא"" תדילג‬",2025,35,4
503027,"‭(8)רג192 הפוצמ וקוש תויגוע םע תנמש   תיבלח ""וארוא"" תדילג‬",2025,36,3
503027,"‭(8)רג192 הפוצמ וקוש תויגוע םע תנמש   תיבלח ""וארוא"" תדילג‬",2025,37,2
503027,"‭(8)רג192 הפוצמ וקוש תויגוע םע תנמש   תיבלח ""וארוא"" תדילג‬",2025,38,6
503027,"‭(8)רג192 הפוצמ וקוש תויגוע םע תנמש   תיבלח ""וארוא"" תדילג‬",2025,39,4
503027,"‭(8)רג192 הפוצמ וקוש תויגוע םע תנמש   תיבלח ""וארוא"" תדילג‬",2025,40,4
503027,"‭(8)רג192 הפוצמ וקוש תויגוע םע תנמש   תיבלח ""וארוא"" תדילג‬",2025,41,4
503027,"‭(8)רג192 הפוצמ וקוש תויגוע םע תנמש   תיבלח ""וארוא"" תדילג‬",2025,42,4
503027,"‭(8)רג192 הפוצמ וקוש תויגוע םע תנמש   תיבלח ""וארוא"" תדילג‬",2025,44,0.75
503027,"‭(8)רג192 הפוצמ וקוש תויגוע םע תנמש   תיבלח ""וארוא"" תדילג‬",2026,13,2
503027,"‭(8)רג192 הפוצמ וקוש תויגוע םע תנמש   תיבלח ""וארוא"" תדילג‬",2026,14,1
503027,"‭(8)רג192 הפוצמ וקוש תויגוע םע תנמש   תיבלח ""וארוא"" תדילג‬",2026,16,6
503027,"‭(8)רג192 הפוצמ וקוש תויגוע םע תנמש   תיבלח ""וארוא"" תדילג‬",2026,17,6
503027,"‭(8)רג192 הפוצמ וקוש תויגוע םע תנמש   תיבלח ""וארוא"" תדילג‬",2026,18,7
503027,"‭(8)רג192 הפוצמ וקוש תויגוע םע תנמש   תיבלח ""וארוא"" תדילג‬",2026,19,1
503027,"‭(8)רג192 הפוצמ וקוש תויגוע םע תנמש   תיבלח ""וארוא"" תדילג‬",2026,20,3
503027,"‭(8)רג192 הפוצמ וקוש תויגוע םע תנמש   תיבלח ""וארוא"" תדילג‬",2026,22,4
503027,"‭(8)רג192 הפוצמ וקוש תויגוע םע תנמש   תיבלח ""וארוא"" תדילג‬",2026,23,6
503027,"‭(8)רג192 הפוצמ וקוש תויגוע םע תנמש   תיבלח ""וארוא"" תדילג‬",2026,24,3
503027,"‭(8)רג192 הפוצמ וקוש תויגוע םע תנמש   תיבלח ""וארוא"" תדילג‬",2026,25,5
503027,"‭(8)רג192 הפוצמ וקוש תויגוע םע תנמש   תיבלח ""וארוא"" תדילג‬",2026,26,3
503027,"‭(8)רג192 הפוצמ וקוש תויגוע םע תנמש   תיבלח ""וארוא"" תדילג‬",2026,27,1
503027,"‭(8)רג192 הפוצמ וקוש תויגוע םע תנמש   תיבלח ""וארוא"" תדילג‬",2026,28,2
503027,"‭(8)רג192 הפוצמ וקוש תויגוע םע תנמש   תיבלח ""וארוא"" תדילג‬",2026,29,5
503027,"‭(8)רג192 הפוצמ וקוש תויגוע םע תנמש   תיבלח ""וארוא"" תדילג‬",2026,30,1
503027,"‭(8)רג192 הפוצמ וקוש תויגוע םע תנמש   תיבלח ""וארוא"" תדילג‬",2026,31,4
503027,"‭(8)רג192 הפוצמ וקוש תויגוע םע תנמש   תיבלח ""וארוא"" תדילג‬",2026,32,3
503030,"‭(8)רג195 שבדו םידקש םע וקוש םעט תיבלח ""ןורלבוט"" תדילג‬",2025,33,1
503030,"‭(8)רג195 שבדו םידקש םע וקוש םעט תיבלח ""ןורלבוט"" תדילג‬",2025,34,1
503030,"‭(8)רג195 שבדו םידקש םע וקוש םעט תיבלח ""ןורלבוט"" תדילג‬",2025,35,3
503030,"‭(8)רג195 שבדו םידקש םע וקוש םעט תיבלח ""ןורלבוט"" תדילג‬",2025,36,4
503030,"‭(8)רג195 שבדו םידקש םע וקוש םעט תיבלח ""ןורלבוט"" תדילג‬",2025,37,3
503030,"‭(8)רג195 שבדו םידקש םע וקוש םעט תיבלח ""ןורלבוט"" תדילג‬",2025,38,3
503030,"‭(8)רג195 שבדו םידקש םע וקוש םעט תיבלח ""ןורלבוט"" תדילג‬",2025,40,1
503030,"‭(8)רג195 שבדו םידקש םע וקוש םעט תיבלח ""ןורלבוט"" תדילג‬",2026,13,2
503030,"‭(8)רג195 שבדו םידקש םע וקוש םעט תיבלח ""ןורלבוט"" תדילג‬",2026,14,1
503030,"‭(8)רג195 שבדו םידקש םע וקוש םעט תיבלח ""ןורלבוט"" תדילג‬",2026,16,6
503030,"‭(8)רג195 שבדו םידקש םע וקוש םעט תיבלח ""ןורלבוט"" תדילג‬",2026,17,7
503030,"‭(8)רג195 שבדו םידקש םע וקוש םעט תיבלח ""ןורלבוט"" תדילג‬",2026,18,5
503030,"‭(8)רג195 שבדו םידקש םע וקוש םעט תיבלח ""ןורלבוט"" תדילג‬",2026,19,2
503030,"‭(8)רג195 שבדו םידקש םע וקוש םעט תיבלח ""ןורלבוט"" תדילג‬",2026,20,3
503030,"‭(8)רג195 שבדו םידקש םע וקוש םעט תיבלח ""ןורלבוט"" תדילג‬",2026,22,3
503030,"‭(8)רג195 שבדו םידקש םע וקוש םעט תיבלח ""ןורלבוט"" תדילג‬",2026,23,3.38
503030,"‭(8)רג195 שבדו םידקש םע וקוש םעט תיבלח ""ןורלבוט"" תדילג‬",2026,24,2
503030,"‭(8)רג195 שבדו םידקש םע וקוש םעט תיבלח ""ןורלבוט"" תדילג‬",2026,25,4
503030,"‭(8)רג195 שבדו םידקש םע וקוש םעט תיבלח ""ןורלבוט"" תדילג‬",2026,26,1.13
503030,"‭(8)רג195 שבדו םידקש םע וקוש םעט תיבלח ""ןורלבוט"" תדילג‬",2026,28,4
503030,"‭(8)רג195 שבדו םידקש םע וקוש םעט תיבלח ""ןורלבוט"" תדילג‬",2026,29,4
503030,"‭(8)רג195 שבדו םידקש םע וקוש םעט תיבלח ""ןורלבוט"" תדילג‬",2026,30,1
503030,"‭(8)רג195 שבדו םידקש םע וקוש םעט תיבלח ""ןורלבוט"" תדילג‬",2026,31,4
503030,"‭(8)רג195 שבדו םידקש םע וקוש םעט תיבלח ""ןורלבוט"" תדילג‬",2026,32,3
503032,"‭(8)רג255 ןבל דלוקוש .צ תנמשו תות תיבלח ""ספו'צ הפו'צ"" תדילג‬",2026,28,2
503033,"‭(12) רג 240 ןוגלש תנמשו תות   תיבלח ""ספו'צ הפו'צ"" תדילג‬",2026,28,1
503034,"‭(14) רג195.5 יופיצב סוקוק יתיתפ םע תנמש ""יטנואב"" תדילג‬",2025,33,2
503034,"‭(14) רג195.5 יופיצב סוקוק יתיתפ םע תנמש ""יטנואב"" תדילג‬",2025,34,1
503034,"‭(14) רג195.5 יופיצב סוקוק יתיתפ םע תנמש ""יטנואב"" תדילג‬",2025,35,2
503034,"‭(14) רג195.5 יופיצב סוקוק יתיתפ םע תנמש ""יטנואב"" תדילג‬",2025,36,2
503034,"‭(14) רג195.5 יופיצב סוקוק יתיתפ םע תנמש ""יטנואב"" תדילג‬",2025,37,4
503034,"‭(14) רג195.5 יופיצב סוקוק יתיתפ םע תנמש ""יטנואב"" תדילג‬",2025,39,2
503034,"‭(14) רג195.5 יופיצב סוקוק יתיתפ םע תנמש ""יטנואב"" תדילג‬",2025,40,2
503034,"‭(14) רג195.5 יופיצב סוקוק יתיתפ םע תנמש ""יטנואב"" תדילג‬",2025,41,1
503034,"‭(14) רג195.5 יופיצב סוקוק יתיתפ םע תנמש ""יטנואב"" תדילג‬",2025,44,2.14
503034,"‭(14) רג195.5 יופיצב סוקוק יתיתפ םע תנמש ""יטנואב"" תדילג‬",2025,45,2
503034,"‭(14) רג195.5 יופיצב סוקוק יתיתפ םע תנמש ""יטנואב"" תדילג‬",2025,46,0.64
503034,"‭(14) רג195.5 יופיצב סוקוק יתיתפ םע תנמש ""יטנואב"" תדילג‬",2025,47,2
503034,"‭(14) רג195.5 יופיצב סוקוק יתיתפ םע תנמש ""יטנואב"" תדילג‬",2025,48,2
503034,"‭(14) רג195.5 יופיצב סוקוק יתיתפ םע תנמש ""יטנואב"" תדילג‬",2025,49,1
503034,"‭(14) רג195.5 יופיצב סוקוק יתיתפ םע תנמש ""יטנואב"" תדילג‬",2025,50,1
503034,"‭(14) רג195.5 יופיצב סוקוק יתיתפ םע תנמש ""יטנואב"" תדילג‬",2025,52,4
503034,"‭(14) רג195.5 יופיצב סוקוק יתיתפ םע תנמש ""יטנואב"" תדילג‬",2025,53,1
503034,"‭(14) רג195.5 יופיצב סוקוק יתיתפ םע תנמש ""יטנואב"" תדילג‬",2026,2,2
503034,"‭(14) רג195.5 יופיצב סוקוק יתיתפ םע תנמש ""יטנואב"" תדילג‬",2026,3,1
503034,"‭(14) רג195.5 יופיצב סוקוק יתיתפ םע תנמש ""יטנואב"" תדילג‬",2026,5,1
503034,"‭(14) רג195.5 יופיצב סוקוק יתיתפ םע תנמש ""יטנואב"" תדילג‬",2026,6,3
503034,"‭(14) רג195.5 יופיצב סוקוק יתיתפ םע תנמש ""יטנואב"" תדילג‬",2026,7,1
503034,"‭(14) רג195.5 יופיצב סוקוק יתיתפ םע תנמש ""יטנואב"" תדילג‬",2026,23,8
503034,"‭(14) רג195.5 יופיצב סוקוק יתיתפ םע תנמש ""יטנואב"" תדילג‬",2026,24,1
503034,"‭(14) רג195.5 יופיצב סוקוק יתיתפ םע תנמש ""יטנואב"" תדילג‬",2026,25,4
503034,"‭(14) רג195.5 יופיצב סוקוק יתיתפ םע תנמש ""יטנואב"" תדילג‬",2026,26,2
503034,"‭(14) רג195.5 יופיצב סוקוק יתיתפ םע תנמש ""יטנואב"" תדילג‬",2026,27,1
503034,"‭(14) רג195.5 יופיצב סוקוק יתיתפ םע תנמש ""יטנואב"" תדילג‬",2026,28,1
503034,"‭(14) רג195.5 יופיצב סוקוק יתיתפ םע תנמש ""יטנואב"" תדילג‬",2026,29,1
503034,"‭(14) רג195.5 יופיצב סוקוק יתיתפ םע תנמש ""יטנואב"" תדילג‬",2026,31,4
503034,"‭(14) רג195.5 יופיצב סוקוק יתיתפ םע תנמש ""יטנואב"" תדילג‬",2026,32,2
503035,"‭(12) רג200 הפוצמ למרק םע תנמש ""סרמ"" תדילג‬",2025,35,1
503035,"‭(12) רג200 הפוצמ למרק םע תנמש ""סרמ"" תדילג‬",2025,36,1
503035,"‭(12) רג200 הפוצמ למרק םע תנמש ""סרמ"" תדילג‬",2025,37,3
503035,"‭(12) רג200 הפוצמ למרק םע תנמש ""סרמ"" תדילג‬",2025,38,1
503035,"‭(12) רג200 הפוצמ למרק םע תנמש ""סרמ"" תדילג‬",2025,39,1
503035,"‭(12) רג200 הפוצמ למרק םע תנמש ""סרמ"" תדילג‬",2025,40,1
503035,"‭(12) רג200 הפוצמ למרק םע תנמש ""סרמ"" תדילג‬",2025,41,4
503035,"‭(12) רג200 הפוצמ למרק םע תנמש ""סרמ"" תדילג‬",2025,42,2
503035,"‭(12) רג200 הפוצמ למרק םע תנמש ""סרמ"" תדילג‬",2025,44,2
503035,"‭(12) רג200 הפוצמ למרק םע תנמש ""סרמ"" תדילג‬",2025,45,1
503035,"‭(12) רג200 הפוצמ למרק םע תנמש ""סרמ"" תדילג‬",2025,46,1
503035,"‭(12) רג200 הפוצמ למרק םע תנמש ""סרמ"" תדילג‬",2025,47,5
503035,"‭(12) רג200 הפוצמ למרק םע תנמש ""סרמ"" תדילג‬",2025,48,4
503035,"‭(12) רג200 הפוצמ למרק םע תנמש ""סרמ"" תדילג‬",2025,50,2
503035,"‭(12) רג200 הפוצמ למרק םע תנמש ""סרמ"" תדילג‬",2025,51,2
503035,"‭(12) רג200 הפוצמ למרק םע תנמש ""סרמ"" תדילג‬",2025,52,4
503035,"‭(12) רג200 הפוצמ למרק םע תנמש ""סרמ"" תדילג‬",2025,53,1
503035,"‭(12) רג200 הפוצמ למרק םע תנמש ""סרמ"" תדילג‬",2026,2,2
503035,"‭(12) רג200 הפוצמ למרק םע תנמש ""סרמ"" תדילג‬",2026,4,1
503035,"‭(12) רג200 הפוצמ למרק םע תנמש ""סרמ"" תדילג‬",2026,5,1
503035,"‭(12) רג200 הפוצמ למרק םע תנמש ""סרמ"" תדילג‬",2026,6,3
503035,"‭(12) רג200 הפוצמ למרק םע תנמש ""סרמ"" תדילג‬",2026,7,2
503035,"‭(12) רג200 הפוצמ למרק םע תנמש ""סרמ"" תדילג‬",2026,8,3
503035,"‭(12) רג200 הפוצמ למרק םע תנמש ""סרמ"" תדילג‬",2026,9,4
503035,"‭(12) רג200 הפוצמ למרק םע תנמש ""סרמ"" תדילג‬",2026,11,3
503035,"‭(12) רג200 הפוצמ למרק םע תנמש ""סרמ"" תדילג‬",2026,12,1
503035,"‭(12) רג200 הפוצמ למרק םע תנמש ""סרמ"" תדילג‬",2026,13,1
503035,"‭(12) רג200 הפוצמ למרק םע תנמש ""סרמ"" תדילג‬",2026,16,8
503035,"‭(12) רג200 הפוצמ למרק םע תנמש ""סרמ"" תדילג‬",2026,17,3
503035,"‭(12) רג200 הפוצמ למרק םע תנמש ""סרמ"" תדילג‬",2026,18,2
503035,"‭(12) רג200 הפוצמ למרק םע תנמש ""סרמ"" תדילג‬",2026,19,1
503035,"‭(12) רג200 הפוצמ למרק םע תנמש ""סרמ"" תדילג‬",2026,23,4
503035,"‭(12) רג200 הפוצמ למרק םע תנמש ""סרמ"" תדילג‬",2026,24,1
503035,"‭(12) רג200 הפוצמ למרק םע תנמש ""סרמ"" תדילג‬",2026,25,1
503035,"‭(12) רג200 הפוצמ למרק םע תנמש ""סרמ"" תדילג‬",2026,27,2
503035,"‭(12) רג200 הפוצמ למרק םע תנמש ""סרמ"" תדילג‬",2026,28,1
503035,"‭(12) רג200 הפוצמ למרק םע תנמש ""סרמ"" תדילג‬",2026,29,3
503035,"‭(12) רג200 הפוצמ למרק םע תנמש ""סרמ"" תדילג‬",2026,30,1
503035,"‭(12) רג200 הפוצמ למרק םע תנמש ""סרמ"" תדילג‬",2026,31,4
503035,"‭(12) רג200 הפוצמ למרק םע תנמש ""סרמ"" תדילג‬",2026,32,3
503036,"‭(12) רג228 הפוצמ למרקו םינטוב םע תנמש ""סרקינס"" תדילג‬",2025,33,2
503036,"‭(12) רג228 הפוצמ למרקו םינטוב םע תנמש ""סרקינס"" תדילג‬",2025,34,4
503036,"‭(12) רג228 הפוצמ למרקו םינטוב םע תנמש ""סרקינס"" תדילג‬",2025,35,3
503036,"‭(12) רג228 הפוצמ למרקו םינטוב םע תנמש ""סרקינס"" תדילג‬",2025,36,5
503036,"‭(12) רג228 הפוצמ למרקו םינטוב םע תנמש ""סרקינס"" תדילג‬",2025,37,2
503036,"‭(12) רג228 הפוצמ למרקו םינטוב םע תנמש ""סרקינס"" תדילג‬",2025,38,3
503036,"‭(12) רג228 הפוצמ למרקו םינטוב םע תנמש ""סרקינס"" תדילג‬",2025,39,2
503036,"‭(12) רג228 הפוצמ למרקו םינטוב םע תנמש ""סרקינס"" תדילג‬",2025,40,3
503036,"‭(12) רג228 הפוצמ למרקו םינטוב םע תנמש ""סרקינס"" תדילג‬",2025,41,4
503036,"‭(12) רג228 הפוצמ למרקו םינטוב םע תנמש ""סרקינס"" תדילג‬",2025,42,2
503036,"‭(12) רג228 הפוצמ למרקו םינטוב םע תנמש ""סרקינס"" תדילג‬",2025,43,4.75
503036,"‭(12) רג228 הפוצמ למרקו םינטוב םע תנמש ""סרקינס"" תדילג‬",2025,44,2.17
503036,"‭(12) רג228 הפוצמ למרקו םינטוב םע תנמש ""סרקינס"" תדילג‬",2025,45,6.25
503036,"‭(12) רג228 הפוצמ למרקו םינטוב םע תנמש ""סרקינס"" תדילג‬",2025,46,6
503036,"‭(12) רג228 הפוצמ למרקו םינטוב םע תנמש ""סרקינס"" תדילג‬",2025,47,3
503036,"‭(12) רג228 הפוצמ למרקו םינטוב םע תנמש ""סרקינס"" תדילג‬",2025,48,6
503036,"‭(12) רג228 הפוצמ למרקו םינטוב םע תנמש ""סרקינס"" תדילג‬",2025,49,1
503036,"‭(12) רג228 הפוצמ למרקו םינטוב םע תנמש ""סרקינס"" תדילג‬",2026,13,3
503036,"‭(12) רג228 הפוצמ למרקו םינטוב םע תנמש ""סרקינס"" תדילג‬",2026,14,1
503036,"‭(12) רג228 הפוצמ למרקו םינטוב םע תנמש ""סרקינס"" תדילג‬",2026,15,2
503036,"‭(12) רג228 הפוצמ למרקו םינטוב םע תנמש ""סרקינס"" תדילג‬",2026,16,14
503036,"‭(12) רג228 הפוצמ למרקו םינטוב םע תנמש ""סרקינס"" תדילג‬",2026,23,12
503036,"‭(12) רג228 הפוצמ למרקו םינטוב םע תנמש ""סרקינס"" תדילג‬",2026,24,5
503036,"‭(12) רג228 הפוצמ למרקו םינטוב םע תנמש ""סרקינס"" תדילג‬",2026,25,3
503036,"‭(12) רג228 הפוצמ למרקו םינטוב םע תנמש ""סרקינס"" תדילג‬",2026,26,2
503036,"‭(12) רג228 הפוצמ למרקו םינטוב םע תנמש ""סרקינס"" תדילג‬",2026,27,4
503036,"‭(12) רג228 הפוצמ למרקו םינטוב םע תנמש ""סרקינס"" תדילג‬",2026,28,4
503036,"‭(12) רג228 הפוצמ למרקו םינטוב םע תנמש ""סרקינס"" תדילג‬",2026,29,8
503036,"‭(12) רג228 הפוצמ למרקו םינטוב םע תנמש ""סרקינס"" תדילג‬",2026,30,2
503037,"‭(12) רג204 הפוצמ למרקו םינטוב םע ןבל ""סרקינס"" תדילג‬",2025,33,2
503037,"‭(12) רג204 הפוצמ למרקו םינטוב םע ןבל ""סרקינס"" תדילג‬",2025,34,3
503037,"‭(12) רג204 הפוצמ למרקו םינטוב םע ןבל ""סרקינס"" תדילג‬",2025,35,2
503037,"‭(12) רג204 הפוצמ למרקו םינטוב םע ןבל ""סרקינס"" תדילג‬",2025,36,2
503037,"‭(12) רג204 הפוצמ למרקו םינטוב םע ןבל ""סרקינס"" תדילג‬",2025,37,3
503037,"‭(12) רג204 הפוצמ למרקו םינטוב םע ןבל ""סרקינס"" תדילג‬",2025,38,1
503037,"‭(12) רג204 הפוצמ למרקו םינטוב םע ןבל ""סרקינס"" תדילג‬",2025,39,2
503037,"‭(12) רג204 הפוצמ למרקו םינטוב םע ןבל ""סרקינס"" תדילג‬",2025,40,2
503037,"‭(12) רג204 הפוצמ למרקו םינטוב םע ןבל ""סרקינס"" תדילג‬",2025,43,2.58
503037,"‭(12) רג204 הפוצמ למרקו םינטוב םע ןבל ""סרקינס"" תדילג‬",2025,44,0.17
503037,"‭(12) רג204 הפוצמ למרקו םינטוב םע ןבל ""סרקינס"" תדילג‬",2025,45,3
503037,"‭(12) רג204 הפוצמ למרקו םינטוב םע ןבל ""סרקינס"" תדילג‬",2025,46,4.25
503037,"‭(12) רג204 הפוצמ למרקו םינטוב םע ןבל ""סרקינס"" תדילג‬",2025,47,5
503037,"‭(12) רג204 הפוצמ למרקו םינטוב םע ןבל ""סרקינס"" תדילג‬",2025,48,1
503037,"‭(12) רג204 הפוצמ למרקו םינטוב םע ןבל ""סרקינס"" תדילג‬",2025,50,3
503037,"‭(12) רג204 הפוצמ למרקו םינטוב םע ןבל ""סרקינס"" תדילג‬",2025,51,2
503037,"‭(12) רג204 הפוצמ למרקו םינטוב םע ןבל ""סרקינס"" תדילג‬",2025,52,5
503037,"‭(12) רג204 הפוצמ למרקו םינטוב םע ןבל ""סרקינס"" תדילג‬",2026,13,2
503037,"‭(12) רג204 הפוצמ למרקו םינטוב םע ןבל ""סרקינס"" תדילג‬",2026,14,1
503037,"‭(12) רג204 הפוצמ למרקו םינטוב םע ןבל ""סרקינס"" תדילג‬",2026,15,2
503037,"‭(12) רג204 הפוצמ למרקו םינטוב םע ןבל ""סרקינס"" תדילג‬",2026,16,12
503037,"‭(12) רג204 הפוצמ למרקו םינטוב םע ןבל ""סרקינס"" תדילג‬",2026,17,3
503037,"‭(12) רג204 הפוצמ למרקו םינטוב םע ןבל ""סרקינס"" תדילג‬",2026,23,8
503037,"‭(12) רג204 הפוצמ למרקו םינטוב םע ןבל ""סרקינס"" תדילג‬",2026,24,5
503037,"‭(12) רג204 הפוצמ למרקו םינטוב םע ןבל ""סרקינס"" תדילג‬",2026,25,4
503037,"‭(12) רג204 הפוצמ למרקו םינטוב םע ןבל ""סרקינס"" תדילג‬",2026,26,1
503037,"‭(12) רג204 הפוצמ למרקו םינטוב םע ןבל ""סרקינס"" תדילג‬",2026,28,3
503037,"‭(12) רג204 הפוצמ למרקו םינטוב םע ןבל ""סרקינס"" תדילג‬",2026,29,7
503037,"‭(12) רג204 הפוצמ למרקו םינטוב םע ןבל ""סרקינס"" תדילג‬",2026,30,3
503037,"‭(12) רג204 הפוצמ למרקו םינטוב םע ןבל ""סרקינס"" תדילג‬",2026,31,5
503037,"‭(12) רג204 הפוצמ למרקו םינטוב םע ןבל ""סרקינס"" תדילג‬",2026,32,4
503038,"‭(6) םרג 240 זופת-דלוקוש MOCHI    ‬",2025,35,1
503038,"‭(6) םרג 240 זופת-דלוקוש MOCHI    ‬",2025,43,1
503038,"‭(6) םרג 240 זופת-דלוקוש MOCHI    ‬",2026,3,1
503038,"‭(6) םרג 240 זופת-דלוקוש MOCHI    ‬",2026,4,2
503038,"‭(6) םרג 240 זופת-דלוקוש MOCHI    ‬",2026,8,1
503038,"‭(6) םרג 240 זופת-דלוקוש MOCHI    ‬",2026,10,2
503038,"‭(6) םרג 240 זופת-דלוקוש MOCHI    ‬",2026,11,1
503038,"‭(6) םרג 240 זופת-דלוקוש MOCHI    ‬",2026,12,5
503038,"‭(6) םרג 240 זופת-דלוקוש MOCHI    ‬",2026,27,2
503038,"‭(6) םרג 240 זופת-דלוקוש MOCHI    ‬",2026,28,1
503038,"‭(6) םרג 240 זופת-דלוקוש MOCHI    ‬",2026,30,1
503039,"‭(6) םרג 240 דלוקוש-הפק MOCHI    ‬",2025,43,2
503039,"‭(6) םרג 240 דלוקוש-הפק MOCHI    ‬",2025,48,1
503039,"‭(6) םרג 240 דלוקוש-הפק MOCHI    ‬",2026,2,1
503039,"‭(6) םרג 240 דלוקוש-הפק MOCHI    ‬",2026,4,3
503039,"‭(6) םרג 240 דלוקוש-הפק MOCHI    ‬",2026,9,2
503039,"‭(6) םרג 240 דלוקוש-הפק MOCHI    ‬",2026,10,2
503039,"‭(6) םרג 240 דלוקוש-הפק MOCHI    ‬",2026,12,5
503039,"‭(6) םרג 240 דלוקוש-הפק MOCHI    ‬",2026,20,1
503039,"‭(6) םרג 240 דלוקוש-הפק MOCHI    ‬",2026,21,1
503039,"‭(6) םרג 240 דלוקוש-הפק MOCHI    ‬",2026,22,1
503039,"‭(6) םרג 240 דלוקוש-הפק MOCHI    ‬",2026,23,1
503039,"‭(6) םרג 240 דלוקוש-הפק MOCHI    ‬",2026,24,1
503039,"‭(6) םרג 240 דלוקוש-הפק MOCHI    ‬",2026,25,2
503039,"‭(6) םרג 240 דלוקוש-הפק MOCHI    ‬",2026,27,2
503039,"‭(6) םרג 240 דלוקוש-הפק MOCHI    ‬",2026,28,3
503039,"‭(6) םרג 240 דלוקוש-הפק MOCHI    ‬",2026,31,1
503039,"‭(6) םרג 240 דלוקוש-הפק MOCHI    ‬",2026,32,2
503040,"‭(6) םרג 240 וגנמ MOCHI    ‬",2025,35,1
503040,"‭(6) םרג 240 וגנמ MOCHI    ‬",2025,41,1
503040,"‭(6) םרג 240 וגנמ MOCHI    ‬",2025,43,1
503040,"‭(6) םרג 240 וגנמ MOCHI    ‬",2025,46,1
503040,"‭(6) םרג 240 וגנמ MOCHI    ‬",2025,49,2
503040,"‭(6) םרג 240 וגנמ MOCHI    ‬",2025,52,1
503040,"‭(6) םרג 240 וגנמ MOCHI    ‬",2026,2,1
503040,"‭(6) םרג 240 וגנמ MOCHI    ‬",2026,5,2
503040,"‭(6) םרג 240 וגנמ MOCHI    ‬",2026,7,1
503040,"‭(6) םרג 240 וגנמ MOCHI    ‬",2026,8,2
503040,"‭(6) םרג 240 וגנמ MOCHI    ‬",2026,11,2
503040,"‭(6) םרג 240 וגנמ MOCHI    ‬",2026,13,1
503040,"‭(6) םרג 240 וגנמ MOCHI    ‬",2026,17,1
503040,"‭(6) םרג 240 וגנמ MOCHI    ‬",2026,19,1
503040,"‭(6) םרג 240 וגנמ MOCHI    ‬",2026,20,1
503040,"‭(6) םרג 240 וגנמ MOCHI    ‬",2026,21,1
503040,"‭(6) םרג 240 וגנמ MOCHI    ‬",2026,23,1
503040,"‭(6) םרג 240 וגנמ MOCHI    ‬",2026,31,2
503040,"‭(6) םרג 240 וגנמ MOCHI    ‬",2026,32,3
503041,"‭(6) םרג 240 למרק-לינו MOCHI    ‬",2025,35,1
503041,"‭(6) םרג 240 למרק-לינו MOCHI    ‬",2025,37,1
503041,"‭(6) םרג 240 למרק-לינו MOCHI    ‬",2025,43,1
503041,"‭(6) םרג 240 למרק-לינו MOCHI    ‬",2025,49,1
503041,"‭(6) םרג 240 למרק-לינו MOCHI    ‬",2025,52,1
503041,"‭(6) םרג 240 למרק-לינו MOCHI    ‬",2026,3,1
503041,"‭(6) םרג 240 למרק-לינו MOCHI    ‬",2026,9,1
503041,"‭(6) םרג 240 למרק-לינו MOCHI    ‬",2026,20,1
503041,"‭(6) םרג 240 למרק-לינו MOCHI    ‬",2026,23,4
503041,"‭(6) םרג 240 למרק-לינו MOCHI    ‬",2026,25,2
503041,"‭(6) םרג 240 למרק-לינו MOCHI    ‬",2026,27,3
503041,"‭(6) םרג 240 למרק-לינו MOCHI    ‬",2026,28,6
503041,"‭(6) םרג 240 למרק-לינו MOCHI    ‬",2026,29,2
503041,"‭(6) םרג 240 למרק-לינו MOCHI    ‬",2026,30,3
503041,"‭(6) םרג 240 למרק-לינו MOCHI    ‬",2026,31,4
503041,"‭(6) םרג 240 למרק-לינו MOCHI    ‬",2026,32,4
503042,"‭(6) םרג 240 קוטסיפ MOCHI    ‬",2025,37,2
503042,"‭(6) םרג 240 קוטסיפ MOCHI    ‬",2025,38,3
503042,"‭(6) םרג 240 קוטסיפ MOCHI    ‬",2025,41,3
503042,"‭(6) םרג 240 קוטסיפ MOCHI    ‬",2025,42,2
503042,"‭(6) םרג 240 קוטסיפ MOCHI    ‬",2025,43,2
503042,"‭(6) םרג 240 קוטסיפ MOCHI    ‬",2025,44,1
503042,"‭(6) םרג 240 קוטסיפ MOCHI    ‬",2025,45,1
503042,"‭(6) םרג 240 קוטסיפ MOCHI    ‬",2025,46,1
503042,"‭(6) םרג 240 קוטסיפ MOCHI    ‬",2025,47,1
503042,"‭(6) םרג 240 קוטסיפ MOCHI    ‬",2025,51,1
503042,"‭(6) םרג 240 קוטסיפ MOCHI    ‬",2026,2,1
503042,"‭(6) םרג 240 קוטסיפ MOCHI    ‬",2026,3,1
503042,"‭(6) םרג 240 קוטסיפ MOCHI    ‬",2026,5,1
503042,"‭(6) םרג 240 קוטסיפ MOCHI    ‬",2026,6,1
503042,"‭(6) םרג 240 קוטסיפ MOCHI    ‬",2026,8,1
503042,"‭(6) םרג 240 קוטסיפ MOCHI    ‬",2026,9,2
503042,"‭(6) םרג 240 קוטסיפ MOCHI    ‬",2026,11,1
503042,"‭(6) םרג 240 קוטסיפ MOCHI    ‬",2026,13,1
503042,"‭(6) םרג 240 קוטסיפ MOCHI    ‬",2026,23,1
503042,"‭(6) םרג 240 קוטסיפ MOCHI    ‬",2026,25,1
503042,"‭(6) םרג 240 קוטסיפ MOCHI    ‬",2026,26,3
503042,"‭(6) םרג 240 קוטסיפ MOCHI    ‬",2026,27,3
503042,"‭(6) םרג 240 קוטסיפ MOCHI    ‬",2026,28,4
503042,"‭(6) םרג 240 קוטסיפ MOCHI    ‬",2026,29,2
503042,"‭(6) םרג 240 קוטסיפ MOCHI    ‬",2026,30,2
503042,"‭(6) םרג 240 קוטסיפ MOCHI    ‬",2026,31,2
503042,"‭(6) םרג 240 קוטסיפ MOCHI    ‬",2026,32,2
503043,"‭(6) םרג 240 סוקוק - ןבל ןבדבוד MOCHI    ‬",2025,41,1
503043,"‭(6) םרג 240 סוקוק - ןבל ןבדבוד MOCHI    ‬",2025,43,1
503043,"‭(6) םרג 240 סוקוק - ןבל ןבדבוד MOCHI    ‬",2025,49,1
503043,"‭(6) םרג 240 סוקוק - ןבל ןבדבוד MOCHI    ‬",2025,51,1
503043,"‭(6) םרג 240 סוקוק - ןבל ןבדבוד MOCHI    ‬",2026,3,1
503043,"‭(6) םרג 240 סוקוק - ןבל ןבדבוד MOCHI    ‬",2026,4,1
503043,"‭(6) םרג 240 סוקוק - ןבל ןבדבוד MOCHI    ‬",2026,7,1
503043,"‭(6) םרג 240 סוקוק - ןבל ןבדבוד MOCHI    ‬",2026,20,1
503043,"‭(6) םרג 240 סוקוק - ןבל ןבדבוד MOCHI    ‬",2026,23,2
503043,"‭(6) םרג 240 סוקוק - ןבל ןבדבוד MOCHI    ‬",2026,25,1
503043,"‭(6) םרג 240 סוקוק - ןבל ןבדבוד MOCHI    ‬",2026,26,2
503043,"‭(6) םרג 240 סוקוק - ןבל ןבדבוד MOCHI    ‬",2026,28,1
503043,"‭(6) םרג 240 סוקוק - ןבל ןבדבוד MOCHI    ‬",2026,29,1
503044,"‭(6) םרג 240 הפק - תורוחש תוינמכוא MOCHI תברש תדילג‬",2025,35,1
503044,"‭(6) םרג 240 הפק - תורוחש תוינמכוא MOCHI תברש תדילג‬",2025,41,1
503044,"‭(6) םרג 240 הפק - תורוחש תוינמכוא MOCHI תברש תדילג‬",2025,43,1
503044,"‭(6) םרג 240 הפק - תורוחש תוינמכוא MOCHI תברש תדילג‬",2025,46,1
503044,"‭(6) םרג 240 הפק - תורוחש תוינמכוא MOCHI תברש תדילג‬",2025,50,1
503044,"‭(6) םרג 240 הפק - תורוחש תוינמכוא MOCHI תברש תדילג‬",2026,3,1
503044,"‭(6) םרג 240 הפק - תורוחש תוינמכוא MOCHI תברש תדילג‬",2026,4,2
503044,"‭(6) םרג 240 הפק - תורוחש תוינמכוא MOCHI תברש תדילג‬",2026,5,1
503044,"‭(6) םרג 240 הפק - תורוחש תוינמכוא MOCHI תברש תדילג‬",2026,8,1
503044,"‭(6) םרג 240 הפק - תורוחש תוינמכוא MOCHI תברש תדילג‬",2026,10,3
503044,"‭(6) םרג 240 הפק - תורוחש תוינמכוא MOCHI תברש תדילג‬",2026,20,1
503044,"‭(6) םרג 240 הפק - תורוחש תוינמכוא MOCHI תברש תדילג‬",2026,22,1
503044,"‭(6) םרג 240 הפק - תורוחש תוינמכוא MOCHI תברש תדילג‬",2026,25,1
503044,"‭(6) םרג 240 הפק - תורוחש תוינמכוא MOCHI תברש תדילג‬",2026,28,3
503044,"‭(6) םרג 240 הפק - תורוחש תוינמכוא MOCHI תברש תדילג‬",2026,30,1
503044,"‭(6) םרג 240 הפק - תורוחש תוינמכוא MOCHI תברש תדילג‬",2026,31,2
503044,"‭(6) םרג 240 הפק - תורוחש תוינמכוא MOCHI תברש תדילג‬",2026,32,2
503045,"‭RUD(6) םרג 360 תדגאמ תוריפ DEFRUDA טברש תדילג‬",2025,33,2
503045,"‭RUD(6) םרג 360 תדגאמ תוריפ DEFRUDA טברש תדילג‬",2025,34,1
503045,"‭RUD(6) םרג 360 תדגאמ תוריפ DEFRUDA טברש תדילג‬",2025,35,1
503045,"‭RUD(6) םרג 360 תדגאמ תוריפ DEFRUDA טברש תדילג‬",2025,36,1
503045,"‭RUD(6) םרג 360 תדגאמ תוריפ DEFRUDA טברש תדילג‬",2025,38,2
503045,"‭RUD(6) םרג 360 תדגאמ תוריפ DEFRUDA טברש תדילג‬",2025,39,1
503045,"‭RUD(6) םרג 360 תדגאמ תוריפ DEFRUDA טברש תדילג‬",2025,41,2
503045,"‭RUD(6) םרג 360 תדגאמ תוריפ DEFRUDA טברש תדילג‬",2025,42,2
503045,"‭RUD(6) םרג 360 תדגאמ תוריפ DEFRUDA טברש תדילג‬",2025,43,2
503045,"‭RUD(6) םרג 360 תדגאמ תוריפ DEFRUDA טברש תדילג‬",2025,44,1
503045,"‭RUD(6) םרג 360 תדגאמ תוריפ DEFRUDA טברש תדילג‬",2025,45,1
503045,"‭RUD(6) םרג 360 תדגאמ תוריפ DEFRUDA טברש תדילג‬",2025,46,1
503045,"‭RUD(6) םרג 360 תדגאמ תוריפ DEFRUDA טברש תדילג‬",2025,47,1.67
503045,"‭RUD(6) םרג 360 תדגאמ תוריפ DEFRUDA טברש תדילג‬",2025,48,1
503045,"‭RUD(6) םרג 360 תדגאמ תוריפ DEFRUDA טברש תדילג‬",2025,49,2
503045,"‭RUD(6) םרג 360 תדגאמ תוריפ DEFRUDA טברש תדילג‬",2026,2,2
503045,"‭RUD(6) םרג 360 תדגאמ תוריפ DEFRUDA טברש תדילג‬",2026,4,1
503045,"‭RUD(6) םרג 360 תדגאמ תוריפ DEFRUDA טברש תדילג‬",2026,7,1
503045,"‭RUD(6) םרג 360 תדגאמ תוריפ DEFRUDA טברש תדילג‬",2026,8,0.67
503045,"‭RUD(6) םרג 360 תדגאמ תוריפ DEFRUDA טברש תדילג‬",2026,11,1
503045,"‭RUD(6) םרג 360 תדגאמ תוריפ DEFRUDA טברש תדילג‬",2026,13,1
503045,"‭RUD(6) םרג 360 תדגאמ תוריפ DEFRUDA טברש תדילג‬",2026,14,1
503045,"‭RUD(6) םרג 360 תדגאמ תוריפ DEFRUDA טברש תדילג‬",2026,15,1
503045,"‭RUD(6) םרג 360 תדגאמ תוריפ DEFRUDA טברש תדילג‬",2026,16,2
503045,"‭RUD(6) םרג 360 תדגאמ תוריפ DEFRUDA טברש תדילג‬",2026,17,2
503045,"‭RUD(6) םרג 360 תדגאמ תוריפ DEFRUDA טברש תדילג‬",2026,20,1
503045,"‭RUD(6) םרג 360 תדגאמ תוריפ DEFRUDA טברש תדילג‬",2026,21,1
503045,"‭RUD(6) םרג 360 תדגאמ תוריפ DEFRUDA טברש תדילג‬",2026,22,4
503045,"‭RUD(6) םרג 360 תדגאמ תוריפ DEFRUDA טברש תדילג‬",2026,23,3
503045,"‭RUD(6) םרג 360 תדגאמ תוריפ DEFRUDA טברש תדילג‬",2026,24,3
503045,"‭RUD(6) םרג 360 תדגאמ תוריפ DEFRUDA טברש תדילג‬",2026,25,1
503045,"‭RUD(6) םרג 360 תדגאמ תוריפ DEFRUDA טברש תדילג‬",2026,26,2
503045,"‭RUD(6) םרג 360 תדגאמ תוריפ DEFRUDA טברש תדילג‬",2026,27,1
503045,"‭RUD(6) םרג 360 תדגאמ תוריפ DEFRUDA טברש תדילג‬",2026,28,3
503045,"‭RUD(6) םרג 360 תדגאמ תוריפ DEFRUDA טברש תדילג‬",2026,30,4
503045,"‭RUD(6) םרג 360 תדגאמ תוריפ DEFRUDA טברש תדילג‬",2026,32,1
503046,"‭(7) םרג 240 חולמ למרק & לינו MACARON    ‬",2025,34,1
503046,"‭(7) םרג 240 חולמ למרק & לינו MACARON    ‬",2025,36,1
503046,"‭(7) םרג 240 חולמ למרק & לינו MACARON    ‬",2025,47,1
503046,"‭(7) םרג 240 חולמ למרק & לינו MACARON    ‬",2025,49,0.43
503046,"‭(7) םרג 240 חולמ למרק & לינו MACARON    ‬",2026,7,1
503046,"‭(7) םרג 240 חולמ למרק & לינו MACARON    ‬",2026,13,1
503046,"‭(7) םרג 240 חולמ למרק & לינו MACARON    ‬",2026,18,1
503047,"‭(7) םרג 240 הרולפיספ & וגנמ MACARON    ‬",2025,34,1
503047,"‭(7) םרג 240 הרולפיספ & וגנמ MACARON    ‬",2025,47,1
503047,"‭(7) םרג 240 הרולפיספ & וגנמ MACARON    ‬",2025,49,0.43
503047,"‭(7) םרג 240 הרולפיספ & וגנמ MACARON    ‬",2026,3,1
503047,"‭(7) םרג 240 הרולפיספ & וגנמ MACARON    ‬",2026,10,1
503047,"‭(7) םרג 240 הרולפיספ & וגנמ MACARON    ‬",2026,23,1
503048,"‭(7) םרג 240 קוטסיפ MACARON    ‬",2025,33,1
503048,"‭(7) םרג 240 קוטסיפ MACARON    ‬",2025,36,1
503048,"‭(7) םרג 240 קוטסיפ MACARON    ‬",2025,42,1
503048,"‭(7) םרג 240 קוטסיפ MACARON    ‬",2025,43,1
503048,"‭(7) םרג 240 קוטסיפ MACARON    ‬",2025,45,1
503048,"‭(7) םרג 240 קוטסיפ MACARON    ‬",2025,47,1
503048,"‭(7) םרג 240 קוטסיפ MACARON    ‬",2026,2,1
503048,"‭(7) םרג 240 קוטסיפ MACARON    ‬",2026,3,1
503048,"‭(7) םרג 240 קוטסיפ MACARON    ‬",2026,4,1
503048,"‭(7) םרג 240 קוטסיפ MACARON    ‬",2026,7,1
503048,"‭(7) םרג 240 קוטסיפ MACARON    ‬",2026,8,1
503048,"‭(7) םרג 240 קוטסיפ MACARON    ‬",2026,9,1
503048,"‭(7) םרג 240 קוטסיפ MACARON    ‬",2026,12,1
503048,"‭(7) םרג 240 קוטסיפ MACARON    ‬",2026,13,1
503048,"‭(7) םרג 240 קוטסיפ MACARON    ‬",2026,15,1
503048,"‭(7) םרג 240 קוטסיפ MACARON    ‬",2026,17,1
503048,"‭(7) םרג 240 קוטסיפ MACARON    ‬",2026,24,1
503049,"‭(7) םרג 240 דלוקוש & תוינמכוא MACARON    ‬",2025,34,1
503049,"‭(7) םרג 240 דלוקוש & תוינמכוא MACARON    ‬",2025,42,1
503049,"‭(7) םרג 240 דלוקוש & תוינמכוא MACARON    ‬",2025,46,1
503049,"‭(7) םרג 240 דלוקוש & תוינמכוא MACARON    ‬",2025,47,1
503049,"‭(7) םרג 240 דלוקוש & תוינמכוא MACARON    ‬",2025,49,0.29
503049,"‭(7) םרג 240 דלוקוש & תוינמכוא MACARON    ‬",2026,2,1
503049,"‭(7) םרג 240 דלוקוש & תוינמכוא MACARON    ‬",2026,4,1
503049,"‭(7) םרג 240 דלוקוש & תוינמכוא MACARON    ‬",2026,7,1
503049,"‭(7) םרג 240 דלוקוש & תוינמכוא MACARON    ‬",2026,8,1
503049,"‭(7) םרג 240 דלוקוש & תוינמכוא MACARON    ‬",2026,15,1
503049,"‭(7) םרג 240 דלוקוש & תוינמכוא MACARON    ‬",2026,20,1
503049,"‭(7) םרג 240 דלוקוש & תוינמכוא MACARON    ‬",2026,21,1
503050,"‭(6)רג276 דולוקוש הפוצמ תויגוע   תיבלח ""סוטול"" ינימ תדילג‬",2026,26,1
503051,"‭(4)'ג400 'ץיוודנס לינו YUKKI     תדגאמ‬",2025,33,3
503051,"‭(4)'ג400 'ץיוודנס לינו YUKKI     תדגאמ‬",2025,34,11
503051,"‭(4)'ג400 'ץיוודנס לינו YUKKI     תדגאמ‬",2025,35,16
503051,"‭(4)'ג400 'ץיוודנס לינו YUKKI     תדגאמ‬",2025,36,14
503051,"‭(4)'ג400 'ץיוודנס לינו YUKKI     תדגאמ‬",2025,37,11
503051,"‭(4)'ג400 'ץיוודנס לינו YUKKI     תדגאמ‬",2025,38,13
503051,"‭(4)'ג400 'ץיוודנס לינו YUKKI     תדגאמ‬",2025,39,10.75
503051,"‭(4)'ג400 'ץיוודנס לינו YUKKI     תדגאמ‬",2025,40,6
503051,"‭(4)'ג400 'ץיוודנס לינו YUKKI     תדגאמ‬",2025,41,19
503051,"‭(4)'ג400 'ץיוודנס לינו YUKKI     תדגאמ‬",2025,42,18
503051,"‭(4)'ג400 'ץיוודנס לינו YUKKI     תדגאמ‬",2025,43,13
503051,"‭(4)'ג400 'ץיוודנס לינו YUKKI     תדגאמ‬",2025,44,15
503051,"‭(4)'ג400 'ץיוודנס לינו YUKKI     תדגאמ‬",2025,45,14
503051,"‭(4)'ג400 'ץיוודנס לינו YUKKI     תדגאמ‬",2025,46,9
503051,"‭(4)'ג400 'ץיוודנס לינו YUKKI     תדגאמ‬",2025,47,9.5
503051,"‭(4)'ג400 'ץיוודנס לינו YUKKI     תדגאמ‬",2025,48,6
503051,"‭(4)'ג400 'ץיוודנס לינו YUKKI     תדגאמ‬",2025,49,14
503051,"‭(4)'ג400 'ץיוודנס לינו YUKKI     תדגאמ‬",2025,50,5
503051,"‭(4)'ג400 'ץיוודנס לינו YUKKI     תדגאמ‬",2025,51,5
503051,"‭(4)'ג400 'ץיוודנס לינו YUKKI     תדגאמ‬",2025,52,2
503051,"‭(4)'ג400 'ץיוודנס לינו YUKKI     תדגאמ‬",2025,53,2
503051,"‭(4)'ג400 'ץיוודנס לינו YUKKI     תדגאמ‬",2026,2,8
503051,"‭(4)'ג400 'ץיוודנס לינו YUKKI     תדגאמ‬",2026,3,7
503051,"‭(4)'ג400 'ץיוודנס לינו YUKKI     תדגאמ‬",2026,4,6
503051,"‭(4)'ג400 'ץיוודנס לינו YUKKI     תדגאמ‬",2026,5,8
503051,"‭(4)'ג400 'ץיוודנס לינו YUKKI     תדגאמ‬",2026,6,6
503051,"‭(4)'ג400 'ץיוודנס לינו YUKKI     תדגאמ‬",2026,7,6
503051,"‭(4)'ג400 'ץיוודנס לינו YUKKI     תדגאמ‬",2026,8,7
503051,"‭(4)'ג400 'ץיוודנס לינו YUKKI     תדגאמ‬",2026,9,12
503051,"‭(4)'ג400 'ץיוודנס לינו YUKKI     תדגאמ‬",2026,10,9
503051,"‭(4)'ג400 'ץיוודנס לינו YUKKI     תדגאמ‬",2026,11,7
503051,"‭(4)'ג400 'ץיוודנס לינו YUKKI     תדגאמ‬",2026,12,7
503051,"‭(4)'ג400 'ץיוודנס לינו YUKKI     תדגאמ‬",2026,13,9
503051,"‭(4)'ג400 'ץיוודנס לינו YUKKI     תדגאמ‬",2026,14,2
503051,"‭(4)'ג400 'ץיוודנס לינו YUKKI     תדגאמ‬",2026,15,6
503051,"‭(4)'ג400 'ץיוודנס לינו YUKKI     תדגאמ‬",2026,16,14
503051,"‭(4)'ג400 'ץיוודנס לינו YUKKI     תדגאמ‬",2026,17,10
503051,"‭(4)'ג400 'ץיוודנס לינו YUKKI     תדגאמ‬",2026,18,10
503051,"‭(4)'ג400 'ץיוודנס לינו YUKKI     תדגאמ‬",2026,19,14
503051,"‭(4)'ג400 'ץיוודנס לינו YUKKI     תדגאמ‬",2026,20,8
503051,"‭(4)'ג400 'ץיוודנס לינו YUKKI     תדגאמ‬",2026,21,11
503051,"‭(4)'ג400 'ץיוודנס לינו YUKKI     תדגאמ‬",2026,22,14
503051,"‭(4)'ג400 'ץיוודנס לינו YUKKI     תדגאמ‬",2026,23,16
503051,"‭(4)'ג400 'ץיוודנס לינו YUKKI     תדגאמ‬",2026,24,13
503051,"‭(4)'ג400 'ץיוודנס לינו YUKKI     תדגאמ‬",2026,25,13
503051,"‭(4)'ג400 'ץיוודנס לינו YUKKI     תדגאמ‬",2026,26,9
503051,"‭(4)'ג400 'ץיוודנס לינו YUKKI     תדגאמ‬",2026,27,9
503051,"‭(4)'ג400 'ץיוודנס לינו YUKKI     תדגאמ‬",2026,28,16
503051,"‭(4)'ג400 'ץיוודנס לינו YUKKI     תדגאמ‬",2026,29,8
503051,"‭(4)'ג400 'ץיוודנס לינו YUKKI     תדגאמ‬",2026,30,13
503051,"‭(4)'ג400 'ץיוודנס לינו YUKKI     תדגאמ‬",2026,31,3
503051,"‭(4)'ג400 'ץיוודנס לינו YUKKI     תדגאמ‬",2026,32,8
503052,"‭(7)'ג320 'ץיוודנס לינו COOLWICH RUD     תדגאמ‬",2025,33,1
503052,"‭(7)'ג320 'ץיוודנס לינו COOLWICH RUD     תדגאמ‬",2025,34,3
503052,"‭(7)'ג320 'ץיוודנס לינו COOLWICH RUD     תדגאמ‬",2025,35,3
503052,"‭(7)'ג320 'ץיוודנס לינו COOLWICH RUD     תדגאמ‬",2025,36,3
503052,"‭(7)'ג320 'ץיוודנס לינו COOLWICH RUD     תדגאמ‬",2025,37,2
503052,"‭(7)'ג320 'ץיוודנס לינו COOLWICH RUD     תדגאמ‬",2025,38,3
503052,"‭(7)'ג320 'ץיוודנס לינו COOLWICH RUD     תדגאמ‬",2025,39,1
503052,"‭(7)'ג320 'ץיוודנס לינו COOLWICH RUD     תדגאמ‬",2025,40,1
503052,"‭(7)'ג320 'ץיוודנס לינו COOLWICH RUD     תדגאמ‬",2025,41,1
503052,"‭(7)'ג320 'ץיוודנס לינו COOLWICH RUD     תדגאמ‬",2025,42,4
503052,"‭(7)'ג320 'ץיוודנס לינו COOLWICH RUD     תדגאמ‬",2025,43,1
503052,"‭(7)'ג320 'ץיוודנס לינו COOLWICH RUD     תדגאמ‬",2025,44,1
503052,"‭(7)'ג320 'ץיוודנס לינו COOLWICH RUD     תדגאמ‬",2025,45,1
503052,"‭(7)'ג320 'ץיוודנס לינו COOLWICH RUD     תדגאמ‬",2025,46,1
503052,"‭(7)'ג320 'ץיוודנס לינו COOLWICH RUD     תדגאמ‬",2025,47,2
503052,"‭(7)'ג320 'ץיוודנס לינו COOLWICH RUD     תדגאמ‬",2025,48,1
503052,"‭(7)'ג320 'ץיוודנס לינו COOLWICH RUD     תדגאמ‬",2025,49,2
503052,"‭(7)'ג320 'ץיוודנס לינו COOLWICH RUD     תדגאמ‬",2025,50,2
503052,"‭(7)'ג320 'ץיוודנס לינו COOLWICH RUD     תדגאמ‬",2025,51,1
503052,"‭(7)'ג320 'ץיוודנס לינו COOLWICH RUD     תדגאמ‬",2025,52,1
503052,"‭(7)'ג320 'ץיוודנס לינו COOLWICH RUD     תדגאמ‬",2026,2,2
503052,"‭(7)'ג320 'ץיוודנס לינו COOLWICH RUD     תדגאמ‬",2026,5,2
503052,"‭(7)'ג320 'ץיוודנס לינו COOLWICH RUD     תדגאמ‬",2026,7,1
503052,"‭(7)'ג320 'ץיוודנס לינו COOLWICH RUD     תדגאמ‬",2026,8,2
503052,"‭(7)'ג320 'ץיוודנס לינו COOLWICH RUD     תדגאמ‬",2026,9,3
503052,"‭(7)'ג320 'ץיוודנס לינו COOLWICH RUD     תדגאמ‬",2026,10,1
503052,"‭(7)'ג320 'ץיוודנס לינו COOLWICH RUD     תדגאמ‬",2026,13,3
503052,"‭(7)'ג320 'ץיוודנס לינו COOLWICH RUD     תדגאמ‬",2026,14,1
503052,"‭(7)'ג320 'ץיוודנס לינו COOLWICH RUD     תדגאמ‬",2026,16,3
503052,"‭(7)'ג320 'ץיוודנס לינו COOLWICH RUD     תדגאמ‬",2026,17,2
503052,"‭(7)'ג320 'ץיוודנס לינו COOLWICH RUD     תדגאמ‬",2026,18,2
503052,"‭(7)'ג320 'ץיוודנס לינו COOLWICH RUD     תדגאמ‬",2026,19,2
503052,"‭(7)'ג320 'ץיוודנס לינו COOLWICH RUD     תדגאמ‬",2026,20,3
503052,"‭(7)'ג320 'ץיוודנס לינו COOLWICH RUD     תדגאמ‬",2026,21,1
503052,"‭(7)'ג320 'ץיוודנס לינו COOLWICH RUD     תדגאמ‬",2026,22,2
503052,"‭(7)'ג320 'ץיוודנס לינו COOLWICH RUD     תדגאמ‬",2026,23,6
503052,"‭(7)'ג320 'ץיוודנס לינו COOLWICH RUD     תדגאמ‬",2026,24,3
503052,"‭(7)'ג320 'ץיוודנס לינו COOLWICH RUD     תדגאמ‬",2026,27,2
503052,"‭(7)'ג320 'ץיוודנס לינו COOLWICH RUD     תדגאמ‬",2026,28,2
503052,"‭(7)'ג320 'ץיוודנס לינו COOLWICH RUD     תדגאמ‬",2026,29,2
503052,"‭(7)'ג320 'ץיוודנס לינו COOLWICH RUD     תדגאמ‬",2026,30,5
503052,"‭(7)'ג320 'ץיוודנס לינו COOLWICH RUD     תדגאמ‬",2026,31,1
503052,"‭(7)'ג320 'ץיוודנס לינו COOLWICH RUD     תדגאמ‬",2026,32,2
503053,"‭(9)'ג275  לקמ לע הפוצמ לינו RUD     תדגאמ‬",2025,33,1
503053,"‭(9)'ג275  לקמ לע הפוצמ לינו RUD     תדגאמ‬",2025,34,1
503053,"‭(9)'ג275  לקמ לע הפוצמ לינו RUD     תדגאמ‬",2025,35,1
503053,"‭(9)'ג275  לקמ לע הפוצמ לינו RUD     תדגאמ‬",2025,36,2
503053,"‭(9)'ג275  לקמ לע הפוצמ לינו RUD     תדגאמ‬",2025,37,4
503053,"‭(9)'ג275  לקמ לע הפוצמ לינו RUD     תדגאמ‬",2025,38,4
503053,"‭(9)'ג275  לקמ לע הפוצמ לינו RUD     תדגאמ‬",2025,39,2
503053,"‭(9)'ג275  לקמ לע הפוצמ לינו RUD     תדגאמ‬",2025,40,1
503053,"‭(9)'ג275  לקמ לע הפוצמ לינו RUD     תדגאמ‬",2025,41,2
503053,"‭(9)'ג275  לקמ לע הפוצמ לינו RUD     תדגאמ‬",2025,42,1
503053,"‭(9)'ג275  לקמ לע הפוצמ לינו RUD     תדגאמ‬",2025,43,2.33
503053,"‭(9)'ג275  לקמ לע הפוצמ לינו RUD     תדגאמ‬",2025,44,2
503053,"‭(9)'ג275  לקמ לע הפוצמ לינו RUD     תדגאמ‬",2025,45,2
503053,"‭(9)'ג275  לקמ לע הפוצמ לינו RUD     תדגאמ‬",2025,46,2
503053,"‭(9)'ג275  לקמ לע הפוצמ לינו RUD     תדגאמ‬",2025,47,1.67
503053,"‭(9)'ג275  לקמ לע הפוצמ לינו RUD     תדגאמ‬",2025,48,4
503053,"‭(9)'ג275  לקמ לע הפוצמ לינו RUD     תדגאמ‬",2025,49,1
503053,"‭(9)'ג275  לקמ לע הפוצמ לינו RUD     תדגאמ‬",2025,50,2
503053,"‭(9)'ג275  לקמ לע הפוצמ לינו RUD     תדגאמ‬",2025,51,2
503053,"‭(9)'ג275  לקמ לע הפוצמ לינו RUD     תדגאמ‬",2026,5,2
503053,"‭(9)'ג275  לקמ לע הפוצמ לינו RUD     תדגאמ‬",2026,7,1
503053,"‭(9)'ג275  לקמ לע הפוצמ לינו RUD     תדגאמ‬",2026,8,1
503053,"‭(9)'ג275  לקמ לע הפוצמ לינו RUD     תדגאמ‬",2026,9,4
503053,"‭(9)'ג275  לקמ לע הפוצמ לינו RUD     תדגאמ‬",2026,10,2
503053,"‭(9)'ג275  לקמ לע הפוצמ לינו RUD     תדגאמ‬",2026,11,1
503054,"‭(9)'ג275  לקמ לע הפוצמ קוטסיפ RUD     תדגאמ‬",2025,34,2
503054,"‭(9)'ג275  לקמ לע הפוצמ קוטסיפ RUD     תדגאמ‬",2025,36,3
503054,"‭(9)'ג275  לקמ לע הפוצמ קוטסיפ RUD     תדגאמ‬",2025,37,3
503054,"‭(9)'ג275  לקמ לע הפוצמ קוטסיפ RUD     תדגאמ‬",2025,38,2
503054,"‭(9)'ג275  לקמ לע הפוצמ קוטסיפ RUD     תדגאמ‬",2025,39,1
503054,"‭(9)'ג275  לקמ לע הפוצמ קוטסיפ RUD     תדגאמ‬",2025,40,1
503054,"‭(9)'ג275  לקמ לע הפוצמ קוטסיפ RUD     תדגאמ‬",2025,42,2
503054,"‭(9)'ג275  לקמ לע הפוצמ קוטסיפ RUD     תדגאמ‬",2025,44,4
503054,"‭(9)'ג275  לקמ לע הפוצמ קוטסיפ RUD     תדגאמ‬",2025,45,2
503054,"‭(9)'ג275  לקמ לע הפוצמ קוטסיפ RUD     תדגאמ‬",2025,47,1
503054,"‭(9)'ג275  לקמ לע הפוצמ קוטסיפ RUD     תדגאמ‬",2025,48,2.56
503054,"‭(9)'ג275  לקמ לע הפוצמ קוטסיפ RUD     תדגאמ‬",2025,49,2
503054,"‭(9)'ג275  לקמ לע הפוצמ קוטסיפ RUD     תדגאמ‬",2025,51,1
503054,"‭(9)'ג275  לקמ לע הפוצמ קוטסיפ RUD     תדגאמ‬",2026,2,1
503054,"‭(9)'ג275  לקמ לע הפוצמ קוטסיפ RUD     תדגאמ‬",2026,6,1
503054,"‭(9)'ג275  לקמ לע הפוצמ קוטסיפ RUD     תדגאמ‬",2026,10,1
503054,"‭(9)'ג275  לקמ לע הפוצמ קוטסיפ RUD     תדגאמ‬",2026,13,1
503054,"‭(9)'ג275  לקמ לע הפוצמ קוטסיפ RUD     תדגאמ‬",2026,15,1
503054,"‭(9)'ג275  לקמ לע הפוצמ קוטסיפ RUD     תדגאמ‬",2026,16,1
503054,"‭(9)'ג275  לקמ לע הפוצמ קוטסיפ RUD     תדגאמ‬",2026,17,2
503054,"‭(9)'ג275  לקמ לע הפוצמ קוטסיפ RUD     תדגאמ‬",2026,19,1
503054,"‭(9)'ג275  לקמ לע הפוצמ קוטסיפ RUD     תדגאמ‬",2026,21,2
503054,"‭(9)'ג275  לקמ לע הפוצמ קוטסיפ RUD     תדגאמ‬",2026,28,1
503054,"‭(9)'ג275  לקמ לע הפוצמ קוטסיפ RUD     תדגאמ‬",2026,32,1
503055,"‭(6) םרג 240 וסימריט MOCHI    ‬",2025,34,1
503055,"‭(6) םרג 240 וסימריט MOCHI    ‬",2025,35,1
503055,"‭(6) םרג 240 וסימריט MOCHI    ‬",2025,37,1
503055,"‭(6) םרג 240 וסימריט MOCHI    ‬",2025,38,1
503055,"‭(6) םרג 240 וסימריט MOCHI    ‬",2025,42,1
503055,"‭(6) םרג 240 וסימריט MOCHI    ‬",2025,43,1
503055,"‭(6) םרג 240 וסימריט MOCHI    ‬",2026,11,1
503055,"‭(6) םרג 240 וסימריט MOCHI    ‬",2026,17,2
503055,"‭(6) םרג 240 וסימריט MOCHI    ‬",2026,19,2
503055,"‭(6) םרג 240 וסימריט MOCHI    ‬",2026,20,1
503055,"‭(6) םרג 240 וסימריט MOCHI    ‬",2026,21,2
503055,"‭(6) םרג 240 וסימריט MOCHI    ‬",2026,27,1
503055,"‭(6) םרג 240 וסימריט MOCHI    ‬",2026,31,1
503055,"‭(6) םרג 240 וסימריט MOCHI    ‬",2026,32,1
503056,"‭(6) םרג 240 חולמ למרק - וטאיקמ MOCHI    ‬",2025,34,1
503056,"‭(6) םרג 240 חולמ למרק - וטאיקמ MOCHI    ‬",2025,35,1
503056,"‭(6) םרג 240 חולמ למרק - וטאיקמ MOCHI    ‬",2025,37,1
503056,"‭(6) םרג 240 חולמ למרק - וטאיקמ MOCHI    ‬",2025,46,1
503056,"‭(6) םרג 240 חולמ למרק - וטאיקמ MOCHI    ‬",2025,48,1
503056,"‭(6) םרג 240 חולמ למרק - וטאיקמ MOCHI    ‬",2025,51,1
503056,"‭(6) םרג 240 חולמ למרק - וטאיקמ MOCHI    ‬",2026,2,1
503056,"‭(6) םרג 240 חולמ למרק - וטאיקמ MOCHI    ‬",2026,6,1
503056,"‭(6) םרג 240 חולמ למרק - וטאיקמ MOCHI    ‬",2026,7,2
503056,"‭(6) םרג 240 חולמ למרק - וטאיקמ MOCHI    ‬",2026,20,1
503056,"‭(6) םרג 240 חולמ למרק - וטאיקמ MOCHI    ‬",2026,21,1
503056,"‭(6) םרג 240 חולמ למרק - וטאיקמ MOCHI    ‬",2026,31,1
503057,"‭(6)םרג240 ןומיל יאפ-תויגוע קצב  MOON CAKE    ‬",2025,35,1
503057,"‭(6)םרג240 ןומיל יאפ-תויגוע קצב  MOON CAKE    ‬",2025,37,1
503057,"‭(6)םרג240 ןומיל יאפ-תויגוע קצב  MOON CAKE    ‬",2025,43,2
503057,"‭(6)םרג240 ןומיל יאפ-תויגוע קצב  MOON CAKE    ‬",2025,48,1.5
503057,"‭(6)םרג240 ןומיל יאפ-תויגוע קצב  MOON CAKE    ‬",2025,50,1
503057,"‭(6)םרג240 ןומיל יאפ-תויגוע קצב  MOON CAKE    ‬",2026,3,1
503057,"‭(6)םרג240 ןומיל יאפ-תויגוע קצב  MOON CAKE    ‬",2026,9,2
503057,"‭(6)םרג240 ןומיל יאפ-תויגוע קצב  MOON CAKE    ‬",2026,11,1
503057,"‭(6)םרג240 ןומיל יאפ-תויגוע קצב  MOON CAKE    ‬",2026,16,1
503057,"‭(6)םרג240 ןומיל יאפ-תויגוע קצב  MOON CAKE    ‬",2026,19,1
503057,"‭(6)םרג240 ןומיל יאפ-תויגוע קצב  MOON CAKE    ‬",2026,23,1
503057,"‭(6)םרג240 ןומיל יאפ-תויגוע קצב  MOON CAKE    ‬",2026,32,1
503058,"‭(7) םרג 250 'ץיבדנס לינו BISCWICH      תדגאמ‬",2025,34,2
503058,"‭(7) םרג 250 'ץיבדנס לינו BISCWICH      תדגאמ‬",2025,35,2
503058,"‭(7) םרג 250 'ץיבדנס לינו BISCWICH      תדגאמ‬",2025,36,1
503058,"‭(7) םרג 250 'ץיבדנס לינו BISCWICH      תדגאמ‬",2025,37,2
503058,"‭(7) םרג 250 'ץיבדנס לינו BISCWICH      תדגאמ‬",2025,38,2
503058,"‭(7) םרג 250 'ץיבדנס לינו BISCWICH      תדגאמ‬",2025,39,2
503058,"‭(7) םרג 250 'ץיבדנס לינו BISCWICH      תדגאמ‬",2025,40,2
503058,"‭(7) םרג 250 'ץיבדנס לינו BISCWICH      תדגאמ‬",2025,42,2
503058,"‭(7) םרג 250 'ץיבדנס לינו BISCWICH      תדגאמ‬",2025,43,2
503058,"‭(7) םרג 250 'ץיבדנס לינו BISCWICH      תדגאמ‬",2025,44,2
503058,"‭(7) םרג 250 'ץיבדנס לינו BISCWICH      תדגאמ‬",2025,45,3.86
503058,"‭(7) םרג 250 'ץיבדנס לינו BISCWICH      תדגאמ‬",2025,48,1
503058,"‭(7) םרג 250 'ץיבדנס לינו BISCWICH      תדגאמ‬",2025,49,1
503058,"‭(7) םרג 250 'ץיבדנס לינו BISCWICH      תדגאמ‬",2025,50,3
503058,"‭(7) םרג 250 'ץיבדנס לינו BISCWICH      תדגאמ‬",2026,2,2
503058,"‭(7) םרג 250 'ץיבדנס לינו BISCWICH      תדגאמ‬",2026,3,1
503058,"‭(7) םרג 250 'ץיבדנס לינו BISCWICH      תדגאמ‬",2026,5,3
503058,"‭(7) םרג 250 'ץיבדנס לינו BISCWICH      תדגאמ‬",2026,7,1
503058,"‭(7) םרג 250 'ץיבדנס לינו BISCWICH      תדגאמ‬",2026,8,1
503058,"‭(7) םרג 250 'ץיבדנס לינו BISCWICH      תדגאמ‬",2026,10,1
503058,"‭(7) םרג 250 'ץיבדנס לינו BISCWICH      תדגאמ‬",2026,13,2
503058,"‭(7) םרג 250 'ץיבדנס לינו BISCWICH      תדגאמ‬",2026,14,1
503058,"‭(7) םרג 250 'ץיבדנס לינו BISCWICH      תדגאמ‬",2026,16,3
503058,"‭(7) םרג 250 'ץיבדנס לינו BISCWICH      תדגאמ‬",2026,17,4
503058,"‭(7) םרג 250 'ץיבדנס לינו BISCWICH      תדגאמ‬",2026,18,3
503058,"‭(7) םרג 250 'ץיבדנס לינו BISCWICH      תדגאמ‬",2026,19,2
503058,"‭(7) םרג 250 'ץיבדנס לינו BISCWICH      תדגאמ‬",2026,20,1
503058,"‭(7) םרג 250 'ץיבדנס לינו BISCWICH      תדגאמ‬",2026,22,1
503058,"‭(7) םרג 250 'ץיבדנס לינו BISCWICH      תדגאמ‬",2026,23,1
503058,"‭(7) םרג 250 'ץיבדנס לינו BISCWICH      תדגאמ‬",2026,24,2
503058,"‭(7) םרג 250 'ץיבדנס לינו BISCWICH      תדגאמ‬",2026,27,3
503058,"‭(7) םרג 250 'ץיבדנס לינו BISCWICH      תדגאמ‬",2026,28,1
503058,"‭(7) םרג 250 'ץיבדנס לינו BISCWICH      תדגאמ‬",2026,29,1
503058,"‭(7) םרג 250 'ץיבדנס לינו BISCWICH      תדגאמ‬",2026,30,2
503058,"‭(7) םרג 250 'ץיבדנס לינו BISCWICH      תדגאמ‬",2026,31,1
503058,"‭(7) םרג 250 'ץיבדנס לינו BISCWICH      תדגאמ‬",2026,32,1
503059,"‭(9)םרג275 םיזוגא-דלוקוש לבאד XCREAM     תדגאמ‬",2025,33,1
503059,"‭(9)םרג275 םיזוגא-דלוקוש לבאד XCREAM     תדגאמ‬",2025,34,2
503059,"‭(9)םרג275 םיזוגא-דלוקוש לבאד XCREAM     תדגאמ‬",2025,35,3
503059,"‭(9)םרג275 םיזוגא-דלוקוש לבאד XCREAM     תדגאמ‬",2025,37,1
503059,"‭(9)םרג275 םיזוגא-דלוקוש לבאד XCREAM     תדגאמ‬",2025,38,2
503059,"‭(9)םרג275 םיזוגא-דלוקוש לבאד XCREAM     תדגאמ‬",2025,39,1
503059,"‭(9)םרג275 םיזוגא-דלוקוש לבאד XCREAM     תדגאמ‬",2025,40,2
503059,"‭(9)םרג275 םיזוגא-דלוקוש לבאד XCREAM     תדגאמ‬",2025,41,2
503059,"‭(9)םרג275 םיזוגא-דלוקוש לבאד XCREAM     תדגאמ‬",2025,42,2
503059,"‭(9)םרג275 םיזוגא-דלוקוש לבאד XCREAM     תדגאמ‬",2025,43,1
503059,"‭(9)םרג275 םיזוגא-דלוקוש לבאד XCREAM     תדגאמ‬",2025,44,1
503059,"‭(9)םרג275 םיזוגא-דלוקוש לבאד XCREAM     תדגאמ‬",2025,45,1
503059,"‭(9)םרג275 םיזוגא-דלוקוש לבאד XCREAM     תדגאמ‬",2025,48,1
503059,"‭(9)םרג275 םיזוגא-דלוקוש לבאד XCREAM     תדגאמ‬",2025,50,1
503059,"‭(9)םרג275 םיזוגא-דלוקוש לבאד XCREAM     תדגאמ‬",2026,2,4
503059,"‭(9)םרג275 םיזוגא-דלוקוש לבאד XCREAM     תדגאמ‬",2026,4,1
503059,"‭(9)םרג275 םיזוגא-דלוקוש לבאד XCREAM     תדגאמ‬",2026,9,3.78
503059,"‭(9)םרג275 םיזוגא-דלוקוש לבאד XCREAM     תדגאמ‬",2026,10,2
503059,"‭(9)םרג275 םיזוגא-דלוקוש לבאד XCREAM     תדגאמ‬",2026,13,2
503059,"‭(9)םרג275 םיזוגא-דלוקוש לבאד XCREAM     תדגאמ‬",2026,14,1
503059,"‭(9)םרג275 םיזוגא-דלוקוש לבאד XCREAM     תדגאמ‬",2026,15,1
503059,"‭(9)םרג275 םיזוגא-דלוקוש לבאד XCREAM     תדגאמ‬",2026,16,3
503059,"‭(9)םרג275 םיזוגא-דלוקוש לבאד XCREAM     תדגאמ‬",2026,17,2
503059,"‭(9)םרג275 םיזוגא-דלוקוש לבאד XCREAM     תדגאמ‬",2026,18,1
503059,"‭(9)םרג275 םיזוגא-דלוקוש לבאד XCREAM     תדגאמ‬",2026,19,1
503059,"‭(9)םרג275 םיזוגא-דלוקוש לבאד XCREAM     תדגאמ‬",2026,21,2
503059,"‭(9)םרג275 םיזוגא-דלוקוש לבאד XCREAM     תדגאמ‬",2026,22,2
503059,"‭(9)םרג275 םיזוגא-דלוקוש לבאד XCREAM     תדגאמ‬",2026,23,3
503059,"‭(9)םרג275 םיזוגא-דלוקוש לבאד XCREAM     תדגאמ‬",2026,24,1
503059,"‭(9)םרג275 םיזוגא-דלוקוש לבאד XCREAM     תדגאמ‬",2026,25,1
503059,"‭(9)םרג275 םיזוגא-דלוקוש לבאד XCREAM     תדגאמ‬",2026,27,1
503059,"‭(9)םרג275 םיזוגא-דלוקוש לבאד XCREAM     תדגאמ‬",2026,28,1
503059,"‭(9)םרג275 םיזוגא-דלוקוש לבאד XCREAM     תדגאמ‬",2026,31,2
503059,"‭(9)םרג275 םיזוגא-דלוקוש לבאד XCREAM     תדגאמ‬",2026,32,1
503060,"‭(9)םרג275 םידקש דלוקושב לינו XCREAM     תדגאמ‬",2025,34,1
503060,"‭(9)םרג275 םידקש דלוקושב לינו XCREAM     תדגאמ‬",2025,36,1
503060,"‭(9)םרג275 םידקש דלוקושב לינו XCREAM     תדגאמ‬",2025,38,3
503060,"‭(9)םרג275 םידקש דלוקושב לינו XCREAM     תדגאמ‬",2025,39,1
503060,"‭(9)םרג275 םידקש דלוקושב לינו XCREAM     תדגאמ‬",2025,40,2
503060,"‭(9)םרג275 םידקש דלוקושב לינו XCREAM     תדגאמ‬",2025,41,1
503060,"‭(9)םרג275 םידקש דלוקושב לינו XCREAM     תדגאמ‬",2025,42,2
503060,"‭(9)םרג275 םידקש דלוקושב לינו XCREAM     תדגאמ‬",2025,44,2
503060,"‭(9)םרג275 םידקש דלוקושב לינו XCREAM     תדגאמ‬",2025,45,1.44
503060,"‭(9)םרג275 םידקש דלוקושב לינו XCREAM     תדגאמ‬",2025,46,1
503060,"‭(9)םרג275 םידקש דלוקושב לינו XCREAM     תדגאמ‬",2025,47,2
503060,"‭(9)םרג275 םידקש דלוקושב לינו XCREAM     תדגאמ‬",2025,48,0.78
503060,"‭(9)םרג275 םידקש דלוקושב לינו XCREAM     תדגאמ‬",2025,50,1
503060,"‭(9)םרג275 םידקש דלוקושב לינו XCREAM     תדגאמ‬",2026,2,2
503060,"‭(9)םרג275 םידקש דלוקושב לינו XCREAM     תדגאמ‬",2026,3,1
503060,"‭(9)םרג275 םידקש דלוקושב לינו XCREAM     תדגאמ‬",2026,5,1
503060,"‭(9)םרג275 םידקש דלוקושב לינו XCREAM     תדגאמ‬",2026,8,2
503060,"‭(9)םרג275 םידקש דלוקושב לינו XCREAM     תדגאמ‬",2026,10,2
503060,"‭(9)םרג275 םידקש דלוקושב לינו XCREAM     תדגאמ‬",2026,13,1
503060,"‭(9)םרג275 םידקש דלוקושב לינו XCREAM     תדגאמ‬",2026,15,1
503060,"‭(9)םרג275 םידקש דלוקושב לינו XCREAM     תדגאמ‬",2026,16,4
503060,"‭(9)םרג275 םידקש דלוקושב לינו XCREAM     תדגאמ‬",2026,17,3
503060,"‭(9)םרג275 םידקש דלוקושב לינו XCREAM     תדגאמ‬",2026,18,1
503060,"‭(9)םרג275 םידקש דלוקושב לינו XCREAM     תדגאמ‬",2026,19,1
503060,"‭(9)םרג275 םידקש דלוקושב לינו XCREAM     תדגאמ‬",2026,21,1
503060,"‭(9)םרג275 םידקש דלוקושב לינו XCREAM     תדגאמ‬",2026,23,1
503060,"‭(9)םרג275 םידקש דלוקושב לינו XCREAM     תדגאמ‬",2026,25,2
503060,"‭(9)םרג275 םידקש דלוקושב לינו XCREAM     תדגאמ‬",2026,26,1
503060,"‭(9)םרג275 םידקש דלוקושב לינו XCREAM     תדגאמ‬",2026,27,0.56
503060,"‭(9)םרג275 םידקש דלוקושב לינו XCREAM     תדגאמ‬",2026,28,2.44
503060,"‭(9)םרג275 םידקש דלוקושב לינו XCREAM     תדגאמ‬",2026,30,2
503060,"‭(9)םרג275 םידקש דלוקושב לינו XCREAM     תדגאמ‬",2026,31,1
503061,"‭(9)םרג275 יאבוד דלוקושב לינו XCREAM     תדגאמ‬",2025,33,3
503061,"‭(9)םרג275 יאבוד דלוקושב לינו XCREAM     תדגאמ‬",2025,34,7
503061,"‭(9)םרג275 יאבוד דלוקושב לינו XCREAM     תדגאמ‬",2025,35,5
503061,"‭(9)םרג275 יאבוד דלוקושב לינו XCREAM     תדגאמ‬",2025,36,5
503061,"‭(9)םרג275 יאבוד דלוקושב לינו XCREAM     תדגאמ‬",2025,37,5
503061,"‭(9)םרג275 יאבוד דלוקושב לינו XCREAM     תדגאמ‬",2025,38,6
503061,"‭(9)םרג275 יאבוד דלוקושב לינו XCREAM     תדגאמ‬",2025,39,4
503061,"‭(9)םרג275 יאבוד דלוקושב לינו XCREAM     תדגאמ‬",2025,40,5
503061,"‭(9)םרג275 יאבוד דלוקושב לינו XCREAM     תדגאמ‬",2025,41,2
503061,"‭(9)םרג275 יאבוד דלוקושב לינו XCREAM     תדגאמ‬",2025,42,6
503061,"‭(9)םרג275 יאבוד דלוקושב לינו XCREAM     תדגאמ‬",2025,43,3.44
503061,"‭(9)םרג275 יאבוד דלוקושב לינו XCREAM     תדגאמ‬",2025,44,2
503061,"‭(9)םרג275 יאבוד דלוקושב לינו XCREAM     תדגאמ‬",2025,45,4
503061,"‭(9)םרג275 יאבוד דלוקושב לינו XCREAM     תדגאמ‬",2025,46,4.33
503061,"‭(9)םרג275 יאבוד דלוקושב לינו XCREAM     תדגאמ‬",2025,47,2
503061,"‭(9)םרג275 יאבוד דלוקושב לינו XCREAM     תדגאמ‬",2025,48,2
503061,"‭(9)םרג275 יאבוד דלוקושב לינו XCREAM     תדגאמ‬",2025,49,2
503061,"‭(9)םרג275 יאבוד דלוקושב לינו XCREAM     תדגאמ‬",2025,50,1
503061,"‭(9)םרג275 יאבוד דלוקושב לינו XCREAM     תדגאמ‬",2025,52,4
503061,"‭(9)םרג275 יאבוד דלוקושב לינו XCREAM     תדגאמ‬",2026,2,5
503061,"‭(9)םרג275 יאבוד דלוקושב לינו XCREAM     תדגאמ‬",2026,3,2
503061,"‭(9)םרג275 יאבוד דלוקושב לינו XCREAM     תדגאמ‬",2026,4,1
503061,"‭(9)םרג275 יאבוד דלוקושב לינו XCREAM     תדגאמ‬",2026,5,2
503061,"‭(9)םרג275 יאבוד דלוקושב לינו XCREAM     תדגאמ‬",2026,6,3
503061,"‭(9)םרג275 יאבוד דלוקושב לינו XCREAM     תדגאמ‬",2026,7,2
503061,"‭(9)םרג275 יאבוד דלוקושב לינו XCREAM     תדגאמ‬",2026,9,1
503061,"‭(9)םרג275 יאבוד דלוקושב לינו XCREAM     תדגאמ‬",2026,10,2
503061,"‭(9)םרג275 יאבוד דלוקושב לינו XCREAM     תדגאמ‬",2026,11,1
503061,"‭(9)םרג275 יאבוד דלוקושב לינו XCREAM     תדגאמ‬",2026,12,1
503061,"‭(9)םרג275 יאבוד דלוקושב לינו XCREAM     תדגאמ‬",2026,13,3
503061,"‭(9)םרג275 יאבוד דלוקושב לינו XCREAM     תדגאמ‬",2026,16,6
503061,"‭(9)םרג275 יאבוד דלוקושב לינו XCREAM     תדגאמ‬",2026,17,2
503061,"‭(9)םרג275 יאבוד דלוקושב לינו XCREAM     תדגאמ‬",2026,18,1.44
503061,"‭(9)םרג275 יאבוד דלוקושב לינו XCREAM     תדגאמ‬",2026,19,1
503061,"‭(9)םרג275 יאבוד דלוקושב לינו XCREAM     תדגאמ‬",2026,20,2.56
503061,"‭(9)םרג275 יאבוד דלוקושב לינו XCREAM     תדגאמ‬",2026,21,1
503061,"‭(9)םרג275 יאבוד דלוקושב לינו XCREAM     תדגאמ‬",2026,22,3
503061,"‭(9)םרג275 יאבוד דלוקושב לינו XCREAM     תדגאמ‬",2026,23,1
503061,"‭(9)םרג275 יאבוד דלוקושב לינו XCREAM     תדגאמ‬",2026,25,1
503061,"‭(9)םרג275 יאבוד דלוקושב לינו XCREAM     תדגאמ‬",2026,26,1
503061,"‭(9)םרג275 יאבוד דלוקושב לינו XCREAM     תדגאמ‬",2026,27,1
503061,"‭(9)םרג275 יאבוד דלוקושב לינו XCREAM     תדגאמ‬",2026,28,1
503061,"‭(9)םרג275 יאבוד דלוקושב לינו XCREAM     תדגאמ‬",2026,29,1
503061,"‭(9)םרג275 יאבוד דלוקושב לינו XCREAM     תדגאמ‬",2026,30,2
503061,"‭(9)םרג275 יאבוד דלוקושב לינו XCREAM     תדגאמ‬",2026,31,1
503062,"‭(10) םרג 204 תדגאמ תוינוכמ הרוצב FRUDICE טברש ינוגלש‬",2025,33,3
503062,"‭(10) םרג 204 תדגאמ תוינוכמ הרוצב FRUDICE טברש ינוגלש‬",2025,34,5
503062,"‭(10) םרג 204 תדגאמ תוינוכמ הרוצב FRUDICE טברש ינוגלש‬",2025,35,1
503062,"‭(10) םרג 204 תדגאמ תוינוכמ הרוצב FRUDICE טברש ינוגלש‬",2025,36,2
503062,"‭(10) םרג 204 תדגאמ תוינוכמ הרוצב FRUDICE טברש ינוגלש‬",2025,38,4
503062,"‭(10) םרג 204 תדגאמ תוינוכמ הרוצב FRUDICE טברש ינוגלש‬",2025,42,1
503062,"‭(10) םרג 204 תדגאמ תוינוכמ הרוצב FRUDICE טברש ינוגלש‬",2025,47,1
503062,"‭(10) םרג 204 תדגאמ תוינוכמ הרוצב FRUDICE טברש ינוגלש‬",2025,49,1.6
503062,"‭(10) םרג 204 תדגאמ תוינוכמ הרוצב FRUDICE טברש ינוגלש‬",2026,4,1
503062,"‭(10) םרג 204 תדגאמ תוינוכמ הרוצב FRUDICE טברש ינוגלש‬",2026,7,1
503062,"‭(10) םרג 204 תדגאמ תוינוכמ הרוצב FRUDICE טברש ינוגלש‬",2026,8,1
503062,"‭(10) םרג 204 תדגאמ תוינוכמ הרוצב FRUDICE טברש ינוגלש‬",2026,10,1
503062,"‭(10) םרג 204 תדגאמ תוינוכמ הרוצב FRUDICE טברש ינוגלש‬",2026,11,1
503062,"‭(10) םרג 204 תדגאמ תוינוכמ הרוצב FRUDICE טברש ינוגלש‬",2026,12,1
503062,"‭(10) םרג 204 תדגאמ תוינוכמ הרוצב FRUDICE טברש ינוגלש‬",2026,13,1
503062,"‭(10) םרג 204 תדגאמ תוינוכמ הרוצב FRUDICE טברש ינוגלש‬",2026,15,1
503062,"‭(10) םרג 204 תדגאמ תוינוכמ הרוצב FRUDICE טברש ינוגלש‬",2026,16,4
503062,"‭(10) םרג 204 תדגאמ תוינוכמ הרוצב FRUDICE טברש ינוגלש‬",2026,17,2
503062,"‭(10) םרג 204 תדגאמ תוינוכמ הרוצב FRUDICE טברש ינוגלש‬",2026,18,1
503062,"‭(10) םרג 204 תדגאמ תוינוכמ הרוצב FRUDICE טברש ינוגלש‬",2026,23,4
503062,"‭(10) םרג 204 תדגאמ תוינוכמ הרוצב FRUDICE טברש ינוגלש‬",2026,24,1
503062,"‭(10) םרג 204 תדגאמ תוינוכמ הרוצב FRUDICE טברש ינוגלש‬",2026,27,1
503062,"‭(10) םרג 204 תדגאמ תוינוכמ הרוצב FRUDICE טברש ינוגלש‬",2026,29,1
503062,"‭(10) םרג 204 תדגאמ תוינוכמ הרוצב FRUDICE טברש ינוגלש‬",2026,30,1
503063,"‭RUD(6) םרג 360 תדגאמ יפורט סקימ DEFRUDA טברש תדילג‬",2025,33,2
503063,"‭RUD(6) םרג 360 תדגאמ יפורט סקימ DEFRUDA טברש תדילג‬",2025,34,2
503063,"‭RUD(6) םרג 360 תדגאמ יפורט סקימ DEFRUDA טברש תדילג‬",2025,35,3
503063,"‭RUD(6) םרג 360 תדגאמ יפורט סקימ DEFRUDA טברש תדילג‬",2025,36,2
503063,"‭RUD(6) םרג 360 תדגאמ יפורט סקימ DEFRUDA טברש תדילג‬",2025,37,2
503063,"‭RUD(6) םרג 360 תדגאמ יפורט סקימ DEFRUDA טברש תדילג‬",2025,38,1
503063,"‭RUD(6) םרג 360 תדגאמ יפורט סקימ DEFRUDA טברש תדילג‬",2025,39,2
503063,"‭RUD(6) םרג 360 תדגאמ יפורט סקימ DEFRUDA טברש תדילג‬",2025,40,1
503063,"‭RUD(6) םרג 360 תדגאמ יפורט סקימ DEFRUDA טברש תדילג‬",2025,41,1
503063,"‭RUD(6) םרג 360 תדגאמ יפורט סקימ DEFRUDA טברש תדילג‬",2025,42,2
503063,"‭RUD(6) םרג 360 תדגאמ יפורט סקימ DEFRUDA טברש תדילג‬",2025,43,4
503063,"‭RUD(6) םרג 360 תדגאמ יפורט סקימ DEFRUDA טברש תדילג‬",2025,44,1
503063,"‭RUD(6) םרג 360 תדגאמ יפורט סקימ DEFRUDA טברש תדילג‬",2025,45,1
503063,"‭RUD(6) םרג 360 תדגאמ יפורט סקימ DEFRUDA טברש תדילג‬",2025,46,3
503063,"‭RUD(6) םרג 360 תדגאמ יפורט סקימ DEFRUDA טברש תדילג‬",2025,47,1
503063,"‭RUD(6) םרג 360 תדגאמ יפורט סקימ DEFRUDA טברש תדילג‬",2025,48,1
503063,"‭RUD(6) םרג 360 תדגאמ יפורט סקימ DEFRUDA טברש תדילג‬",2025,50,1.67
503063,"‭RUD(6) םרג 360 תדגאמ יפורט סקימ DEFRUDA טברש תדילג‬",2025,52,1
503063,"‭RUD(6) םרג 360 תדגאמ יפורט סקימ DEFRUDA טברש תדילג‬",2026,2,1
503063,"‭RUD(6) םרג 360 תדגאמ יפורט סקימ DEFRUDA טברש תדילג‬",2026,5,2
503063,"‭RUD(6) םרג 360 תדגאמ יפורט סקימ DEFRUDA טברש תדילג‬",2026,7,2
503063,"‭RUD(6) םרג 360 תדגאמ יפורט סקימ DEFRUDA טברש תדילג‬",2026,8,1
503063,"‭RUD(6) םרג 360 תדגאמ יפורט סקימ DEFRUDA טברש תדילג‬",2026,10,1
503063,"‭RUD(6) םרג 360 תדגאמ יפורט סקימ DEFRUDA טברש תדילג‬",2026,11,1
503063,"‭RUD(6) םרג 360 תדגאמ יפורט סקימ DEFRUDA טברש תדילג‬",2026,13,1
503063,"‭RUD(6) םרג 360 תדגאמ יפורט סקימ DEFRUDA טברש תדילג‬",2026,14,1
503063,"‭RUD(6) םרג 360 תדגאמ יפורט סקימ DEFRUDA טברש תדילג‬",2026,15,1
503063,"‭RUD(6) םרג 360 תדגאמ יפורט סקימ DEFRUDA טברש תדילג‬",2026,16,3
503063,"‭RUD(6) םרג 360 תדגאמ יפורט סקימ DEFRUDA טברש תדילג‬",2026,17,2
503063,"‭RUD(6) םרג 360 תדגאמ יפורט סקימ DEFRUDA טברש תדילג‬",2026,18,2
503063,"‭RUD(6) םרג 360 תדגאמ יפורט סקימ DEFRUDA טברש תדילג‬",2026,19,1
503063,"‭RUD(6) םרג 360 תדגאמ יפורט סקימ DEFRUDA טברש תדילג‬",2026,20,1
503063,"‭RUD(6) םרג 360 תדגאמ יפורט סקימ DEFRUDA טברש תדילג‬",2026,21,2
503063,"‭RUD(6) םרג 360 תדגאמ יפורט סקימ DEFRUDA טברש תדילג‬",2026,22,1
503063,"‭RUD(6) םרג 360 תדגאמ יפורט סקימ DEFRUDA טברש תדילג‬",2026,23,3
503063,"‭RUD(6) םרג 360 תדגאמ יפורט סקימ DEFRUDA טברש תדילג‬",2026,25,1
503063,"‭RUD(6) םרג 360 תדגאמ יפורט סקימ DEFRUDA טברש תדילג‬",2026,26,2
503063,"‭RUD(6) םרג 360 תדגאמ יפורט סקימ DEFRUDA טברש תדילג‬",2026,28,4
503063,"‭RUD(6) םרג 360 תדגאמ יפורט סקימ DEFRUDA טברש תדילג‬",2026,29,2
503063,"‭RUD(6) םרג 360 תדגאמ יפורט סקימ DEFRUDA טברש תדילג‬",2026,30,3
503063,"‭RUD(6) םרג 360 תדגאמ יפורט סקימ DEFRUDA טברש תדילג‬",2026,31,1
503063,"‭RUD(6) םרג 360 תדגאמ יפורט סקימ DEFRUDA טברש תדילג‬",2026,32,1
503064,"‭(6) םרג 264 תוינמכוא לינו SVALYA     תדגאמ‬",2025,33,2
503064,"‭(6) םרג 264 תוינמכוא לינו SVALYA     תדגאמ‬",2025,34,3
503064,"‭(6) םרג 264 תוינמכוא לינו SVALYA     תדגאמ‬",2025,35,1
503064,"‭(6) םרג 264 תוינמכוא לינו SVALYA     תדגאמ‬",2025,36,2
503064,"‭(6) םרג 264 תוינמכוא לינו SVALYA     תדגאמ‬",2025,37,3
503064,"‭(6) םרג 264 תוינמכוא לינו SVALYA     תדגאמ‬",2025,39,1
503064,"‭(6) םרג 264 תוינמכוא לינו SVALYA     תדגאמ‬",2025,42,4
503064,"‭(6) םרג 264 תוינמכוא לינו SVALYA     תדגאמ‬",2025,43,2
503064,"‭(6) םרג 264 תוינמכוא לינו SVALYA     תדגאמ‬",2025,46,2
503064,"‭(6) םרג 264 תוינמכוא לינו SVALYA     תדגאמ‬",2025,47,0.5
503064,"‭(6) םרג 264 תוינמכוא לינו SVALYA     תדגאמ‬",2025,48,1
503064,"‭(6) םרג 264 תוינמכוא לינו SVALYA     תדגאמ‬",2025,49,2
503064,"‭(6) םרג 264 תוינמכוא לינו SVALYA     תדגאמ‬",2026,2,3
503064,"‭(6) םרג 264 תוינמכוא לינו SVALYA     תדגאמ‬",2026,4,1
503064,"‭(6) םרג 264 תוינמכוא לינו SVALYA     תדגאמ‬",2026,8,1
503064,"‭(6) םרג 264 תוינמכוא לינו SVALYA     תדגאמ‬",2026,10,2
503064,"‭(6) םרג 264 תוינמכוא לינו SVALYA     תדגאמ‬",2026,12,1
503064,"‭(6) םרג 264 תוינמכוא לינו SVALYA     תדגאמ‬",2026,13,1
503064,"‭(6) םרג 264 תוינמכוא לינו SVALYA     תדגאמ‬",2026,16,3
503064,"‭(6) םרג 264 תוינמכוא לינו SVALYA     תדגאמ‬",2026,17,2
503064,"‭(6) םרג 264 תוינמכוא לינו SVALYA     תדגאמ‬",2026,18,1
503064,"‭(6) םרג 264 תוינמכוא לינו SVALYA     תדגאמ‬",2026,19,1
503064,"‭(6) םרג 264 תוינמכוא לינו SVALYA     תדגאמ‬",2026,20,2
503064,"‭(6) םרג 264 תוינמכוא לינו SVALYA     תדגאמ‬",2026,23,3
503064,"‭(6) םרג 264 תוינמכוא לינו SVALYA     תדגאמ‬",2026,24,1
503064,"‭(6) םרג 264 תוינמכוא לינו SVALYA     תדגאמ‬",2026,25,2
503064,"‭(6) םרג 264 תוינמכוא לינו SVALYA     תדגאמ‬",2026,27,1
503064,"‭(6) םרג 264 תוינמכוא לינו SVALYA     תדגאמ‬",2026,31,1
503065,"‭(6) םרג 264 הרולפיספ וגנמ SVALYA     תדגאמ‬",2025,33,1
503065,"‭(6) םרג 264 הרולפיספ וגנמ SVALYA     תדגאמ‬",2025,34,2
503065,"‭(6) םרג 264 הרולפיספ וגנמ SVALYA     תדגאמ‬",2025,35,1.83
503065,"‭(6) םרג 264 הרולפיספ וגנמ SVALYA     תדגאמ‬",2025,36,2
503065,"‭(6) םרג 264 הרולפיספ וגנמ SVALYA     תדגאמ‬",2025,37,1
503065,"‭(6) םרג 264 הרולפיספ וגנמ SVALYA     תדגאמ‬",2025,38,1
503065,"‭(6) םרג 264 הרולפיספ וגנמ SVALYA     תדגאמ‬",2025,41,2
503065,"‭(6) םרג 264 הרולפיספ וגנמ SVALYA     תדגאמ‬",2025,42,4
503065,"‭(6) םרג 264 הרולפיספ וגנמ SVALYA     תדגאמ‬",2025,43,0.83
503065,"‭(6) םרג 264 הרולפיספ וגנמ SVALYA     תדגאמ‬",2025,44,2
503065,"‭(6) םרג 264 הרולפיספ וגנמ SVALYA     תדגאמ‬",2025,47,1
503065,"‭(6) םרג 264 הרולפיספ וגנמ SVALYA     תדגאמ‬",2025,49,1
503065,"‭(6) םרג 264 הרולפיספ וגנמ SVALYA     תדגאמ‬",2026,2,2
503065,"‭(6) םרג 264 הרולפיספ וגנמ SVALYA     תדגאמ‬",2026,9,1.83
503065,"‭(6) םרג 264 הרולפיספ וגנמ SVALYA     תדגאמ‬",2026,10,2
503065,"‭(6) םרג 264 הרולפיספ וגנמ SVALYA     תדגאמ‬",2026,11,1
503065,"‭(6) םרג 264 הרולפיספ וגנמ SVALYA     תדגאמ‬",2026,12,1
503065,"‭(6) םרג 264 הרולפיספ וגנמ SVALYA     תדגאמ‬",2026,13,1
503065,"‭(6) םרג 264 הרולפיספ וגנמ SVALYA     תדגאמ‬",2026,16,2
503065,"‭(6) םרג 264 הרולפיספ וגנמ SVALYA     תדגאמ‬",2026,17,2
503065,"‭(6) םרג 264 הרולפיספ וגנמ SVALYA     תדגאמ‬",2026,19,1
503065,"‭(6) םרג 264 הרולפיספ וגנמ SVALYA     תדגאמ‬",2026,21,1
503065,"‭(6) םרג 264 הרולפיספ וגנמ SVALYA     תדגאמ‬",2026,23,2
503065,"‭(6) םרג 264 הרולפיספ וגנמ SVALYA     תדגאמ‬",2026,26,2
503065,"‭(6) םרג 264 הרולפיספ וגנמ SVALYA     תדגאמ‬",2026,28,2
503066,"‭(4)'ג400 'ץיוודנס דלוקוש YUKKI     תדגאמ‬",2025,48,1
503066,"‭(4)'ג400 'ץיוודנס דלוקוש YUKKI     תדגאמ‬",2025,49,2
503066,"‭(4)'ג400 'ץיוודנס דלוקוש YUKKI     תדגאמ‬",2025,50,2
503066,"‭(4)'ג400 'ץיוודנס דלוקוש YUKKI     תדגאמ‬",2025,52,1
503066,"‭(4)'ג400 'ץיוודנס דלוקוש YUKKI     תדגאמ‬",2026,2,4
503066,"‭(4)'ג400 'ץיוודנס דלוקוש YUKKI     תדגאמ‬",2026,3,4
503066,"‭(4)'ג400 'ץיוודנס דלוקוש YUKKI     תדגאמ‬",2026,5,1
503066,"‭(4)'ג400 'ץיוודנס דלוקוש YUKKI     תדגאמ‬",2026,7,2
503066,"‭(4)'ג400 'ץיוודנס דלוקוש YUKKI     תדגאמ‬",2026,11,2
503066,"‭(4)'ג400 'ץיוודנס דלוקוש YUKKI     תדגאמ‬",2026,13,2
503066,"‭(4)'ג400 'ץיוודנס דלוקוש YUKKI     תדגאמ‬",2026,14,1
503066,"‭(4)'ג400 'ץיוודנס דלוקוש YUKKI     תדגאמ‬",2026,16,1
503066,"‭(4)'ג400 'ץיוודנס דלוקוש YUKKI     תדגאמ‬",2026,17,2
503066,"‭(4)'ג400 'ץיוודנס דלוקוש YUKKI     תדגאמ‬",2026,18,1
503066,"‭(4)'ג400 'ץיוודנס דלוקוש YUKKI     תדגאמ‬",2026,19,1
503066,"‭(4)'ג400 'ץיוודנס דלוקוש YUKKI     תדגאמ‬",2026,20,5
503066,"‭(4)'ג400 'ץיוודנס דלוקוש YUKKI     תדגאמ‬",2026,21,1
503066,"‭(4)'ג400 'ץיוודנס דלוקוש YUKKI     תדגאמ‬",2026,22,2
503066,"‭(4)'ג400 'ץיוודנס דלוקוש YUKKI     תדגאמ‬",2026,23,2
503066,"‭(4)'ג400 'ץיוודנס דלוקוש YUKKI     תדגאמ‬",2026,24,3
503066,"‭(4)'ג400 'ץיוודנס דלוקוש YUKKI     תדגאמ‬",2026,25,1
503066,"‭(4)'ג400 'ץיוודנס דלוקוש YUKKI     תדגאמ‬",2026,26,2
503066,"‭(4)'ג400 'ץיוודנס דלוקוש YUKKI     תדגאמ‬",2026,27,2
503066,"‭(4)'ג400 'ץיוודנס דלוקוש YUKKI     תדגאמ‬",2026,28,1
503066,"‭(4)'ג400 'ץיוודנס דלוקוש YUKKI     תדגאמ‬",2026,29,2
503066,"‭(4)'ג400 'ץיוודנס דלוקוש YUKKI     תדגאמ‬",2026,31,1
503066,"‭(4)'ג400 'ץיוודנס דלוקוש YUKKI     תדגאמ‬",2026,32,1
503067,"‭(8)ג190.5 םיזוגאו דלוקוש הפוצמ זוגא תיבלח ""רשור וררפ"" תדילג‬",2026,23,3
503067,"‭(8)ג190.5 םיזוגאו דלוקוש הפוצמ זוגא תיבלח ""רשור וררפ"" תדילג‬",2026,24,2
503067,"‭(8)ג190.5 םיזוגאו דלוקוש הפוצמ זוגא תיבלח ""רשור וררפ"" תדילג‬",2026,27,3
503067,"‭(8)ג190.5 םיזוגאו דלוקוש הפוצמ זוגא תיבלח ""רשור וררפ"" תדילג‬",2026,28,2
503067,"‭(8)ג190.5 םיזוגאו דלוקוש הפוצמ זוגא תיבלח ""רשור וררפ"" תדילג‬",2026,29,5
503067,"‭(8)ג190.5 םיזוגאו דלוקוש הפוצמ זוגא תיבלח ""רשור וררפ"" תדילג‬",2026,31,3
503067,"‭(8)ג190.5 םיזוגאו דלוקוש הפוצמ זוגא תיבלח ""רשור וררפ"" תדילג‬",2026,32,1
503068,"‭(8) רג190.5 םידקש הפוצמ סוקוק   תיבלח ""ולאפר"" תדילג‬",2026,23,3
503068,"‭(8) רג190.5 םידקש הפוצמ סוקוק   תיבלח ""ולאפר"" תדילג‬",2026,24,2
503068,"‭(8) רג190.5 םידקש הפוצמ סוקוק   תיבלח ""ולאפר"" תדילג‬",2026,26,2
503068,"‭(8) רג190.5 םידקש הפוצמ סוקוק   תיבלח ""ולאפר"" תדילג‬",2026,27,2
503068,"‭(8) רג190.5 םידקש הפוצמ סוקוק   תיבלח ""ולאפר"" תדילג‬",2026,28,2
503068,"‭(8) רג190.5 םידקש הפוצמ סוקוק   תיבלח ""ולאפר"" תדילג‬",2026,30,1
503068,"‭(8) רג190.5 םידקש הפוצמ סוקוק   תיבלח ""ולאפר"" תדילג‬",2026,32,3
503069,"‭(8) רג264 דולוקוש הפוצמ תויגוע   תיבלח ""סוטול"" תדילג‬",2026,23,4
503069,"‭(8) רג264 דולוקוש הפוצמ תויגוע   תיבלח ""סוטול"" תדילג‬",2026,24,3
503069,"‭(8) רג264 דולוקוש הפוצמ תויגוע   תיבלח ""סוטול"" תדילג‬",2026,25,2
503069,"‭(8) רג264 דולוקוש הפוצמ תויגוע   תיבלח ""סוטול"" תדילג‬",2026,27,1
503069,"‭(8) רג264 דולוקוש הפוצמ תויגוע   תיבלח ""סוטול"" תדילג‬",2026,28,3
503069,"‭(8) רג264 דולוקוש הפוצמ תויגוע   תיבלח ""סוטול"" תדילג‬",2026,29,6
503069,"‭(8) רג264 דולוקוש הפוצמ תויגוע   תיבלח ""סוטול"" תדילג‬",2026,32,4
600,"‭(20)SVALIA 'ג200 האמח‬",2026,29,1
601,"‭(20)SVALIA 'ג200 הצומח האמח‬",2026,29,1
604,"‭(24)'ג200 ROSHEN 82.5% האמח‬",2025,33,16
604,"‭(24)'ג200 ROSHEN 82.5% האמח‬",2025,34,3
604,"‭(24)'ג200 ROSHEN 82.5% האמח‬",2025,36,16
604,"‭(24)'ג200 ROSHEN 82.5% האמח‬",2025,37,9
604,"‭(24)'ג200 ROSHEN 82.5% האמח‬",2025,38,26
604,"‭(24)'ג200 ROSHEN 82.5% האמח‬",2025,39,10
604,"‭(24)'ג200 ROSHEN 82.5% האמח‬",2025,40,12
604,"‭(24)'ג200 ROSHEN 82.5% האמח‬",2025,41,12
604,"‭(24)'ג200 ROSHEN 82.5% האמח‬",2025,42,15
604,"‭(24)'ג200 ROSHEN 82.5% האמח‬",2025,43,11
604,"‭(24)'ג200 ROSHEN 82.5% האמח‬",2025,44,12
604,"‭(24)'ג200 ROSHEN 82.5% האמח‬",2025,45,16
604,"‭(24)'ג200 ROSHEN 82.5% האמח‬",2025,46,11
604,"‭(24)'ג200 ROSHEN 82.5% האמח‬",2025,47,12
604,"‭(24)'ג200 ROSHEN 82.5% האמח‬",2025,48,23
604,"‭(24)'ג200 ROSHEN 82.5% האמח‬",2025,49,11
604,"‭(24)'ג200 ROSHEN 82.5% האמח‬",2025,50,11
604,"‭(24)'ג200 ROSHEN 82.5% האמח‬",2025,51,7
604,"‭(24)'ג200 ROSHEN 82.5% האמח‬",2025,52,13
604,"‭(24)'ג200 ROSHEN 82.5% האמח‬",2025,53,5
604,"‭(24)'ג200 ROSHEN 82.5% האמח‬",2026,1,5
604,"‭(24)'ג200 ROSHEN 82.5% האמח‬",2026,2,12
604,"‭(24)'ג200 ROSHEN 82.5% האמח‬",2026,3,15
604,"‭(24)'ג200 ROSHEN 82.5% האמח‬",2026,4,25
604,"‭(24)'ג200 ROSHEN 82.5% האמח‬",2026,5,13
604,"‭(24)'ג200 ROSHEN 82.5% האמח‬",2026,6,8
604,"‭(24)'ג200 ROSHEN 82.5% האמח‬",2026,7,13
604,"‭(24)'ג200 ROSHEN 82.5% האמח‬",2026,8,13
604,"‭(24)'ג200 ROSHEN 82.5% האמח‬",2026,9,12
604,"‭(24)'ג200 ROSHEN 82.5% האמח‬",2026,10,12
604,"‭(24)'ג200 ROSHEN 82.5% האמח‬",2026,11,14
604,"‭(24)'ג200 ROSHEN 82.5% האמח‬",2026,12,15
604,"‭(24)'ג200 ROSHEN 82.5% האמח‬",2026,22,26
604,"‭(24)'ג200 ROSHEN 82.5% האמח‬",2026,23,25
604,"‭(24)'ג200 ROSHEN 82.5% האמח‬",2026,24,8
604,"‭(24)'ג200 ROSHEN 82.5% האמח‬",2026,25,11.08
604,"‭(24)'ג200 ROSHEN 82.5% האמח‬",2026,26,10
604,"‭(24)'ג200 ROSHEN 82.5% האמח‬",2026,27,80
604,"‭(24)'ג200 ROSHEN 82.5% האמח‬",2026,28,6
604,"‭(24)'ג200 ROSHEN 82.5% האמח‬",2026,29,16.08
604,"‭(24)'ג200 ROSHEN 82.5% האמח‬",2026,30,18
604,"‭(24)'ג200 ROSHEN 82.5% האמח‬",2026,31,13
604,"‭(24)'ג200 ROSHEN 82.5% האמח‬",2026,32,13
624,"‭(10)'ג500 (KEFIR) ריפק‬",2025,34,2
624,"‭(10)'ג500 (KEFIR) ריפק‬",2025,35,2
624,"‭(10)'ג500 (KEFIR) ריפק‬",2025,37,2.5
624,"‭(10)'ג500 (KEFIR) ריפק‬",2025,38,0.5
624,"‭(10)'ג500 (KEFIR) ריפק‬",2025,43,5.5
624,"‭(10)'ג500 (KEFIR) ריפק‬",2025,44,9.5
624,"‭(10)'ג500 (KEFIR) ריפק‬",2025,47,5.5
624,"‭(10)'ג500 (KEFIR) ריפק‬",2025,48,2
624,"‭(10)'ג500 (KEFIR) ריפק‬",2025,49,2.5
624,"‭(10)'ג500 (KEFIR) ריפק‬",2025,51,5
624,"‭(10)'ג500 (KEFIR) ריפק‬",2026,2,4.5
624,"‭(10)'ג500 (KEFIR) ריפק‬",2026,3,5.5
624,"‭(10)'ג500 (KEFIR) ריפק‬",2026,6,2
624,"‭(10)'ג500 (KEFIR) ריפק‬",2026,7,3
624,"‭(10)'ג500 (KEFIR) ריפק‬",2026,10,4
624,"‭(10)'ג500 (KEFIR) ריפק‬",2026,11,3
624,"‭(10)'ג500 (KEFIR) ריפק‬",2026,15,10
624,"‭(10)'ג500 (KEFIR) ריפק‬",2026,18,4.5
624,"‭(10)'ג500 (KEFIR) ריפק‬",2026,19,3.5
624,"‭(10)'ג500 (KEFIR) ריפק‬",2026,22,1.5
624,"‭(10)'ג500 (KEFIR) ריפק‬",2026,23,3.5
624,"‭(10)'ג500 (KEFIR) ריפק‬",2026,25,4
624,"‭(10)'ג500 (KEFIR) ריפק‬",2026,26,3.5
624,"‭(10)'ג500 (KEFIR) ריפק‬",2026,27,1.5
624,"‭(10)'ג500 (KEFIR) ריפק‬",2026,29,2.5
624,"‭(10)'ג500 (KEFIR) ריפק‬",2026,30,2.5
625,"‭(6)'ג500 יעבט ריפק הקשמ‬",2026,26,3
625,"‭(6)'ג500 יעבט ריפק הקשמ‬",2026,28,1
625,"‭(6)'ג500 יעבט ריפק הקשמ‬",2026,29,1
628,"‭(6) (SVALYA)'ג250 5% גורובט‬",2025,34,11.17
628,"‭(6) (SVALYA)'ג250 5% גורובט‬",2025,35,3.83
628,"‭(6) (SVALYA)'ג250 5% גורובט‬",2025,38,15
628,"‭(6) (SVALYA)'ג250 5% גורובט‬",2025,43,20
628,"‭(6) (SVALYA)'ג250 5% גורובט‬",2025,44,20
628,"‭(6) (SVALYA)'ג250 5% גורובט‬",2025,52,8
628,"‭(6) (SVALYA)'ג250 5% גורובט‬",2026,5,13
628,"‭(6) (SVALYA)'ג250 5% גורובט‬",2026,6,7
628,"‭(6) (SVALYA)'ג250 5% גורובט‬",2026,8,2
628,"‭(6) (SVALYA)'ג250 5% גורובט‬",2026,9,18
628,"‭(6) (SVALYA)'ג250 5% גורובט‬",2026,18,16
628,"‭(6) (SVALYA)'ג250 5% גורובט‬",2026,19,6
628,"‭(6) (SVALYA)'ג250 5% גורובט‬",2026,20,3
628,"‭(6) (SVALYA)'ג250 5% גורובט‬",2026,21,15
628,"‭(6) (SVALYA)'ג250 5% גורובט‬",2026,24,7
628,"‭(6) (SVALYA)'ג250 5% גורובט‬",2026,25,9
628,"‭(6) (SVALYA)'ג250 5% גורובט‬",2026,26,5
628,"‭(6) (SVALYA)'ג250 5% גורובט‬",2026,27,4
628,"‭(6) (SVALYA)'ג250 5% גורובט‬",2026,29,4
628,"‭(6) (SVALYA)'ג250 5% גורובט‬",2026,30,4
628,"‭(6) (SVALYA)'ג250 5% גורובט‬",2026,31,7
630,"‭(10) 'ל0.9 (KEFIR) ריפק‬",2025,34,4
630,"‭(10) 'ל0.9 (KEFIR) ריפק‬",2025,35,4.5
630,"‭(10) 'ל0.9 (KEFIR) ריפק‬",2025,37,5
630,"‭(10) 'ל0.9 (KEFIR) ריפק‬",2025,38,8.5
630,"‭(10) 'ל0.9 (KEFIR) ריפק‬",2025,39,3.5
630,"‭(10) 'ל0.9 (KEFIR) ריפק‬",2025,43,7.6
630,"‭(10) 'ל0.9 (KEFIR) ריפק‬",2025,44,6.4
630,"‭(10) 'ל0.9 (KEFIR) ריפק‬",2025,45,5
630,"‭(10) 'ל0.9 (KEFIR) ריפק‬",2025,46,4
630,"‭(10) 'ל0.9 (KEFIR) ריפק‬",2025,47,6
630,"‭(10) 'ל0.9 (KEFIR) ריפק‬",2025,48,4.5
630,"‭(10) 'ל0.9 (KEFIR) ריפק‬",2025,49,3.5
630,"‭(10) 'ל0.9 (KEFIR) ריפק‬",2025,50,7
630,"‭(10) 'ל0.9 (KEFIR) ריפק‬",2025,52,7
630,"‭(10) 'ל0.9 (KEFIR) ריפק‬",2026,2,6
630,"‭(10) 'ל0.9 (KEFIR) ריפק‬",2026,3,9
630,"‭(10) 'ל0.9 (KEFIR) ריפק‬",2026,4,5
630,"‭(10) 'ל0.9 (KEFIR) ריפק‬",2026,5,4
630,"‭(10) 'ל0.9 (KEFIR) ריפק‬",2026,6,5.5
630,"‭(10) 'ל0.9 (KEFIR) ריפק‬",2026,7,4.5
630,"‭(10) 'ל0.9 (KEFIR) ריפק‬",2026,9,10
630,"‭(10) 'ל0.9 (KEFIR) ריפק‬",2026,10,7
630,"‭(10) 'ל0.9 (KEFIR) ריפק‬",2026,11,3
630,"‭(10) 'ל0.9 (KEFIR) ריפק‬",2026,13,7
630,"‭(10) 'ל0.9 (KEFIR) ריפק‬",2026,15,10
630,"‭(10) 'ל0.9 (KEFIR) ריפק‬",2026,16,5
630,"‭(10) 'ל0.9 (KEFIR) ריפק‬",2026,17,5
630,"‭(10) 'ל0.9 (KEFIR) ריפק‬",2026,18,6.5
630,"‭(10) 'ל0.9 (KEFIR) ריפק‬",2026,19,7.5
630,"‭(10) 'ל0.9 (KEFIR) ריפק‬",2026,20,2.5
630,"‭(10) 'ל0.9 (KEFIR) ריפק‬",2026,21,5.5
630,"‭(10) 'ל0.9 (KEFIR) ריפק‬",2026,22,6
630,"‭(10) 'ל0.9 (KEFIR) ריפק‬",2026,23,9
630,"‭(10) 'ל0.9 (KEFIR) ריפק‬",2026,24,5
630,"‭(10) 'ל0.9 (KEFIR) ריפק‬",2026,25,5
630,"‭(10) 'ל0.9 (KEFIR) ריפק‬",2026,26,5
630,"‭(10) 'ל0.9 (KEFIR) ריפק‬",2026,27,6
630,"‭(10) 'ל0.9 (KEFIR) ריפק‬",2026,28,7
630,"‭(10) 'ל0.9 (KEFIR) ריפק‬",2026,29,9
630,"‭(10) 'ל0.9 (KEFIR) ריפק‬",2026,30,6
630,"‭(10) 'ל0.9 (KEFIR) ריפק‬",2026,32,6
631,"‭(6) 'ל0.5 (RIAZENKA) יבלח הקשמ‬",2025,33,0.33
631,"‭(6) 'ל0.5 (RIAZENKA) יבלח הקשמ‬",2025,34,16.17
631,"‭(6) 'ל0.5 (RIAZENKA) יבלח הקשמ‬",2025,35,10
631,"‭(6) 'ל0.5 (RIAZENKA) יבלח הקשמ‬",2025,36,15
631,"‭(6) 'ל0.5 (RIAZENKA) יבלח הקשמ‬",2025,37,12.17
631,"‭(6) 'ל0.5 (RIAZENKA) יבלח הקשמ‬",2025,38,25.83
631,"‭(6) 'ל0.5 (RIAZENKA) יבלח הקשמ‬",2025,39,12
631,"‭(6) 'ל0.5 (RIAZENKA) יבלח הקשמ‬",2025,41,20
631,"‭(6) 'ל0.5 (RIAZENKA) יבלח הקשמ‬",2025,43,23
631,"‭(6) 'ל0.5 (RIAZENKA) יבלח הקשמ‬",2025,44,17
631,"‭(6) 'ל0.5 (RIAZENKA) יבלח הקשמ‬",2025,45,12
631,"‭(6) 'ל0.5 (RIAZENKA) יבלח הקשמ‬",2025,46,18
631,"‭(6) 'ל0.5 (RIAZENKA) יבלח הקשמ‬",2025,47,14
631,"‭(6) 'ל0.5 (RIAZENKA) יבלח הקשמ‬",2025,48,12
631,"‭(6) 'ל0.5 (RIAZENKA) יבלח הקשמ‬",2025,49,11
631,"‭(6) 'ל0.5 (RIAZENKA) יבלח הקשמ‬",2025,50,13
631,"‭(6) 'ל0.5 (RIAZENKA) יבלח הקשמ‬",2025,51,10
631,"‭(6) 'ל0.5 (RIAZENKA) יבלח הקשמ‬",2025,52,9
631,"‭(6) 'ל0.5 (RIAZENKA) יבלח הקשמ‬",2025,53,11
631,"‭(6) 'ל0.5 (RIAZENKA) יבלח הקשמ‬",2026,2,10
631,"‭(6) 'ל0.5 (RIAZENKA) יבלח הקשמ‬",2026,3,15
631,"‭(6) 'ל0.5 (RIAZENKA) יבלח הקשמ‬",2026,4,10
631,"‭(6) 'ל0.5 (RIAZENKA) יבלח הקשמ‬",2026,5,10
631,"‭(6) 'ל0.5 (RIAZENKA) יבלח הקשמ‬",2026,6,15
631,"‭(6) 'ל0.5 (RIAZENKA) יבלח הקשמ‬",2026,7,15
631,"‭(6) 'ל0.5 (RIAZENKA) יבלח הקשמ‬",2026,8,20
631,"‭(6) 'ל0.5 (RIAZENKA) יבלח הקשמ‬",2026,9,15
631,"‭(6) 'ל0.5 (RIAZENKA) יבלח הקשמ‬",2026,10,20
631,"‭(6) 'ל0.5 (RIAZENKA) יבלח הקשמ‬",2026,11,12
631,"‭(6) 'ל0.5 (RIAZENKA) יבלח הקשמ‬",2026,12,9
631,"‭(6) 'ל0.5 (RIAZENKA) יבלח הקשמ‬",2026,13,15
631,"‭(6) 'ל0.5 (RIAZENKA) יבלח הקשמ‬",2026,14,10
631,"‭(6) 'ל0.5 (RIAZENKA) יבלח הקשמ‬",2026,15,20
631,"‭(6) 'ל0.5 (RIAZENKA) יבלח הקשמ‬",2026,16,20
631,"‭(6) 'ל0.5 (RIAZENKA) יבלח הקשמ‬",2026,17,14
631,"‭(6) 'ל0.5 (RIAZENKA) יבלח הקשמ‬",2026,18,9
631,"‭(6) 'ל0.5 (RIAZENKA) יבלח הקשמ‬",2026,19,17
631,"‭(6) 'ל0.5 (RIAZENKA) יבלח הקשמ‬",2026,20,15
631,"‭(6) 'ל0.5 (RIAZENKA) יבלח הקשמ‬",2026,21,10
631,"‭(6) 'ל0.5 (RIAZENKA) יבלח הקשמ‬",2026,22,15
631,"‭(6) 'ל0.5 (RIAZENKA) יבלח הקשמ‬",2026,23,21
631,"‭(6) 'ל0.5 (RIAZENKA) יבלח הקשמ‬",2026,24,19
631,"‭(6) 'ל0.5 (RIAZENKA) יבלח הקשמ‬",2026,25,16
631,"‭(6) 'ל0.5 (RIAZENKA) יבלח הקשמ‬",2026,26,20
631,"‭(6) 'ל0.5 (RIAZENKA) יבלח הקשמ‬",2026,27,15
631,"‭(6) 'ל0.5 (RIAZENKA) יבלח הקשמ‬",2026,28,16
631,"‭(6) 'ל0.5 (RIAZENKA) יבלח הקשמ‬",2026,29,22
631,"‭(6) 'ל0.5 (RIAZENKA) יבלח הקשמ‬",2026,30,16
631,"‭(6) 'ל0.5 (RIAZENKA) יבלח הקשמ‬",2026,31,10
631,"‭(6) 'ל0.5 (RIAZENKA) יבלח הקשמ‬",2026,32,7
643,"‭(8) (SVALYA) םרג 350 0.5% גורובט‬",2025,33,1
643,"‭(8) (SVALYA) םרג 350 0.5% גורובט‬",2025,34,1
643,"‭(8) (SVALYA) םרג 350 0.5% גורובט‬",2025,35,1
643,"‭(8) (SVALYA) םרג 350 0.5% גורובט‬",2025,38,5
643,"‭(8) (SVALYA) םרג 350 0.5% גורובט‬",2025,40,4
643,"‭(8) (SVALYA) םרג 350 0.5% גורובט‬",2025,41,5
643,"‭(8) (SVALYA) םרג 350 0.5% גורובט‬",2025,43,5
643,"‭(8) (SVALYA) םרג 350 0.5% גורובט‬",2025,44,4
643,"‭(8) (SVALYA) םרג 350 0.5% גורובט‬",2025,45,2
643,"‭(8) (SVALYA) םרג 350 0.5% גורובט‬",2025,46,4
643,"‭(8) (SVALYA) םרג 350 0.5% גורובט‬",2026,4,5
643,"‭(8) (SVALYA) םרג 350 0.5% גורובט‬",2026,8,2
643,"‭(8) (SVALYA) םרג 350 0.5% גורובט‬",2026,9,3
643,"‭(8) (SVALYA) םרג 350 0.5% גורובט‬",2026,18,6
643,"‭(8) (SVALYA) םרג 350 0.5% גורובט‬",2026,19,1
643,"‭(8) (SVALYA) םרג 350 0.5% גורובט‬",2026,22,4
643,"‭(8) (SVALYA) םרג 350 0.5% גורובט‬",2026,23,1
643,"‭(8) (SVALYA) םרג 350 0.5% גורובט‬",2026,24,5
643,"‭(8) (SVALYA) םרג 350 0.5% גורובט‬",2026,25,3
643,"‭(8) (SVALYA) םרג 350 0.5% גורובט‬",2026,26,4
643,"‭(8) (SVALYA) םרג 350 0.5% גורובט‬",2026,29,3
643,"‭(8) (SVALYA) םרג 350 0.5% גורובט‬",2026,30,2
644,"‭(8) (SVALYA) םרג 350 3% גורובט‬",2025,33,1
644,"‭(8) (SVALYA) םרג 350 3% גורובט‬",2025,35,2
644,"‭(8) (SVALYA) םרג 350 3% גורובט‬",2025,36,3
644,"‭(8) (SVALYA) םרג 350 3% גורובט‬",2025,38,6
644,"‭(8) (SVALYA) םרג 350 3% גורובט‬",2025,39,2
644,"‭(8) (SVALYA) םרג 350 3% גורובט‬",2025,41,5
644,"‭(8) (SVALYA) םרג 350 3% גורובט‬",2025,43,7
644,"‭(8) (SVALYA) םרג 350 3% גורובט‬",2025,44,3
644,"‭(8) (SVALYA) םרג 350 3% גורובט‬",2025,45,1
644,"‭(8) (SVALYA) םרג 350 3% גורובט‬",2025,46,4
644,"‭(8) (SVALYA) םרג 350 3% גורובט‬",2025,48,4
644,"‭(8) (SVALYA) םרג 350 3% גורובט‬",2025,49,4
644,"‭(8) (SVALYA) םרג 350 3% גורובט‬",2025,50,5
644,"‭(8) (SVALYA) םרג 350 3% גורובט‬",2025,52,5
644,"‭(8) (SVALYA) םרג 350 3% גורובט‬",2025,53,2
644,"‭(8) (SVALYA) םרג 350 3% גורובט‬",2026,2,3
644,"‭(8) (SVALYA) םרג 350 3% גורובט‬",2026,3,8
644,"‭(8) (SVALYA) םרג 350 3% גורובט‬",2026,4,6
644,"‭(8) (SVALYA) םרג 350 3% גורובט‬",2026,5,3
644,"‭(8) (SVALYA) םרג 350 3% גורובט‬",2026,6,7
644,"‭(8) (SVALYA) םרג 350 3% גורובט‬",2026,8,2
644,"‭(8) (SVALYA) םרג 350 3% גורובט‬",2026,9,5
644,"‭(8) (SVALYA) םרג 350 3% גורובט‬",2026,10,7
644,"‭(8) (SVALYA) םרג 350 3% גורובט‬",2026,18,5
644,"‭(8) (SVALYA) םרג 350 3% גורובט‬",2026,19,2
644,"‭(8) (SVALYA) םרג 350 3% גורובט‬",2026,20,6
644,"‭(8) (SVALYA) םרג 350 3% גורובט‬",2026,22,4
644,"‭(8) (SVALYA) םרג 350 3% גורובט‬",2026,23,1
644,"‭(8) (SVALYA) םרג 350 3% גורובט‬",2026,24,5
644,"‭(8) (SVALYA) םרג 350 3% גורובט‬",2026,25,2
644,"‭(8) (SVALYA) םרג 350 3% גורובט‬",2026,26,10
644,"‭(8) (SVALYA) םרג 350 3% גורובט‬",2026,27,1
644,"‭(8) (SVALYA) םרג 350 3% גורובט‬",2026,28,5
644,"‭(8) (SVALYA) םרג 350 3% גורובט‬",2026,29,6
644,"‭(8) (SVALYA) םרג 350 3% גורובט‬",2026,30,3
644,"‭(8) (SVALYA) םרג 350 3% גורובט‬",2026,31,1
645,"‭(8) (SVALYA) םרג 350 5% גורובט‬",2025,33,2
645,"‭(8) (SVALYA) םרג 350 5% גורובט‬",2025,34,6
645,"‭(8) (SVALYA) םרג 350 5% גורובט‬",2025,35,8
645,"‭(8) (SVALYA) םרג 350 5% גורובט‬",2025,36,10
645,"‭(8) (SVALYA) םרג 350 5% גורובט‬",2025,37,3
645,"‭(8) (SVALYA) םרג 350 5% גורובט‬",2025,38,15.88
645,"‭(8) (SVALYA) םרג 350 5% גורובט‬",2025,39,6
645,"‭(8) (SVALYA) םרג 350 5% גורובט‬",2025,40,0.13
645,"‭(8) (SVALYA) םרג 350 5% גורובט‬",2025,41,15
645,"‭(8) (SVALYA) םרג 350 5% גורובט‬",2025,43,14
645,"‭(8) (SVALYA) םרג 350 5% גורובט‬",2025,44,9
645,"‭(8) (SVALYA) םרג 350 5% גורובט‬",2025,45,7
645,"‭(8) (SVALYA) םרג 350 5% גורובט‬",2025,46,10
645,"‭(8) (SVALYA) םרג 350 5% גורובט‬",2025,47,10
645,"‭(8) (SVALYA) םרג 350 5% גורובט‬",2025,48,8
645,"‭(8) (SVALYA) םרג 350 5% גורובט‬",2025,49,12
645,"‭(8) (SVALYA) םרג 350 5% גורובט‬",2025,50,6
645,"‭(8) (SVALYA) םרג 350 5% גורובט‬",2025,51,9
645,"‭(8) (SVALYA) םרג 350 5% גורובט‬",2025,52,10
645,"‭(8) (SVALYA) םרג 350 5% גורובט‬",2025,53,10
645,"‭(8) (SVALYA) םרג 350 5% גורובט‬",2026,2,5
645,"‭(8) (SVALYA) םרג 350 5% גורובט‬",2026,3,13
645,"‭(8) (SVALYA) םרג 350 5% גורובט‬",2026,4,7
645,"‭(8) (SVALYA) םרג 350 5% גורובט‬",2026,5,10
645,"‭(8) (SVALYA) םרג 350 5% גורובט‬",2026,6,10
645,"‭(8) (SVALYA) םרג 350 5% גורובט‬",2026,7,14.25
645,"‭(8) (SVALYA) םרג 350 5% גורובט‬",2026,8,13.75
645,"‭(8) (SVALYA) םרג 350 5% גורובט‬",2026,9,12
645,"‭(8) (SVALYA) םרג 350 5% גורובט‬",2026,10,7
645,"‭(8) (SVALYA) םרג 350 5% גורובט‬",2026,11,8
645,"‭(8) (SVALYA) םרג 350 5% גורובט‬",2026,12,10
645,"‭(8) (SVALYA) םרג 350 5% גורובט‬",2026,13,20
645,"‭(8) (SVALYA) םרג 350 5% גורובט‬",2026,14,10
645,"‭(8) (SVALYA) םרג 350 5% גורובט‬",2026,15,10
645,"‭(8) (SVALYA) םרג 350 5% גורובט‬",2026,16,15
645,"‭(8) (SVALYA) םרג 350 5% גורובט‬",2026,17,20
645,"‭(8) (SVALYA) םרג 350 5% גורובט‬",2026,18,11
645,"‭(8) (SVALYA) םרג 350 5% גורובט‬",2026,19,3
645,"‭(8) (SVALYA) םרג 350 5% גורובט‬",2026,20,6
645,"‭(8) (SVALYA) םרג 350 5% גורובט‬",2026,21,10
645,"‭(8) (SVALYA) םרג 350 5% גורובט‬",2026,22,7
645,"‭(8) (SVALYA) םרג 350 5% גורובט‬",2026,23,11
645,"‭(8) (SVALYA) םרג 350 5% גורובט‬",2026,24,12
645,"‭(8) (SVALYA) םרג 350 5% גורובט‬",2026,25,8
645,"‭(8) (SVALYA) םרג 350 5% גורובט‬",2026,26,15
645,"‭(8) (SVALYA) םרג 350 5% גורובט‬",2026,27,11
645,"‭(8) (SVALYA) םרג 350 5% גורובט‬",2026,28,11
645,"‭(8) (SVALYA) םרג 350 5% גורובט‬",2026,29,13
645,"‭(8) (SVALYA) םרג 350 5% גורובט‬",2026,30,8
645,"‭(8) (SVALYA) םרג 350 5% גורובט‬",2026,31,12
645,"‭(8) (SVALYA) םרג 350 5% גורובט‬",2026,32,7
646,"‭(4) (SVALYA) םרג 800 5% גורובט‬",2025,34,7
646,"‭(4) (SVALYA) םרג 800 5% גורובט‬",2025,35,7
646,"‭(4) (SVALYA) םרג 800 5% גורובט‬",2025,36,9
646,"‭(4) (SVALYA) םרג 800 5% גורובט‬",2025,37,8
646,"‭(4) (SVALYA) םרג 800 5% גורובט‬",2025,38,16
646,"‭(4) (SVALYA) םרג 800 5% גורובט‬",2025,39,4
646,"‭(4) (SVALYA) םרג 800 5% גורובט‬",2025,43,11
646,"‭(4) (SVALYA) םרג 800 5% גורובט‬",2025,44,9
646,"‭(4) (SVALYA) םרג 800 5% גורובט‬",2025,45,3
646,"‭(4) (SVALYA) םרג 800 5% גורובט‬",2025,46,11
646,"‭(4) (SVALYA) םרג 800 5% גורובט‬",2025,47,1
646,"‭(4) (SVALYA) םרג 800 5% גורובט‬",2025,48,10
646,"‭(4) (SVALYA) םרג 800 5% גורובט‬",2025,50,7
646,"‭(4) (SVALYA) םרג 800 5% גורובט‬",2025,51,3
646,"‭(4) (SVALYA) םרג 800 5% גורובט‬",2025,52,10
646,"‭(4) (SVALYA) םרג 800 5% גורובט‬",2026,2,9
646,"‭(4) (SVALYA) םרג 800 5% גורובט‬",2026,3,11
646,"‭(4) (SVALYA) םרג 800 5% גורובט‬",2026,4,10
646,"‭(4) (SVALYA) םרג 800 5% גורובט‬",2026,5,9.75
646,"‭(4) (SVALYA) םרג 800 5% גורובט‬",2026,6,9.25
646,"‭(4) (SVALYA) םרג 800 5% גורובט‬",2026,7,1
646,"‭(4) (SVALYA) םרג 800 5% גורובט‬",2026,8,3
646,"‭(4) (SVALYA) םרג 800 5% גורובט‬",2026,9,12
646,"‭(4) (SVALYA) םרג 800 5% גורובט‬",2026,10,5
646,"‭(4) (SVALYA) םרג 800 5% גורובט‬",2026,11,5
646,"‭(4) (SVALYA) םרג 800 5% גורובט‬",2026,13,10
646,"‭(4) (SVALYA) םרג 800 5% גורובט‬",2026,15,10
646,"‭(4) (SVALYA) םרג 800 5% גורובט‬",2026,16,10
646,"‭(4) (SVALYA) םרג 800 5% גורובט‬",2026,17,5
646,"‭(4) (SVALYA) םרג 800 5% גורובט‬",2026,18,11
646,"‭(4) (SVALYA) םרג 800 5% גורובט‬",2026,19,8
646,"‭(4) (SVALYA) םרג 800 5% גורובט‬",2026,20,6
646,"‭(4) (SVALYA) םרג 800 5% גורובט‬",2026,21,5
646,"‭(4) (SVALYA) םרג 800 5% גורובט‬",2026,22,9
646,"‭(4) (SVALYA) םרג 800 5% גורובט‬",2026,23,2
646,"‭(4) (SVALYA) םרג 800 5% גורובט‬",2026,24,10
646,"‭(4) (SVALYA) םרג 800 5% גורובט‬",2026,25,11
646,"‭(4) (SVALYA) םרג 800 5% גורובט‬",2026,26,14
646,"‭(4) (SVALYA) םרג 800 5% גורובט‬",2026,27,7
646,"‭(4) (SVALYA) םרג 800 5% גורובט‬",2026,28,12
646,"‭(4) (SVALYA) םרג 800 5% גורובט‬",2026,29,10
646,"‭(4) (SVALYA) םרג 800 5% גורובט‬",2026,30,8
646,"‭(4) (SVALYA) םרג 800 5% גורובט‬",2026,31,4
646,"‭(4) (SVALYA) םרג 800 5% גורובט‬",2026,32,13
649,"‭(18)'ג150 ןמוש 27% EMMENTAL הניבג תוסורפ‬",2025,35,1
649,"‭(18)'ג150 ןמוש 27% EMMENTAL הניבג תוסורפ‬",2025,36,1
649,"‭(18)'ג150 ןמוש 27% EMMENTAL הניבג תוסורפ‬",2025,37,1
649,"‭(18)'ג150 ןמוש 27% EMMENTAL הניבג תוסורפ‬",2025,38,1
649,"‭(18)'ג150 ןמוש 27% EMMENTAL הניבג תוסורפ‬",2025,41,1
649,"‭(18)'ג150 ןמוש 27% EMMENTAL הניבג תוסורפ‬",2025,44,1
649,"‭(18)'ג150 ןמוש 27% EMMENTAL הניבג תוסורפ‬",2025,45,1
649,"‭(18)'ג150 ןמוש 27% EMMENTAL הניבג תוסורפ‬",2025,49,1
649,"‭(18)'ג150 ןמוש 27% EMMENTAL הניבג תוסורפ‬",2025,52,1
649,"‭(18)'ג150 ןמוש 27% EMMENTAL הניבג תוסורפ‬",2026,4,2
649,"‭(18)'ג150 ןמוש 27% EMMENTAL הניבג תוסורפ‬",2026,5,1
649,"‭(18)'ג150 ןמוש 27% EMMENTAL הניבג תוסורפ‬",2026,6,1
649,"‭(18)'ג150 ןמוש 27% EMMENTAL הניבג תוסורפ‬",2026,7,1
649,"‭(18)'ג150 ןמוש 27% EMMENTAL הניבג תוסורפ‬",2026,10,1
649,"‭(18)'ג150 ןמוש 27% EMMENTAL הניבג תוסורפ‬",2026,13,2
649,"‭(18)'ג150 ןמוש 27% EMMENTAL הניבג תוסורפ‬",2026,16,1
649,"‭(18)'ג150 ןמוש 27% EMMENTAL הניבג תוסורפ‬",2026,19,1
649,"‭(18)'ג150 ןמוש 27% EMMENTAL הניבג תוסורפ‬",2026,20,1
649,"‭(18)'ג150 ןמוש 27% EMMENTAL הניבג תוסורפ‬",2026,23,1
649,"‭(18)'ג150 ןמוש 27% EMMENTAL הניבג תוסורפ‬",2026,24,1
650,"‭(18)'ג150 ןמוש 24.7% MAASDAM הניבג תוסורפ‬",2025,34,1
650,"‭(18)'ג150 ןמוש 24.7% MAASDAM הניבג תוסורפ‬",2025,38,1
650,"‭(18)'ג150 ןמוש 24.7% MAASDAM הניבג תוסורפ‬",2025,39,1
650,"‭(18)'ג150 ןמוש 24.7% MAASDAM הניבג תוסורפ‬",2025,43,1
650,"‭(18)'ג150 ןמוש 24.7% MAASDAM הניבג תוסורפ‬",2025,44,1
650,"‭(18)'ג150 ןמוש 24.7% MAASDAM הניבג תוסורפ‬",2025,45,1
650,"‭(18)'ג150 ןמוש 24.7% MAASDAM הניבג תוסורפ‬",2025,48,1
650,"‭(18)'ג150 ןמוש 24.7% MAASDAM הניבג תוסורפ‬",2025,49,1
650,"‭(18)'ג150 ןמוש 24.7% MAASDAM הניבג תוסורפ‬",2025,53,1
650,"‭(18)'ג150 ןמוש 24.7% MAASDAM הניבג תוסורפ‬",2026,4,2
650,"‭(18)'ג150 ןמוש 24.7% MAASDAM הניבג תוסורפ‬",2026,6,1
650,"‭(18)'ג150 ןמוש 24.7% MAASDAM הניבג תוסורפ‬",2026,7,1
650,"‭(18)'ג150 ןמוש 24.7% MAASDAM הניבג תוסורפ‬",2026,9,1
650,"‭(18)'ג150 ןמוש 24.7% MAASDAM הניבג תוסורפ‬",2026,12,1
650,"‭(18)'ג150 ןמוש 24.7% MAASDAM הניבג תוסורפ‬",2026,13,1
650,"‭(18)'ג150 ןמוש 24.7% MAASDAM הניבג תוסורפ‬",2026,17,1
650,"‭(18)'ג150 ןמוש 24.7% MAASDAM הניבג תוסורפ‬",2026,20,1
650,"‭(18)'ג150 ןמוש 24.7% MAASDAM הניבג תוסורפ‬",2026,23,1
650,"‭(18)'ג150 ןמוש 24.7% MAASDAM הניבג תוסורפ‬",2026,24,1
650,"‭(18)'ג150 ןמוש 24.7% MAASDAM הניבג תוסורפ‬",2026,26,2
659,"‭(6) SVALYA םרג160 ןמוש 28%  תכתומ הניבג‬",2025,33,4
659,"‭(6) SVALYA םרג160 ןמוש 28%  תכתומ הניבג‬",2025,34,8.17
659,"‭(6) SVALYA םרג160 ןמוש 28%  תכתומ הניבג‬",2025,35,15.33
659,"‭(6) SVALYA םרג160 ןמוש 28%  תכתומ הניבג‬",2025,36,5.17
659,"‭(6) SVALYA םרג160 ןמוש 28%  תכתומ הניבג‬",2025,37,6
659,"‭(6) SVALYA םרג160 ןמוש 28%  תכתומ הניבג‬",2025,38,20.83
659,"‭(6) SVALYA םרג160 ןמוש 28%  תכתומ הניבג‬",2025,39,2
659,"‭(6) SVALYA םרג160 ןמוש 28%  תכתומ הניבג‬",2025,40,8
659,"‭(6) SVALYA םרג160 ןמוש 28%  תכתומ הניבג‬",2025,41,14.17
659,"‭(6) SVALYA םרג160 ןמוש 28%  תכתומ הניבג‬",2025,42,4.83
659,"‭(6) SVALYA םרג160 ןמוש 28%  תכתומ הניבג‬",2025,43,25
659,"‭(6) SVALYA םרג160 ןמוש 28%  תכתומ הניבג‬",2025,44,7
659,"‭(6) SVALYA םרג160 ןמוש 28%  תכתומ הניבג‬",2025,45,8.33
659,"‭(6) SVALYA םרג160 ןמוש 28%  תכתומ הניבג‬",2025,46,6
659,"‭(6) SVALYA םרג160 ןמוש 28%  תכתומ הניבג‬",2025,47,9.67
659,"‭(6) SVALYA םרג160 ןמוש 28%  תכתומ הניבג‬",2025,48,11
659,"‭(6) SVALYA םרג160 ןמוש 28%  תכתומ הניבג‬",2025,49,12.33
659,"‭(6) SVALYA םרג160 ןמוש 28%  תכתומ הניבג‬",2025,50,10
659,"‭(6) SVALYA םרג160 ןמוש 28%  תכתומ הניבג‬",2025,51,15
659,"‭(6) SVALYA םרג160 ןמוש 28%  תכתומ הניבג‬",2025,52,15.33
659,"‭(6) SVALYA םרג160 ןמוש 28%  תכתומ הניבג‬",2025,53,12
659,"‭(6) SVALYA םרג160 ןמוש 28%  תכתומ הניבג‬",2026,2,6.17
659,"‭(6) SVALYA םרג160 ןמוש 28%  תכתומ הניבג‬",2026,3,11
659,"‭(6) SVALYA םרג160 ןמוש 28%  תכתומ הניבג‬",2026,4,5
659,"‭(6) SVALYA םרג160 ןמוש 28%  תכתומ הניבג‬",2026,5,9
659,"‭(6) SVALYA םרג160 ןמוש 28%  תכתומ הניבג‬",2026,6,10
659,"‭(6) SVALYA םרג160 ןמוש 28%  תכתומ הניבג‬",2026,7,12
659,"‭(6) SVALYA םרג160 ןמוש 28%  תכתומ הניבג‬",2026,8,8
659,"‭(6) SVALYA םרג160 ןמוש 28%  תכתומ הניבג‬",2026,9,7
659,"‭(6) SVALYA םרג160 ןמוש 28%  תכתומ הניבג‬",2026,10,13.17
659,"‭(6) SVALYA םרג160 ןמוש 28%  תכתומ הניבג‬",2026,11,16
659,"‭(6) SVALYA םרג160 ןמוש 28%  תכתומ הניבג‬",2026,12,12
659,"‭(6) SVALYA םרג160 ןמוש 28%  תכתומ הניבג‬",2026,13,13.17
659,"‭(6) SVALYA םרג160 ןמוש 28%  תכתומ הניבג‬",2026,14,15
659,"‭(6) SVALYA םרג160 ןמוש 28%  תכתומ הניבג‬",2026,15,11
659,"‭(6) SVALYA םרג160 ןמוש 28%  תכתומ הניבג‬",2026,16,11
659,"‭(6) SVALYA םרג160 ןמוש 28%  תכתומ הניבג‬",2026,17,13
659,"‭(6) SVALYA םרג160 ןמוש 28%  תכתומ הניבג‬",2026,18,13
659,"‭(6) SVALYA םרג160 ןמוש 28%  תכתומ הניבג‬",2026,19,13
659,"‭(6) SVALYA םרג160 ןמוש 28%  תכתומ הניבג‬",2026,20,9
659,"‭(6) SVALYA םרג160 ןמוש 28%  תכתומ הניבג‬",2026,21,9
659,"‭(6) SVALYA םרג160 ןמוש 28%  תכתומ הניבג‬",2026,22,13
659,"‭(6) SVALYA םרג160 ןמוש 28%  תכתומ הניבג‬",2026,23,11.33
659,"‭(6) SVALYA םרג160 ןמוש 28%  תכתומ הניבג‬",2026,24,13
659,"‭(6) SVALYA םרג160 ןמוש 28%  תכתומ הניבג‬",2026,25,11
659,"‭(6) SVALYA םרג160 ןמוש 28%  תכתומ הניבג‬",2026,26,9
659,"‭(6) SVALYA םרג160 ןמוש 28%  תכתומ הניבג‬",2026,27,13
659,"‭(6) SVALYA םרג160 ןמוש 28%  תכתומ הניבג‬",2026,28,6
659,"‭(6) SVALYA םרג160 ןמוש 28%  תכתומ הניבג‬",2026,29,15
659,"‭(6) SVALYA םרג160 ןמוש 28%  תכתומ הניבג‬",2026,30,7
659,"‭(6) SVALYA םרג160 ןמוש 28%  תכתומ הניבג‬",2026,31,7
659,"‭(6) SVALYA םרג160 ןמוש 28%  תכתומ הניבג‬",2026,32,8
660,"‭5) LITA) יגולנא הניבג SVALYA‬",2025,35,1.89
660,"‭5) LITA) יגולנא הניבג SVALYA‬",2025,36,1.21
660,"‭5) LITA) יגולנא הניבג SVALYA‬",2025,37,2.5
660,"‭5) LITA) יגולנא הניבג SVALYA‬",2025,38,1.22
660,"‭5) LITA) יגולנא הניבג SVALYA‬",2025,39,1.88
660,"‭5) LITA) יגולנא הניבג SVALYA‬",2025,40,1.24
660,"‭5) LITA) יגולנא הניבג SVALYA‬",2025,41,0.61
660,"‭5) LITA) יגולנא הניבג SVALYA‬",2025,42,2.42
660,"‭5) LITA) יגולנא הניבג SVALYA‬",2025,43,1.24
660,"‭5) LITA) יגולנא הניבג SVALYA‬",2025,44,1.83
660,"‭5) LITA) יגולנא הניבג SVALYA‬",2025,45,3.73
660,"‭5) LITA) יגולנא הניבג SVALYA‬",2025,48,1.83
660,"‭5) LITA) יגולנא הניבג SVALYA‬",2025,49,2.5
660,"‭5) LITA) יגולנא הניבג SVALYA‬",2025,51,2.54
660,"‭5) LITA) יגולנא הניבג SVALYA‬",2025,52,1.33
660,"‭5) LITA) יגולנא הניבג SVALYA‬",2026,2,2.98
660,"‭5) LITA) יגולנא הניבג SVALYA‬",2026,4,3.18
660,"‭5) LITA) יגולנא הניבג SVALYA‬",2026,5,2.55
660,"‭5) LITA) יגולנא הניבג SVALYA‬",2026,8,4.5
660,"‭5) LITA) יגולנא הניבג SVALYA‬",2026,11,3.24
660,"‭5) LITA) יגולנא הניבג SVALYA‬",2026,13,2.52
660,"‭5) LITA) יגולנא הניבג SVALYA‬",2026,15,3.18
660,"‭5) LITA) יגולנא הניבג SVALYA‬",2026,16,1.3
660,"‭5) LITA) יגולנא הניבג SVALYA‬",2026,18,1.27
660,"‭5) LITA) יגולנא הניבג SVALYA‬",2026,19,1.95
660,"‭5) LITA) יגולנא הניבג SVALYA‬",2026,21,1.31
660,"‭5) LITA) יגולנא הניבג SVALYA‬",2026,23,3.02
660,"‭5) LITA) יגולנא הניבג SVALYA‬",2026,24,1.2
660,"‭5) LITA) יגולנא הניבג SVALYA‬",2026,25,3.01
660,"‭5) LITA) יגולנא הניבג SVALYA‬",2026,28,0.61
660,"‭5) LITA) יגולנא הניבג SVALYA‬",2026,29,4.5
661,"‭5)  LITA) יגולנא הניבג DVARO‬",2025,34,2.02
661,"‭5)  LITA) יגולנא הניבג DVARO‬",2025,36,3.28
661,"‭5)  LITA) יגולנא הניבג DVARO‬",2025,37,1.29
661,"‭5)  LITA) יגולנא הניבג DVARO‬",2025,41,1.86
661,"‭5)  LITA) יגולנא הניבג DVARO‬",2025,42,1.28
661,"‭5)  LITA) יגולנא הניבג DVARO‬",2025,44,1.85
661,"‭5)  LITA) יגולנא הניבג DVARO‬",2025,45,1.28
661,"‭5)  LITA) יגולנא הניבג DVARO‬",2025,46,1.9
661,"‭5)  LITA) יגולנא הניבג DVARO‬",2025,47,1.22
661,"‭5)  LITA) יגולנא הניבג DVARO‬",2025,51,3.38
661,"‭5)  LITA) יגולנא הניבג DVARO‬",2025,52,1.31
661,"‭5)  LITA) יגולנא הניבג DVARO‬",2026,3,2.63
661,"‭5)  LITA) יגולנא הניבג DVARO‬",2026,5,1.33
661,"‭5)  LITA) יגולנא הניבג DVARO‬",2026,7,3.23
661,"‭5)  LITA) יגולנא הניבג DVARO‬",2026,11,1.24
661,"‭5)  LITA) יגולנא הניבג DVARO‬",2026,13,1.39
661,"‭5)  LITA) יגולנא הניבג DVARO‬",2026,14,3.39
661,"‭5)  LITA) יגולנא הניבג DVARO‬",2026,17,1.94
661,"‭5)  LITA) יגולנא הניבג DVARO‬",2026,19,1.37
661,"‭5)  LITA) יגולנא הניבג DVARO‬",2026,21,1.32
661,"‭5)  LITA) יגולנא הניבג DVARO‬",2026,23,0.62
661,"‭5)  LITA) יגולנא הניבג DVARO‬",2026,25,1.93
661,"‭5)  LITA) יגולנא הניבג DVARO‬",2026,27,3.19
661,"‭5)  LITA) יגולנא הניבג DVARO‬",2026,29,3.24
662,"‭5)  LITA) יגולנא הניבג ROSSIYSKIY‬",2025,34,2.52
662,"‭5)  LITA) יגולנא הניבג ROSSIYSKIY‬",2025,35,0.65
662,"‭5)  LITA) יגולנא הניבג ROSSIYSKIY‬",2025,36,1.31
662,"‭5)  LITA) יגולנא הניבג ROSSIYSKIY‬",2025,37,2.82
662,"‭5)  LITA) יגולנא הניבג ROSSIYSKIY‬",2025,38,1.99
662,"‭5)  LITA) יגולנא הניבג ROSSIYSKIY‬",2025,39,1.87
662,"‭5)  LITA) יגולנא הניבג ROSSIYSKIY‬",2025,40,1.81
662,"‭5)  LITA) יגולנא הניבג ROSSIYSKIY‬",2025,41,1.26
662,"‭5)  LITA) יגולנא הניבג ROSSIYSKIY‬",2025,42,2.46
662,"‭5)  LITA) יגולנא הניבג ROSSIYSKIY‬",2025,43,1.89
662,"‭5)  LITA) יגולנא הניבג ROSSIYSKIY‬",2025,44,3.17
662,"‭5)  LITA) יגולנא הניבג ROSSIYSKIY‬",2025,45,2.56
662,"‭5)  LITA) יגולנא הניבג ROSSIYSKIY‬",2025,48,4.55
662,"‭5)  LITA) יגולנא הניבג ROSSIYSKIY‬",2025,49,1.91
662,"‭5)  LITA) יגולנא הניבג ROSSIYSKIY‬",2025,51,1.82
662,"‭5)  LITA) יגולנא הניבג ROSSIYSKIY‬",2025,52,1.95
662,"‭5)  LITA) יגולנא הניבג ROSSIYSKIY‬",2026,2,3.15
662,"‭5)  LITA) יגולנא הניבג ROSSIYSKIY‬",2026,3,3.93
662,"‭5)  LITA) יגולנא הניבג ROSSIYSKIY‬",2026,4,0.67
662,"‭5)  LITA) יגולנא הניבג ROSSIYSKIY‬",2026,5,2.61
662,"‭5)  LITA) יגולנא הניבג ROSSIYSKIY‬",2026,6,4.01
662,"‭5)  LITA) יגולנא הניבג ROSSIYSKIY‬",2026,8,3.9
662,"‭5)  LITA) יגולנא הניבג ROSSIYSKIY‬",2026,10,1.34
662,"‭5)  LITA) יגולנא הניבג ROSSIYSKIY‬",2026,11,3.99
662,"‭5)  LITA) יגולנא הניבג ROSSIYSKIY‬",2026,12,0.7
662,"‭5)  LITA) יגולנא הניבג ROSSIYSKIY‬",2026,13,4.57
662,"‭5)  LITA) יגולנא הניבג ROSSIYSKIY‬",2026,14,0.71
662,"‭5)  LITA) יגולנא הניבג ROSSIYSKIY‬",2026,15,3.15
662,"‭5)  LITA) יגולנא הניבג ROSSIYSKIY‬",2026,16,1.98
662,"‭5)  LITA) יגולנא הניבג ROSSIYSKIY‬",2026,18,0.57
662,"‭5)  LITA) יגולנא הניבג ROSSIYSKIY‬",2026,19,3.9
662,"‭5)  LITA) יגולנא הניבג ROSSIYSKIY‬",2026,20,2.05
662,"‭5)  LITA) יגולנא הניבג ROSSIYSKIY‬",2026,21,3.34
662,"‭5)  LITA) יגולנא הניבג ROSSIYSKIY‬",2026,23,2.69
662,"‭5)  LITA) יגולנא הניבג ROSSIYSKIY‬",2026,24,0.67
662,"‭5)  LITA) יגולנא הניבג ROSSIYSKIY‬",2026,25,7.04
662,"‭5)  LITA) יגולנא הניבג ROSSIYSKIY‬",2026,27,1.36
662,"‭5)  LITA) יגולנא הניבג ROSSIYSKIY‬",2026,28,0.69
662,"‭5)  LITA) יגולנא הניבג ROSSIYSKIY‬",2026,29,8.35
662,"‭5)  LITA) יגולנא הניבג ROSSIYSKIY‬",2026,30,0.69
662,"‭5)  LITA) יגולנא הניבג ROSSIYSKIY‬",2026,31,3.28
662,"‭5)  LITA) יגולנא הניבג ROSSIYSKIY‬",2026,32,0.59
664,"‭4) LITA) ג""ק1 SNACKS תנשועמ יגולנא הניבג‬",2025,34,1
664,"‭4) LITA) ג""ק1 SNACKS תנשועמ יגולנא הניבג‬",2025,35,0.75
664,"‭4) LITA) ג""ק1 SNACKS תנשועמ יגולנא הניבג‬",2025,37,2.5
664,"‭4) LITA) ג""ק1 SNACKS תנשועמ יגולנא הניבג‬",2025,38,2
664,"‭4) LITA) ג""ק1 SNACKS תנשועמ יגולנא הניבג‬",2025,39,1
664,"‭4) LITA) ג""ק1 SNACKS תנשועמ יגולנא הניבג‬",2025,40,0.5
664,"‭4) LITA) ג""ק1 SNACKS תנשועמ יגולנא הניבג‬",2025,41,1
664,"‭4) LITA) ג""ק1 SNACKS תנשועמ יגולנא הניבג‬",2025,42,1
664,"‭4) LITA) ג""ק1 SNACKS תנשועמ יגולנא הניבג‬",2025,43,1.5
664,"‭4) LITA) ג""ק1 SNACKS תנשועמ יגולנא הניבג‬",2025,44,0.25
664,"‭4) LITA) ג""ק1 SNACKS תנשועמ יגולנא הניבג‬",2025,45,1
664,"‭4) LITA) ג""ק1 SNACKS תנשועמ יגולנא הניבג‬",2025,46,1.25
664,"‭4) LITA) ג""ק1 SNACKS תנשועמ יגולנא הניבג‬",2025,47,1
664,"‭4) LITA) ג""ק1 SNACKS תנשועמ יגולנא הניבג‬",2025,48,0.5
664,"‭4) LITA) ג""ק1 SNACKS תנשועמ יגולנא הניבג‬",2025,49,1
664,"‭4) LITA) ג""ק1 SNACKS תנשועמ יגולנא הניבג‬",2025,50,0.25
664,"‭4) LITA) ג""ק1 SNACKS תנשועמ יגולנא הניבג‬",2025,51,1.25
664,"‭4) LITA) ג""ק1 SNACKS תנשועמ יגולנא הניבג‬",2025,52,0.5
664,"‭4) LITA) ג""ק1 SNACKS תנשועמ יגולנא הניבג‬",2026,2,1.5
664,"‭4) LITA) ג""ק1 SNACKS תנשועמ יגולנא הניבג‬",2026,3,1
664,"‭4) LITA) ג""ק1 SNACKS תנשועמ יגולנא הניבג‬",2026,4,1.25
664,"‭4) LITA) ג""ק1 SNACKS תנשועמ יגולנא הניבג‬",2026,5,2
664,"‭4) LITA) ג""ק1 SNACKS תנשועמ יגולנא הניבג‬",2026,6,1.5
664,"‭4) LITA) ג""ק1 SNACKS תנשועמ יגולנא הניבג‬",2026,7,1
664,"‭4) LITA) ג""ק1 SNACKS תנשועמ יגולנא הניבג‬",2026,8,1.25
664,"‭4) LITA) ג""ק1 SNACKS תנשועמ יגולנא הניבג‬",2026,9,1
664,"‭4) LITA) ג""ק1 SNACKS תנשועמ יגולנא הניבג‬",2026,11,2.5
664,"‭4) LITA) ג""ק1 SNACKS תנשועמ יגולנא הניבג‬",2026,13,1
664,"‭4) LITA) ג""ק1 SNACKS תנשועמ יגולנא הניבג‬",2026,14,1
664,"‭4) LITA) ג""ק1 SNACKS תנשועמ יגולנא הניבג‬",2026,15,2.5
664,"‭4) LITA) ג""ק1 SNACKS תנשועמ יגולנא הניבג‬",2026,16,1
664,"‭4) LITA) ג""ק1 SNACKS תנשועמ יגולנא הניבג‬",2026,17,1
664,"‭4) LITA) ג""ק1 SNACKS תנשועמ יגולנא הניבג‬",2026,18,1
664,"‭4) LITA) ג""ק1 SNACKS תנשועמ יגולנא הניבג‬",2026,19,1.5
664,"‭4) LITA) ג""ק1 SNACKS תנשועמ יגולנא הניבג‬",2026,20,1
664,"‭4) LITA) ג""ק1 SNACKS תנשועמ יגולנא הניבג‬",2026,21,2
664,"‭4) LITA) ג""ק1 SNACKS תנשועמ יגולנא הניבג‬",2026,22,1.5
664,"‭4) LITA) ג""ק1 SNACKS תנשועמ יגולנא הניבג‬",2026,23,1.25
664,"‭4) LITA) ג""ק1 SNACKS תנשועמ יגולנא הניבג‬",2026,24,0.5
664,"‭4) LITA) ג""ק1 SNACKS תנשועמ יגולנא הניבג‬",2026,25,2
664,"‭4) LITA) ג""ק1 SNACKS תנשועמ יגולנא הניבג‬",2026,26,2
664,"‭4) LITA) ג""ק1 SNACKS תנשועמ יגולנא הניבג‬",2026,27,2.25
664,"‭4) LITA) ג""ק1 SNACKS תנשועמ יגולנא הניבג‬",2026,28,1.5
664,"‭4) LITA) ג""ק1 SNACKS תנשועמ יגולנא הניבג‬",2026,29,1.5
664,"‭4) LITA) ג""ק1 SNACKS תנשועמ יגולנא הניבג‬",2026,30,1.25
664,"‭4) LITA) ג""ק1 SNACKS תנשועמ יגולנא הניבג‬",2026,31,1.25
664,"‭4) LITA) ג""ק1 SNACKS תנשועמ יגולנא הניבג‬",2026,32,0.25
665,"‭(7)'ג200 PARNIDZIO ןזמרפ הניבג‬",2025,34,1
665,"‭(7)'ג200 PARNIDZIO ןזמרפ הניבג‬",2025,35,0.14
665,"‭(7)'ג200 PARNIDZIO ןזמרפ הניבג‬",2025,36,1.14
665,"‭(7)'ג200 PARNIDZIO ןזמרפ הניבג‬",2025,37,1
665,"‭(7)'ג200 PARNIDZIO ןזמרפ הניבג‬",2025,38,1
665,"‭(7)'ג200 PARNIDZIO ןזמרפ הניבג‬",2025,39,1
665,"‭(7)'ג200 PARNIDZIO ןזמרפ הניבג‬",2025,40,2.14
665,"‭(7)'ג200 PARNIDZIO ןזמרפ הניבג‬",2025,41,2
665,"‭(7)'ג200 PARNIDZIO ןזמרפ הניבג‬",2025,42,3.43
665,"‭(7)'ג200 PARNIDZIO ןזמרפ הניבג‬",2025,43,1.14
665,"‭(7)'ג200 PARNIDZIO ןזמרפ הניבג‬",2025,44,3
665,"‭(7)'ג200 PARNIDZIO ןזמרפ הניבג‬",2025,45,1.14
665,"‭(7)'ג200 PARNIDZIO ןזמרפ הניבג‬",2025,47,3
665,"‭(7)'ג200 PARNIDZIO ןזמרפ הניבג‬",2025,48,3
665,"‭(7)'ג200 PARNIDZIO ןזמרפ הניבג‬",2025,49,1
665,"‭(7)'ג200 PARNIDZIO ןזמרפ הניבג‬",2025,50,3.71
665,"‭(7)'ג200 PARNIDZIO ןזמרפ הניבג‬",2025,51,2
665,"‭(7)'ג200 PARNIDZIO ןזמרפ הניבג‬",2025,52,0.14
665,"‭(7)'ג200 PARNIDZIO ןזמרפ הניבג‬",2025,53,1
665,"‭(7)'ג200 PARNIDZIO ןזמרפ הניבג‬",2026,2,2
665,"‭(7)'ג200 PARNIDZIO ןזמרפ הניבג‬",2026,3,3
665,"‭(7)'ג200 PARNIDZIO ןזמרפ הניבג‬",2026,4,0.29
665,"‭(7)'ג200 PARNIDZIO ןזמרפ הניבג‬",2026,5,3
665,"‭(7)'ג200 PARNIDZIO ןזמרפ הניבג‬",2026,6,3.57
665,"‭(7)'ג200 PARNIDZIO ןזמרפ הניבג‬",2026,7,2
665,"‭(7)'ג200 PARNIDZIO ןזמרפ הניבג‬",2026,9,3
665,"‭(7)'ג200 PARNIDZIO ןזמרפ הניבג‬",2026,10,1
665,"‭(7)'ג200 PARNIDZIO ןזמרפ הניבג‬",2026,11,2
665,"‭(7)'ג200 PARNIDZIO ןזמרפ הניבג‬",2026,12,3
665,"‭(7)'ג200 PARNIDZIO ןזמרפ הניבג‬",2026,13,3
665,"‭(7)'ג200 PARNIDZIO ןזמרפ הניבג‬",2026,14,3
665,"‭(7)'ג200 PARNIDZIO ןזמרפ הניבג‬",2026,15,2
665,"‭(7)'ג200 PARNIDZIO ןזמרפ הניבג‬",2026,16,2
665,"‭(7)'ג200 PARNIDZIO ןזמרפ הניבג‬",2026,17,3
665,"‭(7)'ג200 PARNIDZIO ןזמרפ הניבג‬",2026,18,1
665,"‭(7)'ג200 PARNIDZIO ןזמרפ הניבג‬",2026,19,4
665,"‭(7)'ג200 PARNIDZIO ןזמרפ הניבג‬",2026,20,1
665,"‭(7)'ג200 PARNIDZIO ןזמרפ הניבג‬",2026,21,4
665,"‭(7)'ג200 PARNIDZIO ןזמרפ הניבג‬",2026,22,4
665,"‭(7)'ג200 PARNIDZIO ןזמרפ הניבג‬",2026,23,3.14
665,"‭(7)'ג200 PARNIDZIO ןזמרפ הניבג‬",2026,24,3
665,"‭(7)'ג200 PARNIDZIO ןזמרפ הניבג‬",2026,25,3
665,"‭(7)'ג200 PARNIDZIO ןזמרפ הניבג‬",2026,26,3
665,"‭(7)'ג200 PARNIDZIO ןזמרפ הניבג‬",2026,29,3
665,"‭(7)'ג200 PARNIDZIO ןזמרפ הניבג‬",2026,31,1
667,"‭(18)'ג150 יגולנא הניבג SVALYA‬",2025,34,3
667,"‭(18)'ג150 יגולנא הניבג SVALYA‬",2025,35,3
667,"‭(18)'ג150 יגולנא הניבג SVALYA‬",2025,36,4
667,"‭(18)'ג150 יגולנא הניבג SVALYA‬",2025,37,1
667,"‭(18)'ג150 יגולנא הניבג SVALYA‬",2025,38,9
667,"‭(18)'ג150 יגולנא הניבג SVALYA‬",2025,39,1
667,"‭(18)'ג150 יגולנא הניבג SVALYA‬",2025,40,3
667,"‭(18)'ג150 יגולנא הניבג SVALYA‬",2025,41,4
667,"‭(18)'ג150 יגולנא הניבג SVALYA‬",2025,42,4
667,"‭(18)'ג150 יגולנא הניבג SVALYA‬",2025,43,5
667,"‭(18)'ג150 יגולנא הניבג SVALYA‬",2025,44,2
667,"‭(18)'ג150 יגולנא הניבג SVALYA‬",2025,45,5
667,"‭(18)'ג150 יגולנא הניבג SVALYA‬",2025,46,5
667,"‭(18)'ג150 יגולנא הניבג SVALYA‬",2025,47,1
667,"‭(18)'ג150 יגולנא הניבג SVALYA‬",2025,48,4
667,"‭(18)'ג150 יגולנא הניבג SVALYA‬",2025,49,6
667,"‭(18)'ג150 יגולנא הניבג SVALYA‬",2025,50,2
667,"‭(18)'ג150 יגולנא הניבג SVALYA‬",2025,51,4
667,"‭(18)'ג150 יגולנא הניבג SVALYA‬",2025,52,2
667,"‭(18)'ג150 יגולנא הניבג SVALYA‬",2025,53,5
667,"‭(18)'ג150 יגולנא הניבג SVALYA‬",2026,2,4
667,"‭(18)'ג150 יגולנא הניבג SVALYA‬",2026,4,2
667,"‭(18)'ג150 יגולנא הניבג SVALYA‬",2026,5,4
667,"‭(18)'ג150 יגולנא הניבג SVALYA‬",2026,6,5
667,"‭(18)'ג150 יגולנא הניבג SVALYA‬",2026,7,2
667,"‭(18)'ג150 יגולנא הניבג SVALYA‬",2026,8,2
667,"‭(18)'ג150 יגולנא הניבג SVALYA‬",2026,9,3
667,"‭(18)'ג150 יגולנא הניבג SVALYA‬",2026,10,3
667,"‭(18)'ג150 יגולנא הניבג SVALYA‬",2026,11,4
667,"‭(18)'ג150 יגולנא הניבג SVALYA‬",2026,12,3
667,"‭(18)'ג150 יגולנא הניבג SVALYA‬",2026,13,4
667,"‭(18)'ג150 יגולנא הניבג SVALYA‬",2026,14,4
667,"‭(18)'ג150 יגולנא הניבג SVALYA‬",2026,15,1
667,"‭(18)'ג150 יגולנא הניבג SVALYA‬",2026,16,4
667,"‭(18)'ג150 יגולנא הניבג SVALYA‬",2026,17,4
667,"‭(18)'ג150 יגולנא הניבג SVALYA‬",2026,18,4
667,"‭(18)'ג150 יגולנא הניבג SVALYA‬",2026,19,6
667,"‭(18)'ג150 יגולנא הניבג SVALYA‬",2026,20,2
667,"‭(18)'ג150 יגולנא הניבג SVALYA‬",2026,21,3
667,"‭(18)'ג150 יגולנא הניבג SVALYA‬",2026,22,3
667,"‭(18)'ג150 יגולנא הניבג SVALYA‬",2026,23,3
667,"‭(18)'ג150 יגולנא הניבג SVALYA‬",2026,24,5
667,"‭(18)'ג150 יגולנא הניבג SVALYA‬",2026,25,4
667,"‭(18)'ג150 יגולנא הניבג SVALYA‬",2026,26,4
667,"‭(18)'ג150 יגולנא הניבג SVALYA‬",2026,27,1
667,"‭(18)'ג150 יגולנא הניבג SVALYA‬",2026,28,5
667,"‭(18)'ג150 יגולנא הניבג SVALYA‬",2026,29,6
667,"‭(18)'ג150 יגולנא הניבג SVALYA‬",2026,30,2
667,"‭(18)'ג150 יגולנא הניבג SVALYA‬",2026,31,7
667,"‭(18)'ג150 יגולנא הניבג SVALYA‬",2026,32,4
668,"‭(18)'ג150 יגולנא הניבג DVARO‬",2025,34,3
668,"‭(18)'ג150 יגולנא הניבג DVARO‬",2025,35,2
668,"‭(18)'ג150 יגולנא הניבג DVARO‬",2025,36,4
668,"‭(18)'ג150 יגולנא הניבג DVARO‬",2025,37,2
668,"‭(18)'ג150 יגולנא הניבג DVARO‬",2025,38,3
668,"‭(18)'ג150 יגולנא הניבג DVARO‬",2025,39,1
668,"‭(18)'ג150 יגולנא הניבג DVARO‬",2025,40,2
668,"‭(18)'ג150 יגולנא הניבג DVARO‬",2025,41,5
668,"‭(18)'ג150 יגולנא הניבג DVARO‬",2025,42,2
668,"‭(18)'ג150 יגולנא הניבג DVARO‬",2025,43,4
668,"‭(18)'ג150 יגולנא הניבג DVARO‬",2025,44,3
668,"‭(18)'ג150 יגולנא הניבג DVARO‬",2025,45,1
668,"‭(18)'ג150 יגולנא הניבג DVARO‬",2025,46,5
668,"‭(18)'ג150 יגולנא הניבג DVARO‬",2025,47,3
668,"‭(18)'ג150 יגולנא הניבג DVARO‬",2025,48,3
668,"‭(18)'ג150 יגולנא הניבג DVARO‬",2025,49,3
668,"‭(18)'ג150 יגולנא הניבג DVARO‬",2025,50,2
668,"‭(18)'ג150 יגולנא הניבג DVARO‬",2025,51,4
668,"‭(18)'ג150 יגולנא הניבג DVARO‬",2025,52,1
668,"‭(18)'ג150 יגולנא הניבג DVARO‬",2025,53,3
668,"‭(18)'ג150 יגולנא הניבג DVARO‬",2026,2,1
668,"‭(18)'ג150 יגולנא הניבג DVARO‬",2026,3,1
668,"‭(18)'ג150 יגולנא הניבג DVARO‬",2026,4,3
668,"‭(18)'ג150 יגולנא הניבג DVARO‬",2026,5,6
668,"‭(18)'ג150 יגולנא הניבג DVARO‬",2026,6,2
668,"‭(18)'ג150 יגולנא הניבג DVARO‬",2026,7,2
668,"‭(18)'ג150 יגולנא הניבג DVARO‬",2026,8,2
668,"‭(18)'ג150 יגולנא הניבג DVARO‬",2026,9,1
668,"‭(18)'ג150 יגולנא הניבג DVARO‬",2026,10,4
668,"‭(18)'ג150 יגולנא הניבג DVARO‬",2026,11,4
668,"‭(18)'ג150 יגולנא הניבג DVARO‬",2026,12,2
668,"‭(18)'ג150 יגולנא הניבג DVARO‬",2026,13,2
668,"‭(18)'ג150 יגולנא הניבג DVARO‬",2026,14,4
668,"‭(18)'ג150 יגולנא הניבג DVARO‬",2026,16,5
668,"‭(18)'ג150 יגולנא הניבג DVARO‬",2026,17,3
668,"‭(18)'ג150 יגולנא הניבג DVARO‬",2026,18,1
668,"‭(18)'ג150 יגולנא הניבג DVARO‬",2026,19,2
668,"‭(18)'ג150 יגולנא הניבג DVARO‬",2026,20,2
668,"‭(18)'ג150 יגולנא הניבג DVARO‬",2026,21,1
668,"‭(18)'ג150 יגולנא הניבג DVARO‬",2026,22,4
668,"‭(18)'ג150 יגולנא הניבג DVARO‬",2026,23,2
668,"‭(18)'ג150 יגולנא הניבג DVARO‬",2026,24,2
668,"‭(18)'ג150 יגולנא הניבג DVARO‬",2026,25,5
668,"‭(18)'ג150 יגולנא הניבג DVARO‬",2026,26,2
668,"‭(18)'ג150 יגולנא הניבג DVARO‬",2026,27,1
668,"‭(18)'ג150 יגולנא הניבג DVARO‬",2026,28,3
668,"‭(18)'ג150 יגולנא הניבג DVARO‬",2026,29,3
668,"‭(18)'ג150 יגולנא הניבג DVARO‬",2026,31,3
669,"‭(18)'ג150 יגולנא הניבג ROSSIYSKIY‬",2025,34,6
669,"‭(18)'ג150 יגולנא הניבג ROSSIYSKIY‬",2025,35,5
669,"‭(18)'ג150 יגולנא הניבג ROSSIYSKIY‬",2025,36,4
669,"‭(18)'ג150 יגולנא הניבג ROSSIYSKIY‬",2025,37,1
669,"‭(18)'ג150 יגולנא הניבג ROSSIYSKIY‬",2025,38,5
669,"‭(18)'ג150 יגולנא הניבג ROSSIYSKIY‬",2025,39,2
669,"‭(18)'ג150 יגולנא הניבג ROSSIYSKIY‬",2025,40,4
669,"‭(18)'ג150 יגולנא הניבג ROSSIYSKIY‬",2025,41,7
669,"‭(18)'ג150 יגולנא הניבג ROSSIYSKIY‬",2025,42,3
669,"‭(18)'ג150 יגולנא הניבג ROSSIYSKIY‬",2025,43,7
669,"‭(18)'ג150 יגולנא הניבג ROSSIYSKIY‬",2025,44,5
669,"‭(18)'ג150 יגולנא הניבג ROSSIYSKIY‬",2025,45,2
669,"‭(18)'ג150 יגולנא הניבג ROSSIYSKIY‬",2025,46,6
669,"‭(18)'ג150 יגולנא הניבג ROSSIYSKIY‬",2025,47,5
669,"‭(18)'ג150 יגולנא הניבג ROSSIYSKIY‬",2025,48,3
669,"‭(18)'ג150 יגולנא הניבג ROSSIYSKIY‬",2025,49,3
669,"‭(18)'ג150 יגולנא הניבג ROSSIYSKIY‬",2025,51,9
669,"‭(18)'ג150 יגולנא הניבג ROSSIYSKIY‬",2025,52,3
669,"‭(18)'ג150 יגולנא הניבג ROSSIYSKIY‬",2025,53,5
669,"‭(18)'ג150 יגולנא הניבג ROSSIYSKIY‬",2026,2,3
669,"‭(18)'ג150 יגולנא הניבג ROSSIYSKIY‬",2026,3,3
669,"‭(18)'ג150 יגולנא הניבג ROSSIYSKIY‬",2026,4,3
669,"‭(18)'ג150 יגולנא הניבג ROSSIYSKIY‬",2026,5,4
669,"‭(18)'ג150 יגולנא הניבג ROSSIYSKIY‬",2026,6,2
669,"‭(18)'ג150 יגולנא הניבג ROSSIYSKIY‬",2026,7,6
669,"‭(18)'ג150 יגולנא הניבג ROSSIYSKIY‬",2026,8,2
669,"‭(18)'ג150 יגולנא הניבג ROSSIYSKIY‬",2026,9,2
669,"‭(18)'ג150 יגולנא הניבג ROSSIYSKIY‬",2026,10,8
669,"‭(18)'ג150 יגולנא הניבג ROSSIYSKIY‬",2026,11,6
669,"‭(18)'ג150 יגולנא הניבג ROSSIYSKIY‬",2026,12,1
669,"‭(18)'ג150 יגולנא הניבג ROSSIYSKIY‬",2026,13,2
669,"‭(18)'ג150 יגולנא הניבג ROSSIYSKIY‬",2026,14,7
669,"‭(18)'ג150 יגולנא הניבג ROSSIYSKIY‬",2026,15,2
669,"‭(18)'ג150 יגולנא הניבג ROSSIYSKIY‬",2026,16,7
669,"‭(18)'ג150 יגולנא הניבג ROSSIYSKIY‬",2026,17,5
669,"‭(18)'ג150 יגולנא הניבג ROSSIYSKIY‬",2026,18,5
669,"‭(18)'ג150 יגולנא הניבג ROSSIYSKIY‬",2026,19,6
669,"‭(18)'ג150 יגולנא הניבג ROSSIYSKIY‬",2026,20,1
669,"‭(18)'ג150 יגולנא הניבג ROSSIYSKIY‬",2026,21,6
669,"‭(18)'ג150 יגולנא הניבג ROSSIYSKIY‬",2026,22,4
669,"‭(18)'ג150 יגולנא הניבג ROSSIYSKIY‬",2026,23,5
669,"‭(18)'ג150 יגולנא הניבג ROSSIYSKIY‬",2026,24,7
669,"‭(18)'ג150 יגולנא הניבג ROSSIYSKIY‬",2026,25,4
669,"‭(18)'ג150 יגולנא הניבג ROSSIYSKIY‬",2026,26,8
669,"‭(18)'ג150 יגולנא הניבג ROSSIYSKIY‬",2026,27,2
669,"‭(18)'ג150 יגולנא הניבג ROSSIYSKIY‬",2026,28,7
669,"‭(18)'ג150 יגולנא הניבג ROSSIYSKIY‬",2026,29,7
669,"‭(18)'ג150 יגולנא הניבג ROSSIYSKIY‬",2026,30,3
669,"‭(18)'ג150 יגולנא הניבג ROSSIYSKIY‬",2026,31,2
669,"‭(18)'ג150 יגולנא הניבג ROSSIYSKIY‬",2026,32,3
670,"‭(9)'ג600 יגולנא הניבג SVALYA‬",2025,35,0.11
670,"‭(9)'ג600 יגולנא הניבג SVALYA‬",2025,36,1
670,"‭(9)'ג600 יגולנא הניבג SVALYA‬",2025,38,1
670,"‭(9)'ג600 יגולנא הניבג SVALYA‬",2025,40,0.11
670,"‭(9)'ג600 יגולנא הניבג SVALYA‬",2025,41,2
670,"‭(9)'ג600 יגולנא הניבג SVALYA‬",2025,42,0.11
670,"‭(9)'ג600 יגולנא הניבג SVALYA‬",2025,43,0.11
670,"‭(9)'ג600 יגולנא הניבג SVALYA‬",2025,46,1.11
670,"‭(9)'ג600 יגולנא הניבג SVALYA‬",2025,50,0.11
670,"‭(9)'ג600 יגולנא הניבג SVALYA‬",2025,51,1
670,"‭(9)'ג600 יגולנא הניבג SVALYA‬",2025,52,2.33
670,"‭(9)'ג600 יגולנא הניבג SVALYA‬",2025,53,2
670,"‭(9)'ג600 יגולנא הניבג SVALYA‬",2026,2,2
670,"‭(9)'ג600 יגולנא הניבג SVALYA‬",2026,3,3
670,"‭(9)'ג600 יגולנא הניבג SVALYA‬",2026,4,1
670,"‭(9)'ג600 יגולנא הניבג SVALYA‬",2026,5,1
670,"‭(9)'ג600 יגולנא הניבג SVALYA‬",2026,6,1
670,"‭(9)'ג600 יגולנא הניבג SVALYA‬",2026,7,1.22
670,"‭(9)'ג600 יגולנא הניבג SVALYA‬",2026,8,2.78
670,"‭(9)'ג600 יגולנא הניבג SVALYA‬",2026,9,1
670,"‭(9)'ג600 יגולנא הניבג SVALYA‬",2026,13,3
670,"‭(9)'ג600 יגולנא הניבג SVALYA‬",2026,16,1
670,"‭(9)'ג600 יגולנא הניבג SVALYA‬",2026,17,1
670,"‭(9)'ג600 יגולנא הניבג SVALYA‬",2026,18,1
670,"‭(9)'ג600 יגולנא הניבג SVALYA‬",2026,20,1
670,"‭(9)'ג600 יגולנא הניבג SVALYA‬",2026,22,2
670,"‭(9)'ג600 יגולנא הניבג SVALYA‬",2026,23,0.11
670,"‭(9)'ג600 יגולנא הניבג SVALYA‬",2026,24,0.11
670,"‭(9)'ג600 יגולנא הניבג SVALYA‬",2026,25,0.11
670,"‭(9)'ג600 יגולנא הניבג SVALYA‬",2026,26,2.11
670,"‭(9)'ג600 יגולנא הניבג SVALYA‬",2026,28,0.33
670,"‭(9)'ג600 יגולנא הניבג SVALYA‬",2026,29,1
670,"‭(9)'ג600 יגולנא הניבג SVALYA‬",2026,32,3
672,"‭(9)'ג600 יגולנא הניבג ROSSIYSKIY‬",2025,36,1
672,"‭(9)'ג600 יגולנא הניבג ROSSIYSKIY‬",2025,41,1
672,"‭(9)'ג600 יגולנא הניבג ROSSIYSKIY‬",2025,45,1
672,"‭(9)'ג600 יגולנא הניבג ROSSIYSKIY‬",2025,46,1
672,"‭(9)'ג600 יגולנא הניבג ROSSIYSKIY‬",2025,47,1
672,"‭(9)'ג600 יגולנא הניבג ROSSIYSKIY‬",2025,48,1
672,"‭(9)'ג600 יגולנא הניבג ROSSIYSKIY‬",2025,51,1
672,"‭(9)'ג600 יגולנא הניבג ROSSIYSKIY‬",2025,52,2
672,"‭(9)'ג600 יגולנא הניבג ROSSIYSKIY‬",2026,2,1
672,"‭(9)'ג600 יגולנא הניבג ROSSIYSKIY‬",2026,3,4
672,"‭(9)'ג600 יגולנא הניבג ROSSIYSKIY‬",2026,5,2
672,"‭(9)'ג600 יגולנא הניבג ROSSIYSKIY‬",2026,6,1
672,"‭(9)'ג600 יגולנא הניבג ROSSIYSKIY‬",2026,7,1
672,"‭(9)'ג600 יגולנא הניבג ROSSIYSKIY‬",2026,8,3
672,"‭(9)'ג600 יגולנא הניבג ROSSIYSKIY‬",2026,9,1
672,"‭(9)'ג600 יגולנא הניבג ROSSIYSKIY‬",2026,13,2
672,"‭(9)'ג600 יגולנא הניבג ROSSIYSKIY‬",2026,14,1
672,"‭(9)'ג600 יגולנא הניבג ROSSIYSKIY‬",2026,16,1
672,"‭(9)'ג600 יגולנא הניבג ROSSIYSKIY‬",2026,17,3
672,"‭(9)'ג600 יגולנא הניבג ROSSIYSKIY‬",2026,19,1
672,"‭(9)'ג600 יגולנא הניבג ROSSIYSKIY‬",2026,20,2
672,"‭(9)'ג600 יגולנא הניבג ROSSIYSKIY‬",2026,22,2
672,"‭(9)'ג600 יגולנא הניבג ROSSIYSKIY‬",2026,26,2
672,"‭(9)'ג600 יגולנא הניבג ROSSIYSKIY‬",2026,27,2
672,"‭(9)'ג600 יגולנא הניבג ROSSIYSKIY‬",2026,32,3
673,"‭(9)'ג600 תנשועמ יגולנא הניבג GURMAN‬",2025,34,1
673,"‭(9)'ג600 תנשועמ יגולנא הניבג GURMAN‬",2025,35,1.33
673,"‭(9)'ג600 תנשועמ יגולנא הניבג GURMAN‬",2025,36,1
673,"‭(9)'ג600 תנשועמ יגולנא הניבג GURMAN‬",2025,37,1
673,"‭(9)'ג600 תנשועמ יגולנא הניבג GURMAN‬",2025,38,2.11
673,"‭(9)'ג600 תנשועמ יגולנא הניבג GURMAN‬",2025,39,2
673,"‭(9)'ג600 תנשועמ יגולנא הניבג GURMAN‬",2025,40,2.22
673,"‭(9)'ג600 תנשועמ יגולנא הניבג GURMAN‬",2025,41,0.33
673,"‭(9)'ג600 תנשועמ יגולנא הניבג GURMAN‬",2025,44,4
673,"‭(9)'ג600 תנשועמ יגולנא הניבג GURMAN‬",2025,45,3
673,"‭(9)'ג600 תנשועמ יגולנא הניבג GURMAN‬",2025,46,1.11
673,"‭(9)'ג600 תנשועמ יגולנא הניבג GURMAN‬",2025,47,4.11
673,"‭(9)'ג600 תנשועמ יגולנא הניבג GURMAN‬",2025,48,0.33
673,"‭(9)'ג600 תנשועמ יגולנא הניבג GURMAN‬",2025,49,1
673,"‭(9)'ג600 תנשועמ יגולנא הניבג GURMAN‬",2025,50,3
673,"‭(9)'ג600 תנשועמ יגולנא הניבג GURMAN‬",2025,51,1
673,"‭(9)'ג600 תנשועמ יגולנא הניבג GURMAN‬",2025,52,5.44
673,"‭(9)'ג600 תנשועמ יגולנא הניבג GURMAN‬",2026,2,5
673,"‭(9)'ג600 תנשועמ יגולנא הניבג GURMAN‬",2026,3,7
673,"‭(9)'ג600 תנשועמ יגולנא הניבג GURMAN‬",2026,4,1
673,"‭(9)'ג600 תנשועמ יגולנא הניבג GURMAN‬",2026,5,3
673,"‭(9)'ג600 תנשועמ יגולנא הניבג GURMAN‬",2026,6,2
673,"‭(9)'ג600 תנשועמ יגולנא הניבג GURMAN‬",2026,7,1
673,"‭(9)'ג600 תנשועמ יגולנא הניבג GURMAN‬",2026,8,1
673,"‭(9)'ג600 תנשועמ יגולנא הניבג GURMAN‬",2026,9,2
673,"‭(9)'ג600 תנשועמ יגולנא הניבג GURMAN‬",2026,10,1.22
673,"‭(9)'ג600 תנשועמ יגולנא הניבג GURMAN‬",2026,11,1.22
673,"‭(9)'ג600 תנשועמ יגולנא הניבג GURMAN‬",2026,12,2
673,"‭(9)'ג600 תנשועמ יגולנא הניבג GURMAN‬",2026,13,4.56
673,"‭(9)'ג600 תנשועמ יגולנא הניבג GURMAN‬",2026,14,1
673,"‭(9)'ג600 תנשועמ יגולנא הניבג GURMAN‬",2026,15,2
673,"‭(9)'ג600 תנשועמ יגולנא הניבג GURMAN‬",2026,16,2
673,"‭(9)'ג600 תנשועמ יגולנא הניבג GURMAN‬",2026,17,4
673,"‭(9)'ג600 תנשועמ יגולנא הניבג GURMAN‬",2026,18,0.11
673,"‭(9)'ג600 תנשועמ יגולנא הניבג GURMAN‬",2026,19,3
673,"‭(9)'ג600 תנשועמ יגולנא הניבג GURMAN‬",2026,20,1
673,"‭(9)'ג600 תנשועמ יגולנא הניבג GURMAN‬",2026,21,1
673,"‭(9)'ג600 תנשועמ יגולנא הניבג GURMAN‬",2026,22,4.11
673,"‭(9)'ג600 תנשועמ יגולנא הניבג GURMAN‬",2026,23,1.78
673,"‭(9)'ג600 תנשועמ יגולנא הניבג GURMAN‬",2026,25,1
673,"‭(9)'ג600 תנשועמ יגולנא הניבג GURMAN‬",2026,26,2
673,"‭(9)'ג600 תנשועמ יגולנא הניבג GURMAN‬",2026,28,1
673,"‭(9)'ג600 תנשועמ יגולנא הניבג GURMAN‬",2026,29,3.11
673,"‭(9)'ג600 תנשועמ יגולנא הניבג GURMAN‬",2026,30,2
673,"‭(9)'ג600 תנשועמ יגולנא הניבג GURMAN‬",2026,31,0.11
673,"‭(9)'ג600 תנשועמ יגולנא הניבג GURMAN‬",2026,32,5
677,"‭(14)'ג150 תנשועמ יגולנא הניבג GURMAN‬",2025,34,8
677,"‭(14)'ג150 תנשועמ יגולנא הניבג GURMAN‬",2025,35,9
677,"‭(14)'ג150 תנשועמ יגולנא הניבג GURMAN‬",2025,36,5
677,"‭(14)'ג150 תנשועמ יגולנא הניבג GURMAN‬",2025,37,5
677,"‭(14)'ג150 תנשועמ יגולנא הניבג GURMAN‬",2025,38,13
677,"‭(14)'ג150 תנשועמ יגולנא הניבג GURMAN‬",2025,39,3
677,"‭(14)'ג150 תנשועמ יגולנא הניבג GURMAN‬",2025,40,9
677,"‭(14)'ג150 תנשועמ יגולנא הניבג GURMAN‬",2025,41,9
677,"‭(14)'ג150 תנשועמ יגולנא הניבג GURMAN‬",2025,42,4
677,"‭(14)'ג150 תנשועמ יגולנא הניבג GURMAN‬",2025,43,10
677,"‭(14)'ג150 תנשועמ יגולנא הניבג GURMAN‬",2025,44,11
677,"‭(14)'ג150 תנשועמ יגולנא הניבג GURMAN‬",2025,45,5
677,"‭(14)'ג150 תנשועמ יגולנא הניבג GURMAN‬",2025,46,7
677,"‭(14)'ג150 תנשועמ יגולנא הניבג GURMAN‬",2025,47,8
677,"‭(14)'ג150 תנשועמ יגולנא הניבג GURMAN‬",2025,48,5
677,"‭(14)'ג150 תנשועמ יגולנא הניבג GURMAN‬",2025,49,9
677,"‭(14)'ג150 תנשועמ יגולנא הניבג GURMAN‬",2025,50,5
677,"‭(14)'ג150 תנשועמ יגולנא הניבג GURMAN‬",2025,51,14
677,"‭(14)'ג150 תנשועמ יגולנא הניבג GURMAN‬",2025,52,4
677,"‭(14)'ג150 תנשועמ יגולנא הניבג GURMAN‬",2025,53,7
677,"‭(14)'ג150 תנשועמ יגולנא הניבג GURMAN‬",2026,2,4
677,"‭(14)'ג150 תנשועמ יגולנא הניבג GURMAN‬",2026,3,7
677,"‭(14)'ג150 תנשועמ יגולנא הניבג GURMAN‬",2026,4,4
677,"‭(14)'ג150 תנשועמ יגולנא הניבג GURMAN‬",2026,5,8
677,"‭(14)'ג150 תנשועמ יגולנא הניבג GURMAN‬",2026,6,6
677,"‭(14)'ג150 תנשועמ יגולנא הניבג GURMAN‬",2026,7,4
677,"‭(14)'ג150 תנשועמ יגולנא הניבג GURMAN‬",2026,8,7
677,"‭(14)'ג150 תנשועמ יגולנא הניבג GURMAN‬",2026,9,5
677,"‭(14)'ג150 תנשועמ יגולנא הניבג GURMAN‬",2026,10,6
677,"‭(14)'ג150 תנשועמ יגולנא הניבג GURMAN‬",2026,11,10
677,"‭(14)'ג150 תנשועמ יגולנא הניבג GURMAN‬",2026,12,5
677,"‭(14)'ג150 תנשועמ יגולנא הניבג GURMAN‬",2026,13,7
677,"‭(14)'ג150 תנשועמ יגולנא הניבג GURMAN‬",2026,14,8
677,"‭(14)'ג150 תנשועמ יגולנא הניבג GURMAN‬",2026,15,3
677,"‭(14)'ג150 תנשועמ יגולנא הניבג GURMAN‬",2026,16,12
677,"‭(14)'ג150 תנשועמ יגולנא הניבג GURMAN‬",2026,17,8
677,"‭(14)'ג150 תנשועמ יגולנא הניבג GURMAN‬",2026,18,8
677,"‭(14)'ג150 תנשועמ יגולנא הניבג GURMAN‬",2026,19,9
677,"‭(14)'ג150 תנשועמ יגולנא הניבג GURMAN‬",2026,20,6
677,"‭(14)'ג150 תנשועמ יגולנא הניבג GURMAN‬",2026,21,9
677,"‭(14)'ג150 תנשועמ יגולנא הניבג GURMAN‬",2026,22,4
677,"‭(14)'ג150 תנשועמ יגולנא הניבג GURMAN‬",2026,23,8
677,"‭(14)'ג150 תנשועמ יגולנא הניבג GURMAN‬",2026,24,10
677,"‭(14)'ג150 תנשועמ יגולנא הניבג GURMAN‬",2026,25,9
677,"‭(14)'ג150 תנשועמ יגולנא הניבג GURMAN‬",2026,26,15
677,"‭(14)'ג150 תנשועמ יגולנא הניבג GURMAN‬",2026,27,5
677,"‭(14)'ג150 תנשועמ יגולנא הניבג GURMAN‬",2026,28,8
677,"‭(14)'ג150 תנשועמ יגולנא הניבג GURMAN‬",2026,29,11
677,"‭(14)'ג150 תנשועמ יגולנא הניבג GURMAN‬",2026,30,6
677,"‭(14)'ג150 תנשועמ יגולנא הניבג GURMAN‬",2026,31,5
677,"‭(14)'ג150 תנשועמ יגולנא הניבג GURMAN‬",2026,32,6
701,"‭(52)'ג100 (199)שבוימ חולמ הדוקרב גד‬",2025,34,0.23
701,"‭(52)'ג100 (199)שבוימ חולמ הדוקרב גד‬",2025,35,0.69
701,"‭(52)'ג100 (199)שבוימ חולמ הדוקרב גד‬",2025,37,0.46
701,"‭(52)'ג100 (199)שבוימ חולמ הדוקרב גד‬",2025,38,2.04
701,"‭(52)'ג100 (199)שבוימ חולמ הדוקרב גד‬",2025,39,0.46
701,"‭(52)'ג100 (199)שבוימ חולמ הדוקרב גד‬",2025,40,0.23
701,"‭(52)'ג100 (199)שבוימ חולמ הדוקרב גד‬",2025,41,0.4
701,"‭(52)'ג100 (199)שבוימ חולמ הדוקרב גד‬",2025,43,0.81
701,"‭(52)'ג100 (199)שבוימ חולמ הדוקרב גד‬",2025,44,0.23
701,"‭(52)'ג100 (199)שבוימ חולמ הדוקרב גד‬",2025,45,0.23
701,"‭(52)'ג100 (199)שבוימ חולמ הדוקרב גד‬",2025,46,0.52
701,"‭(52)'ג100 (199)שבוימ חולמ הדוקרב גד‬",2026,7,1.21
701,"‭(52)'ג100 (199)שבוימ חולמ הדוקרב גד‬",2026,8,2.77
701,"‭(52)'ג100 (199)שבוימ חולמ הדוקרב גד‬",2026,9,0.23
701,"‭(52)'ג100 (199)שבוימ חולמ הדוקרב גד‬",2026,11,0.23
701,"‭(52)'ג100 (199)שבוימ חולמ הדוקרב גד‬",2026,12,0.23
701,"‭(52)'ג100 (199)שבוימ חולמ הדוקרב גד‬",2026,13,0.29
701,"‭(52)'ג100 (199)שבוימ חולמ הדוקרב גד‬",2026,15,0.46
701,"‭(52)'ג100 (199)שבוימ חולמ הדוקרב גד‬",2026,17,0.35
701,"‭(52)'ג100 (199)שבוימ חולמ הדוקרב גד‬",2026,18,0.62
701,"‭(52)'ג100 (199)שבוימ חולמ הדוקרב גד‬",2026,21,1.52
701,"‭(52)'ג100 (199)שבוימ חולמ הדוקרב גד‬",2026,23,0.19
701,"‭(52)'ג100 (199)שבוימ חולמ הדוקרב גד‬",2026,25,0.33
701,"‭(52)'ג100 (199)שבוימ חולמ הדוקרב גד‬",2026,26,0.69
701,"‭(52)'ג100 (199)שבוימ חולמ הדוקרב גד‬",2026,27,0.19
701,"‭(52)'ג100 (199)שבוימ חולמ הדוקרב גד‬",2026,28,0.31
701,"‭(52)'ג100 (199)שבוימ חולמ הדוקרב גד‬",2026,32,0.79
711,"‭(52)'ג100 (734)שבוימ חולמ םתכה ןונינצ גד‬",2025,34,0.38
711,"‭(52)'ג100 (734)שבוימ חולמ םתכה ןונינצ גד‬",2025,35,0.69
711,"‭(52)'ג100 (734)שבוימ חולמ םתכה ןונינצ גד‬",2025,36,0.46
711,"‭(52)'ג100 (734)שבוימ חולמ םתכה ןונינצ גד‬",2025,37,0.85
711,"‭(52)'ג100 (734)שבוימ חולמ םתכה ןונינצ גד‬",2025,38,1
711,"‭(52)'ג100 (734)שבוימ חולמ םתכה ןונינצ גד‬",2025,40,0.12
711,"‭(52)'ג100 (734)שבוימ חולמ םתכה ןונינצ גד‬",2025,41,1.4
711,"‭(52)'ג100 (734)שבוימ חולמ םתכה ןונינצ גד‬",2025,43,0.23
711,"‭(52)'ג100 (734)שבוימ חולמ םתכה ןונינצ גד‬",2025,45,0.46
711,"‭(52)'ג100 (734)שבוימ חולמ םתכה ןונינצ גד‬",2025,46,1.23
711,"‭(52)'ג100 (734)שבוימ חולמ םתכה ןונינצ גד‬",2025,47,0.27
711,"‭(52)'ג100 (734)שבוימ חולמ םתכה ןונינצ גד‬",2026,7,0.98
711,"‭(52)'ג100 (734)שבוימ חולמ םתכה ןונינצ גד‬",2026,8,2.58
711,"‭(52)'ג100 (734)שבוימ חולמ םתכה ןונינצ גד‬",2026,9,0.12
711,"‭(52)'ג100 (734)שבוימ חולמ םתכה ןונינצ גד‬",2026,11,0.35
711,"‭(52)'ג100 (734)שבוימ חולמ םתכה ןונינצ גד‬",2026,13,0.38
711,"‭(52)'ג100 (734)שבוימ חולמ םתכה ןונינצ גד‬",2026,14,0.23
711,"‭(52)'ג100 (734)שבוימ חולמ םתכה ןונינצ גד‬",2026,15,0.23
711,"‭(52)'ג100 (734)שבוימ חולמ םתכה ןונינצ גד‬",2026,16,1.12
711,"‭(52)'ג100 (734)שבוימ חולמ םתכה ןונינצ גד‬",2026,18,0.46
711,"‭(52)'ג100 (734)שבוימ חולמ םתכה ןונינצ גד‬",2026,21,0.98
711,"‭(52)'ג100 (734)שבוימ חולמ םתכה ןונינצ גד‬",2026,22,0.58
711,"‭(52)'ג100 (734)שבוימ חולמ םתכה ןונינצ גד‬",2026,23,0.19
711,"‭(52)'ג100 (734)שבוימ חולמ םתכה ןונינצ גד‬",2026,25,0.23
711,"‭(52)'ג100 (734)שבוימ חולמ םתכה ןונינצ גד‬",2026,26,0.42
711,"‭(52)'ג100 (734)שבוימ חולמ םתכה ןונינצ גד‬",2026,27,0.12
711,"‭(52)'ג100 (734)שבוימ חולמ םתכה ןונינצ גד‬",2026,30,0.12
711,"‭(52)'ג100 (734)שבוימ חולמ םתכה ןונינצ גד‬",2026,31,0.29
711,"‭(52)'ג100 (734)שבוימ חולמ םתכה ןונינצ גד‬",2026,32,0.35
712,"‭(52)'ג100 (697)שבוימ חולמ םתכה ןונינצ גד‬",2025,34,0.23
712,"‭(52)'ג100 (697)שבוימ חולמ םתכה ןונינצ גד‬",2025,35,0.75
712,"‭(52)'ג100 (697)שבוימ חולמ םתכה ןונינצ גד‬",2025,37,0.46
712,"‭(52)'ג100 (697)שבוימ חולמ םתכה ןונינצ גד‬",2025,38,1.69
712,"‭(52)'ג100 (697)שבוימ חולמ םתכה ןונינצ גד‬",2025,41,1.52
712,"‭(52)'ג100 (697)שבוימ חולמ םתכה ןונינצ גד‬",2025,43,0.81
712,"‭(52)'ג100 (697)שבוימ חולמ םתכה ןונינצ גד‬",2025,45,0.46
712,"‭(52)'ג100 (697)שבוימ חולמ םתכה ןונינצ גד‬",2025,46,0.79
712,"‭(52)'ג100 (697)שבוימ חולמ םתכה ןונינצ גד‬",2026,7,1.44
712,"‭(52)'ג100 (697)שבוימ חולמ םתכה ןונינצ גד‬",2026,8,2.62
712,"‭(52)'ג100 (697)שבוימ חולמ םתכה ןונינצ גד‬",2026,10,0.23
712,"‭(52)'ג100 (697)שבוימ חולמ םתכה ןונינצ גד‬",2026,11,0.35
712,"‭(52)'ג100 (697)שבוימ חולמ םתכה ןונינצ גד‬",2026,12,0.38
712,"‭(52)'ג100 (697)שבוימ חולמ םתכה ןונינצ גד‬",2026,14,0.23
712,"‭(52)'ג100 (697)שבוימ חולמ םתכה ןונינצ גד‬",2026,15,0.46
712,"‭(52)'ג100 (697)שבוימ חולמ םתכה ןונינצ גד‬",2026,16,0.12
712,"‭(52)'ג100 (697)שבוימ חולמ םתכה ןונינצ גד‬",2026,20,0.69
712,"‭(52)'ג100 (697)שבוימ חולמ םתכה ןונינצ גד‬",2026,21,1.23
712,"‭(52)'ג100 (697)שבוימ חולמ םתכה ןונינצ גד‬",2026,22,0.46
712,"‭(52)'ג100 (697)שבוימ חולמ םתכה ןונינצ גד‬",2026,24,0.23
712,"‭(52)'ג100 (697)שבוימ חולמ םתכה ןונינצ גד‬",2026,25,0.35
712,"‭(52)'ג100 (697)שבוימ חולמ םתכה ןונינצ גד‬",2026,26,0.42
712,"‭(52)'ג100 (697)שבוימ חולמ םתכה ןונינצ גד‬",2026,27,0.63
712,"‭(52)'ג100 (697)שבוימ חולמ םתכה ןונינצ גד‬",2026,28,0.6
712,"‭(52)'ג100 (697)שבוימ חולמ םתכה ןונינצ גד‬",2026,29,0.19
712,"‭(52)'ג100 (697)שבוימ חולמ םתכה ןונינצ גד‬",2026,30,0.46
712,"‭(52)'ג100 (697)שבוימ חולמ םתכה ןונינצ גד‬",2026,32,0.46
713,"‭(52)'ג100 (727)שבוימ חולמ ילי'צ םע הדוקרב גד‬",2025,34,0.38
713,"‭(52)'ג100 (727)שבוימ חולמ ילי'צ םע הדוקרב גד‬",2025,35,1.19
713,"‭(52)'ג100 (727)שבוימ חולמ ילי'צ םע הדוקרב גד‬",2025,36,0.12
713,"‭(52)'ג100 (727)שבוימ חולמ ילי'צ םע הדוקרב גד‬",2025,37,0.02
713,"‭(52)'ג100 (727)שבוימ חולמ ילי'צ םע הדוקרב גד‬",2025,38,2.25
713,"‭(52)'ג100 (727)שבוימ חולמ ילי'צ םע הדוקרב גד‬",2025,39,0.12
713,"‭(52)'ג100 (727)שבוימ חולמ ילי'צ םע הדוקרב גד‬",2025,40,0.56
713,"‭(52)'ג100 (727)שבוימ חולמ ילי'צ םע הדוקרב גד‬",2025,41,0.27
713,"‭(52)'ג100 (727)שבוימ חולמ ילי'צ םע הדוקרב גד‬",2025,42,0.46
713,"‭(52)'ג100 (727)שבוימ חולמ ילי'צ םע הדוקרב גד‬",2025,45,0.12
713,"‭(52)'ג100 (727)שבוימ חולמ ילי'צ םע הדוקרב גד‬",2026,7,1.4
713,"‭(52)'ג100 (727)שבוימ חולמ ילי'צ םע הדוקרב גד‬",2026,8,2.81
713,"‭(52)'ג100 (727)שבוימ חולמ ילי'צ םע הדוקרב גד‬",2026,9,0.54
713,"‭(52)'ג100 (727)שבוימ חולמ ילי'צ םע הדוקרב גד‬",2026,10,0.98
713,"‭(52)'ג100 (727)שבוימ חולמ ילי'צ םע הדוקרב גד‬",2026,11,0.23
713,"‭(52)'ג100 (727)שבוימ חולמ ילי'צ םע הדוקרב גד‬",2026,12,0.62
713,"‭(52)'ג100 (727)שבוימ חולמ ילי'צ םע הדוקרב גד‬",2026,13,0.29
713,"‭(52)'ג100 (727)שבוימ חולמ ילי'צ םע הדוקרב גד‬",2026,15,0.23
713,"‭(52)'ג100 (727)שבוימ חולמ ילי'צ םע הדוקרב גד‬",2026,16,0.12
713,"‭(52)'ג100 (727)שבוימ חולמ ילי'צ םע הדוקרב גד‬",2026,17,0.35
713,"‭(52)'ג100 (727)שבוימ חולמ ילי'צ םע הדוקרב גד‬",2026,18,0.15
713,"‭(52)'ג100 (727)שבוימ חולמ ילי'צ םע הדוקרב גד‬",2026,19,0.1
713,"‭(52)'ג100 (727)שבוימ חולמ ילי'צ םע הדוקרב גד‬",2026,20,0.46
713,"‭(52)'ג100 (727)שבוימ חולמ ילי'צ םע הדוקרב גד‬",2026,21,0.52
713,"‭(52)'ג100 (727)שבוימ חולמ ילי'צ םע הדוקרב גד‬",2026,22,0.12
713,"‭(52)'ג100 (727)שבוימ חולמ ילי'צ םע הדוקרב גד‬",2026,23,0.19
713,"‭(52)'ג100 (727)שבוימ חולמ ילי'צ םע הדוקרב גד‬",2026,24,0.23
713,"‭(52)'ג100 (727)שבוימ חולמ ילי'צ םע הדוקרב גד‬",2026,25,0.38
713,"‭(52)'ג100 (727)שבוימ חולמ ילי'צ םע הדוקרב גד‬",2026,26,1.17
713,"‭(52)'ג100 (727)שבוימ חולמ ילי'צ םע הדוקרב גד‬",2026,27,0.6
713,"‭(52)'ג100 (727)שבוימ חולמ ילי'צ םע הדוקרב גד‬",2026,28,0.31
713,"‭(52)'ג100 (727)שבוימ חולמ ילי'צ םע הדוקרב גד‬",2026,29,0.08
713,"‭(52)'ג100 (727)שבוימ חולמ ילי'צ םע הדוקרב גד‬",2026,30,0.12
713,"‭(52)'ג100 (727)שבוימ חולמ ילי'צ םע הדוקרב גד‬",2026,31,0.29
713,"‭(52)'ג100 (727)שבוימ חולמ ילי'צ םע הדוקרב גד‬",2026,32,0.56
714,"‭(52)'ג120 חלמומו שבוימ רטוז תיניפע גד 305)ANCHOVY)‬",2025,34,0.46
714,"‭(52)'ג120 חלמומו שבוימ רטוז תיניפע גד 305)ANCHOVY)‬",2025,35,1.27
714,"‭(52)'ג120 חלמומו שבוימ רטוז תיניפע גד 305)ANCHOVY)‬",2025,37,0.94
714,"‭(52)'ג120 חלמומו שבוימ רטוז תיניפע גד 305)ANCHOVY)‬",2025,38,1.77
714,"‭(52)'ג120 חלמומו שבוימ רטוז תיניפע גד 305)ANCHOVY)‬",2026,7,3.21
714,"‭(52)'ג120 חלמומו שבוימ רטוז תיניפע גד 305)ANCHOVY)‬",2026,8,2.69
714,"‭(52)'ג120 חלמומו שבוימ רטוז תיניפע גד 305)ANCHOVY)‬",2026,9,0.81
714,"‭(52)'ג120 חלמומו שבוימ רטוז תיניפע גד 305)ANCHOVY)‬",2026,10,0.98
714,"‭(52)'ג120 חלמומו שבוימ רטוז תיניפע גד 305)ANCHOVY)‬",2026,11,0.71
714,"‭(52)'ג120 חלמומו שבוימ רטוז תיניפע גד 305)ANCHOVY)‬",2026,12,0.69
714,"‭(52)'ג120 חלמומו שבוימ רטוז תיניפע גד 305)ANCHOVY)‬",2026,13,0.75
714,"‭(52)'ג120 חלמומו שבוימ רטוז תיניפע גד 305)ANCHOVY)‬",2026,14,2.04
714,"‭(52)'ג120 חלמומו שבוימ רטוז תיניפע גד 305)ANCHOVY)‬",2026,15,1
714,"‭(52)'ג120 חלמומו שבוימ רטוז תיניפע גד 305)ANCHOVY)‬",2026,16,0.42
714,"‭(52)'ג120 חלמומו שבוימ רטוז תיניפע גד 305)ANCHOVY)‬",2026,17,1.35
714,"‭(52)'ג120 חלמומו שבוימ רטוז תיניפע גד 305)ANCHOVY)‬",2026,18,1
714,"‭(52)'ג120 חלמומו שבוימ רטוז תיניפע גד 305)ANCHOVY)‬",2026,19,2.19
714,"‭(52)'ג120 חלמומו שבוימ רטוז תיניפע גד 305)ANCHOVY)‬",2026,20,0.35
714,"‭(52)'ג120 חלמומו שבוימ רטוז תיניפע גד 305)ANCHOVY)‬",2026,21,1.52
714,"‭(52)'ג120 חלמומו שבוימ רטוז תיניפע גד 305)ANCHOVY)‬",2026,22,0.31
714,"‭(52)'ג120 חלמומו שבוימ רטוז תיניפע גד 305)ANCHOVY)‬",2026,24,0.12
714,"‭(52)'ג120 חלמומו שבוימ רטוז תיניפע גד 305)ANCHOVY)‬",2026,25,0.4
714,"‭(52)'ג120 חלמומו שבוימ רטוז תיניפע גד 305)ANCHOVY)‬",2026,26,2.94
714,"‭(52)'ג120 חלמומו שבוימ רטוז תיניפע גד 305)ANCHOVY)‬",2026,27,0.5
714,"‭(52)'ג120 חלמומו שבוימ רטוז תיניפע גד 305)ANCHOVY)‬",2026,28,1.77
714,"‭(52)'ג120 חלמומו שבוימ רטוז תיניפע גד 305)ANCHOVY)‬",2026,29,1.83
714,"‭(52)'ג120 חלמומו שבוימ רטוז תיניפע גד 305)ANCHOVY)‬",2026,30,0.12
714,"‭(52)'ג120 חלמומו שבוימ רטוז תיניפע גד 305)ANCHOVY)‬",2026,31,0.4
714,"‭(52)'ג120 חלמומו שבוימ רטוז תיניפע גד 305)ANCHOVY)‬",2026,32,1.46
715,"‭(52)'ג80 םיחלמומו םישבוימ םינוליסח (312)SHRIMPS‬",2026,27,0.19
715,"‭(52)'ג80 םיחלמומו םישבוימ םינוליסח (312)SHRIMPS‬",2026,28,0.19
717,"‭שבוימ 'של גד‬",2025,34,1.06
717,"‭שבוימ 'של גד‬",2025,35,10.69
717,"‭שבוימ 'של גד‬",2025,36,2.54
717,"‭שבוימ 'של גד‬",2025,37,2.19
717,"‭שבוימ 'של גד‬",2025,38,4.9
717,"‭שבוימ 'של גד‬",2025,39,2.62
717,"‭שבוימ 'של גד‬",2025,40,1.52
717,"‭שבוימ 'של גד‬",2025,41,8.98
717,"‭שבוימ 'של גד‬",2026,23,4.11
717,"‭שבוימ 'של גד‬",2026,24,3.16
717,"‭שבוימ 'של גד‬",2026,25,1.89
717,"‭שבוימ 'של גד‬",2026,26,3.77
717,"‭שבוימ 'של גד‬",2026,27,0.98
717,"‭שבוימ 'של גד‬",2026,29,7.73
717,"‭שבוימ 'של גד‬",2026,30,0.83
717,"‭שבוימ 'של גד‬",2026,31,0.18
717,"‭שבוימ 'של גד‬",2026,32,3.49
719,"‭שבוימ קאדוס גד‬",2025,34,1.3
719,"‭שבוימ קאדוס גד‬",2025,35,4.01
719,"‭שבוימ קאדוס גד‬",2025,36,1.36
719,"‭שבוימ קאדוס גד‬",2025,37,3.81
719,"‭שבוימ קאדוס גד‬",2025,38,1.37
719,"‭שבוימ קאדוס גד‬",2025,39,1.6
719,"‭שבוימ קאדוס גד‬",2025,40,1.53
719,"‭שבוימ קאדוס גד‬",2025,41,0.41
719,"‭שבוימ קאדוס גד‬",2026,23,4.96
719,"‭שבוימ קאדוס גד‬",2026,24,3.18
719,"‭שבוימ קאדוס גד‬",2026,26,2.21
719,"‭שבוימ קאדוס גד‬",2026,28,2.31
719,"‭שבוימ קאדוס גד‬",2026,29,3.97
719,"‭שבוימ קאדוס גד‬",2026,30,1.09
719,"‭שבוימ קאדוס גד‬",2026,32,1.24
721,"‭שבוימ הלבוו גד‬",2025,34,1.24
721,"‭שבוימ הלבוו גד‬",2025,35,9.01
721,"‭שבוימ הלבוו גד‬",2025,36,13.9
721,"‭שבוימ הלבוו גד‬",2025,37,3.07
721,"‭שבוימ הלבוו גד‬",2025,38,9.46
721,"‭שבוימ הלבוו גד‬",2025,39,2.58
721,"‭שבוימ הלבוו גד‬",2025,40,1.32
721,"‭שבוימ הלבוו גד‬",2025,41,10.56
721,"‭שבוימ הלבוו גד‬",2025,42,2.8
721,"‭שבוימ הלבוו גד‬",2025,43,4.53
721,"‭שבוימ הלבוו גד‬",2025,44,3.61
721,"‭שבוימ הלבוו גד‬",2026,23,4.42
721,"‭שבוימ הלבוו גד‬",2026,24,2.78
721,"‭שבוימ הלבוו גד‬",2026,25,1.65
721,"‭שבוימ הלבוו גד‬",2026,26,6.51
721,"‭שבוימ הלבוו גד‬",2026,27,1.12
721,"‭שבוימ הלבוו גד‬",2026,29,5.49
721,"‭שבוימ הלבוו גד‬",2026,31,1.16
721,"‭שבוימ הלבוו גד‬",2026,32,2.1
724,"‭ןשועמ 'של גד‬",2025,34,1.26
724,"‭ןשועמ 'של גד‬",2025,35,10.51
724,"‭ןשועמ 'של גד‬",2025,36,2.28
724,"‭ןשועמ 'של גד‬",2025,37,1.03
724,"‭ןשועמ 'של גד‬",2025,38,1.05
724,"‭ןשועמ 'של גד‬",2025,39,2.61
724,"‭ןשועמ 'של גד‬",2025,41,3.03
724,"‭ןשועמ 'של גד‬",2025,42,2.79
724,"‭ןשועמ 'של גד‬",2025,43,3.82
724,"‭ןשועמ 'של גד‬",2026,23,5.23
724,"‭ןשועמ 'של גד‬",2026,24,3.37
724,"‭ןשועמ 'של גד‬",2026,25,2.17
724,"‭ןשועמ 'של גד‬",2026,26,3.98
724,"‭ןשועמ 'של גד‬",2026,27,1.46
724,"‭ןשועמ 'של גד‬",2026,29,3.77
724,"‭ןשועמ 'של גד‬",2026,31,1.52
724,"‭ןשועמ 'של גד‬",2026,32,3.76
725,"‭ןשועמ ןוח'צ גד‬",2025,34,1.31
725,"‭ןשועמ ןוח'צ גד‬",2025,35,1.33
725,"‭ןשועמ ןוח'צ גד‬",2025,36,1.95
725,"‭ןשועמ ןוח'צ גד‬",2025,37,2.33
725,"‭ןשועמ ןוח'צ גד‬",2025,38,0.84
725,"‭ןשועמ ןוח'צ גד‬",2025,39,2.53
725,"‭ןשועמ ןוח'צ גד‬",2025,40,0.63
725,"‭ןשועמ ןוח'צ גד‬",2026,23,5.09
725,"‭ןשועמ ןוח'צ גד‬",2026,24,3.27
725,"‭ןשועמ ןוח'צ גד‬",2026,26,1.99
725,"‭ןשועמ ןוח'צ גד‬",2026,28,0.97
725,"‭ןשועמ ןוח'צ גד‬",2026,29,0.76
725,"‭ןשועמ ןוח'צ גד‬",2026,31,1.14
725,"‭ןשועמ ןוח'צ גד‬",2026,32,1.17
726,"‭שבוימ ןוח'צ גד‬",2025,34,1.38
726,"‭שבוימ ןוח'צ גד‬",2025,35,13.11
726,"‭שבוימ ןוח'צ גד‬",2025,36,1.83
726,"‭שבוימ ןוח'צ גד‬",2026,23,4.48
726,"‭שבוימ ןוח'צ גד‬",2026,24,2.97
726,"‭שבוימ ןוח'צ גד‬",2026,25,2.01
726,"‭שבוימ ןוח'צ גד‬",2026,26,2.05
726,"‭שבוימ ןוח'צ גד‬",2026,28,2.22
726,"‭שבוימ ןוח'צ גד‬",2026,29,2.66
726,"‭שבוימ ןוח'צ גד‬",2026,32,1.21
727,"‭שבוימ ךירא'ז גד‬",2025,34,1.6
727,"‭שבוימ ךירא'ז גד‬",2025,35,3.64
727,"‭שבוימ ךירא'ז גד‬",2025,37,1.61
727,"‭שבוימ ךירא'ז גד‬",2025,38,4.51
727,"‭שבוימ ךירא'ז גד‬",2025,41,2.93
727,"‭שבוימ ךירא'ז גד‬",2026,23,5.3
727,"‭שבוימ ךירא'ז גד‬",2026,24,3.35
727,"‭שבוימ ךירא'ז גד‬",2026,29,2.69
727,"‭שבוימ ךירא'ז גד‬",2026,32,1.34
728,"‭ןשועמ ךירא'ז גד‬",2026,23,7.55
728,"‭ןשועמ ךירא'ז גד‬",2026,24,4.78
728,"‭ןשועמ ךירא'ז גד‬",2026,27,1.94
728,"‭ןשועמ ךירא'ז גד‬",2026,29,2.5
731,"‭(24)'ג200   82.5% צ'דב האמח‬",2026,11,1
731,"‭(24)'ג200   82.5% צ'דב האמח‬",2026,23,5
731,"‭(24)'ג200   82.5% צ'דב האמח‬",2026,27,1
732,"‭(20)'ג200 FERMA 82.5% האמח‬",2025,33,21.25
732,"‭(20)'ג200 FERMA 82.5% האמח‬",2025,34,30
732,"‭(20)'ג200 FERMA 82.5% האמח‬",2025,35,16
732,"‭(20)'ג200 FERMA 82.5% האמח‬",2025,36,22.25
732,"‭(20)'ג200 FERMA 82.5% האמח‬",2025,37,41
732,"‭(20)'ג200 FERMA 82.5% האמח‬",2025,38,54
732,"‭(20)'ג200 FERMA 82.5% האמח‬",2025,39,17
732,"‭(20)'ג200 FERMA 82.5% האמח‬",2025,40,23
732,"‭(20)'ג200 FERMA 82.5% האמח‬",2025,41,35
732,"‭(20)'ג200 FERMA 82.5% האמח‬",2025,42,35.25
732,"‭(20)'ג200 FERMA 82.5% האמח‬",2025,43,32
732,"‭(20)'ג200 FERMA 82.5% האמח‬",2025,44,39
732,"‭(20)'ג200 FERMA 82.5% האמח‬",2025,45,26
732,"‭(20)'ג200 FERMA 82.5% האמח‬",2025,46,37.25
732,"‭(20)'ג200 FERMA 82.5% האמח‬",2025,47,32.25
732,"‭(20)'ג200 FERMA 82.5% האמח‬",2025,48,39
732,"‭(20)'ג200 FERMA 82.5% האמח‬",2025,49,22
732,"‭(20)'ג200 FERMA 82.5% האמח‬",2025,50,31
732,"‭(20)'ג200 FERMA 82.5% האמח‬",2025,51,33
732,"‭(20)'ג200 FERMA 82.5% האמח‬",2025,52,42
732,"‭(20)'ג200 FERMA 82.5% האמח‬",2025,53,21
732,"‭(20)'ג200 FERMA 82.5% האמח‬",2026,2,36.25
732,"‭(20)'ג200 FERMA 82.5% האמח‬",2026,3,37
732,"‭(20)'ג200 FERMA 82.5% האמח‬",2026,4,44
732,"‭(20)'ג200 FERMA 82.5% האמח‬",2026,5,34
732,"‭(20)'ג200 FERMA 82.5% האמח‬",2026,6,29
732,"‭(20)'ג200 FERMA 82.5% האמח‬",2026,7,20
732,"‭(20)'ג200 FERMA 82.5% האמח‬",2026,8,47
732,"‭(20)'ג200 FERMA 82.5% האמח‬",2026,9,38
732,"‭(20)'ג200 FERMA 82.5% האמח‬",2026,10,39
732,"‭(20)'ג200 FERMA 82.5% האמח‬",2026,11,36.25
732,"‭(20)'ג200 FERMA 82.5% האמח‬",2026,12,51
732,"‭(20)'ג200 FERMA 82.5% האמח‬",2026,13,60.25
732,"‭(20)'ג200 FERMA 82.5% האמח‬",2026,14,39
732,"‭(20)'ג200 FERMA 82.5% האמח‬",2026,15,20.25
732,"‭(20)'ג200 FERMA 82.5% האמח‬",2026,16,23
732,"‭(20)'ג200 FERMA 82.5% האמח‬",2026,18,3.45
732,"‭(20)'ג200 FERMA 82.5% האמח‬",2026,19,102.3
732,"‭(20)'ג200 FERMA 82.5% האמח‬",2026,20,55
732,"‭(20)'ג200 FERMA 82.5% האמח‬",2026,21,51
732,"‭(20)'ג200 FERMA 82.5% האמח‬",2026,22,36.25
732,"‭(20)'ג200 FERMA 82.5% האמח‬",2026,23,34.25
732,"‭(20)'ג200 FERMA 82.5% האמח‬",2026,24,29.15
732,"‭(20)'ג200 FERMA 82.5% האמח‬",2026,25,30
732,"‭(20)'ג200 FERMA 82.5% האמח‬",2026,26,41
732,"‭(20)'ג200 FERMA 82.5% האמח‬",2026,27,37
732,"‭(20)'ג200 FERMA 82.5% האמח‬",2026,28,42
732,"‭(20)'ג200 FERMA 82.5% האמח‬",2026,29,44
732,"‭(20)'ג200 FERMA 82.5% האמח‬",2026,30,36
732,"‭(20)'ג200 FERMA 82.5% האמח‬",2026,31,23
732,"‭(20)'ג200 FERMA 82.5% האמח‬",2026,32,42
735,"‭(20)'ג200 KRESTYANSKAYA דלוקוש   האמחמ חרממ‬",2026,29,1
736,"‭20) KRESTYANSKAYA) םרג 200 האמחמ חרממ‬",2025,39,1
736,"‭20) KRESTYANSKAYA) םרג 200 האמחמ חרממ‬",2025,40,1
736,"‭20) KRESTYANSKAYA) םרג 200 האמחמ חרממ‬",2025,41,1
736,"‭20) KRESTYANSKAYA) םרג 200 האמחמ חרממ‬",2025,46,1
736,"‭20) KRESTYANSKAYA) םרג 200 האמחמ חרממ‬",2025,47,1.95
736,"‭20) KRESTYANSKAYA) םרג 200 האמחמ חרממ‬",2025,50,1
736,"‭20) KRESTYANSKAYA) םרג 200 האמחמ חרממ‬",2026,3,2
736,"‭20) KRESTYANSKAYA) םרג 200 האמחמ חרממ‬",2026,7,1
736,"‭20) KRESTYANSKAYA) םרג 200 האמחמ חרממ‬",2026,10,1
736,"‭20) KRESTYANSKAYA) םרג 200 האמחמ חרממ‬",2026,12,2
736,"‭20) KRESTYANSKAYA) םרג 200 האמחמ חרממ‬",2026,13,1
736,"‭20) KRESTYANSKAYA) םרג 200 האמחמ חרממ‬",2026,15,1
736,"‭20) KRESTYANSKAYA) םרג 200 האמחמ חרממ‬",2026,19,1
736,"‭20) KRESTYANSKAYA) םרג 200 האמחמ חרממ‬",2026,24,2
736,"‭20) KRESTYANSKAYA) םרג 200 האמחמ חרממ‬",2026,25,1
736,"‭20) KRESTYANSKAYA) םרג 200 האמחמ חרממ‬",2026,29,1
736,"‭20) KRESTYANSKAYA) םרג 200 האמחמ חרממ‬",2026,31,1
736,"‭20) KRESTYANSKAYA) םרג 200 האמחמ חרממ‬",2026,32,1
737,"‭(20) VOLOGODSKAYA 'ג200 דלוקוש   האמחמ חרממ‬",2026,29,1
739,"‭20) TULCHINKA) םרג 200 האמחמ חרממ‬",2025,34,1
739,"‭20) TULCHINKA) םרג 200 האמחמ חרממ‬",2025,37,2
739,"‭20) TULCHINKA) םרג 200 האמחמ חרממ‬",2025,39,1
739,"‭20) TULCHINKA) םרג 200 האמחמ חרממ‬",2025,43,1
739,"‭20) TULCHINKA) םרג 200 האמחמ חרממ‬",2025,44,1
739,"‭20) TULCHINKA) םרג 200 האמחמ חרממ‬",2025,50,1
739,"‭20) TULCHINKA) םרג 200 האמחמ חרממ‬",2026,5,1
739,"‭20) TULCHINKA) םרג 200 האמחמ חרממ‬",2026,7,1
739,"‭20) TULCHINKA) םרג 200 האמחמ חרממ‬",2026,10,1
739,"‭20) TULCHINKA) םרג 200 האמחמ חרממ‬",2026,12,2
739,"‭20) TULCHINKA) םרג 200 האמחמ חרממ‬",2026,15,1
739,"‭20) TULCHINKA) םרג 200 האמחמ חרממ‬",2026,16,2
739,"‭20) TULCHINKA) םרג 200 האמחמ חרממ‬",2026,20,1
739,"‭20) TULCHINKA) םרג 200 האמחמ חרממ‬",2026,24,1
739,"‭20) TULCHINKA) םרג 200 האמחמ חרממ‬",2026,25,1
739,"‭20) TULCHINKA) םרג 200 האמחמ חרממ‬",2026,26,1
739,"‭20) TULCHINKA) םרג 200 האמחמ חרממ‬",2026,29,1
740,"‭20) KRESTYANSKAYA) םרג 400 האמחמ חרממ‬",2025,34,1
740,"‭20) KRESTYANSKAYA) םרג 400 האמחמ חרממ‬",2025,37,1
740,"‭20) KRESTYANSKAYA) םרג 400 האמחמ חרממ‬",2025,38,2
740,"‭20) KRESTYANSKAYA) םרג 400 האמחמ חרממ‬",2025,41,1
740,"‭20) KRESTYANSKAYA) םרג 400 האמחמ חרממ‬",2025,43,1
740,"‭20) KRESTYANSKAYA) םרג 400 האמחמ חרממ‬",2025,46,1
740,"‭20) KRESTYANSKAYA) םרג 400 האמחמ חרממ‬",2025,49,1
740,"‭20) KRESTYANSKAYA) םרג 400 האמחמ חרממ‬",2025,50,1
740,"‭20) KRESTYANSKAYA) םרג 400 האמחמ חרממ‬",2025,52,1
740,"‭20) KRESTYANSKAYA) םרג 400 האמחמ חרממ‬",2026,3,1
740,"‭20) KRESTYANSKAYA) םרג 400 האמחמ חרממ‬",2026,7,1
740,"‭20) KRESTYANSKAYA) םרג 400 האמחמ חרממ‬",2026,11,1
740,"‭20) KRESTYANSKAYA) םרג 400 האמחמ חרממ‬",2026,14,1
740,"‭20) KRESTYANSKAYA) םרג 400 האמחמ חרממ‬",2026,17,1
740,"‭20) KRESTYANSKAYA) םרג 400 האמחמ חרממ‬",2026,20,1
740,"‭20) KRESTYANSKAYA) םרג 400 האמחמ חרממ‬",2026,23,1
740,"‭20) KRESTYANSKAYA) םרג 400 האמחמ חרממ‬",2026,25,1
740,"‭20) KRESTYANSKAYA) םרג 400 האמחמ חרממ‬",2026,28,1
740,"‭20) KRESTYANSKAYA) םרג 400 האמחמ חרממ‬",2026,29,1
740,"‭20) KRESTYANSKAYA) םרג 400 האמחמ חרממ‬",2026,30,1
755,"‭4)  LITA) תנשועמ יגולנא הניבג GURMAN‬",2025,34,1.91
755,"‭4)  LITA) תנשועמ יגולנא הניבג GURMAN‬",2025,35,3.84
755,"‭4)  LITA) תנשועמ יגולנא הניבג GURMAN‬",2025,36,2.55
755,"‭4)  LITA) תנשועמ יגולנא הניבג GURMAN‬",2025,37,1.27
755,"‭4)  LITA) תנשועמ יגולנא הניבג GURMAN‬",2025,38,4.53
755,"‭4)  LITA) תנשועמ יגולנא הניבג GURMAN‬",2025,39,2.52
755,"‭4)  LITA) תנשועמ יגולנא הניבג GURMAN‬",2025,41,3.83
755,"‭4)  LITA) תנשועמ יגולנא הניבג GURMAN‬",2025,42,1.28
755,"‭4)  LITA) תנשועמ יגולנא הניבג GURMAN‬",2025,43,2.57
755,"‭4)  LITA) תנשועמ יגולנא הניבג GURMAN‬",2025,44,3.21
755,"‭4)  LITA) תנשועמ יגולנא הניבג GURMAN‬",2025,45,2.57
755,"‭4)  LITA) תנשועמ יגולנא הניבג GURMAN‬",2025,46,5.11
755,"‭4)  LITA) תנשועמ יגולנא הניבג GURMAN‬",2025,48,3.2
755,"‭4)  LITA) תנשועמ יגולנא הניבג GURMAN‬",2025,49,2.57
755,"‭4)  LITA) תנשועמ יגולנא הניבג GURMAN‬",2025,50,2.57
755,"‭4)  LITA) תנשועמ יגולנא הניבג GURMAN‬",2025,51,2.55
755,"‭4)  LITA) תנשועמ יגולנא הניבג GURMAN‬",2025,52,3.83
755,"‭4)  LITA) תנשועמ יגולנא הניבג GURMAN‬",2025,53,2.58
755,"‭4)  LITA) תנשועמ יגולנא הניבג GURMAN‬",2026,3,2.55
755,"‭4)  LITA) תנשועמ יגולנא הניבג GURMAN‬",2026,4,0.64
755,"‭4)  LITA) תנשועמ יגולנא הניבג GURMAN‬",2026,5,5.11
755,"‭4)  LITA) תנשועמ יגולנא הניבג GURMAN‬",2026,8,2.55
755,"‭4)  LITA) תנשועמ יגולנא הניבג GURMAN‬",2026,9,2.56
755,"‭4)  LITA) תנשועמ יגולנא הניבג GURMAN‬",2026,11,2.55
755,"‭4)  LITA) תנשועמ יגולנא הניבג GURMAN‬",2026,12,2.55
755,"‭4)  LITA) תנשועמ יגולנא הניבג GURMAN‬",2026,13,0.64
755,"‭4)  LITA) תנשועמ יגולנא הניבג GURMAN‬",2026,14,2.56
755,"‭4)  LITA) תנשועמ יגולנא הניבג GURMAN‬",2026,18,2.55
755,"‭4)  LITA) תנשועמ יגולנא הניבג GURMAN‬",2026,19,2.55
755,"‭4)  LITA) תנשועמ יגולנא הניבג GURMAN‬",2026,21,2.55
755,"‭4)  LITA) תנשועמ יגולנא הניבג GURMAN‬",2026,23,3.19
755,"‭4)  LITA) תנשועמ יגולנא הניבג GURMAN‬",2026,25,3.76
755,"‭4)  LITA) תנשועמ יגולנא הניבג GURMAN‬",2026,26,7.65
755,"‭4)  LITA) תנשועמ יגולנא הניבג GURMAN‬",2026,29,5.75
755,"‭4)  LITA) תנשועמ יגולנא הניבג GURMAN‬",2026,30,1
755,"‭4)  LITA) תנשועמ יגולנא הניבג GURMAN‬",2026,31,2.54
760,"‭(6)'ג400 60% הזנירב הניבג‬",2026,32,1
800,"‭(24)'ג200 שדח   82.5% צ""דב האמח‬",2025,34,2
800,"‭(24)'ג200 שדח   82.5% צ""דב האמח‬",2025,35,19
800,"‭(24)'ג200 שדח   82.5% צ""דב האמח‬",2025,36,8
800,"‭(24)'ג200 שדח   82.5% צ""דב האמח‬",2025,37,2
800,"‭(24)'ג200 שדח   82.5% צ""דב האמח‬",2025,38,13
800,"‭(24)'ג200 שדח   82.5% צ""דב האמח‬",2025,39,4
800,"‭(24)'ג200 שדח   82.5% צ""דב האמח‬",2025,40,4
800,"‭(24)'ג200 שדח   82.5% צ""דב האמח‬",2025,41,4
800,"‭(24)'ג200 שדח   82.5% צ""דב האמח‬",2025,42,12
800,"‭(24)'ג200 שדח   82.5% צ""דב האמח‬",2025,43,10
800,"‭(24)'ג200 שדח   82.5% צ""דב האמח‬",2025,44,11
800,"‭(24)'ג200 שדח   82.5% צ""דב האמח‬",2025,45,6
800,"‭(24)'ג200 שדח   82.5% צ""דב האמח‬",2025,46,5
800,"‭(24)'ג200 שדח   82.5% צ""דב האמח‬",2025,47,3
800,"‭(24)'ג200 שדח   82.5% צ""דב האמח‬",2025,48,5
800,"‭(24)'ג200 שדח   82.5% צ""דב האמח‬",2025,49,6
800,"‭(24)'ג200 שדח   82.5% צ""דב האמח‬",2025,50,4
800,"‭(24)'ג200 שדח   82.5% צ""דב האמח‬",2025,51,4
800,"‭(24)'ג200 שדח   82.5% צ""דב האמח‬",2025,52,4
800,"‭(24)'ג200 שדח   82.5% צ""דב האמח‬",2025,53,8
800,"‭(24)'ג200 שדח   82.5% צ""דב האמח‬",2026,2,4
800,"‭(24)'ג200 שדח   82.5% צ""דב האמח‬",2026,3,4
800,"‭(24)'ג200 שדח   82.5% צ""דב האמח‬",2026,4,6
800,"‭(24)'ג200 שדח   82.5% צ""דב האמח‬",2026,5,4
800,"‭(24)'ג200 שדח   82.5% צ""דב האמח‬",2026,6,3
800,"‭(24)'ג200 שדח   82.5% צ""דב האמח‬",2026,7,1
800,"‭(24)'ג200 שדח   82.5% צ""דב האמח‬",2026,8,3
800,"‭(24)'ג200 שדח   82.5% צ""דב האמח‬",2026,9,7
800,"‭(24)'ג200 שדח   82.5% צ""דב האמח‬",2026,10,8
800,"‭(24)'ג200 שדח   82.5% צ""דב האמח‬",2026,11,6
800,"‭(24)'ג200 שדח   82.5% צ""דב האמח‬",2026,12,34
800,"‭(24)'ג200 שדח   82.5% צ""דב האמח‬",2026,13,116
800,"‭(24)'ג200 שדח   82.5% צ""דב האמח‬",2026,14,15
800,"‭(24)'ג200 שדח   82.5% צ""דב האמח‬",2026,15,8
800,"‭(24)'ג200 שדח   82.5% צ""דב האמח‬",2026,16,15
800,"‭(24)'ג200 שדח   82.5% צ""דב האמח‬",2026,17,17
800,"‭(24)'ג200 שדח   82.5% צ""דב האמח‬",2026,18,7
800,"‭(24)'ג200 שדח   82.5% צ""דב האמח‬",2026,19,10
800,"‭(24)'ג200 שדח   82.5% צ""דב האמח‬",2026,20,14
800,"‭(24)'ג200 שדח   82.5% צ""דב האמח‬",2026,21,15
800,"‭(24)'ג200 שדח   82.5% צ""דב האמח‬",2026,22,6
800,"‭(24)'ג200 שדח   82.5% צ""דב האמח‬",2026,23,4
800,"‭(24)'ג200 שדח   82.5% צ""דב האמח‬",2026,24,5
800,"‭(24)'ג200 שדח   82.5% צ""דב האמח‬",2026,25,5
800,"‭(24)'ג200 שדח   82.5% צ""דב האמח‬",2026,26,2
800,"‭(24)'ג200 שדח   82.5% צ""דב האמח‬",2026,27,4
800,"‭(24)'ג200 שדח   82.5% צ""דב האמח‬",2026,28,5
800,"‭(24)'ג200 שדח   82.5% צ""דב האמח‬",2026,29,4
800,"‭(24)'ג200 שדח   82.5% צ""דב האמח‬",2026,30,11
802,"‭20) LAKTIKA) םרג 200 האמחמ חרממ‬",2025,38,1
802,"‭20) LAKTIKA) םרג 200 האמחמ חרממ‬",2025,45,1
802,"‭20) LAKTIKA) םרג 200 האמחמ חרממ‬",2025,49,1
802,"‭20) LAKTIKA) םרג 200 האמחמ חרממ‬",2025,50,1
802,"‭20) LAKTIKA) םרג 200 האמחמ חרממ‬",2025,52,1
802,"‭20) LAKTIKA) םרג 200 האמחמ חרממ‬",2026,4,5
802,"‭20) LAKTIKA) םרג 200 האמחמ חרממ‬",2026,8,1
802,"‭20) LAKTIKA) םרג 200 האמחמ חרממ‬",2026,9,1
802,"‭20) LAKTIKA) םרג 200 האמחמ חרממ‬",2026,10,2
802,"‭20) LAKTIKA) םרג 200 האמחמ חרממ‬",2026,12,2
802,"‭20) LAKTIKA) םרג 200 האמחמ חרממ‬",2026,15,1
802,"‭20) LAKTIKA) םרג 200 האמחמ חרממ‬",2026,25,1
803,"‭20) LAKTIKA) םרג 200 דלוקוש   האמחמ חרממ‬",2025,49,1
803,"‭20) LAKTIKA) םרג 200 דלוקוש   האמחמ חרממ‬",2025,52,1
803,"‭20) LAKTIKA) םרג 200 דלוקוש   האמחמ חרממ‬",2026,3,1
803,"‭20) LAKTIKA) םרג 200 דלוקוש   האמחמ חרממ‬",2026,4,4
803,"‭20) LAKTIKA) םרג 200 דלוקוש   האמחמ חרממ‬",2026,19,1
803,"‭20) LAKTIKA) םרג 200 דלוקוש   האמחמ חרממ‬",2026,21,1
803,"‭20) LAKTIKA) םרג 200 דלוקוש   האמחמ חרממ‬",2026,24,1
803,"‭20) LAKTIKA) םרג 200 דלוקוש   האמחמ חרממ‬",2026,25,1
803,"‭20) LAKTIKA) םרג 200 דלוקוש   האמחמ חרממ‬",2026,32,1
815,"‭(18)'ג45 בלח תביר םע הניבג ףיטח‬",2025,33,3
815,"‭(18)'ג45 בלח תביר םע הניבג ףיטח‬",2025,34,11
815,"‭(18)'ג45 בלח תביר םע הניבג ףיטח‬",2025,35,6
815,"‭(18)'ג45 בלח תביר םע הניבג ףיטח‬",2025,36,26
815,"‭(18)'ג45 בלח תביר םע הניבג ףיטח‬",2025,37,8
815,"‭(18)'ג45 בלח תביר םע הניבג ףיטח‬",2025,38,17
815,"‭(18)'ג45 בלח תביר םע הניבג ףיטח‬",2025,40,14
815,"‭(18)'ג45 בלח תביר םע הניבג ףיטח‬",2025,41,11
815,"‭(18)'ג45 בלח תביר םע הניבג ףיטח‬",2025,42,9
815,"‭(18)'ג45 בלח תביר םע הניבג ףיטח‬",2025,43,16
815,"‭(18)'ג45 בלח תביר םע הניבג ףיטח‬",2025,44,16
815,"‭(18)'ג45 בלח תביר םע הניבג ףיטח‬",2025,45,5
815,"‭(18)'ג45 בלח תביר םע הניבג ףיטח‬",2025,46,22
815,"‭(18)'ג45 בלח תביר םע הניבג ףיטח‬",2025,47,18
815,"‭(18)'ג45 בלח תביר םע הניבג ףיטח‬",2025,48,3
815,"‭(18)'ג45 בלח תביר םע הניבג ףיטח‬",2025,49,22
815,"‭(18)'ג45 בלח תביר םע הניבג ףיטח‬",2025,50,10
815,"‭(18)'ג45 בלח תביר םע הניבג ףיטח‬",2025,51,7
815,"‭(18)'ג45 בלח תביר םע הניבג ףיטח‬",2025,52,17
815,"‭(18)'ג45 בלח תביר םע הניבג ףיטח‬",2025,53,2
815,"‭(18)'ג45 בלח תביר םע הניבג ףיטח‬",2026,2,15
815,"‭(18)'ג45 בלח תביר םע הניבג ףיטח‬",2026,3,4
815,"‭(18)'ג45 בלח תביר םע הניבג ףיטח‬",2026,4,10
815,"‭(18)'ג45 בלח תביר םע הניבג ףיטח‬",2026,5,18
815,"‭(18)'ג45 בלח תביר םע הניבג ףיטח‬",2026,6,10
815,"‭(18)'ג45 בלח תביר םע הניבג ףיטח‬",2026,7,9
815,"‭(18)'ג45 בלח תביר םע הניבג ףיטח‬",2026,8,15
815,"‭(18)'ג45 בלח תביר םע הניבג ףיטח‬",2026,9,15
815,"‭(18)'ג45 בלח תביר םע הניבג ףיטח‬",2026,10,9
815,"‭(18)'ג45 בלח תביר םע הניבג ףיטח‬",2026,11,18
815,"‭(18)'ג45 בלח תביר םע הניבג ףיטח‬",2026,12,5
815,"‭(18)'ג45 בלח תביר םע הניבג ףיטח‬",2026,13,14
815,"‭(18)'ג45 בלח תביר םע הניבג ףיטח‬",2026,14,12
815,"‭(18)'ג45 בלח תביר םע הניבג ףיטח‬",2026,15,15
815,"‭(18)'ג45 בלח תביר םע הניבג ףיטח‬",2026,16,28
815,"‭(18)'ג45 בלח תביר םע הניבג ףיטח‬",2026,17,13
815,"‭(18)'ג45 בלח תביר םע הניבג ףיטח‬",2026,18,9
815,"‭(18)'ג45 בלח תביר םע הניבג ףיטח‬",2026,19,19
815,"‭(18)'ג45 בלח תביר םע הניבג ףיטח‬",2026,20,9
815,"‭(18)'ג45 בלח תביר םע הניבג ףיטח‬",2026,21,11
815,"‭(18)'ג45 בלח תביר םע הניבג ףיטח‬",2026,22,20
815,"‭(18)'ג45 בלח תביר םע הניבג ףיטח‬",2026,23,16
815,"‭(18)'ג45 בלח תביר םע הניבג ףיטח‬",2026,24,6
815,"‭(18)'ג45 בלח תביר םע הניבג ףיטח‬",2026,25,18
815,"‭(18)'ג45 בלח תביר םע הניבג ףיטח‬",2026,26,20
815,"‭(18)'ג45 בלח תביר םע הניבג ףיטח‬",2026,27,7
815,"‭(18)'ג45 בלח תביר םע הניבג ףיטח‬",2026,28,37
815,"‭(18)'ג45 בלח תביר םע הניבג ףיטח‬",2026,29,25
815,"‭(18)'ג45 בלח תביר םע הניבג ףיטח‬",2026,30,7
815,"‭(18)'ג45 בלח תביר םע הניבג ףיטח‬",2026,31,16
815,"‭(18)'ג45 בלח תביר םע הניבג ףיטח‬",2026,32,12
816,"‭(18)'ג45 הדש תות הניבג ףיטח‬",2025,33,2
816,"‭(18)'ג45 הדש תות הניבג ףיטח‬",2025,34,19
816,"‭(18)'ג45 הדש תות הניבג ףיטח‬",2025,35,7
816,"‭(18)'ג45 הדש תות הניבג ףיטח‬",2025,36,9
816,"‭(18)'ג45 הדש תות הניבג ףיטח‬",2025,37,21
816,"‭(18)'ג45 הדש תות הניבג ףיטח‬",2025,38,16
816,"‭(18)'ג45 הדש תות הניבג ףיטח‬",2025,40,5
816,"‭(18)'ג45 הדש תות הניבג ףיטח‬",2025,41,6
816,"‭(18)'ג45 הדש תות הניבג ףיטח‬",2025,42,14
816,"‭(18)'ג45 הדש תות הניבג ףיטח‬",2025,43,13
816,"‭(18)'ג45 הדש תות הניבג ףיטח‬",2025,44,10
816,"‭(18)'ג45 הדש תות הניבג ףיטח‬",2025,45,12
816,"‭(18)'ג45 הדש תות הניבג ףיטח‬",2025,46,6
816,"‭(18)'ג45 הדש תות הניבג ףיטח‬",2025,47,7
816,"‭(18)'ג45 הדש תות הניבג ףיטח‬",2025,48,10
816,"‭(18)'ג45 הדש תות הניבג ףיטח‬",2025,49,16
816,"‭(18)'ג45 הדש תות הניבג ףיטח‬",2025,50,10
816,"‭(18)'ג45 הדש תות הניבג ףיטח‬",2025,51,8
816,"‭(18)'ג45 הדש תות הניבג ףיטח‬",2025,52,17
816,"‭(18)'ג45 הדש תות הניבג ףיטח‬",2025,53,1
816,"‭(18)'ג45 הדש תות הניבג ףיטח‬",2026,2,8
816,"‭(18)'ג45 הדש תות הניבג ףיטח‬",2026,3,18
816,"‭(18)'ג45 הדש תות הניבג ףיטח‬",2026,4,4
816,"‭(18)'ג45 הדש תות הניבג ףיטח‬",2026,5,9
816,"‭(18)'ג45 הדש תות הניבג ףיטח‬",2026,6,10
816,"‭(18)'ג45 הדש תות הניבג ףיטח‬",2026,7,4
816,"‭(18)'ג45 הדש תות הניבג ףיטח‬",2026,8,4
816,"‭(18)'ג45 הדש תות הניבג ףיטח‬",2026,9,24
816,"‭(18)'ג45 הדש תות הניבג ףיטח‬",2026,10,4
816,"‭(18)'ג45 הדש תות הניבג ףיטח‬",2026,11,15
816,"‭(18)'ג45 הדש תות הניבג ףיטח‬",2026,12,4
816,"‭(18)'ג45 הדש תות הניבג ףיטח‬",2026,13,10
816,"‭(18)'ג45 הדש תות הניבג ףיטח‬",2026,14,12
816,"‭(18)'ג45 הדש תות הניבג ףיטח‬",2026,15,7
816,"‭(18)'ג45 הדש תות הניבג ףיטח‬",2026,16,19
816,"‭(18)'ג45 הדש תות הניבג ףיטח‬",2026,17,14
816,"‭(18)'ג45 הדש תות הניבג ףיטח‬",2026,18,9
816,"‭(18)'ג45 הדש תות הניבג ףיטח‬",2026,19,16
816,"‭(18)'ג45 הדש תות הניבג ףיטח‬",2026,20,5
816,"‭(18)'ג45 הדש תות הניבג ףיטח‬",2026,21,27
816,"‭(18)'ג45 הדש תות הניבג ףיטח‬",2026,22,9
816,"‭(18)'ג45 הדש תות הניבג ףיטח‬",2026,23,18
816,"‭(18)'ג45 הדש תות הניבג ףיטח‬",2026,24,12
816,"‭(18)'ג45 הדש תות הניבג ףיטח‬",2026,25,23
816,"‭(18)'ג45 הדש תות הניבג ףיטח‬",2026,26,16
816,"‭(18)'ג45 הדש תות הניבג ףיטח‬",2026,27,11
816,"‭(18)'ג45 הדש תות הניבג ףיטח‬",2026,28,22
816,"‭(18)'ג45 הדש תות הניבג ףיטח‬",2026,29,29
816,"‭(18)'ג45 הדש תות הניבג ףיטח‬",2026,30,6
816,"‭(18)'ג45 הדש תות הניבג ףיטח‬",2026,31,8
816,"‭(18)'ג45 הדש תות הניבג ףיטח‬",2026,32,11
817,"‭(18)'ג45 דלוקוש   הניבג ףיטח‬",2025,33,2
817,"‭(18)'ג45 דלוקוש   הניבג ףיטח‬",2025,34,13
817,"‭(18)'ג45 דלוקוש   הניבג ףיטח‬",2025,35,15
817,"‭(18)'ג45 דלוקוש   הניבג ףיטח‬",2025,36,7
817,"‭(18)'ג45 דלוקוש   הניבג ףיטח‬",2025,37,13
817,"‭(18)'ג45 דלוקוש   הניבג ףיטח‬",2025,38,17
817,"‭(18)'ג45 דלוקוש   הניבג ףיטח‬",2025,39,1
817,"‭(18)'ג45 דלוקוש   הניבג ףיטח‬",2025,40,4
817,"‭(18)'ג45 דלוקוש   הניבג ףיטח‬",2025,41,7
817,"‭(18)'ג45 דלוקוש   הניבג ףיטח‬",2025,42,20
817,"‭(18)'ג45 דלוקוש   הניבג ףיטח‬",2025,43,11
817,"‭(18)'ג45 דלוקוש   הניבג ףיטח‬",2025,44,15
817,"‭(18)'ג45 דלוקוש   הניבג ףיטח‬",2025,45,5
817,"‭(18)'ג45 דלוקוש   הניבג ףיטח‬",2025,46,11
817,"‭(18)'ג45 דלוקוש   הניבג ףיטח‬",2025,47,12
817,"‭(18)'ג45 דלוקוש   הניבג ףיטח‬",2025,48,2
817,"‭(18)'ג45 דלוקוש   הניבג ףיטח‬",2025,49,11
817,"‭(18)'ג45 דלוקוש   הניבג ףיטח‬",2025,50,14
817,"‭(18)'ג45 דלוקוש   הניבג ףיטח‬",2025,51,14
817,"‭(18)'ג45 דלוקוש   הניבג ףיטח‬",2025,52,10
817,"‭(18)'ג45 דלוקוש   הניבג ףיטח‬",2025,53,7
817,"‭(18)'ג45 דלוקוש   הניבג ףיטח‬",2026,2,7
817,"‭(18)'ג45 דלוקוש   הניבג ףיטח‬",2026,3,2
817,"‭(18)'ג45 דלוקוש   הניבג ףיטח‬",2026,4,11
817,"‭(18)'ג45 דלוקוש   הניבג ףיטח‬",2026,5,11
817,"‭(18)'ג45 דלוקוש   הניבג ףיטח‬",2026,6,6
817,"‭(18)'ג45 דלוקוש   הניבג ףיטח‬",2026,7,7
817,"‭(18)'ג45 דלוקוש   הניבג ףיטח‬",2026,8,12
817,"‭(18)'ג45 דלוקוש   הניבג ףיטח‬",2026,9,16
817,"‭(18)'ג45 דלוקוש   הניבג ףיטח‬",2026,10,7
817,"‭(18)'ג45 דלוקוש   הניבג ףיטח‬",2026,11,9
817,"‭(18)'ג45 דלוקוש   הניבג ףיטח‬",2026,12,13
817,"‭(18)'ג45 דלוקוש   הניבג ףיטח‬",2026,13,5
817,"‭(18)'ג45 דלוקוש   הניבג ףיטח‬",2026,14,12
817,"‭(18)'ג45 דלוקוש   הניבג ףיטח‬",2026,15,16
817,"‭(18)'ג45 דלוקוש   הניבג ףיטח‬",2026,16,13
817,"‭(18)'ג45 דלוקוש   הניבג ףיטח‬",2026,17,11
817,"‭(18)'ג45 דלוקוש   הניבג ףיטח‬",2026,18,10
817,"‭(18)'ג45 דלוקוש   הניבג ףיטח‬",2026,19,10
817,"‭(18)'ג45 דלוקוש   הניבג ףיטח‬",2026,20,1
817,"‭(18)'ג45 דלוקוש   הניבג ףיטח‬",2026,21,22
817,"‭(18)'ג45 דלוקוש   הניבג ףיטח‬",2026,22,8
817,"‭(18)'ג45 דלוקוש   הניבג ףיטח‬",2026,23,12
817,"‭(18)'ג45 דלוקוש   הניבג ףיטח‬",2026,24,8
817,"‭(18)'ג45 דלוקוש   הניבג ףיטח‬",2026,25,20
817,"‭(18)'ג45 דלוקוש   הניבג ףיטח‬",2026,26,10
817,"‭(18)'ג45 דלוקוש   הניבג ףיטח‬",2026,27,3
817,"‭(18)'ג45 דלוקוש   הניבג ףיטח‬",2026,28,18
817,"‭(18)'ג45 דלוקוש   הניבג ףיטח‬",2026,29,20
817,"‭(18)'ג45 דלוקוש   הניבג ףיטח‬",2026,30,4
817,"‭(18)'ג45 דלוקוש   הניבג ףיטח‬",2026,31,4
817,"‭(18)'ג45 דלוקוש   הניבג ףיטח‬",2026,32,9
818,"‭(18)'ג45 לינו הניבג ףיטח‬",2025,33,7
818,"‭(18)'ג45 לינו הניבג ףיטח‬",2025,34,20
818,"‭(18)'ג45 לינו הניבג ףיטח‬",2025,35,19
818,"‭(18)'ג45 לינו הניבג ףיטח‬",2025,36,18
818,"‭(18)'ג45 לינו הניבג ףיטח‬",2025,37,16
818,"‭(18)'ג45 לינו הניבג ףיטח‬",2025,38,23
818,"‭(18)'ג45 לינו הניבג ףיטח‬",2025,40,16
818,"‭(18)'ג45 לינו הניבג ףיטח‬",2025,41,5
818,"‭(18)'ג45 לינו הניבג ףיטח‬",2025,42,30
818,"‭(18)'ג45 לינו הניבג ףיטח‬",2025,43,18
818,"‭(18)'ג45 לינו הניבג ףיטח‬",2025,44,14
818,"‭(18)'ג45 לינו הניבג ףיטח‬",2025,45,15
818,"‭(18)'ג45 לינו הניבג ףיטח‬",2025,46,25
818,"‭(18)'ג45 לינו הניבג ףיטח‬",2025,47,27
818,"‭(18)'ג45 לינו הניבג ףיטח‬",2025,48,10
818,"‭(18)'ג45 לינו הניבג ףיטח‬",2025,49,13
818,"‭(18)'ג45 לינו הניבג ףיטח‬",2025,50,17
818,"‭(18)'ג45 לינו הניבג ףיטח‬",2025,51,16
818,"‭(18)'ג45 לינו הניבג ףיטח‬",2025,52,24
818,"‭(18)'ג45 לינו הניבג ףיטח‬",2025,53,18
818,"‭(18)'ג45 לינו הניבג ףיטח‬",2026,2,10
818,"‭(18)'ג45 לינו הניבג ףיטח‬",2026,3,15
818,"‭(18)'ג45 לינו הניבג ףיטח‬",2026,4,12
818,"‭(18)'ג45 לינו הניבג ףיטח‬",2026,5,23
818,"‭(18)'ג45 לינו הניבג ףיטח‬",2026,6,16
818,"‭(18)'ג45 לינו הניבג ףיטח‬",2026,7,16
818,"‭(18)'ג45 לינו הניבג ףיטח‬",2026,8,12
818,"‭(18)'ג45 לינו הניבג ףיטח‬",2026,9,30
818,"‭(18)'ג45 לינו הניבג ףיטח‬",2026,10,4
818,"‭(18)'ג45 לינו הניבג ףיטח‬",2026,11,22
818,"‭(18)'ג45 לינו הניבג ףיטח‬",2026,12,28
818,"‭(18)'ג45 לינו הניבג ףיטח‬",2026,13,12
818,"‭(18)'ג45 לינו הניבג ףיטח‬",2026,14,23
818,"‭(18)'ג45 לינו הניבג ףיטח‬",2026,15,11
818,"‭(18)'ג45 לינו הניבג ףיטח‬",2026,16,30
818,"‭(18)'ג45 לינו הניבג ףיטח‬",2026,17,16
818,"‭(18)'ג45 לינו הניבג ףיטח‬",2026,18,15
818,"‭(18)'ג45 לינו הניבג ףיטח‬",2026,19,21
818,"‭(18)'ג45 לינו הניבג ףיטח‬",2026,20,11
818,"‭(18)'ג45 לינו הניבג ףיטח‬",2026,21,16
818,"‭(18)'ג45 לינו הניבג ףיטח‬",2026,22,26
818,"‭(18)'ג45 לינו הניבג ףיטח‬",2026,23,17
818,"‭(18)'ג45 לינו הניבג ףיטח‬",2026,24,16
818,"‭(18)'ג45 לינו הניבג ףיטח‬",2026,25,29
818,"‭(18)'ג45 לינו הניבג ףיטח‬",2026,26,36
818,"‭(18)'ג45 לינו הניבג ףיטח‬",2026,27,13
818,"‭(18)'ג45 לינו הניבג ףיטח‬",2026,28,32
818,"‭(18)'ג45 לינו הניבג ףיטח‬",2026,29,32
818,"‭(18)'ג45 לינו הניבג ףיטח‬",2026,30,14
818,"‭(18)'ג45 לינו הניבג ףיטח‬",2026,31,17
818,"‭(18)'ג45 לינו הניבג ףיטח‬",2026,32,14
819,"‭(15)'ג40 צ""דב לינו הניבג ףיטח‬",2025,33,3
819,"‭(15)'ג40 צ""דב לינו הניבג ףיטח‬",2025,34,3
819,"‭(15)'ג40 צ""דב לינו הניבג ףיטח‬",2025,35,6
819,"‭(15)'ג40 צ""דב לינו הניבג ףיטח‬",2025,36,6
819,"‭(15)'ג40 צ""דב לינו הניבג ףיטח‬",2025,37,5
819,"‭(15)'ג40 צ""דב לינו הניבג ףיטח‬",2025,38,2
819,"‭(15)'ג40 צ""דב לינו הניבג ףיטח‬",2025,39,2
819,"‭(15)'ג40 צ""דב לינו הניבג ףיטח‬",2025,40,1
819,"‭(15)'ג40 צ""דב לינו הניבג ףיטח‬",2025,41,1
819,"‭(15)'ג40 צ""דב לינו הניבג ףיטח‬",2025,42,1
820,"‭(15)'ג40 צ""דב םידקש םע לינו הניבג ףיטח‬",2025,33,4
820,"‭(15)'ג40 צ""דב םידקש םע לינו הניבג ףיטח‬",2025,34,2
820,"‭(15)'ג40 צ""דב םידקש םע לינו הניבג ףיטח‬",2025,35,5
820,"‭(15)'ג40 צ""דב םידקש םע לינו הניבג ףיטח‬",2025,36,3
820,"‭(15)'ג40 צ""דב םידקש םע לינו הניבג ףיטח‬",2025,37,4
821,"‭(15)'ג40 צ""דב דלוקוש הניבג ףיטח‬",2025,33,3
821,"‭(15)'ג40 צ""דב דלוקוש הניבג ףיטח‬",2025,34,1
821,"‭(15)'ג40 צ""דב דלוקוש הניבג ףיטח‬",2025,35,4
821,"‭(15)'ג40 צ""דב דלוקוש הניבג ףיטח‬",2025,36,2
821,"‭(15)'ג40 צ""דב דלוקוש הניבג ףיטח‬",2025,37,5
821,"‭(15)'ג40 צ""דב דלוקוש הניבג ףיטח‬",2025,38,1
825,"‭(6) 'רג100 לינו   הנבל הניבג ןדעמ‬",2025,33,1
825,"‭(6) 'רג100 לינו   הנבל הניבג ןדעמ‬",2025,34,7
825,"‭(6) 'רג100 לינו   הנבל הניבג ןדעמ‬",2025,35,10
825,"‭(6) 'רג100 לינו   הנבל הניבג ןדעמ‬",2025,36,9
825,"‭(6) 'רג100 לינו   הנבל הניבג ןדעמ‬",2025,37,6
825,"‭(6) 'רג100 לינו   הנבל הניבג ןדעמ‬",2025,38,17
825,"‭(6) 'רג100 לינו   הנבל הניבג ןדעמ‬",2025,40,6
825,"‭(6) 'רג100 לינו   הנבל הניבג ןדעמ‬",2025,41,11
825,"‭(6) 'רג100 לינו   הנבל הניבג ןדעמ‬",2025,42,7
825,"‭(6) 'רג100 לינו   הנבל הניבג ןדעמ‬",2025,43,11
825,"‭(6) 'רג100 לינו   הנבל הניבג ןדעמ‬",2025,44,5
825,"‭(6) 'רג100 לינו   הנבל הניבג ןדעמ‬",2025,45,10
825,"‭(6) 'רג100 לינו   הנבל הניבג ןדעמ‬",2025,46,6
825,"‭(6) 'רג100 לינו   הנבל הניבג ןדעמ‬",2025,47,9
825,"‭(6) 'רג100 לינו   הנבל הניבג ןדעמ‬",2025,48,5
825,"‭(6) 'רג100 לינו   הנבל הניבג ןדעמ‬",2025,49,11
825,"‭(6) 'רג100 לינו   הנבל הניבג ןדעמ‬",2025,50,7
826,"‭(6) 'רג100 רוחש לטפו תולוחכ תוינמכוא םע הנבל הניבג ןדעמ‬",2025,33,1
826,"‭(6) 'רג100 רוחש לטפו תולוחכ תוינמכוא םע הנבל הניבג ןדעמ‬",2025,34,7
826,"‭(6) 'רג100 רוחש לטפו תולוחכ תוינמכוא םע הנבל הניבג ןדעמ‬",2025,35,11
826,"‭(6) 'רג100 רוחש לטפו תולוחכ תוינמכוא םע הנבל הניבג ןדעמ‬",2025,36,7
826,"‭(6) 'רג100 רוחש לטפו תולוחכ תוינמכוא םע הנבל הניבג ןדעמ‬",2025,37,8
826,"‭(6) 'רג100 רוחש לטפו תולוחכ תוינמכוא םע הנבל הניבג ןדעמ‬",2025,38,16
826,"‭(6) 'רג100 רוחש לטפו תולוחכ תוינמכוא םע הנבל הניבג ןדעמ‬",2025,39,1
826,"‭(6) 'רג100 רוחש לטפו תולוחכ תוינמכוא םע הנבל הניבג ןדעמ‬",2025,40,6
826,"‭(6) 'רג100 רוחש לטפו תולוחכ תוינמכוא םע הנבל הניבג ןדעמ‬",2025,41,11
826,"‭(6) 'רג100 רוחש לטפו תולוחכ תוינמכוא םע הנבל הניבג ןדעמ‬",2025,42,7
826,"‭(6) 'רג100 רוחש לטפו תולוחכ תוינמכוא םע הנבל הניבג ןדעמ‬",2025,43,14
826,"‭(6) 'רג100 רוחש לטפו תולוחכ תוינמכוא םע הנבל הניבג ןדעמ‬",2025,44,3
826,"‭(6) 'רג100 רוחש לטפו תולוחכ תוינמכוא םע הנבל הניבג ןדעמ‬",2025,45,6
826,"‭(6) 'רג100 רוחש לטפו תולוחכ תוינמכוא םע הנבל הניבג ןדעמ‬",2025,46,9
826,"‭(6) 'רג100 רוחש לטפו תולוחכ תוינמכוא םע הנבל הניבג ןדעמ‬",2025,47,9
826,"‭(6) 'רג100 רוחש לטפו תולוחכ תוינמכוא םע הנבל הניבג ןדעמ‬",2025,48,8
826,"‭(6) 'רג100 רוחש לטפו תולוחכ תוינמכוא םע הנבל הניבג ןדעמ‬",2025,49,2
908002,"‭(56X180) ינוניב ידדצ וד דנטס‬",2025,38,1
908003,"‭(50X168) ריק תשר‬",2026,26,1
908003,"‭(50X168) ריק תשר‬",2026,32,1
908004,"‭'מס20 תשרל וו‬",2025,38,12
908004,"‭'מס20 תשרל וו‬",2026,13,10
908004,"‭'מס20 תשרל וו‬",2026,21,12
908004,"‭'מס20 תשרל וו‬",2026,26,6
908004,"‭'מס20 תשרל וו‬",2026,32,20
908006,"‭'מס30 תשרל וו‬",2026,13,4
908007,"‭NORD PORT וגול 12.5 תישגמ‬",2026,8,6
908008,"‭SANTA BREMOR וגול 12.5 תישגמ‬",2026,8,4
908010,"‭(55) 33X39X16.5 רוריק תינדיצ‬",2025,45,0.04
908010,"‭(55) 33X39X16.5 רוריק תינדיצ‬",2026,21,1
908010,"‭(55) 33X39X16.5 רוריק תינדיצ‬",2026,24,0.18
908010,"‭(55) 33X39X16.5 רוריק תינדיצ‬",2026,25,0.18
908010,"‭(55) 33X39X16.5 רוריק תינדיצ‬",2026,27,0.18
908010,"‭(55) 33X39X16.5 רוריק תינדיצ‬",2026,32,0.07
908013,"‭םיטנגמ 8 ללוכ מ""ס205X66 ררקמל יוסיכ‬",2026,27,2
908014,"‭פירטס‬",2025,35,3
908014,"‭פירטס‬",2025,43,2
908014,"‭פירטס‬",2026,19,5
908015,"‭דדוקמ‬",2026,27,6
908022,"‭DALAI הת דנטס‬",2026,16,1
908022,"‭DALAI הת דנטס‬",2026,22,1
908029,"‭""ROSHEN"" ןוטרק דנטס‬",2025,34,1
908029,"‭""ROSHEN"" ןוטרק דנטס‬",2025,35,1
908029,"‭""ROSHEN"" ןוטרק דנטס‬",2025,44,2
908029,"‭""ROSHEN"" ןוטרק דנטס‬",2025,46,2
908029,"‭""ROSHEN"" ןוטרק דנטס‬",2025,47,2
908029,"‭""ROSHEN"" ןוטרק דנטס‬",2026,4,1
908029,"‭""ROSHEN"" ןוטרק דנטס‬",2026,9,1
908029,"‭""ROSHEN"" ןוטרק דנטס‬",2026,24,1
908029,"‭""ROSHEN"" ןוטרק דנטס‬",2026,26,2
908029,"‭""ROSHEN"" ןוטרק דנטס‬",2026,32,1
908030,"‭""YARICH"" דנטס‬",2025,35,1
908030,"‭""YARICH"" דנטס‬",2025,38,2
908030,"‭""YARICH"" דנטס‬",2026,4,1
908030,"‭""YARICH"" דנטס‬",2026,14,1
908030,"‭""YARICH"" דנטס‬",2026,26,1
908031,"‭PUSHER ROSHEN ןפחד‬",2026,19,3
908032,"‭PUSHER NORD PORT ןפחד‬",2026,13,3
908032,"‭PUSHER NORD PORT ןפחד‬",2026,19,5
908032,"‭PUSHER NORD PORT ןפחד‬",2026,26,2
908033,"‭PUSHER MATIES ןפחד‬",2026,13,3
908033,"‭PUSHER MATIES ןפחד‬",2026,16,3
908033,"‭PUSHER MATIES ןפחד‬",2026,19,5
908034,"‭RELS מ""ס 90 הליסמ‬",2026,13,2
908035,"‭PUSHER PRESIDENT ןפחד‬",2026,20,12
908035,"‭PUSHER PRESIDENT ןפחד‬",2026,21,12
908035,"‭PUSHER PRESIDENT ןפחד‬",2026,26,3
908035,"‭PUSHER PRESIDENT ןפחד‬",2026,32,2